row_type,panel,panel_title,condition_label,condition,delta_reference,subject,denoiser_label,display_label,model_order,delta_balanced_accuracy,mean_delta_balanced_accuracy,ci95_low,ci95_high,n_source_rows,n_subjects,n_checkpoint_seeds,n_contamination_pairs,n_train_contamination_seeds,n_test_contamination_seeds,source_file,aggregation
mean_ci,A,Synthetic-EOG evaluation,Sleep-EDF + synthetic EOG,denoised_denoised,noisy/noisy,,base2,base2,0,,-0.0566906851550331,-0.0694550090846815,-0.0443795163165713,,75.0,5,5.0,,,runs/sleep_edf_formal_all_subjects_20260817_010000/sleep_edf_formal_downstream_summary.csv,Mean and 95% subject-bootstrap CI across 75 subjects
subject,A,Synthetic-EOG evaluation,Sleep-EDF + synthetic EOG,denoised_denoised,noisy/noisy,SC400,base2,base2,0,-0.07868756917616619,,,,25.0,,5,,5.0,5.0,runs/sleep_edf_formal_all_subjects_20260817_010000/sleep_edf_formal_downstream_rows.csv,Human subject-level effect after averaging checkpoint and contamination nuisance repetitions
subject,A,Synthetic-EOG evaluation,Sleep-EDF + synthetic EOG,denoised_denoised,noisy/noisy,SC401,base2,base2,0,-0.015727372551872402,,,,25.0,,5,,5.0,5.0,runs/sleep_edf_formal_all_subjects_20260817_010000/sleep_edf_formal_downstream_rows.csv,Human subject-level effect after averaging checkpoint and contamination nuisance repetitions
subject,A,Synthetic-EOG evaluation,Sleep-EDF + synthetic EOG,denoised_denoised,noisy/noisy,SC402,base2,base2,0,-0.14361513207160526,,,,25.0,,5,,5.0,5.0,runs/sleep_edf_formal_all_subjects_20260817_010000/sleep_edf_formal_downstream_rows.csv,Human subject-level effect after averaging checkpoint and contamination nuisance repetitions
subject,A,Synthetic-EOG evaluation,Sleep-EDF + synthetic EOG,denoised_denoised,noisy/noisy,SC403,base2,base2,0,-0.027224761656763564,,,,25.0,,5,,5.0,5.0,runs/sleep_edf_formal_all_subjects_20260817_010000/sleep_edf_formal_downstream_rows.csv,Human subject-level effect after averaging checkpoint and contamination nuisance repetitions
subject,A,Synthetic-EOG evaluation,Sleep-EDF + synthetic EOG,denoised_denoised,noisy/noisy,SC404,base2,base2,0,-0.05108024258097585,,,,25.0,,5,,5.0,5.0,runs/sleep_edf_formal_all_subjects_20260817_010000/sleep_edf_formal_downstream_rows.csv,Human subject-level effect after averaging checkpoint and contamination nuisance repetitions
subject,A,Synthetic-EOG evaluation,Sleep-EDF + synthetic EOG,denoised_denoised,noisy/noisy,SC405,base2,base2,0,-0.048023753227340586,,,,25.0,,5,,5.0,5.0,runs/sleep_edf_formal_all_subjects_20260817_010000/sleep_edf_formal_downstream_rows.csv,Human subject-level effect after averaging checkpoint and contamination nuisance repetitions
subject,A,Synthetic-EOG evaluation,Sleep-EDF + synthetic EOG,denoised_denoised,noisy/noisy,SC406,base2,base2,0,-0.09456442062070806,,,,25.0,,5,,5.0,5.0,runs/sleep_edf_formal_all_subjects_20260817_010000/sleep_edf_formal_downstream_rows.csv,Human subject-level effect after averaging checkpoint and contamination nuisance repetitions
subject,A,Synthetic-EOG evaluation,Sleep-EDF + synthetic EOG,denoised_denoised,noisy/noisy,SC407,base2,base2,0,-0.12141189448752472,,,,25.0,,5,,5.0,5.0,runs/sleep_edf_formal_all_subjects_20260817_010000/sleep_edf_formal_downstream_rows.csv,Human subject-level effect after averaging checkpoint and contamination nuisance repetitions
subject,A,Synthetic-EOG evaluation,Sleep-EDF + synthetic EOG,denoised_denoised,noisy/noisy,SC408,base2,base2,0,-0.05293372247708267,,,,25.0,,5,,5.0,5.0,runs/sleep_edf_formal_all_subjects_20260817_010000/sleep_edf_formal_downstream_rows.csv,Human subject-level effect after averaging checkpoint and contamination nuisance repetitions
subject,A,Synthetic-EOG evaluation,Sleep-EDF + synthetic EOG,denoised_denoised,noisy/noisy,SC409,base2,base2,0,-0.030510655866724384,,,,25.0,,5,,5.0,5.0,runs/sleep_edf_formal_all_subjects_20260817_010000/sleep_edf_formal_downstream_rows.csv,Human subject-level effect after averaging checkpoint and contamination nuisance repetitions
subject,A,Synthetic-EOG evaluation,Sleep-EDF + synthetic EOG,denoised_denoised,noisy/noisy,SC410,base2,base2,0,-0.14192380003907223,,,,25.0,,5,,5.0,5.0,runs/sleep_edf_formal_all_subjects_20260817_010000/sleep_edf_formal_downstream_rows.csv,Human subject-level effect after averaging checkpoint and contamination nuisance repetitions
subject,A,Synthetic-EOG evaluation,Sleep-EDF + synthetic EOG,denoised_denoised,noisy/noisy,SC411,base2,base2,0,-0.15695894610876093,,,,25.0,,5,,5.0,5.0,runs/sleep_edf_formal_all_subjects_20260817_010000/sleep_edf_formal_downstream_rows.csv,Human subject-level effect after averaging checkpoint and contamination nuisance repetitions
subject,A,Synthetic-EOG evaluation,Sleep-EDF + synthetic EOG,denoised_denoised,noisy/noisy,SC412,base2,base2,0,-0.008393728595496624,,,,25.0,,5,,5.0,5.0,runs/sleep_edf_formal_all_subjects_20260817_010000/sleep_edf_formal_downstream_rows.csv,Human subject-level effect after averaging checkpoint and contamination nuisance repetitions
subject,A,Synthetic-EOG evaluation,Sleep-EDF + synthetic EOG,denoised_denoised,noisy/noisy,SC414,base2,base2,0,-0.011434104534104204,,,,25.0,,5,,5.0,5.0,runs/sleep_edf_formal_all_subjects_20260817_010000/sleep_edf_formal_downstream_rows.csv,Human subject-level effect after averaging checkpoint and contamination nuisance repetitions
subject,A,Synthetic-EOG evaluation,Sleep-EDF + synthetic EOG,denoised_denoised,noisy/noisy,SC415,base2,base2,0,-0.13522561011891912,,,,25.0,,5,,5.0,5.0,runs/sleep_edf_formal_all_subjects_20260817_010000/sleep_edf_formal_downstream_rows.csv,Human subject-level effect after averaging checkpoint and contamination nuisance repetitions
subject,A,Synthetic-EOG evaluation,Sleep-EDF + synthetic EOG,denoised_denoised,noisy/noisy,SC416,base2,base2,0,0.02146544446838566,,,,25.0,,5,,5.0,5.0,runs/sleep_edf_formal_all_subjects_20260817_010000/sleep_edf_formal_downstream_rows.csv,Human subject-level effect after averaging checkpoint and contamination nuisance repetitions
subject,A,Synthetic-EOG evaluation,Sleep-EDF + synthetic EOG,denoised_denoised,noisy/noisy,SC417,base2,base2,0,-0.053617546797877794,,,,25.0,,5,,5.0,5.0,runs/sleep_edf_formal_all_subjects_20260817_010000/sleep_edf_formal_downstream_rows.csv,Human subject-level effect after averaging checkpoint and contamination nuisance repetitions
subject,A,Synthetic-EOG evaluation,Sleep-EDF + synthetic EOG,denoised_denoised,noisy/noisy,SC418,base2,base2,0,-0.16838602274345593,,,,25.0,,5,,5.0,5.0,runs/sleep_edf_formal_all_subjects_20260817_010000/sleep_edf_formal_downstream_rows.csv,Human subject-level effect after averaging checkpoint and contamination nuisance repetitions
subject,A,Synthetic-EOG evaluation,Sleep-EDF + synthetic EOG,denoised_denoised,noisy/noisy,SC419,base2,base2,0,-0.028977189382726948,,,,25.0,,5,,5.0,5.0,runs/sleep_edf_formal_all_subjects_20260817_010000/sleep_edf_formal_downstream_rows.csv,Human subject-level effect after averaging checkpoint and contamination nuisance repetitions
subject,A,Synthetic-EOG evaluation,Sleep-EDF + synthetic EOG,denoised_denoised,noisy/noisy,SC420,base2,base2,0,-0.049838702980914966,,,,25.0,,5,,5.0,5.0,runs/sleep_edf_formal_all_subjects_20260817_010000/sleep_edf_formal_downstream_rows.csv,Human subject-level effect after averaging checkpoint and contamination nuisance repetitions
subject,A,Synthetic-EOG evaluation,Sleep-EDF + synthetic EOG,denoised_denoised,noisy/noisy,SC421,base2,base2,0,-0.1402161775430449,,,,25.0,,5,,5.0,5.0,runs/sleep_edf_formal_all_subjects_20260817_010000/sleep_edf_formal_downstream_rows.csv,Human subject-level effect after averaging checkpoint and contamination nuisance repetitions
subject,A,Synthetic-EOG evaluation,Sleep-EDF + synthetic EOG,denoised_denoised,noisy/noisy,SC422,base2,base2,0,-0.02215624905774156,,,,25.0,,5,,5.0,5.0,runs/sleep_edf_formal_all_subjects_20260817_010000/sleep_edf_formal_downstream_rows.csv,Human subject-level effect after averaging checkpoint and contamination nuisance repetitions
subject,A,Synthetic-EOG evaluation,Sleep-EDF + synthetic EOG,denoised_denoised,noisy/noisy,SC423,base2,base2,0,-0.09867965383337853,,,,25.0,,5,,5.0,5.0,runs/sleep_edf_formal_all_subjects_20260817_010000/sleep_edf_formal_downstream_rows.csv,Human subject-level effect after averaging checkpoint and contamination nuisance repetitions
subject,A,Synthetic-EOG evaluation,Sleep-EDF + synthetic EOG,denoised_denoised,noisy/noisy,SC424,base2,base2,0,-0.01450264116182666,,,,25.0,,5,,5.0,5.0,runs/sleep_edf_formal_all_subjects_20260817_010000/sleep_edf_formal_downstream_rows.csv,Human subject-level effect after averaging checkpoint and contamination nuisance repetitions
subject,A,Synthetic-EOG evaluation,Sleep-EDF + synthetic EOG,denoised_denoised,noisy/noisy,SC425,base2,base2,0,-0.030271285604650786,,,,25.0,,5,,5.0,5.0,runs/sleep_edf_formal_all_subjects_20260817_010000/sleep_edf_formal_downstream_rows.csv,Human subject-level effect after averaging checkpoint and contamination nuisance repetitions
subject,A,Synthetic-EOG evaluation,Sleep-EDF + synthetic EOG,denoised_denoised,noisy/noisy,SC426,base2,base2,0,-0.031171647151571988,,,,25.0,,5,,5.0,5.0,runs/sleep_edf_formal_all_subjects_20260817_010000/sleep_edf_formal_downstream_rows.csv,Human subject-level effect after averaging checkpoint and contamination nuisance repetitions
subject,A,Synthetic-EOG evaluation,Sleep-EDF + synthetic EOG,denoised_denoised,noisy/noisy,SC427,base2,base2,0,-0.008942316283604637,,,,25.0,,5,,5.0,5.0,runs/sleep_edf_formal_all_subjects_20260817_010000/sleep_edf_formal_downstream_rows.csv,Human subject-level effect after averaging checkpoint and contamination nuisance repetitions
subject,A,Synthetic-EOG evaluation,Sleep-EDF + synthetic EOG,denoised_denoised,noisy/noisy,SC428,base2,base2,0,-0.09407269529687409,,,,25.0,,5,,5.0,5.0,runs/sleep_edf_formal_all_subjects_20260817_010000/sleep_edf_formal_downstream_rows.csv,Human subject-level effect after averaging checkpoint and contamination nuisance repetitions
subject,A,Synthetic-EOG evaluation,Sleep-EDF + synthetic EOG,denoised_denoised,noisy/noisy,SC429,base2,base2,0,-0.04222558070722929,,,,25.0,,5,,5.0,5.0,runs/sleep_edf_formal_all_subjects_20260817_010000/sleep_edf_formal_downstream_rows.csv,Human subject-level effect after averaging checkpoint and contamination nuisance repetitions
subject,A,Synthetic-EOG evaluation,Sleep-EDF + synthetic EOG,denoised_denoised,noisy/noisy,SC430,base2,base2,0,-0.05868125691274506,,,,25.0,,5,,5.0,5.0,runs/sleep_edf_formal_all_subjects_20260817_010000/sleep_edf_formal_downstream_rows.csv,Human subject-level effect after averaging checkpoint and contamination nuisance repetitions
subject,A,Synthetic-EOG evaluation,Sleep-EDF + synthetic EOG,denoised_denoised,noisy/noisy,SC431,base2,base2,0,-0.06356537757390002,,,,25.0,,5,,5.0,5.0,runs/sleep_edf_formal_all_subjects_20260817_010000/sleep_edf_formal_downstream_rows.csv,Human subject-level effect after averaging checkpoint and contamination nuisance repetitions
subject,A,Synthetic-EOG evaluation,Sleep-EDF + synthetic EOG,denoised_denoised,noisy/noisy,SC432,base2,base2,0,0.008444403907718617,,,,25.0,,5,,5.0,5.0,runs/sleep_edf_formal_all_subjects_20260817_010000/sleep_edf_formal_downstream_rows.csv,Human subject-level effect after averaging checkpoint and contamination nuisance repetitions
subject,A,Synthetic-EOG evaluation,Sleep-EDF + synthetic EOG,denoised_denoised,noisy/noisy,SC433,base2,base2,0,-0.060142800200139616,,,,25.0,,5,,5.0,5.0,runs/sleep_edf_formal_all_subjects_20260817_010000/sleep_edf_formal_downstream_rows.csv,Human subject-level effect after averaging checkpoint and contamination nuisance repetitions
subject,A,Synthetic-EOG evaluation,Sleep-EDF + synthetic EOG,denoised_denoised,noisy/noisy,SC434,base2,base2,0,-0.011138118850346948,,,,25.0,,5,,5.0,5.0,runs/sleep_edf_formal_all_subjects_20260817_010000/sleep_edf_formal_downstream_rows.csv,Human subject-level effect after averaging checkpoint and contamination nuisance repetitions
subject,A,Synthetic-EOG evaluation,Sleep-EDF + synthetic EOG,denoised_denoised,noisy/noisy,SC435,base2,base2,0,-0.039097454013440835,,,,25.0,,5,,5.0,5.0,runs/sleep_edf_formal_all_subjects_20260817_010000/sleep_edf_formal_downstream_rows.csv,Human subject-level effect after averaging checkpoint and contamination nuisance repetitions
subject,A,Synthetic-EOG evaluation,Sleep-EDF + synthetic EOG,denoised_denoised,noisy/noisy,SC437,base2,base2,0,-0.0736934769346076,,,,25.0,,5,,5.0,5.0,runs/sleep_edf_formal_all_subjects_20260817_010000/sleep_edf_formal_downstream_rows.csv,Human subject-level effect after averaging checkpoint and contamination nuisance repetitions
subject,A,Synthetic-EOG evaluation,Sleep-EDF + synthetic EOG,denoised_denoised,noisy/noisy,SC438,base2,base2,0,0.050585095886703006,,,,25.0,,5,,5.0,5.0,runs/sleep_edf_formal_all_subjects_20260817_010000/sleep_edf_formal_downstream_rows.csv,Human subject-level effect after averaging checkpoint and contamination nuisance repetitions
subject,A,Synthetic-EOG evaluation,Sleep-EDF + synthetic EOG,denoised_denoised,noisy/noisy,SC440,base2,base2,0,0.018772468030595957,,,,25.0,,5,,5.0,5.0,runs/sleep_edf_formal_all_subjects_20260817_010000/sleep_edf_formal_downstream_rows.csv,Human subject-level effect after averaging checkpoint and contamination nuisance repetitions
subject,A,Synthetic-EOG evaluation,Sleep-EDF + synthetic EOG,denoised_denoised,noisy/noisy,SC441,base2,base2,0,-0.05904761494398128,,,,25.0,,5,,5.0,5.0,runs/sleep_edf_formal_all_subjects_20260817_010000/sleep_edf_formal_downstream_rows.csv,Human subject-level effect after averaging checkpoint and contamination nuisance repetitions
subject,A,Synthetic-EOG evaluation,Sleep-EDF + synthetic EOG,denoised_denoised,noisy/noisy,SC442,base2,base2,0,-0.04280934575012358,,,,25.0,,5,,5.0,5.0,runs/sleep_edf_formal_all_subjects_20260817_010000/sleep_edf_formal_downstream_rows.csv,Human subject-level effect after averaging checkpoint and contamination nuisance repetitions
subject,A,Synthetic-EOG evaluation,Sleep-EDF + synthetic EOG,denoised_denoised,noisy/noisy,SC443,base2,base2,0,-0.03971548789870297,,,,25.0,,5,,5.0,5.0,runs/sleep_edf_formal_all_subjects_20260817_010000/sleep_edf_formal_downstream_rows.csv,Human subject-level effect after averaging checkpoint and contamination nuisance repetitions
subject,A,Synthetic-EOG evaluation,Sleep-EDF + synthetic EOG,denoised_denoised,noisy/noisy,SC444,base2,base2,0,-0.009648171085801847,,,,25.0,,5,,5.0,5.0,runs/sleep_edf_formal_all_subjects_20260817_010000/sleep_edf_formal_downstream_rows.csv,Human subject-level effect after averaging checkpoint and contamination nuisance repetitions
subject,A,Synthetic-EOG evaluation,Sleep-EDF + synthetic EOG,denoised_denoised,noisy/noisy,SC445,base2,base2,0,-0.06679392618510441,,,,25.0,,5,,5.0,5.0,runs/sleep_edf_formal_all_subjects_20260817_010000/sleep_edf_formal_downstream_rows.csv,Human subject-level effect after averaging checkpoint and contamination nuisance repetitions
subject,A,Synthetic-EOG evaluation,Sleep-EDF + synthetic EOG,denoised_denoised,noisy/noisy,SC446,base2,base2,0,-0.011183086516371881,,,,25.0,,5,,5.0,5.0,runs/sleep_edf_formal_all_subjects_20260817_010000/sleep_edf_formal_downstream_rows.csv,Human subject-level effect after averaging checkpoint and contamination nuisance repetitions
subject,A,Synthetic-EOG evaluation,Sleep-EDF + synthetic EOG,denoised_denoised,noisy/noisy,SC447,base2,base2,0,-0.18716176450014643,,,,25.0,,5,,5.0,5.0,runs/sleep_edf_formal_all_subjects_20260817_010000/sleep_edf_formal_downstream_rows.csv,Human subject-level effect after averaging checkpoint and contamination nuisance repetitions
subject,A,Synthetic-EOG evaluation,Sleep-EDF + synthetic EOG,denoised_denoised,noisy/noisy,SC448,base2,base2,0,-0.05645186939888822,,,,25.0,,5,,5.0,5.0,runs/sleep_edf_formal_all_subjects_20260817_010000/sleep_edf_formal_downstream_rows.csv,Human subject-level effect after averaging checkpoint and contamination nuisance repetitions
subject,A,Synthetic-EOG evaluation,Sleep-EDF + synthetic EOG,denoised_denoised,noisy/noisy,SC449,base2,base2,0,-0.050472752300777766,,,,25.0,,5,,5.0,5.0,runs/sleep_edf_formal_all_subjects_20260817_010000/sleep_edf_formal_downstream_rows.csv,Human subject-level effect after averaging checkpoint and contamination nuisance repetitions
subject,A,Synthetic-EOG evaluation,Sleep-EDF + synthetic EOG,denoised_denoised,noisy/noisy,SC450,base2,base2,0,-0.030580872987799677,,,,25.0,,5,,5.0,5.0,runs/sleep_edf_formal_all_subjects_20260817_010000/sleep_edf_formal_downstream_rows.csv,Human subject-level effect after averaging checkpoint and contamination nuisance repetitions
subject,A,Synthetic-EOG evaluation,Sleep-EDF + synthetic EOG,denoised_denoised,noisy/noisy,SC451,base2,base2,0,-0.07722924752329681,,,,25.0,,5,,5.0,5.0,runs/sleep_edf_formal_all_subjects_20260817_010000/sleep_edf_formal_downstream_rows.csv,Human subject-level effect after averaging checkpoint and contamination nuisance repetitions
subject,A,Synthetic-EOG evaluation,Sleep-EDF + synthetic EOG,denoised_denoised,noisy/noisy,SC453,base2,base2,0,-0.07438353008707248,,,,25.0,,5,,5.0,5.0,runs/sleep_edf_formal_all_subjects_20260817_010000/sleep_edf_formal_downstream_rows.csv,Human subject-level effect after averaging checkpoint and contamination nuisance repetitions
subject,A,Synthetic-EOG evaluation,Sleep-EDF + synthetic EOG,denoised_denoised,noisy/noisy,SC454,base2,base2,0,-0.07776040309439022,,,,25.0,,5,,5.0,5.0,runs/sleep_edf_formal_all_subjects_20260817_010000/sleep_edf_formal_downstream_rows.csv,Human subject-level effect after averaging checkpoint and contamination nuisance repetitions
subject,A,Synthetic-EOG evaluation,Sleep-EDF + synthetic EOG,denoised_denoised,noisy/noisy,SC455,base2,base2,0,-0.010268031491258205,,,,25.0,,5,,5.0,5.0,runs/sleep_edf_formal_all_subjects_20260817_010000/sleep_edf_formal_downstream_rows.csv,Human subject-level effect after averaging checkpoint and contamination nuisance repetitions
subject,A,Synthetic-EOG evaluation,Sleep-EDF + synthetic EOG,denoised_denoised,noisy/noisy,SC456,base2,base2,0,-0.07603102203488765,,,,25.0,,5,,5.0,5.0,runs/sleep_edf_formal_all_subjects_20260817_010000/sleep_edf_formal_downstream_rows.csv,Human subject-level effect after averaging checkpoint and contamination nuisance repetitions
subject,A,Synthetic-EOG evaluation,Sleep-EDF + synthetic EOG,denoised_denoised,noisy/noisy,SC457,base2,base2,0,-0.0036843892148869517,,,,25.0,,5,,5.0,5.0,runs/sleep_edf_formal_all_subjects_20260817_010000/sleep_edf_formal_downstream_rows.csv,Human subject-level effect after averaging checkpoint and contamination nuisance repetitions
subject,A,Synthetic-EOG evaluation,Sleep-EDF + synthetic EOG,denoised_denoised,noisy/noisy,SC458,base2,base2,0,0.026245545427883057,,,,25.0,,5,,5.0,5.0,runs/sleep_edf_formal_all_subjects_20260817_010000/sleep_edf_formal_downstream_rows.csv,Human subject-level effect after averaging checkpoint and contamination nuisance repetitions
subject,A,Synthetic-EOG evaluation,Sleep-EDF + synthetic EOG,denoised_denoised,noisy/noisy,SC459,base2,base2,0,-0.20738427971967346,,,,25.0,,5,,5.0,5.0,runs/sleep_edf_formal_all_subjects_20260817_010000/sleep_edf_formal_downstream_rows.csv,Human subject-level effect after averaging checkpoint and contamination nuisance repetitions
subject,A,Synthetic-EOG evaluation,Sleep-EDF + synthetic EOG,denoised_denoised,noisy/noisy,SC460,base2,base2,0,-0.030473732649280466,,,,25.0,,5,,5.0,5.0,runs/sleep_edf_formal_all_subjects_20260817_010000/sleep_edf_formal_downstream_rows.csv,Human subject-level effect after averaging checkpoint and contamination nuisance repetitions
subject,A,Synthetic-EOG evaluation,Sleep-EDF + synthetic EOG,denoised_denoised,noisy/noisy,SC461,base2,base2,0,-0.07523495098442157,,,,25.0,,5,,5.0,5.0,runs/sleep_edf_formal_all_subjects_20260817_010000/sleep_edf_formal_downstream_rows.csv,Human subject-level effect after averaging checkpoint and contamination nuisance repetitions
subject,A,Synthetic-EOG evaluation,Sleep-EDF + synthetic EOG,denoised_denoised,noisy/noisy,SC462,base2,base2,0,-0.10085147886911466,,,,25.0,,5,,5.0,5.0,runs/sleep_edf_formal_all_subjects_20260817_010000/sleep_edf_formal_downstream_rows.csv,Human subject-level effect after averaging checkpoint and contamination nuisance repetitions
subject,A,Synthetic-EOG evaluation,Sleep-EDF + synthetic EOG,denoised_denoised,noisy/noisy,SC463,base2,base2,0,-0.11275035199806921,,,,25.0,,5,,5.0,5.0,runs/sleep_edf_formal_all_subjects_20260817_010000/sleep_edf_formal_downstream_rows.csv,Human subject-level effect after averaging checkpoint and contamination nuisance repetitions
subject,A,Synthetic-EOG evaluation,Sleep-EDF + synthetic EOG,denoised_denoised,noisy/noisy,SC464,base2,base2,0,-0.03885856772128121,,,,25.0,,5,,5.0,5.0,runs/sleep_edf_formal_all_subjects_20260817_010000/sleep_edf_formal_downstream_rows.csv,Human subject-level effect after averaging checkpoint and contamination nuisance repetitions
subject,A,Synthetic-EOG evaluation,Sleep-EDF + synthetic EOG,denoised_denoised,noisy/noisy,SC465,base2,base2,0,-0.07027514046847474,,,,25.0,,5,,5.0,5.0,runs/sleep_edf_formal_all_subjects_20260817_010000/sleep_edf_formal_downstream_rows.csv,Human subject-level effect after averaging checkpoint and contamination nuisance repetitions
subject,A,Synthetic-EOG evaluation,Sleep-EDF + synthetic EOG,denoised_denoised,noisy/noisy,SC466,base2,base2,0,-0.020892103555385354,,,,25.0,,5,,5.0,5.0,runs/sleep_edf_formal_all_subjects_20260817_010000/sleep_edf_formal_downstream_rows.csv,Human subject-level effect after averaging checkpoint and contamination nuisance repetitions
subject,A,Synthetic-EOG evaluation,Sleep-EDF + synthetic EOG,denoised_denoised,noisy/noisy,SC467,base2,base2,0,-0.053465015922101955,,,,25.0,,5,,5.0,5.0,runs/sleep_edf_formal_all_subjects_20260817_010000/sleep_edf_formal_downstream_rows.csv,Human subject-level effect after averaging checkpoint and contamination nuisance repetitions
subject,A,Synthetic-EOG evaluation,Sleep-EDF + synthetic EOG,denoised_denoised,noisy/noisy,SC470,base2,base2,0,-0.002698026306668193,,,,25.0,,5,,5.0,5.0,runs/sleep_edf_formal_all_subjects_20260817_010000/sleep_edf_formal_downstream_rows.csv,Human subject-level effect after averaging checkpoint and contamination nuisance repetitions
subject,A,Synthetic-EOG evaluation,Sleep-EDF + synthetic EOG,denoised_denoised,noisy/noisy,SC471,base2,base2,0,-0.15436326222490426,,,,25.0,,5,,5.0,5.0,runs/sleep_edf_formal_all_subjects_20260817_010000/sleep_edf_formal_downstream_rows.csv,Human subject-level effect after averaging checkpoint and contamination nuisance repetitions
subject,A,Synthetic-EOG evaluation,Sleep-EDF + synthetic EOG,denoised_denoised,noisy/noisy,SC472,base2,base2,0,-0.0042630138176762,,,,25.0,,5,,5.0,5.0,runs/sleep_edf_formal_all_subjects_20260817_010000/sleep_edf_formal_downstream_rows.csv,Human subject-level effect after averaging checkpoint and contamination nuisance repetitions
subject,A,Synthetic-EOG evaluation,Sleep-EDF + synthetic EOG,denoised_denoised,noisy/noisy,SC473,base2,base2,0,-0.06313704720109453,,,,25.0,,5,,5.0,5.0,runs/sleep_edf_formal_all_subjects_20260817_010000/sleep_edf_formal_downstream_rows.csv,Human subject-level effect after averaging checkpoint and contamination nuisance repetitions
subject,A,Synthetic-EOG evaluation,Sleep-EDF + synthetic EOG,denoised_denoised,noisy/noisy,SC474,base2,base2,0,-0.02212879379219723,,,,25.0,,5,,5.0,5.0,runs/sleep_edf_formal_all_subjects_20260817_010000/sleep_edf_formal_downstream_rows.csv,Human subject-level effect after averaging checkpoint and contamination nuisance repetitions
subject,A,Synthetic-EOG evaluation,Sleep-EDF + synthetic EOG,denoised_denoised,noisy/noisy,SC475,base2,base2,0,0.011775788809266597,,,,25.0,,5,,5.0,5.0,runs/sleep_edf_formal_all_subjects_20260817_010000/sleep_edf_formal_downstream_rows.csv,Human subject-level effect after averaging checkpoint and contamination nuisance repetitions
subject,A,Synthetic-EOG evaluation,Sleep-EDF + synthetic EOG,denoised_denoised,noisy/noisy,SC476,base2,base2,0,0.06874477579662097,,,,25.0,,5,,5.0,5.0,runs/sleep_edf_formal_all_subjects_20260817_010000/sleep_edf_formal_downstream_rows.csv,Human subject-level effect after averaging checkpoint and contamination nuisance repetitions
subject,A,Synthetic-EOG evaluation,Sleep-EDF + synthetic EOG,denoised_denoised,noisy/noisy,SC477,base2,base2,0,-0.1296435069859752,,,,25.0,,5,,5.0,5.0,runs/sleep_edf_formal_all_subjects_20260817_010000/sleep_edf_formal_downstream_rows.csv,Human subject-level effect after averaging checkpoint and contamination nuisance repetitions
subject,A,Synthetic-EOG evaluation,Sleep-EDF + synthetic EOG,denoised_denoised,noisy/noisy,SC480,base2,base2,0,-0.13631998381607724,,,,25.0,,5,,5.0,5.0,runs/sleep_edf_formal_all_subjects_20260817_010000/sleep_edf_formal_downstream_rows.csv,Human subject-level effect after averaging checkpoint and contamination nuisance repetitions
subject,A,Synthetic-EOG evaluation,Sleep-EDF + synthetic EOG,denoised_denoised,noisy/noisy,SC481,base2,base2,0,-0.1299455738970468,,,,25.0,,5,,5.0,5.0,runs/sleep_edf_formal_all_subjects_20260817_010000/sleep_edf_formal_downstream_rows.csv,Human subject-level effect after averaging checkpoint and contamination nuisance repetitions
subject,A,Synthetic-EOG evaluation,Sleep-EDF + synthetic EOG,denoised_denoised,noisy/noisy,SC482,base2,base2,0,-0.024836656868528473,,,,25.0,,5,,5.0,5.0,runs/sleep_edf_formal_all_subjects_20260817_010000/sleep_edf_formal_downstream_rows.csv,Human subject-level effect after averaging checkpoint and contamination nuisance repetitions
mean_ci,A,Synthetic-EOG evaluation,Sleep-EDF + synthetic EOG,denoised_denoised,noisy/noisy,,base4,base4,1,,-0.0634056121461694,-0.0769672887618251,-0.0502910831561414,,75.0,5,5.0,,,runs/sleep_edf_formal_all_subjects_20260817_010000/sleep_edf_formal_downstream_summary.csv,Mean and 95% subject-bootstrap CI across 75 subjects
subject,A,Synthetic-EOG evaluation,Sleep-EDF + synthetic EOG,denoised_denoised,noisy/noisy,SC400,base4,base4,1,-0.08984030172515567,,,,25.0,,5,,5.0,5.0,runs/sleep_edf_formal_all_subjects_20260817_010000/sleep_edf_formal_downstream_rows.csv,Human subject-level effect after averaging checkpoint and contamination nuisance repetitions
subject,A,Synthetic-EOG evaluation,Sleep-EDF + synthetic EOG,denoised_denoised,noisy/noisy,SC401,base4,base4,1,-0.025978286330900352,,,,25.0,,5,,5.0,5.0,runs/sleep_edf_formal_all_subjects_20260817_010000/sleep_edf_formal_downstream_rows.csv,Human subject-level effect after averaging checkpoint and contamination nuisance repetitions
subject,A,Synthetic-EOG evaluation,Sleep-EDF + synthetic EOG,denoised_denoised,noisy/noisy,SC402,base4,base4,1,-0.17634520047044716,,,,25.0,,5,,5.0,5.0,runs/sleep_edf_formal_all_subjects_20260817_010000/sleep_edf_formal_downstream_rows.csv,Human subject-level effect after averaging checkpoint and contamination nuisance repetitions
subject,A,Synthetic-EOG evaluation,Sleep-EDF + synthetic EOG,denoised_denoised,noisy/noisy,SC403,base4,base4,1,-0.05759063266905026,,,,25.0,,5,,5.0,5.0,runs/sleep_edf_formal_all_subjects_20260817_010000/sleep_edf_formal_downstream_rows.csv,Human subject-level effect after averaging checkpoint and contamination nuisance repetitions
subject,A,Synthetic-EOG evaluation,Sleep-EDF + synthetic EOG,denoised_denoised,noisy/noisy,SC404,base4,base4,1,-0.07495677518059116,,,,25.0,,5,,5.0,5.0,runs/sleep_edf_formal_all_subjects_20260817_010000/sleep_edf_formal_downstream_rows.csv,Human subject-level effect after averaging checkpoint and contamination nuisance repetitions
subject,A,Synthetic-EOG evaluation,Sleep-EDF + synthetic EOG,denoised_denoised,noisy/noisy,SC405,base4,base4,1,-0.08123195119201719,,,,25.0,,5,,5.0,5.0,runs/sleep_edf_formal_all_subjects_20260817_010000/sleep_edf_formal_downstream_rows.csv,Human subject-level effect after averaging checkpoint and contamination nuisance repetitions
subject,A,Synthetic-EOG evaluation,Sleep-EDF + synthetic EOG,denoised_denoised,noisy/noisy,SC406,base4,base4,1,-0.1064972006582985,,,,25.0,,5,,5.0,5.0,runs/sleep_edf_formal_all_subjects_20260817_010000/sleep_edf_formal_downstream_rows.csv,Human subject-level effect after averaging checkpoint and contamination nuisance repetitions
subject,A,Synthetic-EOG evaluation,Sleep-EDF + synthetic EOG,denoised_denoised,noisy/noisy,SC407,base4,base4,1,-0.08973572131555323,,,,25.0,,5,,5.0,5.0,runs/sleep_edf_formal_all_subjects_20260817_010000/sleep_edf_formal_downstream_rows.csv,Human subject-level effect after averaging checkpoint and contamination nuisance repetitions
subject,A,Synthetic-EOG evaluation,Sleep-EDF + synthetic EOG,denoised_denoised,noisy/noisy,SC408,base4,base4,1,-0.04356476959088842,,,,25.0,,5,,5.0,5.0,runs/sleep_edf_formal_all_subjects_20260817_010000/sleep_edf_formal_downstream_rows.csv,Human subject-level effect after averaging checkpoint and contamination nuisance repetitions
subject,A,Synthetic-EOG evaluation,Sleep-EDF + synthetic EOG,denoised_denoised,noisy/noisy,SC409,base4,base4,1,-0.06473194303426386,,,,25.0,,5,,5.0,5.0,runs/sleep_edf_formal_all_subjects_20260817_010000/sleep_edf_formal_downstream_rows.csv,Human subject-level effect after averaging checkpoint and contamination nuisance repetitions
subject,A,Synthetic-EOG evaluation,Sleep-EDF + synthetic EOG,denoised_denoised,noisy/noisy,SC410,base4,base4,1,-0.1560668313921347,,,,25.0,,5,,5.0,5.0,runs/sleep_edf_formal_all_subjects_20260817_010000/sleep_edf_formal_downstream_rows.csv,Human subject-level effect after averaging checkpoint and contamination nuisance repetitions
subject,A,Synthetic-EOG evaluation,Sleep-EDF + synthetic EOG,denoised_denoised,noisy/noisy,SC411,base4,base4,1,-0.1743307842251368,,,,25.0,,5,,5.0,5.0,runs/sleep_edf_formal_all_subjects_20260817_010000/sleep_edf_formal_downstream_rows.csv,Human subject-level effect after averaging checkpoint and contamination nuisance repetitions
subject,A,Synthetic-EOG evaluation,Sleep-EDF + synthetic EOG,denoised_denoised,noisy/noisy,SC412,base4,base4,1,-0.03277584057546662,,,,25.0,,5,,5.0,5.0,runs/sleep_edf_formal_all_subjects_20260817_010000/sleep_edf_formal_downstream_rows.csv,Human subject-level effect after averaging checkpoint and contamination nuisance repetitions
subject,A,Synthetic-EOG evaluation,Sleep-EDF + synthetic EOG,denoised_denoised,noisy/noisy,SC414,base4,base4,1,-0.03543776149032581,,,,25.0,,5,,5.0,5.0,runs/sleep_edf_formal_all_subjects_20260817_010000/sleep_edf_formal_downstream_rows.csv,Human subject-level effect after averaging checkpoint and contamination nuisance repetitions
subject,A,Synthetic-EOG evaluation,Sleep-EDF + synthetic EOG,denoised_denoised,noisy/noisy,SC415,base4,base4,1,-0.19554562878117468,,,,25.0,,5,,5.0,5.0,runs/sleep_edf_formal_all_subjects_20260817_010000/sleep_edf_formal_downstream_rows.csv,Human subject-level effect after averaging checkpoint and contamination nuisance repetitions
subject,A,Synthetic-EOG evaluation,Sleep-EDF + synthetic EOG,denoised_denoised,noisy/noisy,SC416,base4,base4,1,0.01483535157652806,,,,25.0,,5,,5.0,5.0,runs/sleep_edf_formal_all_subjects_20260817_010000/sleep_edf_formal_downstream_rows.csv,Human subject-level effect after averaging checkpoint and contamination nuisance repetitions
subject,A,Synthetic-EOG evaluation,Sleep-EDF + synthetic EOG,denoised_denoised,noisy/noisy,SC417,base4,base4,1,-0.035996166829456985,,,,25.0,,5,,5.0,5.0,runs/sleep_edf_formal_all_subjects_20260817_010000/sleep_edf_formal_downstream_rows.csv,Human subject-level effect after averaging checkpoint and contamination nuisance repetitions
subject,A,Synthetic-EOG evaluation,Sleep-EDF + synthetic EOG,denoised_denoised,noisy/noisy,SC418,base4,base4,1,-0.14036698287691662,,,,25.0,,5,,5.0,5.0,runs/sleep_edf_formal_all_subjects_20260817_010000/sleep_edf_formal_downstream_rows.csv,Human subject-level effect after averaging checkpoint and contamination nuisance repetitions
subject,A,Synthetic-EOG evaluation,Sleep-EDF + synthetic EOG,denoised_denoised,noisy/noisy,SC419,base4,base4,1,-0.02107556028855727,,,,25.0,,5,,5.0,5.0,runs/sleep_edf_formal_all_subjects_20260817_010000/sleep_edf_formal_downstream_rows.csv,Human subject-level effect after averaging checkpoint and contamination nuisance repetitions
subject,A,Synthetic-EOG evaluation,Sleep-EDF + synthetic EOG,denoised_denoised,noisy/noisy,SC420,base4,base4,1,-0.007161972742461973,,,,25.0,,5,,5.0,5.0,runs/sleep_edf_formal_all_subjects_20260817_010000/sleep_edf_formal_downstream_rows.csv,Human subject-level effect after averaging checkpoint and contamination nuisance repetitions
subject,A,Synthetic-EOG evaluation,Sleep-EDF + synthetic EOG,denoised_denoised,noisy/noisy,SC421,base4,base4,1,-0.11173734988586377,,,,25.0,,5,,5.0,5.0,runs/sleep_edf_formal_all_subjects_20260817_010000/sleep_edf_formal_downstream_rows.csv,Human subject-level effect after averaging checkpoint and contamination nuisance repetitions
subject,A,Synthetic-EOG evaluation,Sleep-EDF + synthetic EOG,denoised_denoised,noisy/noisy,SC422,base4,base4,1,-0.012642168645826384,,,,25.0,,5,,5.0,5.0,runs/sleep_edf_formal_all_subjects_20260817_010000/sleep_edf_formal_downstream_rows.csv,Human subject-level effect after averaging checkpoint and contamination nuisance repetitions
subject,A,Synthetic-EOG evaluation,Sleep-EDF + synthetic EOG,denoised_denoised,noisy/noisy,SC423,base4,base4,1,0.025414186525744543,,,,25.0,,5,,5.0,5.0,runs/sleep_edf_formal_all_subjects_20260817_010000/sleep_edf_formal_downstream_rows.csv,Human subject-level effect after averaging checkpoint and contamination nuisance repetitions
subject,A,Synthetic-EOG evaluation,Sleep-EDF + synthetic EOG,denoised_denoised,noisy/noisy,SC424,base4,base4,1,-0.04052015402496178,,,,25.0,,5,,5.0,5.0,runs/sleep_edf_formal_all_subjects_20260817_010000/sleep_edf_formal_downstream_rows.csv,Human subject-level effect after averaging checkpoint and contamination nuisance repetitions
subject,A,Synthetic-EOG evaluation,Sleep-EDF + synthetic EOG,denoised_denoised,noisy/noisy,SC425,base4,base4,1,-0.07306788910240472,,,,25.0,,5,,5.0,5.0,runs/sleep_edf_formal_all_subjects_20260817_010000/sleep_edf_formal_downstream_rows.csv,Human subject-level effect after averaging checkpoint and contamination nuisance repetitions
subject,A,Synthetic-EOG evaluation,Sleep-EDF + synthetic EOG,denoised_denoised,noisy/noisy,SC426,base4,base4,1,-0.03663792303563043,,,,25.0,,5,,5.0,5.0,runs/sleep_edf_formal_all_subjects_20260817_010000/sleep_edf_formal_downstream_rows.csv,Human subject-level effect after averaging checkpoint and contamination nuisance repetitions
subject,A,Synthetic-EOG evaluation,Sleep-EDF + synthetic EOG,denoised_denoised,noisy/noisy,SC427,base4,base4,1,0.011246581454294424,,,,25.0,,5,,5.0,5.0,runs/sleep_edf_formal_all_subjects_20260817_010000/sleep_edf_formal_downstream_rows.csv,Human subject-level effect after averaging checkpoint and contamination nuisance repetitions
subject,A,Synthetic-EOG evaluation,Sleep-EDF + synthetic EOG,denoised_denoised,noisy/noisy,SC428,base4,base4,1,-0.11777919629032996,,,,25.0,,5,,5.0,5.0,runs/sleep_edf_formal_all_subjects_20260817_010000/sleep_edf_formal_downstream_rows.csv,Human subject-level effect after averaging checkpoint and contamination nuisance repetitions
subject,A,Synthetic-EOG evaluation,Sleep-EDF + synthetic EOG,denoised_denoised,noisy/noisy,SC429,base4,base4,1,-0.03311605977006057,,,,25.0,,5,,5.0,5.0,runs/sleep_edf_formal_all_subjects_20260817_010000/sleep_edf_formal_downstream_rows.csv,Human subject-level effect after averaging checkpoint and contamination nuisance repetitions
subject,A,Synthetic-EOG evaluation,Sleep-EDF + synthetic EOG,denoised_denoised,noisy/noisy,SC430,base4,base4,1,-0.061801224892604145,,,,25.0,,5,,5.0,5.0,runs/sleep_edf_formal_all_subjects_20260817_010000/sleep_edf_formal_downstream_rows.csv,Human subject-level effect after averaging checkpoint and contamination nuisance repetitions
subject,A,Synthetic-EOG evaluation,Sleep-EDF + synthetic EOG,denoised_denoised,noisy/noisy,SC431,base4,base4,1,-0.06837939220032427,,,,25.0,,5,,5.0,5.0,runs/sleep_edf_formal_all_subjects_20260817_010000/sleep_edf_formal_downstream_rows.csv,Human subject-level effect after averaging checkpoint and contamination nuisance repetitions
subject,A,Synthetic-EOG evaluation,Sleep-EDF + synthetic EOG,denoised_denoised,noisy/noisy,SC432,base4,base4,1,-0.016080427790867484,,,,25.0,,5,,5.0,5.0,runs/sleep_edf_formal_all_subjects_20260817_010000/sleep_edf_formal_downstream_rows.csv,Human subject-level effect after averaging checkpoint and contamination nuisance repetitions
subject,A,Synthetic-EOG evaluation,Sleep-EDF + synthetic EOG,denoised_denoised,noisy/noisy,SC433,base4,base4,1,-0.10237430142013969,,,,25.0,,5,,5.0,5.0,runs/sleep_edf_formal_all_subjects_20260817_010000/sleep_edf_formal_downstream_rows.csv,Human subject-level effect after averaging checkpoint and contamination nuisance repetitions
subject,A,Synthetic-EOG evaluation,Sleep-EDF + synthetic EOG,denoised_denoised,noisy/noisy,SC434,base4,base4,1,-0.008130135270449739,,,,25.0,,5,,5.0,5.0,runs/sleep_edf_formal_all_subjects_20260817_010000/sleep_edf_formal_downstream_rows.csv,Human subject-level effect after averaging checkpoint and contamination nuisance repetitions
subject,A,Synthetic-EOG evaluation,Sleep-EDF + synthetic EOG,denoised_denoised,noisy/noisy,SC435,base4,base4,1,-0.010929281749520568,,,,25.0,,5,,5.0,5.0,runs/sleep_edf_formal_all_subjects_20260817_010000/sleep_edf_formal_downstream_rows.csv,Human subject-level effect after averaging checkpoint and contamination nuisance repetitions
subject,A,Synthetic-EOG evaluation,Sleep-EDF + synthetic EOG,denoised_denoised,noisy/noisy,SC437,base4,base4,1,-0.0823628561360714,,,,25.0,,5,,5.0,5.0,runs/sleep_edf_formal_all_subjects_20260817_010000/sleep_edf_formal_downstream_rows.csv,Human subject-level effect after averaging checkpoint and contamination nuisance repetitions
subject,A,Synthetic-EOG evaluation,Sleep-EDF + synthetic EOG,denoised_denoised,noisy/noisy,SC438,base4,base4,1,0.007918555960454144,,,,25.0,,5,,5.0,5.0,runs/sleep_edf_formal_all_subjects_20260817_010000/sleep_edf_formal_downstream_rows.csv,Human subject-level effect after averaging checkpoint and contamination nuisance repetitions
subject,A,Synthetic-EOG evaluation,Sleep-EDF + synthetic EOG,denoised_denoised,noisy/noisy,SC440,base4,base4,1,0.007972089655357673,,,,25.0,,5,,5.0,5.0,runs/sleep_edf_formal_all_subjects_20260817_010000/sleep_edf_formal_downstream_rows.csv,Human subject-level effect after averaging checkpoint and contamination nuisance repetitions
subject,A,Synthetic-EOG evaluation,Sleep-EDF + synthetic EOG,denoised_denoised,noisy/noisy,SC441,base4,base4,1,-0.056085197205537334,,,,25.0,,5,,5.0,5.0,runs/sleep_edf_formal_all_subjects_20260817_010000/sleep_edf_formal_downstream_rows.csv,Human subject-level effect after averaging checkpoint and contamination nuisance repetitions
subject,A,Synthetic-EOG evaluation,Sleep-EDF + synthetic EOG,denoised_denoised,noisy/noisy,SC442,base4,base4,1,-0.053716671453643804,,,,25.0,,5,,5.0,5.0,runs/sleep_edf_formal_all_subjects_20260817_010000/sleep_edf_formal_downstream_rows.csv,Human subject-level effect after averaging checkpoint and contamination nuisance repetitions
subject,A,Synthetic-EOG evaluation,Sleep-EDF + synthetic EOG,denoised_denoised,noisy/noisy,SC443,base4,base4,1,-0.02504814693429506,,,,25.0,,5,,5.0,5.0,runs/sleep_edf_formal_all_subjects_20260817_010000/sleep_edf_formal_downstream_rows.csv,Human subject-level effect after averaging checkpoint and contamination nuisance repetitions
subject,A,Synthetic-EOG evaluation,Sleep-EDF + synthetic EOG,denoised_denoised,noisy/noisy,SC444,base4,base4,1,-0.010642145901514218,,,,25.0,,5,,5.0,5.0,runs/sleep_edf_formal_all_subjects_20260817_010000/sleep_edf_formal_downstream_rows.csv,Human subject-level effect after averaging checkpoint and contamination nuisance repetitions
subject,A,Synthetic-EOG evaluation,Sleep-EDF + synthetic EOG,denoised_denoised,noisy/noisy,SC445,base4,base4,1,-0.05804810450915709,,,,25.0,,5,,5.0,5.0,runs/sleep_edf_formal_all_subjects_20260817_010000/sleep_edf_formal_downstream_rows.csv,Human subject-level effect after averaging checkpoint and contamination nuisance repetitions
subject,A,Synthetic-EOG evaluation,Sleep-EDF + synthetic EOG,denoised_denoised,noisy/noisy,SC446,base4,base4,1,-0.03583498313845641,,,,25.0,,5,,5.0,5.0,runs/sleep_edf_formal_all_subjects_20260817_010000/sleep_edf_formal_downstream_rows.csv,Human subject-level effect after averaging checkpoint and contamination nuisance repetitions
subject,A,Synthetic-EOG evaluation,Sleep-EDF + synthetic EOG,denoised_denoised,noisy/noisy,SC447,base4,base4,1,-0.17481427714275818,,,,25.0,,5,,5.0,5.0,runs/sleep_edf_formal_all_subjects_20260817_010000/sleep_edf_formal_downstream_rows.csv,Human subject-level effect after averaging checkpoint and contamination nuisance repetitions
subject,A,Synthetic-EOG evaluation,Sleep-EDF + synthetic EOG,denoised_denoised,noisy/noisy,SC448,base4,base4,1,-0.040974621371604354,,,,25.0,,5,,5.0,5.0,runs/sleep_edf_formal_all_subjects_20260817_010000/sleep_edf_formal_downstream_rows.csv,Human subject-level effect after averaging checkpoint and contamination nuisance repetitions
subject,A,Synthetic-EOG evaluation,Sleep-EDF + synthetic EOG,denoised_denoised,noisy/noisy,SC449,base4,base4,1,-0.03762069731773046,,,,25.0,,5,,5.0,5.0,runs/sleep_edf_formal_all_subjects_20260817_010000/sleep_edf_formal_downstream_rows.csv,Human subject-level effect after averaging checkpoint and contamination nuisance repetitions
subject,A,Synthetic-EOG evaluation,Sleep-EDF + synthetic EOG,denoised_denoised,noisy/noisy,SC450,base4,base4,1,-0.09069044940269771,,,,25.0,,5,,5.0,5.0,runs/sleep_edf_formal_all_subjects_20260817_010000/sleep_edf_formal_downstream_rows.csv,Human subject-level effect after averaging checkpoint and contamination nuisance repetitions
subject,A,Synthetic-EOG evaluation,Sleep-EDF + synthetic EOG,denoised_denoised,noisy/noisy,SC451,base4,base4,1,-0.07057350294883949,,,,25.0,,5,,5.0,5.0,runs/sleep_edf_formal_all_subjects_20260817_010000/sleep_edf_formal_downstream_rows.csv,Human subject-level effect after averaging checkpoint and contamination nuisance repetitions
subject,A,Synthetic-EOG evaluation,Sleep-EDF + synthetic EOG,denoised_denoised,noisy/noisy,SC453,base4,base4,1,-0.0771909434190552,,,,25.0,,5,,5.0,5.0,runs/sleep_edf_formal_all_subjects_20260817_010000/sleep_edf_formal_downstream_rows.csv,Human subject-level effect after averaging checkpoint and contamination nuisance repetitions
subject,A,Synthetic-EOG evaluation,Sleep-EDF + synthetic EOG,denoised_denoised,noisy/noisy,SC454,base4,base4,1,-0.06754112043246671,,,,25.0,,5,,5.0,5.0,runs/sleep_edf_formal_all_subjects_20260817_010000/sleep_edf_formal_downstream_rows.csv,Human subject-level effect after averaging checkpoint and contamination nuisance repetitions
subject,A,Synthetic-EOG evaluation,Sleep-EDF + synthetic EOG,denoised_denoised,noisy/noisy,SC455,base4,base4,1,-0.05412651803934506,,,,25.0,,5,,5.0,5.0,runs/sleep_edf_formal_all_subjects_20260817_010000/sleep_edf_formal_downstream_rows.csv,Human subject-level effect after averaging checkpoint and contamination nuisance repetitions
subject,A,Synthetic-EOG evaluation,Sleep-EDF + synthetic EOG,denoised_denoised,noisy/noisy,SC456,base4,base4,1,-0.16768397999804804,,,,25.0,,5,,5.0,5.0,runs/sleep_edf_formal_all_subjects_20260817_010000/sleep_edf_formal_downstream_rows.csv,Human subject-level effect after averaging checkpoint and contamination nuisance repetitions
subject,A,Synthetic-EOG evaluation,Sleep-EDF + synthetic EOG,denoised_denoised,noisy/noisy,SC457,base4,base4,1,0.02279185732601507,,,,25.0,,5,,5.0,5.0,runs/sleep_edf_formal_all_subjects_20260817_010000/sleep_edf_formal_downstream_rows.csv,Human subject-level effect after averaging checkpoint and contamination nuisance repetitions
subject,A,Synthetic-EOG evaluation,Sleep-EDF + synthetic EOG,denoised_denoised,noisy/noisy,SC458,base4,base4,1,0.007482935740604736,,,,25.0,,5,,5.0,5.0,runs/sleep_edf_formal_all_subjects_20260817_010000/sleep_edf_formal_downstream_rows.csv,Human subject-level effect after averaging checkpoint and contamination nuisance repetitions
subject,A,Synthetic-EOG evaluation,Sleep-EDF + synthetic EOG,denoised_denoised,noisy/noisy,SC459,base4,base4,1,-0.2983152274093065,,,,25.0,,5,,5.0,5.0,runs/sleep_edf_formal_all_subjects_20260817_010000/sleep_edf_formal_downstream_rows.csv,Human subject-level effect after averaging checkpoint and contamination nuisance repetitions
subject,A,Synthetic-EOG evaluation,Sleep-EDF + synthetic EOG,denoised_denoised,noisy/noisy,SC460,base4,base4,1,-0.043385633063599584,,,,25.0,,5,,5.0,5.0,runs/sleep_edf_formal_all_subjects_20260817_010000/sleep_edf_formal_downstream_rows.csv,Human subject-level effect after averaging checkpoint and contamination nuisance repetitions
subject,A,Synthetic-EOG evaluation,Sleep-EDF + synthetic EOG,denoised_denoised,noisy/noisy,SC461,base4,base4,1,-0.07424438468004556,,,,25.0,,5,,5.0,5.0,runs/sleep_edf_formal_all_subjects_20260817_010000/sleep_edf_formal_downstream_rows.csv,Human subject-level effect after averaging checkpoint and contamination nuisance repetitions
subject,A,Synthetic-EOG evaluation,Sleep-EDF + synthetic EOG,denoised_denoised,noisy/noisy,SC462,base4,base4,1,-0.02360083601618293,,,,25.0,,5,,5.0,5.0,runs/sleep_edf_formal_all_subjects_20260817_010000/sleep_edf_formal_downstream_rows.csv,Human subject-level effect after averaging checkpoint and contamination nuisance repetitions
subject,A,Synthetic-EOG evaluation,Sleep-EDF + synthetic EOG,denoised_denoised,noisy/noisy,SC463,base4,base4,1,-0.09267762377658408,,,,25.0,,5,,5.0,5.0,runs/sleep_edf_formal_all_subjects_20260817_010000/sleep_edf_formal_downstream_rows.csv,Human subject-level effect after averaging checkpoint and contamination nuisance repetitions
subject,A,Synthetic-EOG evaluation,Sleep-EDF + synthetic EOG,denoised_denoised,noisy/noisy,SC464,base4,base4,1,-0.06256241565180257,,,,25.0,,5,,5.0,5.0,runs/sleep_edf_formal_all_subjects_20260817_010000/sleep_edf_formal_downstream_rows.csv,Human subject-level effect after averaging checkpoint and contamination nuisance repetitions
subject,A,Synthetic-EOG evaluation,Sleep-EDF + synthetic EOG,denoised_denoised,noisy/noisy,SC465,base4,base4,1,-0.011910928709378998,,,,25.0,,5,,5.0,5.0,runs/sleep_edf_formal_all_subjects_20260817_010000/sleep_edf_formal_downstream_rows.csv,Human subject-level effect after averaging checkpoint and contamination nuisance repetitions
subject,A,Synthetic-EOG evaluation,Sleep-EDF + synthetic EOG,denoised_denoised,noisy/noisy,SC466,base4,base4,1,-0.06952491153204991,,,,25.0,,5,,5.0,5.0,runs/sleep_edf_formal_all_subjects_20260817_010000/sleep_edf_formal_downstream_rows.csv,Human subject-level effect after averaging checkpoint and contamination nuisance repetitions
subject,A,Synthetic-EOG evaluation,Sleep-EDF + synthetic EOG,denoised_denoised,noisy/noisy,SC467,base4,base4,1,-0.058050563438237536,,,,25.0,,5,,5.0,5.0,runs/sleep_edf_formal_all_subjects_20260817_010000/sleep_edf_formal_downstream_rows.csv,Human subject-level effect after averaging checkpoint and contamination nuisance repetitions
subject,A,Synthetic-EOG evaluation,Sleep-EDF + synthetic EOG,denoised_denoised,noisy/noisy,SC470,base4,base4,1,-0.022036499807774588,,,,25.0,,5,,5.0,5.0,runs/sleep_edf_formal_all_subjects_20260817_010000/sleep_edf_formal_downstream_rows.csv,Human subject-level effect after averaging checkpoint and contamination nuisance repetitions
subject,A,Synthetic-EOG evaluation,Sleep-EDF + synthetic EOG,denoised_denoised,noisy/noisy,SC471,base4,base4,1,-0.1809328523207544,,,,25.0,,5,,5.0,5.0,runs/sleep_edf_formal_all_subjects_20260817_010000/sleep_edf_formal_downstream_rows.csv,Human subject-level effect after averaging checkpoint and contamination nuisance repetitions
subject,A,Synthetic-EOG evaluation,Sleep-EDF + synthetic EOG,denoised_denoised,noisy/noisy,SC472,base4,base4,1,-0.0485774021610034,,,,25.0,,5,,5.0,5.0,runs/sleep_edf_formal_all_subjects_20260817_010000/sleep_edf_formal_downstream_rows.csv,Human subject-level effect after averaging checkpoint and contamination nuisance repetitions
subject,A,Synthetic-EOG evaluation,Sleep-EDF + synthetic EOG,denoised_denoised,noisy/noisy,SC473,base4,base4,1,-0.04536584626950609,,,,25.0,,5,,5.0,5.0,runs/sleep_edf_formal_all_subjects_20260817_010000/sleep_edf_formal_downstream_rows.csv,Human subject-level effect after averaging checkpoint and contamination nuisance repetitions
subject,A,Synthetic-EOG evaluation,Sleep-EDF + synthetic EOG,denoised_denoised,noisy/noisy,SC474,base4,base4,1,-0.034274711101009034,,,,25.0,,5,,5.0,5.0,runs/sleep_edf_formal_all_subjects_20260817_010000/sleep_edf_formal_downstream_rows.csv,Human subject-level effect after averaging checkpoint and contamination nuisance repetitions
subject,A,Synthetic-EOG evaluation,Sleep-EDF + synthetic EOG,denoised_denoised,noisy/noisy,SC475,base4,base4,1,0.012813868129401511,,,,25.0,,5,,5.0,5.0,runs/sleep_edf_formal_all_subjects_20260817_010000/sleep_edf_formal_downstream_rows.csv,Human subject-level effect after averaging checkpoint and contamination nuisance repetitions
subject,A,Synthetic-EOG evaluation,Sleep-EDF + synthetic EOG,denoised_denoised,noisy/noisy,SC476,base4,base4,1,0.021606188229494644,,,,25.0,,5,,5.0,5.0,runs/sleep_edf_formal_all_subjects_20260817_010000/sleep_edf_formal_downstream_rows.csv,Human subject-level effect after averaging checkpoint and contamination nuisance repetitions
subject,A,Synthetic-EOG evaluation,Sleep-EDF + synthetic EOG,denoised_denoised,noisy/noisy,SC477,base4,base4,1,-0.10302003467339217,,,,25.0,,5,,5.0,5.0,runs/sleep_edf_formal_all_subjects_20260817_010000/sleep_edf_formal_downstream_rows.csv,Human subject-level effect after averaging checkpoint and contamination nuisance repetitions
subject,A,Synthetic-EOG evaluation,Sleep-EDF + synthetic EOG,denoised_denoised,noisy/noisy,SC480,base4,base4,1,-0.15577365839390941,,,,25.0,,5,,5.0,5.0,runs/sleep_edf_formal_all_subjects_20260817_010000/sleep_edf_formal_downstream_rows.csv,Human subject-level effect after averaging checkpoint and contamination nuisance repetitions
subject,A,Synthetic-EOG evaluation,Sleep-EDF + synthetic EOG,denoised_denoised,noisy/noisy,SC481,base4,base4,1,-0.1034438479842785,,,,25.0,,5,,5.0,5.0,runs/sleep_edf_formal_all_subjects_20260817_010000/sleep_edf_formal_downstream_rows.csv,Human subject-level effect after averaging checkpoint and contamination nuisance repetitions
subject,A,Synthetic-EOG evaluation,Sleep-EDF + synthetic EOG,denoised_denoised,noisy/noisy,SC482,base4,base4,1,-0.0544251177727842,,,,25.0,,5,,5.0,5.0,runs/sleep_edf_formal_all_subjects_20260817_010000/sleep_edf_formal_downstream_rows.csv,Human subject-level effect after averaging checkpoint and contamination nuisance repetitions
mean_ci,A,Synthetic-EOG evaluation,Sleep-EDF + synthetic EOG,denoised_denoised,noisy/noisy,,base6,base6,2,,-0.0535516813532284,-0.0666718613868952,-0.0411913412607482,,75.0,5,5.0,,,runs/sleep_edf_formal_all_subjects_20260817_010000/sleep_edf_formal_downstream_summary.csv,Mean and 95% subject-bootstrap CI across 75 subjects
subject,A,Synthetic-EOG evaluation,Sleep-EDF + synthetic EOG,denoised_denoised,noisy/noisy,SC400,base6,base6,2,-0.06747591889198888,,,,25.0,,5,,5.0,5.0,runs/sleep_edf_formal_all_subjects_20260817_010000/sleep_edf_formal_downstream_rows.csv,Human subject-level effect after averaging checkpoint and contamination nuisance repetitions
subject,A,Synthetic-EOG evaluation,Sleep-EDF + synthetic EOG,denoised_denoised,noisy/noisy,SC401,base6,base6,2,-0.024715241640194955,,,,25.0,,5,,5.0,5.0,runs/sleep_edf_formal_all_subjects_20260817_010000/sleep_edf_formal_downstream_rows.csv,Human subject-level effect after averaging checkpoint and contamination nuisance repetitions
subject,A,Synthetic-EOG evaluation,Sleep-EDF + synthetic EOG,denoised_denoised,noisy/noisy,SC402,base6,base6,2,-0.17656145250888897,,,,25.0,,5,,5.0,5.0,runs/sleep_edf_formal_all_subjects_20260817_010000/sleep_edf_formal_downstream_rows.csv,Human subject-level effect after averaging checkpoint and contamination nuisance repetitions
subject,A,Synthetic-EOG evaluation,Sleep-EDF + synthetic EOG,denoised_denoised,noisy/noisy,SC403,base6,base6,2,-0.035930295733666046,,,,25.0,,5,,5.0,5.0,runs/sleep_edf_formal_all_subjects_20260817_010000/sleep_edf_formal_downstream_rows.csv,Human subject-level effect after averaging checkpoint and contamination nuisance repetitions
subject,A,Synthetic-EOG evaluation,Sleep-EDF + synthetic EOG,denoised_denoised,noisy/noisy,SC404,base6,base6,2,-0.06813962105774114,,,,25.0,,5,,5.0,5.0,runs/sleep_edf_formal_all_subjects_20260817_010000/sleep_edf_formal_downstream_rows.csv,Human subject-level effect after averaging checkpoint and contamination nuisance repetitions
subject,A,Synthetic-EOG evaluation,Sleep-EDF + synthetic EOG,denoised_denoised,noisy/noisy,SC405,base6,base6,2,-0.04480501573270034,,,,25.0,,5,,5.0,5.0,runs/sleep_edf_formal_all_subjects_20260817_010000/sleep_edf_formal_downstream_rows.csv,Human subject-level effect after averaging checkpoint and contamination nuisance repetitions
subject,A,Synthetic-EOG evaluation,Sleep-EDF + synthetic EOG,denoised_denoised,noisy/noisy,SC406,base6,base6,2,-0.11915347760418445,,,,25.0,,5,,5.0,5.0,runs/sleep_edf_formal_all_subjects_20260817_010000/sleep_edf_formal_downstream_rows.csv,Human subject-level effect after averaging checkpoint and contamination nuisance repetitions
subject,A,Synthetic-EOG evaluation,Sleep-EDF + synthetic EOG,denoised_denoised,noisy/noisy,SC407,base6,base6,2,-0.09472693942441839,,,,25.0,,5,,5.0,5.0,runs/sleep_edf_formal_all_subjects_20260817_010000/sleep_edf_formal_downstream_rows.csv,Human subject-level effect after averaging checkpoint and contamination nuisance repetitions
subject,A,Synthetic-EOG evaluation,Sleep-EDF + synthetic EOG,denoised_denoised,noisy/noisy,SC408,base6,base6,2,-0.04147995560321307,,,,25.0,,5,,5.0,5.0,runs/sleep_edf_formal_all_subjects_20260817_010000/sleep_edf_formal_downstream_rows.csv,Human subject-level effect after averaging checkpoint and contamination nuisance repetitions
subject,A,Synthetic-EOG evaluation,Sleep-EDF + synthetic EOG,denoised_denoised,noisy/noisy,SC409,base6,base6,2,-0.0690673790683175,,,,25.0,,5,,5.0,5.0,runs/sleep_edf_formal_all_subjects_20260817_010000/sleep_edf_formal_downstream_rows.csv,Human subject-level effect after averaging checkpoint and contamination nuisance repetitions
subject,A,Synthetic-EOG evaluation,Sleep-EDF + synthetic EOG,denoised_denoised,noisy/noisy,SC410,base6,base6,2,-0.13065548383640593,,,,25.0,,5,,5.0,5.0,runs/sleep_edf_formal_all_subjects_20260817_010000/sleep_edf_formal_downstream_rows.csv,Human subject-level effect after averaging checkpoint and contamination nuisance repetitions
subject,A,Synthetic-EOG evaluation,Sleep-EDF + synthetic EOG,denoised_denoised,noisy/noisy,SC411,base6,base6,2,-0.14524637275995667,,,,25.0,,5,,5.0,5.0,runs/sleep_edf_formal_all_subjects_20260817_010000/sleep_edf_formal_downstream_rows.csv,Human subject-level effect after averaging checkpoint and contamination nuisance repetitions
subject,A,Synthetic-EOG evaluation,Sleep-EDF + synthetic EOG,denoised_denoised,noisy/noisy,SC412,base6,base6,2,-0.0090098585558908,,,,25.0,,5,,5.0,5.0,runs/sleep_edf_formal_all_subjects_20260817_010000/sleep_edf_formal_downstream_rows.csv,Human subject-level effect after averaging checkpoint and contamination nuisance repetitions
subject,A,Synthetic-EOG evaluation,Sleep-EDF + synthetic EOG,denoised_denoised,noisy/noisy,SC414,base6,base6,2,-0.02768044898230528,,,,25.0,,5,,5.0,5.0,runs/sleep_edf_formal_all_subjects_20260817_010000/sleep_edf_formal_downstream_rows.csv,Human subject-level effect after averaging checkpoint and contamination nuisance repetitions
subject,A,Synthetic-EOG evaluation,Sleep-EDF + synthetic EOG,denoised_denoised,noisy/noisy,SC415,base6,base6,2,-0.15531711276251475,,,,25.0,,5,,5.0,5.0,runs/sleep_edf_formal_all_subjects_20260817_010000/sleep_edf_formal_downstream_rows.csv,Human subject-level effect after averaging checkpoint and contamination nuisance repetitions
subject,A,Synthetic-EOG evaluation,Sleep-EDF + synthetic EOG,denoised_denoised,noisy/noisy,SC416,base6,base6,2,-0.001322399686370244,,,,25.0,,5,,5.0,5.0,runs/sleep_edf_formal_all_subjects_20260817_010000/sleep_edf_formal_downstream_rows.csv,Human subject-level effect after averaging checkpoint and contamination nuisance repetitions
subject,A,Synthetic-EOG evaluation,Sleep-EDF + synthetic EOG,denoised_denoised,noisy/noisy,SC417,base6,base6,2,-0.02355105958084884,,,,25.0,,5,,5.0,5.0,runs/sleep_edf_formal_all_subjects_20260817_010000/sleep_edf_formal_downstream_rows.csv,Human subject-level effect after averaging checkpoint and contamination nuisance repetitions
subject,A,Synthetic-EOG evaluation,Sleep-EDF + synthetic EOG,denoised_denoised,noisy/noisy,SC418,base6,base6,2,-0.08773352717869726,,,,25.0,,5,,5.0,5.0,runs/sleep_edf_formal_all_subjects_20260817_010000/sleep_edf_formal_downstream_rows.csv,Human subject-level effect after averaging checkpoint and contamination nuisance repetitions
subject,A,Synthetic-EOG evaluation,Sleep-EDF + synthetic EOG,denoised_denoised,noisy/noisy,SC419,base6,base6,2,-0.015861973844028827,,,,25.0,,5,,5.0,5.0,runs/sleep_edf_formal_all_subjects_20260817_010000/sleep_edf_formal_downstream_rows.csv,Human subject-level effect after averaging checkpoint and contamination nuisance repetitions
subject,A,Synthetic-EOG evaluation,Sleep-EDF + synthetic EOG,denoised_denoised,noisy/noisy,SC420,base6,base6,2,-0.006086930467728308,,,,25.0,,5,,5.0,5.0,runs/sleep_edf_formal_all_subjects_20260817_010000/sleep_edf_formal_downstream_rows.csv,Human subject-level effect after averaging checkpoint and contamination nuisance repetitions
subject,A,Synthetic-EOG evaluation,Sleep-EDF + synthetic EOG,denoised_denoised,noisy/noisy,SC421,base6,base6,2,-0.09442933897599325,,,,25.0,,5,,5.0,5.0,runs/sleep_edf_formal_all_subjects_20260817_010000/sleep_edf_formal_downstream_rows.csv,Human subject-level effect after averaging checkpoint and contamination nuisance repetitions
subject,A,Synthetic-EOG evaluation,Sleep-EDF + synthetic EOG,denoised_denoised,noisy/noisy,SC422,base6,base6,2,0.011123192039315652,,,,25.0,,5,,5.0,5.0,runs/sleep_edf_formal_all_subjects_20260817_010000/sleep_edf_formal_downstream_rows.csv,Human subject-level effect after averaging checkpoint and contamination nuisance repetitions
subject,A,Synthetic-EOG evaluation,Sleep-EDF + synthetic EOG,denoised_denoised,noisy/noisy,SC423,base6,base6,2,0.04083446650493301,,,,25.0,,5,,5.0,5.0,runs/sleep_edf_formal_all_subjects_20260817_010000/sleep_edf_formal_downstream_rows.csv,Human subject-level effect after averaging checkpoint and contamination nuisance repetitions
subject,A,Synthetic-EOG evaluation,Sleep-EDF + synthetic EOG,denoised_denoised,noisy/noisy,SC424,base6,base6,2,-0.02244555385643697,,,,25.0,,5,,5.0,5.0,runs/sleep_edf_formal_all_subjects_20260817_010000/sleep_edf_formal_downstream_rows.csv,Human subject-level effect after averaging checkpoint and contamination nuisance repetitions
subject,A,Synthetic-EOG evaluation,Sleep-EDF + synthetic EOG,denoised_denoised,noisy/noisy,SC425,base6,base6,2,-0.06785195425971155,,,,25.0,,5,,5.0,5.0,runs/sleep_edf_formal_all_subjects_20260817_010000/sleep_edf_formal_downstream_rows.csv,Human subject-level effect after averaging checkpoint and contamination nuisance repetitions
subject,A,Synthetic-EOG evaluation,Sleep-EDF + synthetic EOG,denoised_denoised,noisy/noisy,SC426,base6,base6,2,-0.01997868023890781,,,,25.0,,5,,5.0,5.0,runs/sleep_edf_formal_all_subjects_20260817_010000/sleep_edf_formal_downstream_rows.csv,Human subject-level effect after averaging checkpoint and contamination nuisance repetitions
subject,A,Synthetic-EOG evaluation,Sleep-EDF + synthetic EOG,denoised_denoised,noisy/noisy,SC427,base6,base6,2,0.006325149987903552,,,,25.0,,5,,5.0,5.0,runs/sleep_edf_formal_all_subjects_20260817_010000/sleep_edf_formal_downstream_rows.csv,Human subject-level effect after averaging checkpoint and contamination nuisance repetitions
subject,A,Synthetic-EOG evaluation,Sleep-EDF + synthetic EOG,denoised_denoised,noisy/noisy,SC428,base6,base6,2,-0.06832078413383949,,,,25.0,,5,,5.0,5.0,runs/sleep_edf_formal_all_subjects_20260817_010000/sleep_edf_formal_downstream_rows.csv,Human subject-level effect after averaging checkpoint and contamination nuisance repetitions
subject,A,Synthetic-EOG evaluation,Sleep-EDF + synthetic EOG,denoised_denoised,noisy/noisy,SC429,base6,base6,2,-0.018984239870916318,,,,25.0,,5,,5.0,5.0,runs/sleep_edf_formal_all_subjects_20260817_010000/sleep_edf_formal_downstream_rows.csv,Human subject-level effect after averaging checkpoint and contamination nuisance repetitions
subject,A,Synthetic-EOG evaluation,Sleep-EDF + synthetic EOG,denoised_denoised,noisy/noisy,SC430,base6,base6,2,-0.05289510867904691,,,,25.0,,5,,5.0,5.0,runs/sleep_edf_formal_all_subjects_20260817_010000/sleep_edf_formal_downstream_rows.csv,Human subject-level effect after averaging checkpoint and contamination nuisance repetitions
subject,A,Synthetic-EOG evaluation,Sleep-EDF + synthetic EOG,denoised_denoised,noisy/noisy,SC431,base6,base6,2,-0.05200316065105255,,,,25.0,,5,,5.0,5.0,runs/sleep_edf_formal_all_subjects_20260817_010000/sleep_edf_formal_downstream_rows.csv,Human subject-level effect after averaging checkpoint and contamination nuisance repetitions
subject,A,Synthetic-EOG evaluation,Sleep-EDF + synthetic EOG,denoised_denoised,noisy/noisy,SC432,base6,base6,2,-0.00853737357706612,,,,25.0,,5,,5.0,5.0,runs/sleep_edf_formal_all_subjects_20260817_010000/sleep_edf_formal_downstream_rows.csv,Human subject-level effect after averaging checkpoint and contamination nuisance repetitions
subject,A,Synthetic-EOG evaluation,Sleep-EDF + synthetic EOG,denoised_denoised,noisy/noisy,SC433,base6,base6,2,-0.0776051281077208,,,,25.0,,5,,5.0,5.0,runs/sleep_edf_formal_all_subjects_20260817_010000/sleep_edf_formal_downstream_rows.csv,Human subject-level effect after averaging checkpoint and contamination nuisance repetitions
subject,A,Synthetic-EOG evaluation,Sleep-EDF + synthetic EOG,denoised_denoised,noisy/noisy,SC434,base6,base6,2,-0.011645468193775828,,,,25.0,,5,,5.0,5.0,runs/sleep_edf_formal_all_subjects_20260817_010000/sleep_edf_formal_downstream_rows.csv,Human subject-level effect after averaging checkpoint and contamination nuisance repetitions
subject,A,Synthetic-EOG evaluation,Sleep-EDF + synthetic EOG,denoised_denoised,noisy/noisy,SC435,base6,base6,2,0.027843126042110273,,,,25.0,,5,,5.0,5.0,runs/sleep_edf_formal_all_subjects_20260817_010000/sleep_edf_formal_downstream_rows.csv,Human subject-level effect after averaging checkpoint and contamination nuisance repetitions
subject,A,Synthetic-EOG evaluation,Sleep-EDF + synthetic EOG,denoised_denoised,noisy/noisy,SC437,base6,base6,2,-0.08269771183655061,,,,25.0,,5,,5.0,5.0,runs/sleep_edf_formal_all_subjects_20260817_010000/sleep_edf_formal_downstream_rows.csv,Human subject-level effect after averaging checkpoint and contamination nuisance repetitions
subject,A,Synthetic-EOG evaluation,Sleep-EDF + synthetic EOG,denoised_denoised,noisy/noisy,SC438,base6,base6,2,0.013776823268359778,,,,25.0,,5,,5.0,5.0,runs/sleep_edf_formal_all_subjects_20260817_010000/sleep_edf_formal_downstream_rows.csv,Human subject-level effect after averaging checkpoint and contamination nuisance repetitions
subject,A,Synthetic-EOG evaluation,Sleep-EDF + synthetic EOG,denoised_denoised,noisy/noisy,SC440,base6,base6,2,0.030655945246280823,,,,25.0,,5,,5.0,5.0,runs/sleep_edf_formal_all_subjects_20260817_010000/sleep_edf_formal_downstream_rows.csv,Human subject-level effect after averaging checkpoint and contamination nuisance repetitions
subject,A,Synthetic-EOG evaluation,Sleep-EDF + synthetic EOG,denoised_denoised,noisy/noisy,SC441,base6,base6,2,-0.038883921374422765,,,,25.0,,5,,5.0,5.0,runs/sleep_edf_formal_all_subjects_20260817_010000/sleep_edf_formal_downstream_rows.csv,Human subject-level effect after averaging checkpoint and contamination nuisance repetitions
subject,A,Synthetic-EOG evaluation,Sleep-EDF + synthetic EOG,denoised_denoised,noisy/noisy,SC442,base6,base6,2,-0.0346164100355892,,,,25.0,,5,,5.0,5.0,runs/sleep_edf_formal_all_subjects_20260817_010000/sleep_edf_formal_downstream_rows.csv,Human subject-level effect after averaging checkpoint and contamination nuisance repetitions
subject,A,Synthetic-EOG evaluation,Sleep-EDF + synthetic EOG,denoised_denoised,noisy/noisy,SC443,base6,base6,2,-0.022925436716048967,,,,25.0,,5,,5.0,5.0,runs/sleep_edf_formal_all_subjects_20260817_010000/sleep_edf_formal_downstream_rows.csv,Human subject-level effect after averaging checkpoint and contamination nuisance repetitions
subject,A,Synthetic-EOG evaluation,Sleep-EDF + synthetic EOG,denoised_denoised,noisy/noisy,SC444,base6,base6,2,-0.011327017598274655,,,,25.0,,5,,5.0,5.0,runs/sleep_edf_formal_all_subjects_20260817_010000/sleep_edf_formal_downstream_rows.csv,Human subject-level effect after averaging checkpoint and contamination nuisance repetitions
subject,A,Synthetic-EOG evaluation,Sleep-EDF + synthetic EOG,denoised_denoised,noisy/noisy,SC445,base6,base6,2,-0.051696918831336515,,,,25.0,,5,,5.0,5.0,runs/sleep_edf_formal_all_subjects_20260817_010000/sleep_edf_formal_downstream_rows.csv,Human subject-level effect after averaging checkpoint and contamination nuisance repetitions
subject,A,Synthetic-EOG evaluation,Sleep-EDF + synthetic EOG,denoised_denoised,noisy/noisy,SC446,base6,base6,2,-0.04861125951293138,,,,25.0,,5,,5.0,5.0,runs/sleep_edf_formal_all_subjects_20260817_010000/sleep_edf_formal_downstream_rows.csv,Human subject-level effect after averaging checkpoint and contamination nuisance repetitions
subject,A,Synthetic-EOG evaluation,Sleep-EDF + synthetic EOG,denoised_denoised,noisy/noisy,SC447,base6,base6,2,-0.14764812401311272,,,,25.0,,5,,5.0,5.0,runs/sleep_edf_formal_all_subjects_20260817_010000/sleep_edf_formal_downstream_rows.csv,Human subject-level effect after averaging checkpoint and contamination nuisance repetitions
subject,A,Synthetic-EOG evaluation,Sleep-EDF + synthetic EOG,denoised_denoised,noisy/noisy,SC448,base6,base6,2,-0.030954354301676784,,,,25.0,,5,,5.0,5.0,runs/sleep_edf_formal_all_subjects_20260817_010000/sleep_edf_formal_downstream_rows.csv,Human subject-level effect after averaging checkpoint and contamination nuisance repetitions
subject,A,Synthetic-EOG evaluation,Sleep-EDF + synthetic EOG,denoised_denoised,noisy/noisy,SC449,base6,base6,2,-0.033584669139479745,,,,25.0,,5,,5.0,5.0,runs/sleep_edf_formal_all_subjects_20260817_010000/sleep_edf_formal_downstream_rows.csv,Human subject-level effect after averaging checkpoint and contamination nuisance repetitions
subject,A,Synthetic-EOG evaluation,Sleep-EDF + synthetic EOG,denoised_denoised,noisy/noisy,SC450,base6,base6,2,-0.1007238467595295,,,,25.0,,5,,5.0,5.0,runs/sleep_edf_formal_all_subjects_20260817_010000/sleep_edf_formal_downstream_rows.csv,Human subject-level effect after averaging checkpoint and contamination nuisance repetitions
subject,A,Synthetic-EOG evaluation,Sleep-EDF + synthetic EOG,denoised_denoised,noisy/noisy,SC451,base6,base6,2,-0.07629171742640688,,,,25.0,,5,,5.0,5.0,runs/sleep_edf_formal_all_subjects_20260817_010000/sleep_edf_formal_downstream_rows.csv,Human subject-level effect after averaging checkpoint and contamination nuisance repetitions
subject,A,Synthetic-EOG evaluation,Sleep-EDF + synthetic EOG,denoised_denoised,noisy/noisy,SC453,base6,base6,2,-0.0552057898397933,,,,25.0,,5,,5.0,5.0,runs/sleep_edf_formal_all_subjects_20260817_010000/sleep_edf_formal_downstream_rows.csv,Human subject-level effect after averaging checkpoint and contamination nuisance repetitions
subject,A,Synthetic-EOG evaluation,Sleep-EDF + synthetic EOG,denoised_denoised,noisy/noisy,SC454,base6,base6,2,-0.042964187059844006,,,,25.0,,5,,5.0,5.0,runs/sleep_edf_formal_all_subjects_20260817_010000/sleep_edf_formal_downstream_rows.csv,Human subject-level effect after averaging checkpoint and contamination nuisance repetitions
subject,A,Synthetic-EOG evaluation,Sleep-EDF + synthetic EOG,denoised_denoised,noisy/noisy,SC455,base6,base6,2,-0.05510470841685224,,,,25.0,,5,,5.0,5.0,runs/sleep_edf_formal_all_subjects_20260817_010000/sleep_edf_formal_downstream_rows.csv,Human subject-level effect after averaging checkpoint and contamination nuisance repetitions
subject,A,Synthetic-EOG evaluation,Sleep-EDF + synthetic EOG,denoised_denoised,noisy/noisy,SC456,base6,base6,2,-0.13569340471280353,,,,25.0,,5,,5.0,5.0,runs/sleep_edf_formal_all_subjects_20260817_010000/sleep_edf_formal_downstream_rows.csv,Human subject-level effect after averaging checkpoint and contamination nuisance repetitions
subject,A,Synthetic-EOG evaluation,Sleep-EDF + synthetic EOG,denoised_denoised,noisy/noisy,SC457,base6,base6,2,0.025023433637354688,,,,25.0,,5,,5.0,5.0,runs/sleep_edf_formal_all_subjects_20260817_010000/sleep_edf_formal_downstream_rows.csv,Human subject-level effect after averaging checkpoint and contamination nuisance repetitions
subject,A,Synthetic-EOG evaluation,Sleep-EDF + synthetic EOG,denoised_denoised,noisy/noisy,SC458,base6,base6,2,0.009610533124672034,,,,25.0,,5,,5.0,5.0,runs/sleep_edf_formal_all_subjects_20260817_010000/sleep_edf_formal_downstream_rows.csv,Human subject-level effect after averaging checkpoint and contamination nuisance repetitions
subject,A,Synthetic-EOG evaluation,Sleep-EDF + synthetic EOG,denoised_denoised,noisy/noisy,SC459,base6,base6,2,-0.2922166733620084,,,,25.0,,5,,5.0,5.0,runs/sleep_edf_formal_all_subjects_20260817_010000/sleep_edf_formal_downstream_rows.csv,Human subject-level effect after averaging checkpoint and contamination nuisance repetitions
subject,A,Synthetic-EOG evaluation,Sleep-EDF + synthetic EOG,denoised_denoised,noisy/noisy,SC460,base6,base6,2,-0.011963665310980776,,,,25.0,,5,,5.0,5.0,runs/sleep_edf_formal_all_subjects_20260817_010000/sleep_edf_formal_downstream_rows.csv,Human subject-level effect after averaging checkpoint and contamination nuisance repetitions
subject,A,Synthetic-EOG evaluation,Sleep-EDF + synthetic EOG,denoised_denoised,noisy/noisy,SC461,base6,base6,2,-0.0837744914174501,,,,25.0,,5,,5.0,5.0,runs/sleep_edf_formal_all_subjects_20260817_010000/sleep_edf_formal_downstream_rows.csv,Human subject-level effect after averaging checkpoint and contamination nuisance repetitions
subject,A,Synthetic-EOG evaluation,Sleep-EDF + synthetic EOG,denoised_denoised,noisy/noisy,SC462,base6,base6,2,-0.056727847203732785,,,,25.0,,5,,5.0,5.0,runs/sleep_edf_formal_all_subjects_20260817_010000/sleep_edf_formal_downstream_rows.csv,Human subject-level effect after averaging checkpoint and contamination nuisance repetitions
subject,A,Synthetic-EOG evaluation,Sleep-EDF + synthetic EOG,denoised_denoised,noisy/noisy,SC463,base6,base6,2,-0.07837217463904944,,,,25.0,,5,,5.0,5.0,runs/sleep_edf_formal_all_subjects_20260817_010000/sleep_edf_formal_downstream_rows.csv,Human subject-level effect after averaging checkpoint and contamination nuisance repetitions
subject,A,Synthetic-EOG evaluation,Sleep-EDF + synthetic EOG,denoised_denoised,noisy/noisy,SC464,base6,base6,2,-0.05466292001291346,,,,25.0,,5,,5.0,5.0,runs/sleep_edf_formal_all_subjects_20260817_010000/sleep_edf_formal_downstream_rows.csv,Human subject-level effect after averaging checkpoint and contamination nuisance repetitions
subject,A,Synthetic-EOG evaluation,Sleep-EDF + synthetic EOG,denoised_denoised,noisy/noisy,SC465,base6,base6,2,-0.007287252235826623,,,,25.0,,5,,5.0,5.0,runs/sleep_edf_formal_all_subjects_20260817_010000/sleep_edf_formal_downstream_rows.csv,Human subject-level effect after averaging checkpoint and contamination nuisance repetitions
subject,A,Synthetic-EOG evaluation,Sleep-EDF + synthetic EOG,denoised_denoised,noisy/noisy,SC466,base6,base6,2,-0.07115292699193616,,,,25.0,,5,,5.0,5.0,runs/sleep_edf_formal_all_subjects_20260817_010000/sleep_edf_formal_downstream_rows.csv,Human subject-level effect after averaging checkpoint and contamination nuisance repetitions
subject,A,Synthetic-EOG evaluation,Sleep-EDF + synthetic EOG,denoised_denoised,noisy/noisy,SC467,base6,base6,2,-0.03700767294402751,,,,25.0,,5,,5.0,5.0,runs/sleep_edf_formal_all_subjects_20260817_010000/sleep_edf_formal_downstream_rows.csv,Human subject-level effect after averaging checkpoint and contamination nuisance repetitions
subject,A,Synthetic-EOG evaluation,Sleep-EDF + synthetic EOG,denoised_denoised,noisy/noisy,SC470,base6,base6,2,-0.03271932164837627,,,,25.0,,5,,5.0,5.0,runs/sleep_edf_formal_all_subjects_20260817_010000/sleep_edf_formal_downstream_rows.csv,Human subject-level effect after averaging checkpoint and contamination nuisance repetitions
subject,A,Synthetic-EOG evaluation,Sleep-EDF + synthetic EOG,denoised_denoised,noisy/noisy,SC471,base6,base6,2,-0.16979138007390757,,,,25.0,,5,,5.0,5.0,runs/sleep_edf_formal_all_subjects_20260817_010000/sleep_edf_formal_downstream_rows.csv,Human subject-level effect after averaging checkpoint and contamination nuisance repetitions
subject,A,Synthetic-EOG evaluation,Sleep-EDF + synthetic EOG,denoised_denoised,noisy/noisy,SC472,base6,base6,2,-0.044291736104366104,,,,25.0,,5,,5.0,5.0,runs/sleep_edf_formal_all_subjects_20260817_010000/sleep_edf_formal_downstream_rows.csv,Human subject-level effect after averaging checkpoint and contamination nuisance repetitions
subject,A,Synthetic-EOG evaluation,Sleep-EDF + synthetic EOG,denoised_denoised,noisy/noisy,SC473,base6,base6,2,-0.03124379642006122,,,,25.0,,5,,5.0,5.0,runs/sleep_edf_formal_all_subjects_20260817_010000/sleep_edf_formal_downstream_rows.csv,Human subject-level effect after averaging checkpoint and contamination nuisance repetitions
subject,A,Synthetic-EOG evaluation,Sleep-EDF + synthetic EOG,denoised_denoised,noisy/noisy,SC474,base6,base6,2,-0.048211024050385944,,,,25.0,,5,,5.0,5.0,runs/sleep_edf_formal_all_subjects_20260817_010000/sleep_edf_formal_downstream_rows.csv,Human subject-level effect after averaging checkpoint and contamination nuisance repetitions
subject,A,Synthetic-EOG evaluation,Sleep-EDF + synthetic EOG,denoised_denoised,noisy/noisy,SC475,base6,base6,2,0.007981261230008552,,,,25.0,,5,,5.0,5.0,runs/sleep_edf_formal_all_subjects_20260817_010000/sleep_edf_formal_downstream_rows.csv,Human subject-level effect after averaging checkpoint and contamination nuisance repetitions
subject,A,Synthetic-EOG evaluation,Sleep-EDF + synthetic EOG,denoised_denoised,noisy/noisy,SC476,base6,base6,2,0.03376799343668262,,,,25.0,,5,,5.0,5.0,runs/sleep_edf_formal_all_subjects_20260817_010000/sleep_edf_formal_downstream_rows.csv,Human subject-level effect after averaging checkpoint and contamination nuisance repetitions
subject,A,Synthetic-EOG evaluation,Sleep-EDF + synthetic EOG,denoised_denoised,noisy/noisy,SC477,base6,base6,2,-0.10467352431907781,,,,25.0,,5,,5.0,5.0,runs/sleep_edf_formal_all_subjects_20260817_010000/sleep_edf_formal_downstream_rows.csv,Human subject-level effect after averaging checkpoint and contamination nuisance repetitions
subject,A,Synthetic-EOG evaluation,Sleep-EDF + synthetic EOG,denoised_denoised,noisy/noisy,SC480,base6,base6,2,-0.15029750162541908,,,,25.0,,5,,5.0,5.0,runs/sleep_edf_formal_all_subjects_20260817_010000/sleep_edf_formal_downstream_rows.csv,Human subject-level effect after averaging checkpoint and contamination nuisance repetitions
subject,A,Synthetic-EOG evaluation,Sleep-EDF + synthetic EOG,denoised_denoised,noisy/noisy,SC481,base6,base6,2,-0.0857715713162988,,,,25.0,,5,,5.0,5.0,runs/sleep_edf_formal_all_subjects_20260817_010000/sleep_edf_formal_downstream_rows.csv,Human subject-level effect after averaging checkpoint and contamination nuisance repetitions
subject,A,Synthetic-EOG evaluation,Sleep-EDF + synthetic EOG,denoised_denoised,noisy/noisy,SC482,base6,base6,2,-0.05500581329475204,,,,25.0,,5,,5.0,5.0,runs/sleep_edf_formal_all_subjects_20260817_010000/sleep_edf_formal_downstream_rows.csv,Human subject-level effect after averaging checkpoint and contamination nuisance repetitions
mean_ci,A,Synthetic-EOG evaluation,Sleep-EDF + synthetic EOG,denoised_denoised,noisy/noisy,,base8,base8,3,,-0.0554836505699555,-0.0687943129479424,-0.0426375671388464,,75.0,5,5.0,,,runs/sleep_edf_formal_all_subjects_20260817_010000/sleep_edf_formal_downstream_summary.csv,Mean and 95% subject-bootstrap CI across 75 subjects
subject,A,Synthetic-EOG evaluation,Sleep-EDF + synthetic EOG,denoised_denoised,noisy/noisy,SC400,base8,base8,3,-0.07600760919769943,,,,25.0,,5,,5.0,5.0,runs/sleep_edf_formal_all_subjects_20260817_010000/sleep_edf_formal_downstream_rows.csv,Human subject-level effect after averaging checkpoint and contamination nuisance repetitions
subject,A,Synthetic-EOG evaluation,Sleep-EDF + synthetic EOG,denoised_denoised,noisy/noisy,SC401,base8,base8,3,-0.02462499131081418,,,,25.0,,5,,5.0,5.0,runs/sleep_edf_formal_all_subjects_20260817_010000/sleep_edf_formal_downstream_rows.csv,Human subject-level effect after averaging checkpoint and contamination nuisance repetitions
subject,A,Synthetic-EOG evaluation,Sleep-EDF + synthetic EOG,denoised_denoised,noisy/noisy,SC402,base8,base8,3,-0.18223248147814494,,,,25.0,,5,,5.0,5.0,runs/sleep_edf_formal_all_subjects_20260817_010000/sleep_edf_formal_downstream_rows.csv,Human subject-level effect after averaging checkpoint and contamination nuisance repetitions
subject,A,Synthetic-EOG evaluation,Sleep-EDF + synthetic EOG,denoised_denoised,noisy/noisy,SC403,base8,base8,3,-0.04885550129441553,,,,25.0,,5,,5.0,5.0,runs/sleep_edf_formal_all_subjects_20260817_010000/sleep_edf_formal_downstream_rows.csv,Human subject-level effect after averaging checkpoint and contamination nuisance repetitions
subject,A,Synthetic-EOG evaluation,Sleep-EDF + synthetic EOG,denoised_denoised,noisy/noisy,SC404,base8,base8,3,-0.07533969675725408,,,,25.0,,5,,5.0,5.0,runs/sleep_edf_formal_all_subjects_20260817_010000/sleep_edf_formal_downstream_rows.csv,Human subject-level effect after averaging checkpoint and contamination nuisance repetitions
subject,A,Synthetic-EOG evaluation,Sleep-EDF + synthetic EOG,denoised_denoised,noisy/noisy,SC405,base8,base8,3,-0.05759205112931798,,,,25.0,,5,,5.0,5.0,runs/sleep_edf_formal_all_subjects_20260817_010000/sleep_edf_formal_downstream_rows.csv,Human subject-level effect after averaging checkpoint and contamination nuisance repetitions
subject,A,Synthetic-EOG evaluation,Sleep-EDF + synthetic EOG,denoised_denoised,noisy/noisy,SC406,base8,base8,3,-0.07679822191317622,,,,25.0,,5,,5.0,5.0,runs/sleep_edf_formal_all_subjects_20260817_010000/sleep_edf_formal_downstream_rows.csv,Human subject-level effect after averaging checkpoint and contamination nuisance repetitions
subject,A,Synthetic-EOG evaluation,Sleep-EDF + synthetic EOG,denoised_denoised,noisy/noisy,SC407,base8,base8,3,-0.109699620388696,,,,25.0,,5,,5.0,5.0,runs/sleep_edf_formal_all_subjects_20260817_010000/sleep_edf_formal_downstream_rows.csv,Human subject-level effect after averaging checkpoint and contamination nuisance repetitions
subject,A,Synthetic-EOG evaluation,Sleep-EDF + synthetic EOG,denoised_denoised,noisy/noisy,SC408,base8,base8,3,-0.024002364962012773,,,,25.0,,5,,5.0,5.0,runs/sleep_edf_formal_all_subjects_20260817_010000/sleep_edf_formal_downstream_rows.csv,Human subject-level effect after averaging checkpoint and contamination nuisance repetitions
subject,A,Synthetic-EOG evaluation,Sleep-EDF + synthetic EOG,denoised_denoised,noisy/noisy,SC409,base8,base8,3,-0.07810330183236786,,,,25.0,,5,,5.0,5.0,runs/sleep_edf_formal_all_subjects_20260817_010000/sleep_edf_formal_downstream_rows.csv,Human subject-level effect after averaging checkpoint and contamination nuisance repetitions
subject,A,Synthetic-EOG evaluation,Sleep-EDF + synthetic EOG,denoised_denoised,noisy/noisy,SC410,base8,base8,3,-0.13999803703909708,,,,25.0,,5,,5.0,5.0,runs/sleep_edf_formal_all_subjects_20260817_010000/sleep_edf_formal_downstream_rows.csv,Human subject-level effect after averaging checkpoint and contamination nuisance repetitions
subject,A,Synthetic-EOG evaluation,Sleep-EDF + synthetic EOG,denoised_denoised,noisy/noisy,SC411,base8,base8,3,-0.1315382198318006,,,,25.0,,5,,5.0,5.0,runs/sleep_edf_formal_all_subjects_20260817_010000/sleep_edf_formal_downstream_rows.csv,Human subject-level effect after averaging checkpoint and contamination nuisance repetitions
subject,A,Synthetic-EOG evaluation,Sleep-EDF + synthetic EOG,denoised_denoised,noisy/noisy,SC412,base8,base8,3,-0.005323128772033083,,,,25.0,,5,,5.0,5.0,runs/sleep_edf_formal_all_subjects_20260817_010000/sleep_edf_formal_downstream_rows.csv,Human subject-level effect after averaging checkpoint and contamination nuisance repetitions
subject,A,Synthetic-EOG evaluation,Sleep-EDF + synthetic EOG,denoised_denoised,noisy/noisy,SC414,base8,base8,3,-0.03047389337759774,,,,25.0,,5,,5.0,5.0,runs/sleep_edf_formal_all_subjects_20260817_010000/sleep_edf_formal_downstream_rows.csv,Human subject-level effect after averaging checkpoint and contamination nuisance repetitions
subject,A,Synthetic-EOG evaluation,Sleep-EDF + synthetic EOG,denoised_denoised,noisy/noisy,SC415,base8,base8,3,-0.19300549861750768,,,,25.0,,5,,5.0,5.0,runs/sleep_edf_formal_all_subjects_20260817_010000/sleep_edf_formal_downstream_rows.csv,Human subject-level effect after averaging checkpoint and contamination nuisance repetitions
subject,A,Synthetic-EOG evaluation,Sleep-EDF + synthetic EOG,denoised_denoised,noisy/noisy,SC416,base8,base8,3,-0.018110723562929386,,,,25.0,,5,,5.0,5.0,runs/sleep_edf_formal_all_subjects_20260817_010000/sleep_edf_formal_downstream_rows.csv,Human subject-level effect after averaging checkpoint and contamination nuisance repetitions
subject,A,Synthetic-EOG evaluation,Sleep-EDF + synthetic EOG,denoised_denoised,noisy/noisy,SC417,base8,base8,3,-0.03435591896105333,,,,25.0,,5,,5.0,5.0,runs/sleep_edf_formal_all_subjects_20260817_010000/sleep_edf_formal_downstream_rows.csv,Human subject-level effect after averaging checkpoint and contamination nuisance repetitions
subject,A,Synthetic-EOG evaluation,Sleep-EDF + synthetic EOG,denoised_denoised,noisy/noisy,SC418,base8,base8,3,-0.08232277717315392,,,,25.0,,5,,5.0,5.0,runs/sleep_edf_formal_all_subjects_20260817_010000/sleep_edf_formal_downstream_rows.csv,Human subject-level effect after averaging checkpoint and contamination nuisance repetitions
subject,A,Synthetic-EOG evaluation,Sleep-EDF + synthetic EOG,denoised_denoised,noisy/noisy,SC419,base8,base8,3,-0.015386998281807715,,,,25.0,,5,,5.0,5.0,runs/sleep_edf_formal_all_subjects_20260817_010000/sleep_edf_formal_downstream_rows.csv,Human subject-level effect after averaging checkpoint and contamination nuisance repetitions
subject,A,Synthetic-EOG evaluation,Sleep-EDF + synthetic EOG,denoised_denoised,noisy/noisy,SC420,base8,base8,3,-0.010904554913450224,,,,25.0,,5,,5.0,5.0,runs/sleep_edf_formal_all_subjects_20260817_010000/sleep_edf_formal_downstream_rows.csv,Human subject-level effect after averaging checkpoint and contamination nuisance repetitions
subject,A,Synthetic-EOG evaluation,Sleep-EDF + synthetic EOG,denoised_denoised,noisy/noisy,SC421,base8,base8,3,-0.10055798448352503,,,,25.0,,5,,5.0,5.0,runs/sleep_edf_formal_all_subjects_20260817_010000/sleep_edf_formal_downstream_rows.csv,Human subject-level effect after averaging checkpoint and contamination nuisance repetitions
subject,A,Synthetic-EOG evaluation,Sleep-EDF + synthetic EOG,denoised_denoised,noisy/noisy,SC422,base8,base8,3,0.013614922036364132,,,,25.0,,5,,5.0,5.0,runs/sleep_edf_formal_all_subjects_20260817_010000/sleep_edf_formal_downstream_rows.csv,Human subject-level effect after averaging checkpoint and contamination nuisance repetitions
subject,A,Synthetic-EOG evaluation,Sleep-EDF + synthetic EOG,denoised_denoised,noisy/noisy,SC423,base8,base8,3,0.05667380184661905,,,,25.0,,5,,5.0,5.0,runs/sleep_edf_formal_all_subjects_20260817_010000/sleep_edf_formal_downstream_rows.csv,Human subject-level effect after averaging checkpoint and contamination nuisance repetitions
subject,A,Synthetic-EOG evaluation,Sleep-EDF + synthetic EOG,denoised_denoised,noisy/noisy,SC424,base8,base8,3,-0.016407390701504227,,,,25.0,,5,,5.0,5.0,runs/sleep_edf_formal_all_subjects_20260817_010000/sleep_edf_formal_downstream_rows.csv,Human subject-level effect after averaging checkpoint and contamination nuisance repetitions
subject,A,Synthetic-EOG evaluation,Sleep-EDF + synthetic EOG,denoised_denoised,noisy/noisy,SC425,base8,base8,3,-0.08052968181244266,,,,25.0,,5,,5.0,5.0,runs/sleep_edf_formal_all_subjects_20260817_010000/sleep_edf_formal_downstream_rows.csv,Human subject-level effect after averaging checkpoint and contamination nuisance repetitions
subject,A,Synthetic-EOG evaluation,Sleep-EDF + synthetic EOG,denoised_denoised,noisy/noisy,SC426,base8,base8,3,-0.014843256820149985,,,,25.0,,5,,5.0,5.0,runs/sleep_edf_formal_all_subjects_20260817_010000/sleep_edf_formal_downstream_rows.csv,Human subject-level effect after averaging checkpoint and contamination nuisance repetitions
subject,A,Synthetic-EOG evaluation,Sleep-EDF + synthetic EOG,denoised_denoised,noisy/noisy,SC427,base8,base8,3,0.025503930655546327,,,,25.0,,5,,5.0,5.0,runs/sleep_edf_formal_all_subjects_20260817_010000/sleep_edf_formal_downstream_rows.csv,Human subject-level effect after averaging checkpoint and contamination nuisance repetitions
subject,A,Synthetic-EOG evaluation,Sleep-EDF + synthetic EOG,denoised_denoised,noisy/noisy,SC428,base8,base8,3,-0.0493046164829949,,,,25.0,,5,,5.0,5.0,runs/sleep_edf_formal_all_subjects_20260817_010000/sleep_edf_formal_downstream_rows.csv,Human subject-level effect after averaging checkpoint and contamination nuisance repetitions
subject,A,Synthetic-EOG evaluation,Sleep-EDF + synthetic EOG,denoised_denoised,noisy/noisy,SC429,base8,base8,3,-0.024629919170569378,,,,25.0,,5,,5.0,5.0,runs/sleep_edf_formal_all_subjects_20260817_010000/sleep_edf_formal_downstream_rows.csv,Human subject-level effect after averaging checkpoint and contamination nuisance repetitions
subject,A,Synthetic-EOG evaluation,Sleep-EDF + synthetic EOG,denoised_denoised,noisy/noisy,SC430,base8,base8,3,-0.06494208876423026,,,,25.0,,5,,5.0,5.0,runs/sleep_edf_formal_all_subjects_20260817_010000/sleep_edf_formal_downstream_rows.csv,Human subject-level effect after averaging checkpoint and contamination nuisance repetitions
subject,A,Synthetic-EOG evaluation,Sleep-EDF + synthetic EOG,denoised_denoised,noisy/noisy,SC431,base8,base8,3,-0.058727668721578904,,,,25.0,,5,,5.0,5.0,runs/sleep_edf_formal_all_subjects_20260817_010000/sleep_edf_formal_downstream_rows.csv,Human subject-level effect after averaging checkpoint and contamination nuisance repetitions
subject,A,Synthetic-EOG evaluation,Sleep-EDF + synthetic EOG,denoised_denoised,noisy/noisy,SC432,base8,base8,3,-0.013792627063479229,,,,25.0,,5,,5.0,5.0,runs/sleep_edf_formal_all_subjects_20260817_010000/sleep_edf_formal_downstream_rows.csv,Human subject-level effect after averaging checkpoint and contamination nuisance repetitions
subject,A,Synthetic-EOG evaluation,Sleep-EDF + synthetic EOG,denoised_denoised,noisy/noisy,SC433,base8,base8,3,-0.0828442989530278,,,,25.0,,5,,5.0,5.0,runs/sleep_edf_formal_all_subjects_20260817_010000/sleep_edf_formal_downstream_rows.csv,Human subject-level effect after averaging checkpoint and contamination nuisance repetitions
subject,A,Synthetic-EOG evaluation,Sleep-EDF + synthetic EOG,denoised_denoised,noisy/noisy,SC434,base8,base8,3,-0.012124503228737569,,,,25.0,,5,,5.0,5.0,runs/sleep_edf_formal_all_subjects_20260817_010000/sleep_edf_formal_downstream_rows.csv,Human subject-level effect after averaging checkpoint and contamination nuisance repetitions
subject,A,Synthetic-EOG evaluation,Sleep-EDF + synthetic EOG,denoised_denoised,noisy/noisy,SC435,base8,base8,3,0.03159568390620307,,,,25.0,,5,,5.0,5.0,runs/sleep_edf_formal_all_subjects_20260817_010000/sleep_edf_formal_downstream_rows.csv,Human subject-level effect after averaging checkpoint and contamination nuisance repetitions
subject,A,Synthetic-EOG evaluation,Sleep-EDF + synthetic EOG,denoised_denoised,noisy/noisy,SC437,base8,base8,3,-0.07482839411511484,,,,25.0,,5,,5.0,5.0,runs/sleep_edf_formal_all_subjects_20260817_010000/sleep_edf_formal_downstream_rows.csv,Human subject-level effect after averaging checkpoint and contamination nuisance repetitions
subject,A,Synthetic-EOG evaluation,Sleep-EDF + synthetic EOG,denoised_denoised,noisy/noisy,SC438,base8,base8,3,0.004575794597220064,,,,25.0,,5,,5.0,5.0,runs/sleep_edf_formal_all_subjects_20260817_010000/sleep_edf_formal_downstream_rows.csv,Human subject-level effect after averaging checkpoint and contamination nuisance repetitions
subject,A,Synthetic-EOG evaluation,Sleep-EDF + synthetic EOG,denoised_denoised,noisy/noisy,SC440,base8,base8,3,0.019505032300846024,,,,25.0,,5,,5.0,5.0,runs/sleep_edf_formal_all_subjects_20260817_010000/sleep_edf_formal_downstream_rows.csv,Human subject-level effect after averaging checkpoint and contamination nuisance repetitions
subject,A,Synthetic-EOG evaluation,Sleep-EDF + synthetic EOG,denoised_denoised,noisy/noisy,SC441,base8,base8,3,-0.043055761719650476,,,,25.0,,5,,5.0,5.0,runs/sleep_edf_formal_all_subjects_20260817_010000/sleep_edf_formal_downstream_rows.csv,Human subject-level effect after averaging checkpoint and contamination nuisance repetitions
subject,A,Synthetic-EOG evaluation,Sleep-EDF + synthetic EOG,denoised_denoised,noisy/noisy,SC442,base8,base8,3,-0.033478231315842134,,,,25.0,,5,,5.0,5.0,runs/sleep_edf_formal_all_subjects_20260817_010000/sleep_edf_formal_downstream_rows.csv,Human subject-level effect after averaging checkpoint and contamination nuisance repetitions
subject,A,Synthetic-EOG evaluation,Sleep-EDF + synthetic EOG,denoised_denoised,noisy/noisy,SC443,base8,base8,3,-0.02591663317832821,,,,25.0,,5,,5.0,5.0,runs/sleep_edf_formal_all_subjects_20260817_010000/sleep_edf_formal_downstream_rows.csv,Human subject-level effect after averaging checkpoint and contamination nuisance repetitions
subject,A,Synthetic-EOG evaluation,Sleep-EDF + synthetic EOG,denoised_denoised,noisy/noisy,SC444,base8,base8,3,-0.010925292120923993,,,,25.0,,5,,5.0,5.0,runs/sleep_edf_formal_all_subjects_20260817_010000/sleep_edf_formal_downstream_rows.csv,Human subject-level effect after averaging checkpoint and contamination nuisance repetitions
subject,A,Synthetic-EOG evaluation,Sleep-EDF + synthetic EOG,denoised_denoised,noisy/noisy,SC445,base8,base8,3,-0.05203683132161238,,,,25.0,,5,,5.0,5.0,runs/sleep_edf_formal_all_subjects_20260817_010000/sleep_edf_formal_downstream_rows.csv,Human subject-level effect after averaging checkpoint and contamination nuisance repetitions
subject,A,Synthetic-EOG evaluation,Sleep-EDF + synthetic EOG,denoised_denoised,noisy/noisy,SC446,base8,base8,3,-0.03972543216918917,,,,25.0,,5,,5.0,5.0,runs/sleep_edf_formal_all_subjects_20260817_010000/sleep_edf_formal_downstream_rows.csv,Human subject-level effect after averaging checkpoint and contamination nuisance repetitions
subject,A,Synthetic-EOG evaluation,Sleep-EDF + synthetic EOG,denoised_denoised,noisy/noisy,SC447,base8,base8,3,-0.14234907427643056,,,,25.0,,5,,5.0,5.0,runs/sleep_edf_formal_all_subjects_20260817_010000/sleep_edf_formal_downstream_rows.csv,Human subject-level effect after averaging checkpoint and contamination nuisance repetitions
subject,A,Synthetic-EOG evaluation,Sleep-EDF + synthetic EOG,denoised_denoised,noisy/noisy,SC448,base8,base8,3,-0.03360476587621258,,,,25.0,,5,,5.0,5.0,runs/sleep_edf_formal_all_subjects_20260817_010000/sleep_edf_formal_downstream_rows.csv,Human subject-level effect after averaging checkpoint and contamination nuisance repetitions
subject,A,Synthetic-EOG evaluation,Sleep-EDF + synthetic EOG,denoised_denoised,noisy/noisy,SC449,base8,base8,3,-0.033245440911381235,,,,25.0,,5,,5.0,5.0,runs/sleep_edf_formal_all_subjects_20260817_010000/sleep_edf_formal_downstream_rows.csv,Human subject-level effect after averaging checkpoint and contamination nuisance repetitions
subject,A,Synthetic-EOG evaluation,Sleep-EDF + synthetic EOG,denoised_denoised,noisy/noisy,SC450,base8,base8,3,-0.12569141884937343,,,,25.0,,5,,5.0,5.0,runs/sleep_edf_formal_all_subjects_20260817_010000/sleep_edf_formal_downstream_rows.csv,Human subject-level effect after averaging checkpoint and contamination nuisance repetitions
subject,A,Synthetic-EOG evaluation,Sleep-EDF + synthetic EOG,denoised_denoised,noisy/noisy,SC451,base8,base8,3,-0.05317072449181357,,,,25.0,,5,,5.0,5.0,runs/sleep_edf_formal_all_subjects_20260817_010000/sleep_edf_formal_downstream_rows.csv,Human subject-level effect after averaging checkpoint and contamination nuisance repetitions
subject,A,Synthetic-EOG evaluation,Sleep-EDF + synthetic EOG,denoised_denoised,noisy/noisy,SC453,base8,base8,3,-0.06107316662476138,,,,25.0,,5,,5.0,5.0,runs/sleep_edf_formal_all_subjects_20260817_010000/sleep_edf_formal_downstream_rows.csv,Human subject-level effect after averaging checkpoint and contamination nuisance repetitions
subject,A,Synthetic-EOG evaluation,Sleep-EDF + synthetic EOG,denoised_denoised,noisy/noisy,SC454,base8,base8,3,-0.026573199702253095,,,,25.0,,5,,5.0,5.0,runs/sleep_edf_formal_all_subjects_20260817_010000/sleep_edf_formal_downstream_rows.csv,Human subject-level effect after averaging checkpoint and contamination nuisance repetitions
subject,A,Synthetic-EOG evaluation,Sleep-EDF + synthetic EOG,denoised_denoised,noisy/noisy,SC455,base8,base8,3,-0.050485255793969355,,,,25.0,,5,,5.0,5.0,runs/sleep_edf_formal_all_subjects_20260817_010000/sleep_edf_formal_downstream_rows.csv,Human subject-level effect after averaging checkpoint and contamination nuisance repetitions
subject,A,Synthetic-EOG evaluation,Sleep-EDF + synthetic EOG,denoised_denoised,noisy/noisy,SC456,base8,base8,3,-0.15528533496150362,,,,25.0,,5,,5.0,5.0,runs/sleep_edf_formal_all_subjects_20260817_010000/sleep_edf_formal_downstream_rows.csv,Human subject-level effect after averaging checkpoint and contamination nuisance repetitions
subject,A,Synthetic-EOG evaluation,Sleep-EDF + synthetic EOG,denoised_denoised,noisy/noisy,SC457,base8,base8,3,0.02381215030595881,,,,25.0,,5,,5.0,5.0,runs/sleep_edf_formal_all_subjects_20260817_010000/sleep_edf_formal_downstream_rows.csv,Human subject-level effect after averaging checkpoint and contamination nuisance repetitions
subject,A,Synthetic-EOG evaluation,Sleep-EDF + synthetic EOG,denoised_denoised,noisy/noisy,SC458,base8,base8,3,0.009393279013075512,,,,25.0,,5,,5.0,5.0,runs/sleep_edf_formal_all_subjects_20260817_010000/sleep_edf_formal_downstream_rows.csv,Human subject-level effect after averaging checkpoint and contamination nuisance repetitions
subject,A,Synthetic-EOG evaluation,Sleep-EDF + synthetic EOG,denoised_denoised,noisy/noisy,SC459,base8,base8,3,-0.2752295247901029,,,,25.0,,5,,5.0,5.0,runs/sleep_edf_formal_all_subjects_20260817_010000/sleep_edf_formal_downstream_rows.csv,Human subject-level effect after averaging checkpoint and contamination nuisance repetitions
subject,A,Synthetic-EOG evaluation,Sleep-EDF + synthetic EOG,denoised_denoised,noisy/noisy,SC460,base8,base8,3,0.0050377474752131834,,,,25.0,,5,,5.0,5.0,runs/sleep_edf_formal_all_subjects_20260817_010000/sleep_edf_formal_downstream_rows.csv,Human subject-level effect after averaging checkpoint and contamination nuisance repetitions
subject,A,Synthetic-EOG evaluation,Sleep-EDF + synthetic EOG,denoised_denoised,noisy/noisy,SC461,base8,base8,3,-0.10591011680258004,,,,25.0,,5,,5.0,5.0,runs/sleep_edf_formal_all_subjects_20260817_010000/sleep_edf_formal_downstream_rows.csv,Human subject-level effect after averaging checkpoint and contamination nuisance repetitions
subject,A,Synthetic-EOG evaluation,Sleep-EDF + synthetic EOG,denoised_denoised,noisy/noisy,SC462,base8,base8,3,-0.042798246382394003,,,,25.0,,5,,5.0,5.0,runs/sleep_edf_formal_all_subjects_20260817_010000/sleep_edf_formal_downstream_rows.csv,Human subject-level effect after averaging checkpoint and contamination nuisance repetitions
subject,A,Synthetic-EOG evaluation,Sleep-EDF + synthetic EOG,denoised_denoised,noisy/noisy,SC463,base8,base8,3,-0.08351932711719023,,,,25.0,,5,,5.0,5.0,runs/sleep_edf_formal_all_subjects_20260817_010000/sleep_edf_formal_downstream_rows.csv,Human subject-level effect after averaging checkpoint and contamination nuisance repetitions
subject,A,Synthetic-EOG evaluation,Sleep-EDF + synthetic EOG,denoised_denoised,noisy/noisy,SC464,base8,base8,3,-0.05930686117264294,,,,25.0,,5,,5.0,5.0,runs/sleep_edf_formal_all_subjects_20260817_010000/sleep_edf_formal_downstream_rows.csv,Human subject-level effect after averaging checkpoint and contamination nuisance repetitions
subject,A,Synthetic-EOG evaluation,Sleep-EDF + synthetic EOG,denoised_denoised,noisy/noisy,SC465,base8,base8,3,-0.00238464148976192,,,,25.0,,5,,5.0,5.0,runs/sleep_edf_formal_all_subjects_20260817_010000/sleep_edf_formal_downstream_rows.csv,Human subject-level effect after averaging checkpoint and contamination nuisance repetitions
subject,A,Synthetic-EOG evaluation,Sleep-EDF + synthetic EOG,denoised_denoised,noisy/noisy,SC466,base8,base8,3,-0.11169576264488072,,,,25.0,,5,,5.0,5.0,runs/sleep_edf_formal_all_subjects_20260817_010000/sleep_edf_formal_downstream_rows.csv,Human subject-level effect after averaging checkpoint and contamination nuisance repetitions
subject,A,Synthetic-EOG evaluation,Sleep-EDF + synthetic EOG,denoised_denoised,noisy/noisy,SC467,base8,base8,3,-0.05268346110773412,,,,25.0,,5,,5.0,5.0,runs/sleep_edf_formal_all_subjects_20260817_010000/sleep_edf_formal_downstream_rows.csv,Human subject-level effect after averaging checkpoint and contamination nuisance repetitions
subject,A,Synthetic-EOG evaluation,Sleep-EDF + synthetic EOG,denoised_denoised,noisy/noisy,SC470,base8,base8,3,-0.03166545764276174,,,,25.0,,5,,5.0,5.0,runs/sleep_edf_formal_all_subjects_20260817_010000/sleep_edf_formal_downstream_rows.csv,Human subject-level effect after averaging checkpoint and contamination nuisance repetitions
subject,A,Synthetic-EOG evaluation,Sleep-EDF + synthetic EOG,denoised_denoised,noisy/noisy,SC471,base8,base8,3,-0.19833227932037123,,,,25.0,,5,,5.0,5.0,runs/sleep_edf_formal_all_subjects_20260817_010000/sleep_edf_formal_downstream_rows.csv,Human subject-level effect after averaging checkpoint and contamination nuisance repetitions
subject,A,Synthetic-EOG evaluation,Sleep-EDF + synthetic EOG,denoised_denoised,noisy/noisy,SC472,base8,base8,3,-0.042240493425144424,,,,25.0,,5,,5.0,5.0,runs/sleep_edf_formal_all_subjects_20260817_010000/sleep_edf_formal_downstream_rows.csv,Human subject-level effect after averaging checkpoint and contamination nuisance repetitions
subject,A,Synthetic-EOG evaluation,Sleep-EDF + synthetic EOG,denoised_denoised,noisy/noisy,SC473,base8,base8,3,-0.043000303278828554,,,,25.0,,5,,5.0,5.0,runs/sleep_edf_formal_all_subjects_20260817_010000/sleep_edf_formal_downstream_rows.csv,Human subject-level effect after averaging checkpoint and contamination nuisance repetitions
subject,A,Synthetic-EOG evaluation,Sleep-EDF + synthetic EOG,denoised_denoised,noisy/noisy,SC474,base8,base8,3,-0.05936683112649324,,,,25.0,,5,,5.0,5.0,runs/sleep_edf_formal_all_subjects_20260817_010000/sleep_edf_formal_downstream_rows.csv,Human subject-level effect after averaging checkpoint and contamination nuisance repetitions
subject,A,Synthetic-EOG evaluation,Sleep-EDF + synthetic EOG,denoised_denoised,noisy/noisy,SC475,base8,base8,3,0.010502172718822056,,,,25.0,,5,,5.0,5.0,runs/sleep_edf_formal_all_subjects_20260817_010000/sleep_edf_formal_downstream_rows.csv,Human subject-level effect after averaging checkpoint and contamination nuisance repetitions
subject,A,Synthetic-EOG evaluation,Sleep-EDF + synthetic EOG,denoised_denoised,noisy/noisy,SC476,base8,base8,3,0.003407928441155088,,,,25.0,,5,,5.0,5.0,runs/sleep_edf_formal_all_subjects_20260817_010000/sleep_edf_formal_downstream_rows.csv,Human subject-level effect after averaging checkpoint and contamination nuisance repetitions
subject,A,Synthetic-EOG evaluation,Sleep-EDF + synthetic EOG,denoised_denoised,noisy/noisy,SC477,base8,base8,3,-0.07893102982921492,,,,25.0,,5,,5.0,5.0,runs/sleep_edf_formal_all_subjects_20260817_010000/sleep_edf_formal_downstream_rows.csv,Human subject-level effect after averaging checkpoint and contamination nuisance repetitions
subject,A,Synthetic-EOG evaluation,Sleep-EDF + synthetic EOG,denoised_denoised,noisy/noisy,SC480,base8,base8,3,-0.13921753100500822,,,,25.0,,5,,5.0,5.0,runs/sleep_edf_formal_all_subjects_20260817_010000/sleep_edf_formal_downstream_rows.csv,Human subject-level effect after averaging checkpoint and contamination nuisance repetitions
subject,A,Synthetic-EOG evaluation,Sleep-EDF + synthetic EOG,denoised_denoised,noisy/noisy,SC481,base8,base8,3,-0.0777058323976961,,,,25.0,,5,,5.0,5.0,runs/sleep_edf_formal_all_subjects_20260817_010000/sleep_edf_formal_downstream_rows.csv,Human subject-level effect after averaging checkpoint and contamination nuisance repetitions
subject,A,Synthetic-EOG evaluation,Sleep-EDF + synthetic EOG,denoised_denoised,noisy/noisy,SC482,base8,base8,3,-0.06608395208595566,,,,25.0,,5,,5.0,5.0,runs/sleep_edf_formal_all_subjects_20260817_010000/sleep_edf_formal_downstream_rows.csv,Human subject-level effect after averaging checkpoint and contamination nuisance repetitions
mean_ci,A,Synthetic-EOG evaluation,Sleep-EDF + synthetic EOG,denoised_denoised,noisy/noisy,,base16,base16,4,,-0.0499829459095794,-0.0629180734249841,-0.0378059112055626,,75.0,5,5.0,,,runs/sleep_edf_formal_all_subjects_20260817_010000/sleep_edf_formal_downstream_summary.csv,Mean and 95% subject-bootstrap CI across 75 subjects
subject,A,Synthetic-EOG evaluation,Sleep-EDF + synthetic EOG,denoised_denoised,noisy/noisy,SC400,base16,base16,4,-0.09365039556556391,,,,25.0,,5,,5.0,5.0,runs/sleep_edf_formal_all_subjects_20260817_010000/sleep_edf_formal_downstream_rows.csv,Human subject-level effect after averaging checkpoint and contamination nuisance repetitions
subject,A,Synthetic-EOG evaluation,Sleep-EDF + synthetic EOG,denoised_denoised,noisy/noisy,SC401,base16,base16,4,-0.04289458603102237,,,,25.0,,5,,5.0,5.0,runs/sleep_edf_formal_all_subjects_20260817_010000/sleep_edf_formal_downstream_rows.csv,Human subject-level effect after averaging checkpoint and contamination nuisance repetitions
subject,A,Synthetic-EOG evaluation,Sleep-EDF + synthetic EOG,denoised_denoised,noisy/noisy,SC402,base16,base16,4,-0.1705715335258169,,,,25.0,,5,,5.0,5.0,runs/sleep_edf_formal_all_subjects_20260817_010000/sleep_edf_formal_downstream_rows.csv,Human subject-level effect after averaging checkpoint and contamination nuisance repetitions
subject,A,Synthetic-EOG evaluation,Sleep-EDF + synthetic EOG,denoised_denoised,noisy/noisy,SC403,base16,base16,4,-0.03963534709324806,,,,25.0,,5,,5.0,5.0,runs/sleep_edf_formal_all_subjects_20260817_010000/sleep_edf_formal_downstream_rows.csv,Human subject-level effect after averaging checkpoint and contamination nuisance repetitions
subject,A,Synthetic-EOG evaluation,Sleep-EDF + synthetic EOG,denoised_denoised,noisy/noisy,SC404,base16,base16,4,-0.08449436707041555,,,,25.0,,5,,5.0,5.0,runs/sleep_edf_formal_all_subjects_20260817_010000/sleep_edf_formal_downstream_rows.csv,Human subject-level effect after averaging checkpoint and contamination nuisance repetitions
subject,A,Synthetic-EOG evaluation,Sleep-EDF + synthetic EOG,denoised_denoised,noisy/noisy,SC405,base16,base16,4,-0.027704669201199694,,,,25.0,,5,,5.0,5.0,runs/sleep_edf_formal_all_subjects_20260817_010000/sleep_edf_formal_downstream_rows.csv,Human subject-level effect after averaging checkpoint and contamination nuisance repetitions
subject,A,Synthetic-EOG evaluation,Sleep-EDF + synthetic EOG,denoised_denoised,noisy/noisy,SC406,base16,base16,4,-0.13808941388705012,,,,25.0,,5,,5.0,5.0,runs/sleep_edf_formal_all_subjects_20260817_010000/sleep_edf_formal_downstream_rows.csv,Human subject-level effect after averaging checkpoint and contamination nuisance repetitions
subject,A,Synthetic-EOG evaluation,Sleep-EDF + synthetic EOG,denoised_denoised,noisy/noisy,SC407,base16,base16,4,-0.10240477812746718,,,,25.0,,5,,5.0,5.0,runs/sleep_edf_formal_all_subjects_20260817_010000/sleep_edf_formal_downstream_rows.csv,Human subject-level effect after averaging checkpoint and contamination nuisance repetitions
subject,A,Synthetic-EOG evaluation,Sleep-EDF + synthetic EOG,denoised_denoised,noisy/noisy,SC408,base16,base16,4,-0.02507612866468331,,,,25.0,,5,,5.0,5.0,runs/sleep_edf_formal_all_subjects_20260817_010000/sleep_edf_formal_downstream_rows.csv,Human subject-level effect after averaging checkpoint and contamination nuisance repetitions
subject,A,Synthetic-EOG evaluation,Sleep-EDF + synthetic EOG,denoised_denoised,noisy/noisy,SC409,base16,base16,4,-0.06373576152724947,,,,25.0,,5,,5.0,5.0,runs/sleep_edf_formal_all_subjects_20260817_010000/sleep_edf_formal_downstream_rows.csv,Human subject-level effect after averaging checkpoint and contamination nuisance repetitions
subject,A,Synthetic-EOG evaluation,Sleep-EDF + synthetic EOG,denoised_denoised,noisy/noisy,SC410,base16,base16,4,-0.1506083502857647,,,,25.0,,5,,5.0,5.0,runs/sleep_edf_formal_all_subjects_20260817_010000/sleep_edf_formal_downstream_rows.csv,Human subject-level effect after averaging checkpoint and contamination nuisance repetitions
subject,A,Synthetic-EOG evaluation,Sleep-EDF + synthetic EOG,denoised_denoised,noisy/noisy,SC411,base16,base16,4,-0.11157502636722531,,,,25.0,,5,,5.0,5.0,runs/sleep_edf_formal_all_subjects_20260817_010000/sleep_edf_formal_downstream_rows.csv,Human subject-level effect after averaging checkpoint and contamination nuisance repetitions
subject,A,Synthetic-EOG evaluation,Sleep-EDF + synthetic EOG,denoised_denoised,noisy/noisy,SC412,base16,base16,4,0.0022250574014866242,,,,25.0,,5,,5.0,5.0,runs/sleep_edf_formal_all_subjects_20260817_010000/sleep_edf_formal_downstream_rows.csv,Human subject-level effect after averaging checkpoint and contamination nuisance repetitions
subject,A,Synthetic-EOG evaluation,Sleep-EDF + synthetic EOG,denoised_denoised,noisy/noisy,SC414,base16,base16,4,-0.037038784696192636,,,,25.0,,5,,5.0,5.0,runs/sleep_edf_formal_all_subjects_20260817_010000/sleep_edf_formal_downstream_rows.csv,Human subject-level effect after averaging checkpoint and contamination nuisance repetitions
subject,A,Synthetic-EOG evaluation,Sleep-EDF + synthetic EOG,denoised_denoised,noisy/noisy,SC415,base16,base16,4,-0.16149660399534252,,,,25.0,,5,,5.0,5.0,runs/sleep_edf_formal_all_subjects_20260817_010000/sleep_edf_formal_downstream_rows.csv,Human subject-level effect after averaging checkpoint and contamination nuisance repetitions
subject,A,Synthetic-EOG evaluation,Sleep-EDF + synthetic EOG,denoised_denoised,noisy/noisy,SC416,base16,base16,4,-0.010343209976298156,,,,25.0,,5,,5.0,5.0,runs/sleep_edf_formal_all_subjects_20260817_010000/sleep_edf_formal_downstream_rows.csv,Human subject-level effect after averaging checkpoint and contamination nuisance repetitions
subject,A,Synthetic-EOG evaluation,Sleep-EDF + synthetic EOG,denoised_denoised,noisy/noisy,SC417,base16,base16,4,-0.031618536768069846,,,,25.0,,5,,5.0,5.0,runs/sleep_edf_formal_all_subjects_20260817_010000/sleep_edf_formal_downstream_rows.csv,Human subject-level effect after averaging checkpoint and contamination nuisance repetitions
subject,A,Synthetic-EOG evaluation,Sleep-EDF + synthetic EOG,denoised_denoised,noisy/noisy,SC418,base16,base16,4,-0.08699001924966755,,,,25.0,,5,,5.0,5.0,runs/sleep_edf_formal_all_subjects_20260817_010000/sleep_edf_formal_downstream_rows.csv,Human subject-level effect after averaging checkpoint and contamination nuisance repetitions
subject,A,Synthetic-EOG evaluation,Sleep-EDF + synthetic EOG,denoised_denoised,noisy/noisy,SC419,base16,base16,4,-0.01844164805595841,,,,25.0,,5,,5.0,5.0,runs/sleep_edf_formal_all_subjects_20260817_010000/sleep_edf_formal_downstream_rows.csv,Human subject-level effect after averaging checkpoint and contamination nuisance repetitions
subject,A,Synthetic-EOG evaluation,Sleep-EDF + synthetic EOG,denoised_denoised,noisy/noisy,SC420,base16,base16,4,0.0034253031510225124,,,,25.0,,5,,5.0,5.0,runs/sleep_edf_formal_all_subjects_20260817_010000/sleep_edf_formal_downstream_rows.csv,Human subject-level effect after averaging checkpoint and contamination nuisance repetitions
subject,A,Synthetic-EOG evaluation,Sleep-EDF + synthetic EOG,denoised_denoised,noisy/noisy,SC421,base16,base16,4,-0.10243602667874485,,,,25.0,,5,,5.0,5.0,runs/sleep_edf_formal_all_subjects_20260817_010000/sleep_edf_formal_downstream_rows.csv,Human subject-level effect after averaging checkpoint and contamination nuisance repetitions
subject,A,Synthetic-EOG evaluation,Sleep-EDF + synthetic EOG,denoised_denoised,noisy/noisy,SC422,base16,base16,4,0.014382884188896381,,,,25.0,,5,,5.0,5.0,runs/sleep_edf_formal_all_subjects_20260817_010000/sleep_edf_formal_downstream_rows.csv,Human subject-level effect after averaging checkpoint and contamination nuisance repetitions
subject,A,Synthetic-EOG evaluation,Sleep-EDF + synthetic EOG,denoised_denoised,noisy/noisy,SC423,base16,base16,4,0.04034283317474063,,,,25.0,,5,,5.0,5.0,runs/sleep_edf_formal_all_subjects_20260817_010000/sleep_edf_formal_downstream_rows.csv,Human subject-level effect after averaging checkpoint and contamination nuisance repetitions
subject,A,Synthetic-EOG evaluation,Sleep-EDF + synthetic EOG,denoised_denoised,noisy/noisy,SC424,base16,base16,4,-0.023828850968708987,,,,25.0,,5,,5.0,5.0,runs/sleep_edf_formal_all_subjects_20260817_010000/sleep_edf_formal_downstream_rows.csv,Human subject-level effect after averaging checkpoint and contamination nuisance repetitions
subject,A,Synthetic-EOG evaluation,Sleep-EDF + synthetic EOG,denoised_denoised,noisy/noisy,SC425,base16,base16,4,-0.06968895459852177,,,,25.0,,5,,5.0,5.0,runs/sleep_edf_formal_all_subjects_20260817_010000/sleep_edf_formal_downstream_rows.csv,Human subject-level effect after averaging checkpoint and contamination nuisance repetitions
subject,A,Synthetic-EOG evaluation,Sleep-EDF + synthetic EOG,denoised_denoised,noisy/noisy,SC426,base16,base16,4,0.012355834697225721,,,,25.0,,5,,5.0,5.0,runs/sleep_edf_formal_all_subjects_20260817_010000/sleep_edf_formal_downstream_rows.csv,Human subject-level effect after averaging checkpoint and contamination nuisance repetitions
subject,A,Synthetic-EOG evaluation,Sleep-EDF + synthetic EOG,denoised_denoised,noisy/noisy,SC427,base16,base16,4,-0.007951401074365268,,,,25.0,,5,,5.0,5.0,runs/sleep_edf_formal_all_subjects_20260817_010000/sleep_edf_formal_downstream_rows.csv,Human subject-level effect after averaging checkpoint and contamination nuisance repetitions
subject,A,Synthetic-EOG evaluation,Sleep-EDF + synthetic EOG,denoised_denoised,noisy/noisy,SC428,base16,base16,4,-0.05320618796908418,,,,25.0,,5,,5.0,5.0,runs/sleep_edf_formal_all_subjects_20260817_010000/sleep_edf_formal_downstream_rows.csv,Human subject-level effect after averaging checkpoint and contamination nuisance repetitions
subject,A,Synthetic-EOG evaluation,Sleep-EDF + synthetic EOG,denoised_denoised,noisy/noisy,SC429,base16,base16,4,-0.029084294810529595,,,,25.0,,5,,5.0,5.0,runs/sleep_edf_formal_all_subjects_20260817_010000/sleep_edf_formal_downstream_rows.csv,Human subject-level effect after averaging checkpoint and contamination nuisance repetitions
subject,A,Synthetic-EOG evaluation,Sleep-EDF + synthetic EOG,denoised_denoised,noisy/noisy,SC430,base16,base16,4,-0.05437348530678834,,,,25.0,,5,,5.0,5.0,runs/sleep_edf_formal_all_subjects_20260817_010000/sleep_edf_formal_downstream_rows.csv,Human subject-level effect after averaging checkpoint and contamination nuisance repetitions
subject,A,Synthetic-EOG evaluation,Sleep-EDF + synthetic EOG,denoised_denoised,noisy/noisy,SC431,base16,base16,4,-0.05525170912648131,,,,25.0,,5,,5.0,5.0,runs/sleep_edf_formal_all_subjects_20260817_010000/sleep_edf_formal_downstream_rows.csv,Human subject-level effect after averaging checkpoint and contamination nuisance repetitions
subject,A,Synthetic-EOG evaluation,Sleep-EDF + synthetic EOG,denoised_denoised,noisy/noisy,SC432,base16,base16,4,-0.00651614474577206,,,,25.0,,5,,5.0,5.0,runs/sleep_edf_formal_all_subjects_20260817_010000/sleep_edf_formal_downstream_rows.csv,Human subject-level effect after averaging checkpoint and contamination nuisance repetitions
subject,A,Synthetic-EOG evaluation,Sleep-EDF + synthetic EOG,denoised_denoised,noisy/noisy,SC433,base16,base16,4,-0.08581890831840967,,,,25.0,,5,,5.0,5.0,runs/sleep_edf_formal_all_subjects_20260817_010000/sleep_edf_formal_downstream_rows.csv,Human subject-level effect after averaging checkpoint and contamination nuisance repetitions
subject,A,Synthetic-EOG evaluation,Sleep-EDF + synthetic EOG,denoised_denoised,noisy/noisy,SC434,base16,base16,4,-0.017379750645624237,,,,25.0,,5,,5.0,5.0,runs/sleep_edf_formal_all_subjects_20260817_010000/sleep_edf_formal_downstream_rows.csv,Human subject-level effect after averaging checkpoint and contamination nuisance repetitions
subject,A,Synthetic-EOG evaluation,Sleep-EDF + synthetic EOG,denoised_denoised,noisy/noisy,SC435,base16,base16,4,0.07300504641203757,,,,25.0,,5,,5.0,5.0,runs/sleep_edf_formal_all_subjects_20260817_010000/sleep_edf_formal_downstream_rows.csv,Human subject-level effect after averaging checkpoint and contamination nuisance repetitions
subject,A,Synthetic-EOG evaluation,Sleep-EDF + synthetic EOG,denoised_denoised,noisy/noisy,SC437,base16,base16,4,-0.09698144111357834,,,,25.0,,5,,5.0,5.0,runs/sleep_edf_formal_all_subjects_20260817_010000/sleep_edf_formal_downstream_rows.csv,Human subject-level effect after averaging checkpoint and contamination nuisance repetitions
subject,A,Synthetic-EOG evaluation,Sleep-EDF + synthetic EOG,denoised_denoised,noisy/noisy,SC438,base16,base16,4,0.01031890178929825,,,,25.0,,5,,5.0,5.0,runs/sleep_edf_formal_all_subjects_20260817_010000/sleep_edf_formal_downstream_rows.csv,Human subject-level effect after averaging checkpoint and contamination nuisance repetitions
subject,A,Synthetic-EOG evaluation,Sleep-EDF + synthetic EOG,denoised_denoised,noisy/noisy,SC440,base16,base16,4,0.037937484761128654,,,,25.0,,5,,5.0,5.0,runs/sleep_edf_formal_all_subjects_20260817_010000/sleep_edf_formal_downstream_rows.csv,Human subject-level effect after averaging checkpoint and contamination nuisance repetitions
subject,A,Synthetic-EOG evaluation,Sleep-EDF + synthetic EOG,denoised_denoised,noisy/noisy,SC441,base16,base16,4,-0.04183884455808592,,,,25.0,,5,,5.0,5.0,runs/sleep_edf_formal_all_subjects_20260817_010000/sleep_edf_formal_downstream_rows.csv,Human subject-level effect after averaging checkpoint and contamination nuisance repetitions
subject,A,Synthetic-EOG evaluation,Sleep-EDF + synthetic EOG,denoised_denoised,noisy/noisy,SC442,base16,base16,4,-0.05164826211822822,,,,25.0,,5,,5.0,5.0,runs/sleep_edf_formal_all_subjects_20260817_010000/sleep_edf_formal_downstream_rows.csv,Human subject-level effect after averaging checkpoint and contamination nuisance repetitions
subject,A,Synthetic-EOG evaluation,Sleep-EDF + synthetic EOG,denoised_denoised,noisy/noisy,SC443,base16,base16,4,-0.017018129099533177,,,,25.0,,5,,5.0,5.0,runs/sleep_edf_formal_all_subjects_20260817_010000/sleep_edf_formal_downstream_rows.csv,Human subject-level effect after averaging checkpoint and contamination nuisance repetitions
subject,A,Synthetic-EOG evaluation,Sleep-EDF + synthetic EOG,denoised_denoised,noisy/noisy,SC444,base16,base16,4,-0.007789932034116292,,,,25.0,,5,,5.0,5.0,runs/sleep_edf_formal_all_subjects_20260817_010000/sleep_edf_formal_downstream_rows.csv,Human subject-level effect after averaging checkpoint and contamination nuisance repetitions
subject,A,Synthetic-EOG evaluation,Sleep-EDF + synthetic EOG,denoised_denoised,noisy/noisy,SC445,base16,base16,4,-0.05716779648771638,,,,25.0,,5,,5.0,5.0,runs/sleep_edf_formal_all_subjects_20260817_010000/sleep_edf_formal_downstream_rows.csv,Human subject-level effect after averaging checkpoint and contamination nuisance repetitions
subject,A,Synthetic-EOG evaluation,Sleep-EDF + synthetic EOG,denoised_denoised,noisy/noisy,SC446,base16,base16,4,-0.06853409198043882,,,,25.0,,5,,5.0,5.0,runs/sleep_edf_formal_all_subjects_20260817_010000/sleep_edf_formal_downstream_rows.csv,Human subject-level effect after averaging checkpoint and contamination nuisance repetitions
subject,A,Synthetic-EOG evaluation,Sleep-EDF + synthetic EOG,denoised_denoised,noisy/noisy,SC447,base16,base16,4,-0.12206575612406427,,,,25.0,,5,,5.0,5.0,runs/sleep_edf_formal_all_subjects_20260817_010000/sleep_edf_formal_downstream_rows.csv,Human subject-level effect after averaging checkpoint and contamination nuisance repetitions
subject,A,Synthetic-EOG evaluation,Sleep-EDF + synthetic EOG,denoised_denoised,noisy/noisy,SC448,base16,base16,4,-0.021442904612489256,,,,25.0,,5,,5.0,5.0,runs/sleep_edf_formal_all_subjects_20260817_010000/sleep_edf_formal_downstream_rows.csv,Human subject-level effect after averaging checkpoint and contamination nuisance repetitions
subject,A,Synthetic-EOG evaluation,Sleep-EDF + synthetic EOG,denoised_denoised,noisy/noisy,SC449,base16,base16,4,-0.04042293816983725,,,,25.0,,5,,5.0,5.0,runs/sleep_edf_formal_all_subjects_20260817_010000/sleep_edf_formal_downstream_rows.csv,Human subject-level effect after averaging checkpoint and contamination nuisance repetitions
subject,A,Synthetic-EOG evaluation,Sleep-EDF + synthetic EOG,denoised_denoised,noisy/noisy,SC450,base16,base16,4,-0.09570136715699791,,,,25.0,,5,,5.0,5.0,runs/sleep_edf_formal_all_subjects_20260817_010000/sleep_edf_formal_downstream_rows.csv,Human subject-level effect after averaging checkpoint and contamination nuisance repetitions
subject,A,Synthetic-EOG evaluation,Sleep-EDF + synthetic EOG,denoised_denoised,noisy/noisy,SC451,base16,base16,4,0.015452347774627444,,,,25.0,,5,,5.0,5.0,runs/sleep_edf_formal_all_subjects_20260817_010000/sleep_edf_formal_downstream_rows.csv,Human subject-level effect after averaging checkpoint and contamination nuisance repetitions
subject,A,Synthetic-EOG evaluation,Sleep-EDF + synthetic EOG,denoised_denoised,noisy/noisy,SC453,base16,base16,4,-0.07272079051610597,,,,25.0,,5,,5.0,5.0,runs/sleep_edf_formal_all_subjects_20260817_010000/sleep_edf_formal_downstream_rows.csv,Human subject-level effect after averaging checkpoint and contamination nuisance repetitions
subject,A,Synthetic-EOG evaluation,Sleep-EDF + synthetic EOG,denoised_denoised,noisy/noisy,SC454,base16,base16,4,-0.018390490087134743,,,,25.0,,5,,5.0,5.0,runs/sleep_edf_formal_all_subjects_20260817_010000/sleep_edf_formal_downstream_rows.csv,Human subject-level effect after averaging checkpoint and contamination nuisance repetitions
subject,A,Synthetic-EOG evaluation,Sleep-EDF + synthetic EOG,denoised_denoised,noisy/noisy,SC455,base16,base16,4,-0.04553655439849483,,,,25.0,,5,,5.0,5.0,runs/sleep_edf_formal_all_subjects_20260817_010000/sleep_edf_formal_downstream_rows.csv,Human subject-level effect after averaging checkpoint and contamination nuisance repetitions
subject,A,Synthetic-EOG evaluation,Sleep-EDF + synthetic EOG,denoised_denoised,noisy/noisy,SC456,base16,base16,4,-0.12637576076261253,,,,25.0,,5,,5.0,5.0,runs/sleep_edf_formal_all_subjects_20260817_010000/sleep_edf_formal_downstream_rows.csv,Human subject-level effect after averaging checkpoint and contamination nuisance repetitions
subject,A,Synthetic-EOG evaluation,Sleep-EDF + synthetic EOG,denoised_denoised,noisy/noisy,SC457,base16,base16,4,0.027151711697470327,,,,25.0,,5,,5.0,5.0,runs/sleep_edf_formal_all_subjects_20260817_010000/sleep_edf_formal_downstream_rows.csv,Human subject-level effect after averaging checkpoint and contamination nuisance repetitions
subject,A,Synthetic-EOG evaluation,Sleep-EDF + synthetic EOG,denoised_denoised,noisy/noisy,SC458,base16,base16,4,0.015023470873773892,,,,25.0,,5,,5.0,5.0,runs/sleep_edf_formal_all_subjects_20260817_010000/sleep_edf_formal_downstream_rows.csv,Human subject-level effect after averaging checkpoint and contamination nuisance repetitions
subject,A,Synthetic-EOG evaluation,Sleep-EDF + synthetic EOG,denoised_denoised,noisy/noisy,SC459,base16,base16,4,-0.23511541968477023,,,,25.0,,5,,5.0,5.0,runs/sleep_edf_formal_all_subjects_20260817_010000/sleep_edf_formal_downstream_rows.csv,Human subject-level effect after averaging checkpoint and contamination nuisance repetitions
subject,A,Synthetic-EOG evaluation,Sleep-EDF + synthetic EOG,denoised_denoised,noisy/noisy,SC460,base16,base16,4,-0.016293811634228817,,,,25.0,,5,,5.0,5.0,runs/sleep_edf_formal_all_subjects_20260817_010000/sleep_edf_formal_downstream_rows.csv,Human subject-level effect after averaging checkpoint and contamination nuisance repetitions
subject,A,Synthetic-EOG evaluation,Sleep-EDF + synthetic EOG,denoised_denoised,noisy/noisy,SC461,base16,base16,4,-0.08911656714892616,,,,25.0,,5,,5.0,5.0,runs/sleep_edf_formal_all_subjects_20260817_010000/sleep_edf_formal_downstream_rows.csv,Human subject-level effect after averaging checkpoint and contamination nuisance repetitions
subject,A,Synthetic-EOG evaluation,Sleep-EDF + synthetic EOG,denoised_denoised,noisy/noisy,SC462,base16,base16,4,-0.01893730505157707,,,,25.0,,5,,5.0,5.0,runs/sleep_edf_formal_all_subjects_20260817_010000/sleep_edf_formal_downstream_rows.csv,Human subject-level effect after averaging checkpoint and contamination nuisance repetitions
subject,A,Synthetic-EOG evaluation,Sleep-EDF + synthetic EOG,denoised_denoised,noisy/noisy,SC463,base16,base16,4,-0.07197717703614555,,,,25.0,,5,,5.0,5.0,runs/sleep_edf_formal_all_subjects_20260817_010000/sleep_edf_formal_downstream_rows.csv,Human subject-level effect after averaging checkpoint and contamination nuisance repetitions
subject,A,Synthetic-EOG evaluation,Sleep-EDF + synthetic EOG,denoised_denoised,noisy/noisy,SC464,base16,base16,4,-0.03669910592131862,,,,25.0,,5,,5.0,5.0,runs/sleep_edf_formal_all_subjects_20260817_010000/sleep_edf_formal_downstream_rows.csv,Human subject-level effect after averaging checkpoint and contamination nuisance repetitions
subject,A,Synthetic-EOG evaluation,Sleep-EDF + synthetic EOG,denoised_denoised,noisy/noisy,SC465,base16,base16,4,-0.011224376779988565,,,,25.0,,5,,5.0,5.0,runs/sleep_edf_formal_all_subjects_20260817_010000/sleep_edf_formal_downstream_rows.csv,Human subject-level effect after averaging checkpoint and contamination nuisance repetitions
subject,A,Synthetic-EOG evaluation,Sleep-EDF + synthetic EOG,denoised_denoised,noisy/noisy,SC466,base16,base16,4,-0.09599393727782449,,,,25.0,,5,,5.0,5.0,runs/sleep_edf_formal_all_subjects_20260817_010000/sleep_edf_formal_downstream_rows.csv,Human subject-level effect after averaging checkpoint and contamination nuisance repetitions
subject,A,Synthetic-EOG evaluation,Sleep-EDF + synthetic EOG,denoised_denoised,noisy/noisy,SC467,base16,base16,4,-0.0434207446805781,,,,25.0,,5,,5.0,5.0,runs/sleep_edf_formal_all_subjects_20260817_010000/sleep_edf_formal_downstream_rows.csv,Human subject-level effect after averaging checkpoint and contamination nuisance repetitions
subject,A,Synthetic-EOG evaluation,Sleep-EDF + synthetic EOG,denoised_denoised,noisy/noisy,SC470,base16,base16,4,-0.039163350137256116,,,,25.0,,5,,5.0,5.0,runs/sleep_edf_formal_all_subjects_20260817_010000/sleep_edf_formal_downstream_rows.csv,Human subject-level effect after averaging checkpoint and contamination nuisance repetitions
subject,A,Synthetic-EOG evaluation,Sleep-EDF + synthetic EOG,denoised_denoised,noisy/noisy,SC471,base16,base16,4,-0.19039131610934412,,,,25.0,,5,,5.0,5.0,runs/sleep_edf_formal_all_subjects_20260817_010000/sleep_edf_formal_downstream_rows.csv,Human subject-level effect after averaging checkpoint and contamination nuisance repetitions
subject,A,Synthetic-EOG evaluation,Sleep-EDF + synthetic EOG,denoised_denoised,noisy/noisy,SC472,base16,base16,4,-0.06710836200300921,,,,25.0,,5,,5.0,5.0,runs/sleep_edf_formal_all_subjects_20260817_010000/sleep_edf_formal_downstream_rows.csv,Human subject-level effect after averaging checkpoint and contamination nuisance repetitions
subject,A,Synthetic-EOG evaluation,Sleep-EDF + synthetic EOG,denoised_denoised,noisy/noisy,SC473,base16,base16,4,-0.03062424278866689,,,,25.0,,5,,5.0,5.0,runs/sleep_edf_formal_all_subjects_20260817_010000/sleep_edf_formal_downstream_rows.csv,Human subject-level effect after averaging checkpoint and contamination nuisance repetitions
subject,A,Synthetic-EOG evaluation,Sleep-EDF + synthetic EOG,denoised_denoised,noisy/noisy,SC474,base16,base16,4,-0.0482891162315062,,,,25.0,,5,,5.0,5.0,runs/sleep_edf_formal_all_subjects_20260817_010000/sleep_edf_formal_downstream_rows.csv,Human subject-level effect after averaging checkpoint and contamination nuisance repetitions
subject,A,Synthetic-EOG evaluation,Sleep-EDF + synthetic EOG,denoised_denoised,noisy/noisy,SC475,base16,base16,4,0.011160233637781992,,,,25.0,,5,,5.0,5.0,runs/sleep_edf_formal_all_subjects_20260817_010000/sleep_edf_formal_downstream_rows.csv,Human subject-level effect after averaging checkpoint and contamination nuisance repetitions
subject,A,Synthetic-EOG evaluation,Sleep-EDF + synthetic EOG,denoised_denoised,noisy/noisy,SC476,base16,base16,4,0.044861022616383736,,,,25.0,,5,,5.0,5.0,runs/sleep_edf_formal_all_subjects_20260817_010000/sleep_edf_formal_downstream_rows.csv,Human subject-level effect after averaging checkpoint and contamination nuisance repetitions
subject,A,Synthetic-EOG evaluation,Sleep-EDF + synthetic EOG,denoised_denoised,noisy/noisy,SC477,base16,base16,4,-0.03302540727041634,,,,25.0,,5,,5.0,5.0,runs/sleep_edf_formal_all_subjects_20260817_010000/sleep_edf_formal_downstream_rows.csv,Human subject-level effect after averaging checkpoint and contamination nuisance repetitions
subject,A,Synthetic-EOG evaluation,Sleep-EDF + synthetic EOG,denoised_denoised,noisy/noisy,SC480,base16,base16,4,-0.13863298432655338,,,,25.0,,5,,5.0,5.0,runs/sleep_edf_formal_all_subjects_20260817_010000/sleep_edf_formal_downstream_rows.csv,Human subject-level effect after averaging checkpoint and contamination nuisance repetitions
subject,A,Synthetic-EOG evaluation,Sleep-EDF + synthetic EOG,denoised_denoised,noisy/noisy,SC481,base16,base16,4,-0.06283730177253762,,,,25.0,,5,,5.0,5.0,runs/sleep_edf_formal_all_subjects_20260817_010000/sleep_edf_formal_downstream_rows.csv,Human subject-level effect after averaging checkpoint and contamination nuisance repetitions
subject,A,Synthetic-EOG evaluation,Sleep-EDF + synthetic EOG,denoised_denoised,noisy/noisy,SC482,base16,base16,4,-0.04197261598898622,,,,25.0,,5,,5.0,5.0,runs/sleep_edf_formal_all_subjects_20260817_010000/sleep_edf_formal_downstream_rows.csv,Human subject-level effect after averaging checkpoint and contamination nuisance repetitions
mean_ci,A,Synthetic-EOG evaluation,Sleep-EDF + synthetic EOG,denoised_denoised,noisy/noisy,,EEGDN_CNN,EEGDN CNN,5,,-0.0608344768274161,-0.0732615513359459,-0.0493883214841236,,75.0,3,5.0,,,runs/sleep_edf_formal_all_subjects_20260817_010000/sleep_edf_formal_downstream_summary.csv,Mean and 95% subject-bootstrap CI across 75 subjects
subject,A,Synthetic-EOG evaluation,Sleep-EDF + synthetic EOG,denoised_denoised,noisy/noisy,SC400,EEGDN_CNN,EEGDN CNN,5,-0.08970705055262619,,,,15.0,,3,,5.0,5.0,runs/sleep_edf_formal_all_subjects_20260817_010000/sleep_edf_formal_downstream_rows.csv,Human subject-level effect after averaging checkpoint and contamination nuisance repetitions
subject,A,Synthetic-EOG evaluation,Sleep-EDF + synthetic EOG,denoised_denoised,noisy/noisy,SC401,EEGDN_CNN,EEGDN CNN,5,-0.014583910591645953,,,,15.0,,3,,5.0,5.0,runs/sleep_edf_formal_all_subjects_20260817_010000/sleep_edf_formal_downstream_rows.csv,Human subject-level effect after averaging checkpoint and contamination nuisance repetitions
subject,A,Synthetic-EOG evaluation,Sleep-EDF + synthetic EOG,denoised_denoised,noisy/noisy,SC402,EEGDN_CNN,EEGDN CNN,5,-0.027578173736255446,,,,15.0,,3,,5.0,5.0,runs/sleep_edf_formal_all_subjects_20260817_010000/sleep_edf_formal_downstream_rows.csv,Human subject-level effect after averaging checkpoint and contamination nuisance repetitions
subject,A,Synthetic-EOG evaluation,Sleep-EDF + synthetic EOG,denoised_denoised,noisy/noisy,SC403,EEGDN_CNN,EEGDN CNN,5,-0.017958740405178582,,,,15.0,,3,,5.0,5.0,runs/sleep_edf_formal_all_subjects_20260817_010000/sleep_edf_formal_downstream_rows.csv,Human subject-level effect after averaging checkpoint and contamination nuisance repetitions
subject,A,Synthetic-EOG evaluation,Sleep-EDF + synthetic EOG,denoised_denoised,noisy/noisy,SC404,EEGDN_CNN,EEGDN CNN,5,-0.05942263192562785,,,,15.0,,3,,5.0,5.0,runs/sleep_edf_formal_all_subjects_20260817_010000/sleep_edf_formal_downstream_rows.csv,Human subject-level effect after averaging checkpoint and contamination nuisance repetitions
subject,A,Synthetic-EOG evaluation,Sleep-EDF + synthetic EOG,denoised_denoised,noisy/noisy,SC405,EEGDN_CNN,EEGDN CNN,5,-0.10803580201125626,,,,15.0,,3,,5.0,5.0,runs/sleep_edf_formal_all_subjects_20260817_010000/sleep_edf_formal_downstream_rows.csv,Human subject-level effect after averaging checkpoint and contamination nuisance repetitions
subject,A,Synthetic-EOG evaluation,Sleep-EDF + synthetic EOG,denoised_denoised,noisy/noisy,SC406,EEGDN_CNN,EEGDN CNN,5,-0.07760435555499776,,,,15.0,,3,,5.0,5.0,runs/sleep_edf_formal_all_subjects_20260817_010000/sleep_edf_formal_downstream_rows.csv,Human subject-level effect after averaging checkpoint and contamination nuisance repetitions
subject,A,Synthetic-EOG evaluation,Sleep-EDF + synthetic EOG,denoised_denoised,noisy/noisy,SC407,EEGDN_CNN,EEGDN CNN,5,-0.0877734336978034,,,,15.0,,3,,5.0,5.0,runs/sleep_edf_formal_all_subjects_20260817_010000/sleep_edf_formal_downstream_rows.csv,Human subject-level effect after averaging checkpoint and contamination nuisance repetitions
subject,A,Synthetic-EOG evaluation,Sleep-EDF + synthetic EOG,denoised_denoised,noisy/noisy,SC408,EEGDN_CNN,EEGDN CNN,5,-0.05504826762053463,,,,15.0,,3,,5.0,5.0,runs/sleep_edf_formal_all_subjects_20260817_010000/sleep_edf_formal_downstream_rows.csv,Human subject-level effect after averaging checkpoint and contamination nuisance repetitions
subject,A,Synthetic-EOG evaluation,Sleep-EDF + synthetic EOG,denoised_denoised,noisy/noisy,SC409,EEGDN_CNN,EEGDN CNN,5,-0.058485292401347116,,,,15.0,,3,,5.0,5.0,runs/sleep_edf_formal_all_subjects_20260817_010000/sleep_edf_formal_downstream_rows.csv,Human subject-level effect after averaging checkpoint and contamination nuisance repetitions
subject,A,Synthetic-EOG evaluation,Sleep-EDF + synthetic EOG,denoised_denoised,noisy/noisy,SC410,EEGDN_CNN,EEGDN CNN,5,-0.09026164126500302,,,,15.0,,3,,5.0,5.0,runs/sleep_edf_formal_all_subjects_20260817_010000/sleep_edf_formal_downstream_rows.csv,Human subject-level effect after averaging checkpoint and contamination nuisance repetitions
subject,A,Synthetic-EOG evaluation,Sleep-EDF + synthetic EOG,denoised_denoised,noisy/noisy,SC411,EEGDN_CNN,EEGDN CNN,5,-0.1471294787892795,,,,15.0,,3,,5.0,5.0,runs/sleep_edf_formal_all_subjects_20260817_010000/sleep_edf_formal_downstream_rows.csv,Human subject-level effect after averaging checkpoint and contamination nuisance repetitions
subject,A,Synthetic-EOG evaluation,Sleep-EDF + synthetic EOG,denoised_denoised,noisy/noisy,SC412,EEGDN_CNN,EEGDN CNN,5,0.020000842900169832,,,,15.0,,3,,5.0,5.0,runs/sleep_edf_formal_all_subjects_20260817_010000/sleep_edf_formal_downstream_rows.csv,Human subject-level effect after averaging checkpoint and contamination nuisance repetitions
subject,A,Synthetic-EOG evaluation,Sleep-EDF + synthetic EOG,denoised_denoised,noisy/noisy,SC414,EEGDN_CNN,EEGDN CNN,5,-0.04765317202362858,,,,15.0,,3,,5.0,5.0,runs/sleep_edf_formal_all_subjects_20260817_010000/sleep_edf_formal_downstream_rows.csv,Human subject-level effect after averaging checkpoint and contamination nuisance repetitions
subject,A,Synthetic-EOG evaluation,Sleep-EDF + synthetic EOG,denoised_denoised,noisy/noisy,SC415,EEGDN_CNN,EEGDN CNN,5,-0.12912142101573928,,,,15.0,,3,,5.0,5.0,runs/sleep_edf_formal_all_subjects_20260817_010000/sleep_edf_formal_downstream_rows.csv,Human subject-level effect after averaging checkpoint and contamination nuisance repetitions
subject,A,Synthetic-EOG evaluation,Sleep-EDF + synthetic EOG,denoised_denoised,noisy/noisy,SC416,EEGDN_CNN,EEGDN CNN,5,-0.004581286360698067,,,,15.0,,3,,5.0,5.0,runs/sleep_edf_formal_all_subjects_20260817_010000/sleep_edf_formal_downstream_rows.csv,Human subject-level effect after averaging checkpoint and contamination nuisance repetitions
subject,A,Synthetic-EOG evaluation,Sleep-EDF + synthetic EOG,denoised_denoised,noisy/noisy,SC417,EEGDN_CNN,EEGDN CNN,5,-0.06902548970189609,,,,15.0,,3,,5.0,5.0,runs/sleep_edf_formal_all_subjects_20260817_010000/sleep_edf_formal_downstream_rows.csv,Human subject-level effect after averaging checkpoint and contamination nuisance repetitions
subject,A,Synthetic-EOG evaluation,Sleep-EDF + synthetic EOG,denoised_denoised,noisy/noisy,SC418,EEGDN_CNN,EEGDN CNN,5,-0.09644010585907514,,,,15.0,,3,,5.0,5.0,runs/sleep_edf_formal_all_subjects_20260817_010000/sleep_edf_formal_downstream_rows.csv,Human subject-level effect after averaging checkpoint and contamination nuisance repetitions
subject,A,Synthetic-EOG evaluation,Sleep-EDF + synthetic EOG,denoised_denoised,noisy/noisy,SC419,EEGDN_CNN,EEGDN CNN,5,-0.091955253098786,,,,15.0,,3,,5.0,5.0,runs/sleep_edf_formal_all_subjects_20260817_010000/sleep_edf_formal_downstream_rows.csv,Human subject-level effect after averaging checkpoint and contamination nuisance repetitions
subject,A,Synthetic-EOG evaluation,Sleep-EDF + synthetic EOG,denoised_denoised,noisy/noisy,SC420,EEGDN_CNN,EEGDN CNN,5,-0.15184261248328895,,,,15.0,,3,,5.0,5.0,runs/sleep_edf_formal_all_subjects_20260817_010000/sleep_edf_formal_downstream_rows.csv,Human subject-level effect after averaging checkpoint and contamination nuisance repetitions
subject,A,Synthetic-EOG evaluation,Sleep-EDF + synthetic EOG,denoised_denoised,noisy/noisy,SC421,EEGDN_CNN,EEGDN CNN,5,-0.10010794407931924,,,,15.0,,3,,5.0,5.0,runs/sleep_edf_formal_all_subjects_20260817_010000/sleep_edf_formal_downstream_rows.csv,Human subject-level effect after averaging checkpoint and contamination nuisance repetitions
subject,A,Synthetic-EOG evaluation,Sleep-EDF + synthetic EOG,denoised_denoised,noisy/noisy,SC422,EEGDN_CNN,EEGDN CNN,5,-0.02372460169327939,,,,15.0,,3,,5.0,5.0,runs/sleep_edf_formal_all_subjects_20260817_010000/sleep_edf_formal_downstream_rows.csv,Human subject-level effect after averaging checkpoint and contamination nuisance repetitions
subject,A,Synthetic-EOG evaluation,Sleep-EDF + synthetic EOG,denoised_denoised,noisy/noisy,SC423,EEGDN_CNN,EEGDN CNN,5,-0.1824333943274677,,,,15.0,,3,,5.0,5.0,runs/sleep_edf_formal_all_subjects_20260817_010000/sleep_edf_formal_downstream_rows.csv,Human subject-level effect after averaging checkpoint and contamination nuisance repetitions
subject,A,Synthetic-EOG evaluation,Sleep-EDF + synthetic EOG,denoised_denoised,noisy/noisy,SC424,EEGDN_CNN,EEGDN CNN,5,-0.029644322164305792,,,,15.0,,3,,5.0,5.0,runs/sleep_edf_formal_all_subjects_20260817_010000/sleep_edf_formal_downstream_rows.csv,Human subject-level effect after averaging checkpoint and contamination nuisance repetitions
subject,A,Synthetic-EOG evaluation,Sleep-EDF + synthetic EOG,denoised_denoised,noisy/noisy,SC425,EEGDN_CNN,EEGDN CNN,5,-0.040633827787691,,,,15.0,,3,,5.0,5.0,runs/sleep_edf_formal_all_subjects_20260817_010000/sleep_edf_formal_downstream_rows.csv,Human subject-level effect after averaging checkpoint and contamination nuisance repetitions
subject,A,Synthetic-EOG evaluation,Sleep-EDF + synthetic EOG,denoised_denoised,noisy/noisy,SC426,EEGDN_CNN,EEGDN CNN,5,-0.09251708711176711,,,,15.0,,3,,5.0,5.0,runs/sleep_edf_formal_all_subjects_20260817_010000/sleep_edf_formal_downstream_rows.csv,Human subject-level effect after averaging checkpoint and contamination nuisance repetitions
subject,A,Synthetic-EOG evaluation,Sleep-EDF + synthetic EOG,denoised_denoised,noisy/noisy,SC427,EEGDN_CNN,EEGDN CNN,5,-0.05991192613139331,,,,15.0,,3,,5.0,5.0,runs/sleep_edf_formal_all_subjects_20260817_010000/sleep_edf_formal_downstream_rows.csv,Human subject-level effect after averaging checkpoint and contamination nuisance repetitions
subject,A,Synthetic-EOG evaluation,Sleep-EDF + synthetic EOG,denoised_denoised,noisy/noisy,SC428,EEGDN_CNN,EEGDN CNN,5,-0.05378066763386611,,,,15.0,,3,,5.0,5.0,runs/sleep_edf_formal_all_subjects_20260817_010000/sleep_edf_formal_downstream_rows.csv,Human subject-level effect after averaging checkpoint and contamination nuisance repetitions
subject,A,Synthetic-EOG evaluation,Sleep-EDF + synthetic EOG,denoised_denoised,noisy/noisy,SC429,EEGDN_CNN,EEGDN CNN,5,-0.013283984726859913,,,,15.0,,3,,5.0,5.0,runs/sleep_edf_formal_all_subjects_20260817_010000/sleep_edf_formal_downstream_rows.csv,Human subject-level effect after averaging checkpoint and contamination nuisance repetitions
subject,A,Synthetic-EOG evaluation,Sleep-EDF + synthetic EOG,denoised_denoised,noisy/noisy,SC430,EEGDN_CNN,EEGDN CNN,5,-0.08455965635381844,,,,15.0,,3,,5.0,5.0,runs/sleep_edf_formal_all_subjects_20260817_010000/sleep_edf_formal_downstream_rows.csv,Human subject-level effect after averaging checkpoint and contamination nuisance repetitions
subject,A,Synthetic-EOG evaluation,Sleep-EDF + synthetic EOG,denoised_denoised,noisy/noisy,SC431,EEGDN_CNN,EEGDN CNN,5,-0.051868524597518534,,,,15.0,,3,,5.0,5.0,runs/sleep_edf_formal_all_subjects_20260817_010000/sleep_edf_formal_downstream_rows.csv,Human subject-level effect after averaging checkpoint and contamination nuisance repetitions
subject,A,Synthetic-EOG evaluation,Sleep-EDF + synthetic EOG,denoised_denoised,noisy/noisy,SC432,EEGDN_CNN,EEGDN CNN,5,-0.01277108703765748,,,,15.0,,3,,5.0,5.0,runs/sleep_edf_formal_all_subjects_20260817_010000/sleep_edf_formal_downstream_rows.csv,Human subject-level effect after averaging checkpoint and contamination nuisance repetitions
subject,A,Synthetic-EOG evaluation,Sleep-EDF + synthetic EOG,denoised_denoised,noisy/noisy,SC433,EEGDN_CNN,EEGDN CNN,5,-0.10547686427805426,,,,15.0,,3,,5.0,5.0,runs/sleep_edf_formal_all_subjects_20260817_010000/sleep_edf_formal_downstream_rows.csv,Human subject-level effect after averaging checkpoint and contamination nuisance repetitions
subject,A,Synthetic-EOG evaluation,Sleep-EDF + synthetic EOG,denoised_denoised,noisy/noisy,SC434,EEGDN_CNN,EEGDN CNN,5,-0.03033450514880932,,,,15.0,,3,,5.0,5.0,runs/sleep_edf_formal_all_subjects_20260817_010000/sleep_edf_formal_downstream_rows.csv,Human subject-level effect after averaging checkpoint and contamination nuisance repetitions
subject,A,Synthetic-EOG evaluation,Sleep-EDF + synthetic EOG,denoised_denoised,noisy/noisy,SC435,EEGDN_CNN,EEGDN CNN,5,-0.020907685511391792,,,,15.0,,3,,5.0,5.0,runs/sleep_edf_formal_all_subjects_20260817_010000/sleep_edf_formal_downstream_rows.csv,Human subject-level effect after averaging checkpoint and contamination nuisance repetitions
subject,A,Synthetic-EOG evaluation,Sleep-EDF + synthetic EOG,denoised_denoised,noisy/noisy,SC437,EEGDN_CNN,EEGDN CNN,5,-0.02614404944874192,,,,15.0,,3,,5.0,5.0,runs/sleep_edf_formal_all_subjects_20260817_010000/sleep_edf_formal_downstream_rows.csv,Human subject-level effect after averaging checkpoint and contamination nuisance repetitions
subject,A,Synthetic-EOG evaluation,Sleep-EDF + synthetic EOG,denoised_denoised,noisy/noisy,SC438,EEGDN_CNN,EEGDN CNN,5,-0.015347584352802047,,,,15.0,,3,,5.0,5.0,runs/sleep_edf_formal_all_subjects_20260817_010000/sleep_edf_formal_downstream_rows.csv,Human subject-level effect after averaging checkpoint and contamination nuisance repetitions
subject,A,Synthetic-EOG evaluation,Sleep-EDF + synthetic EOG,denoised_denoised,noisy/noisy,SC440,EEGDN_CNN,EEGDN CNN,5,-0.024505090611377154,,,,15.0,,3,,5.0,5.0,runs/sleep_edf_formal_all_subjects_20260817_010000/sleep_edf_formal_downstream_rows.csv,Human subject-level effect after averaging checkpoint and contamination nuisance repetitions
subject,A,Synthetic-EOG evaluation,Sleep-EDF + synthetic EOG,denoised_denoised,noisy/noisy,SC441,EEGDN_CNN,EEGDN CNN,5,-0.023244272840340776,,,,15.0,,3,,5.0,5.0,runs/sleep_edf_formal_all_subjects_20260817_010000/sleep_edf_formal_downstream_rows.csv,Human subject-level effect after averaging checkpoint and contamination nuisance repetitions
subject,A,Synthetic-EOG evaluation,Sleep-EDF + synthetic EOG,denoised_denoised,noisy/noisy,SC442,EEGDN_CNN,EEGDN CNN,5,-0.06667776817631597,,,,15.0,,3,,5.0,5.0,runs/sleep_edf_formal_all_subjects_20260817_010000/sleep_edf_formal_downstream_rows.csv,Human subject-level effect after averaging checkpoint and contamination nuisance repetitions
subject,A,Synthetic-EOG evaluation,Sleep-EDF + synthetic EOG,denoised_denoised,noisy/noisy,SC443,EEGDN_CNN,EEGDN CNN,5,-0.053835982012410376,,,,15.0,,3,,5.0,5.0,runs/sleep_edf_formal_all_subjects_20260817_010000/sleep_edf_formal_downstream_rows.csv,Human subject-level effect after averaging checkpoint and contamination nuisance repetitions
subject,A,Synthetic-EOG evaluation,Sleep-EDF + synthetic EOG,denoised_denoised,noisy/noisy,SC444,EEGDN_CNN,EEGDN CNN,5,-0.02438070138653363,,,,15.0,,3,,5.0,5.0,runs/sleep_edf_formal_all_subjects_20260817_010000/sleep_edf_formal_downstream_rows.csv,Human subject-level effect after averaging checkpoint and contamination nuisance repetitions
subject,A,Synthetic-EOG evaluation,Sleep-EDF + synthetic EOG,denoised_denoised,noisy/noisy,SC445,EEGDN_CNN,EEGDN CNN,5,-0.06571376932887249,,,,15.0,,3,,5.0,5.0,runs/sleep_edf_formal_all_subjects_20260817_010000/sleep_edf_formal_downstream_rows.csv,Human subject-level effect after averaging checkpoint and contamination nuisance repetitions
subject,A,Synthetic-EOG evaluation,Sleep-EDF + synthetic EOG,denoised_denoised,noisy/noisy,SC446,EEGDN_CNN,EEGDN CNN,5,-0.048682149806721725,,,,15.0,,3,,5.0,5.0,runs/sleep_edf_formal_all_subjects_20260817_010000/sleep_edf_formal_downstream_rows.csv,Human subject-level effect after averaging checkpoint and contamination nuisance repetitions
subject,A,Synthetic-EOG evaluation,Sleep-EDF + synthetic EOG,denoised_denoised,noisy/noisy,SC447,EEGDN_CNN,EEGDN CNN,5,-0.10318593685414208,,,,15.0,,3,,5.0,5.0,runs/sleep_edf_formal_all_subjects_20260817_010000/sleep_edf_formal_downstream_rows.csv,Human subject-level effect after averaging checkpoint and contamination nuisance repetitions
subject,A,Synthetic-EOG evaluation,Sleep-EDF + synthetic EOG,denoised_denoised,noisy/noisy,SC448,EEGDN_CNN,EEGDN CNN,5,-0.06902102358517162,,,,15.0,,3,,5.0,5.0,runs/sleep_edf_formal_all_subjects_20260817_010000/sleep_edf_formal_downstream_rows.csv,Human subject-level effect after averaging checkpoint and contamination nuisance repetitions
subject,A,Synthetic-EOG evaluation,Sleep-EDF + synthetic EOG,denoised_denoised,noisy/noisy,SC449,EEGDN_CNN,EEGDN CNN,5,-0.03272177267735427,,,,15.0,,3,,5.0,5.0,runs/sleep_edf_formal_all_subjects_20260817_010000/sleep_edf_formal_downstream_rows.csv,Human subject-level effect after averaging checkpoint and contamination nuisance repetitions
subject,A,Synthetic-EOG evaluation,Sleep-EDF + synthetic EOG,denoised_denoised,noisy/noisy,SC450,EEGDN_CNN,EEGDN CNN,5,-0.05430199204229765,,,,15.0,,3,,5.0,5.0,runs/sleep_edf_formal_all_subjects_20260817_010000/sleep_edf_formal_downstream_rows.csv,Human subject-level effect after averaging checkpoint and contamination nuisance repetitions
subject,A,Synthetic-EOG evaluation,Sleep-EDF + synthetic EOG,denoised_denoised,noisy/noisy,SC451,EEGDN_CNN,EEGDN CNN,5,-0.14265242858798372,,,,15.0,,3,,5.0,5.0,runs/sleep_edf_formal_all_subjects_20260817_010000/sleep_edf_formal_downstream_rows.csv,Human subject-level effect after averaging checkpoint and contamination nuisance repetitions
subject,A,Synthetic-EOG evaluation,Sleep-EDF + synthetic EOG,denoised_denoised,noisy/noisy,SC453,EEGDN_CNN,EEGDN CNN,5,-0.07430916853598964,,,,15.0,,3,,5.0,5.0,runs/sleep_edf_formal_all_subjects_20260817_010000/sleep_edf_formal_downstream_rows.csv,Human subject-level effect after averaging checkpoint and contamination nuisance repetitions
subject,A,Synthetic-EOG evaluation,Sleep-EDF + synthetic EOG,denoised_denoised,noisy/noisy,SC454,EEGDN_CNN,EEGDN CNN,5,-0.04602535227268692,,,,15.0,,3,,5.0,5.0,runs/sleep_edf_formal_all_subjects_20260817_010000/sleep_edf_formal_downstream_rows.csv,Human subject-level effect after averaging checkpoint and contamination nuisance repetitions
subject,A,Synthetic-EOG evaluation,Sleep-EDF + synthetic EOG,denoised_denoised,noisy/noisy,SC455,EEGDN_CNN,EEGDN CNN,5,-0.020977592019237292,,,,15.0,,3,,5.0,5.0,runs/sleep_edf_formal_all_subjects_20260817_010000/sleep_edf_formal_downstream_rows.csv,Human subject-level effect after averaging checkpoint and contamination nuisance repetitions
subject,A,Synthetic-EOG evaluation,Sleep-EDF + synthetic EOG,denoised_denoised,noisy/noisy,SC456,EEGDN_CNN,EEGDN CNN,5,-0.06058026058410999,,,,15.0,,3,,5.0,5.0,runs/sleep_edf_formal_all_subjects_20260817_010000/sleep_edf_formal_downstream_rows.csv,Human subject-level effect after averaging checkpoint and contamination nuisance repetitions
subject,A,Synthetic-EOG evaluation,Sleep-EDF + synthetic EOG,denoised_denoised,noisy/noisy,SC457,EEGDN_CNN,EEGDN CNN,5,0.0060411235062159405,,,,15.0,,3,,5.0,5.0,runs/sleep_edf_formal_all_subjects_20260817_010000/sleep_edf_formal_downstream_rows.csv,Human subject-level effect after averaging checkpoint and contamination nuisance repetitions
subject,A,Synthetic-EOG evaluation,Sleep-EDF + synthetic EOG,denoised_denoised,noisy/noisy,SC458,EEGDN_CNN,EEGDN CNN,5,-0.006892006569456847,,,,15.0,,3,,5.0,5.0,runs/sleep_edf_formal_all_subjects_20260817_010000/sleep_edf_formal_downstream_rows.csv,Human subject-level effect after averaging checkpoint and contamination nuisance repetitions
subject,A,Synthetic-EOG evaluation,Sleep-EDF + synthetic EOG,denoised_denoised,noisy/noisy,SC459,EEGDN_CNN,EEGDN CNN,5,-0.22871445288903952,,,,15.0,,3,,5.0,5.0,runs/sleep_edf_formal_all_subjects_20260817_010000/sleep_edf_formal_downstream_rows.csv,Human subject-level effect after averaging checkpoint and contamination nuisance repetitions
subject,A,Synthetic-EOG evaluation,Sleep-EDF + synthetic EOG,denoised_denoised,noisy/noisy,SC460,EEGDN_CNN,EEGDN CNN,5,-0.06994278120733048,,,,15.0,,3,,5.0,5.0,runs/sleep_edf_formal_all_subjects_20260817_010000/sleep_edf_formal_downstream_rows.csv,Human subject-level effect after averaging checkpoint and contamination nuisance repetitions
subject,A,Synthetic-EOG evaluation,Sleep-EDF + synthetic EOG,denoised_denoised,noisy/noisy,SC461,EEGDN_CNN,EEGDN CNN,5,-0.27357578206151867,,,,15.0,,3,,5.0,5.0,runs/sleep_edf_formal_all_subjects_20260817_010000/sleep_edf_formal_downstream_rows.csv,Human subject-level effect after averaging checkpoint and contamination nuisance repetitions
subject,A,Synthetic-EOG evaluation,Sleep-EDF + synthetic EOG,denoised_denoised,noisy/noisy,SC462,EEGDN_CNN,EEGDN CNN,5,-0.015594170261511726,,,,15.0,,3,,5.0,5.0,runs/sleep_edf_formal_all_subjects_20260817_010000/sleep_edf_formal_downstream_rows.csv,Human subject-level effect after averaging checkpoint and contamination nuisance repetitions
subject,A,Synthetic-EOG evaluation,Sleep-EDF + synthetic EOG,denoised_denoised,noisy/noisy,SC463,EEGDN_CNN,EEGDN CNN,5,-0.06653466701019602,,,,15.0,,3,,5.0,5.0,runs/sleep_edf_formal_all_subjects_20260817_010000/sleep_edf_formal_downstream_rows.csv,Human subject-level effect after averaging checkpoint and contamination nuisance repetitions
subject,A,Synthetic-EOG evaluation,Sleep-EDF + synthetic EOG,denoised_denoised,noisy/noisy,SC464,EEGDN_CNN,EEGDN CNN,5,-0.004803526231283762,,,,15.0,,3,,5.0,5.0,runs/sleep_edf_formal_all_subjects_20260817_010000/sleep_edf_formal_downstream_rows.csv,Human subject-level effect after averaging checkpoint and contamination nuisance repetitions
subject,A,Synthetic-EOG evaluation,Sleep-EDF + synthetic EOG,denoised_denoised,noisy/noisy,SC465,EEGDN_CNN,EEGDN CNN,5,-0.03137097382943505,,,,15.0,,3,,5.0,5.0,runs/sleep_edf_formal_all_subjects_20260817_010000/sleep_edf_formal_downstream_rows.csv,Human subject-level effect after averaging checkpoint and contamination nuisance repetitions
subject,A,Synthetic-EOG evaluation,Sleep-EDF + synthetic EOG,denoised_denoised,noisy/noisy,SC466,EEGDN_CNN,EEGDN CNN,5,-0.029976475973623896,,,,15.0,,3,,5.0,5.0,runs/sleep_edf_formal_all_subjects_20260817_010000/sleep_edf_formal_downstream_rows.csv,Human subject-level effect after averaging checkpoint and contamination nuisance repetitions
subject,A,Synthetic-EOG evaluation,Sleep-EDF + synthetic EOG,denoised_denoised,noisy/noisy,SC467,EEGDN_CNN,EEGDN CNN,5,-0.03212410263235235,,,,15.0,,3,,5.0,5.0,runs/sleep_edf_formal_all_subjects_20260817_010000/sleep_edf_formal_downstream_rows.csv,Human subject-level effect after averaging checkpoint and contamination nuisance repetitions
subject,A,Synthetic-EOG evaluation,Sleep-EDF + synthetic EOG,denoised_denoised,noisy/noisy,SC470,EEGDN_CNN,EEGDN CNN,5,-0.018292227057568035,,,,15.0,,3,,5.0,5.0,runs/sleep_edf_formal_all_subjects_20260817_010000/sleep_edf_formal_downstream_rows.csv,Human subject-level effect after averaging checkpoint and contamination nuisance repetitions
subject,A,Synthetic-EOG evaluation,Sleep-EDF + synthetic EOG,denoised_denoised,noisy/noisy,SC471,EEGDN_CNN,EEGDN CNN,5,-0.09281843174967842,,,,15.0,,3,,5.0,5.0,runs/sleep_edf_formal_all_subjects_20260817_010000/sleep_edf_formal_downstream_rows.csv,Human subject-level effect after averaging checkpoint and contamination nuisance repetitions
subject,A,Synthetic-EOG evaluation,Sleep-EDF + synthetic EOG,denoised_denoised,noisy/noisy,SC472,EEGDN_CNN,EEGDN CNN,5,-0.018537324680458753,,,,15.0,,3,,5.0,5.0,runs/sleep_edf_formal_all_subjects_20260817_010000/sleep_edf_formal_downstream_rows.csv,Human subject-level effect after averaging checkpoint and contamination nuisance repetitions
subject,A,Synthetic-EOG evaluation,Sleep-EDF + synthetic EOG,denoised_denoised,noisy/noisy,SC473,EEGDN_CNN,EEGDN CNN,5,-0.013491955060846333,,,,15.0,,3,,5.0,5.0,runs/sleep_edf_formal_all_subjects_20260817_010000/sleep_edf_formal_downstream_rows.csv,Human subject-level effect after averaging checkpoint and contamination nuisance repetitions
subject,A,Synthetic-EOG evaluation,Sleep-EDF + synthetic EOG,denoised_denoised,noisy/noisy,SC474,EEGDN_CNN,EEGDN CNN,5,-0.03687512556750312,,,,15.0,,3,,5.0,5.0,runs/sleep_edf_formal_all_subjects_20260817_010000/sleep_edf_formal_downstream_rows.csv,Human subject-level effect after averaging checkpoint and contamination nuisance repetitions
subject,A,Synthetic-EOG evaluation,Sleep-EDF + synthetic EOG,denoised_denoised,noisy/noisy,SC475,EEGDN_CNN,EEGDN CNN,5,0.023888976191994735,,,,15.0,,3,,5.0,5.0,runs/sleep_edf_formal_all_subjects_20260817_010000/sleep_edf_formal_downstream_rows.csv,Human subject-level effect after averaging checkpoint and contamination nuisance repetitions
subject,A,Synthetic-EOG evaluation,Sleep-EDF + synthetic EOG,denoised_denoised,noisy/noisy,SC476,EEGDN_CNN,EEGDN CNN,5,-0.0029407588233745672,,,,15.0,,3,,5.0,5.0,runs/sleep_edf_formal_all_subjects_20260817_010000/sleep_edf_formal_downstream_rows.csv,Human subject-level effect after averaging checkpoint and contamination nuisance repetitions
subject,A,Synthetic-EOG evaluation,Sleep-EDF + synthetic EOG,denoised_denoised,noisy/noisy,SC477,EEGDN_CNN,EEGDN CNN,5,-0.10674766716418252,,,,15.0,,3,,5.0,5.0,runs/sleep_edf_formal_all_subjects_20260817_010000/sleep_edf_formal_downstream_rows.csv,Human subject-level effect after averaging checkpoint and contamination nuisance repetitions
subject,A,Synthetic-EOG evaluation,Sleep-EDF + synthetic EOG,denoised_denoised,noisy/noisy,SC480,EEGDN_CNN,EEGDN CNN,5,-0.15425758420611438,,,,15.0,,3,,5.0,5.0,runs/sleep_edf_formal_all_subjects_20260817_010000/sleep_edf_formal_downstream_rows.csv,Human subject-level effect after averaging checkpoint and contamination nuisance repetitions
subject,A,Synthetic-EOG evaluation,Sleep-EDF + synthetic EOG,denoised_denoised,noisy/noisy,SC481,EEGDN_CNN,EEGDN CNN,5,-0.09801049824487834,,,,15.0,,3,,5.0,5.0,runs/sleep_edf_formal_all_subjects_20260817_010000/sleep_edf_formal_downstream_rows.csv,Human subject-level effect after averaging checkpoint and contamination nuisance repetitions
subject,A,Synthetic-EOG evaluation,Sleep-EDF + synthetic EOG,denoised_denoised,noisy/noisy,SC482,EEGDN_CNN,EEGDN CNN,5,-0.032545100633280345,,,,15.0,,3,,5.0,5.0,runs/sleep_edf_formal_all_subjects_20260817_010000/sleep_edf_formal_downstream_rows.csv,Human subject-level effect after averaging checkpoint and contamination nuisance repetitions
mean_ci,A,Synthetic-EOG evaluation,Sleep-EDF + synthetic EOG,denoised_denoised,noisy/noisy,,EEGDN_RNN,EEGDN RNN,6,,-0.0354617539501574,-0.0462761300993413,-0.0243212737734905,,75.0,3,5.0,,,runs/sleep_edf_formal_all_subjects_20260817_010000/sleep_edf_formal_downstream_summary.csv,Mean and 95% subject-bootstrap CI across 75 subjects
subject,A,Synthetic-EOG evaluation,Sleep-EDF + synthetic EOG,denoised_denoised,noisy/noisy,SC400,EEGDN_RNN,EEGDN RNN,6,-0.0773685561159508,,,,15.0,,3,,5.0,5.0,runs/sleep_edf_formal_all_subjects_20260817_010000/sleep_edf_formal_downstream_rows.csv,Human subject-level effect after averaging checkpoint and contamination nuisance repetitions
subject,A,Synthetic-EOG evaluation,Sleep-EDF + synthetic EOG,denoised_denoised,noisy/noisy,SC401,EEGDN_RNN,EEGDN RNN,6,-0.050960334877179346,,,,15.0,,3,,5.0,5.0,runs/sleep_edf_formal_all_subjects_20260817_010000/sleep_edf_formal_downstream_rows.csv,Human subject-level effect after averaging checkpoint and contamination nuisance repetitions
subject,A,Synthetic-EOG evaluation,Sleep-EDF + synthetic EOG,denoised_denoised,noisy/noisy,SC402,EEGDN_RNN,EEGDN RNN,6,-0.013369094382129833,,,,15.0,,3,,5.0,5.0,runs/sleep_edf_formal_all_subjects_20260817_010000/sleep_edf_formal_downstream_rows.csv,Human subject-level effect after averaging checkpoint and contamination nuisance repetitions
subject,A,Synthetic-EOG evaluation,Sleep-EDF + synthetic EOG,denoised_denoised,noisy/noisy,SC403,EEGDN_RNN,EEGDN RNN,6,-0.031813901596913004,,,,15.0,,3,,5.0,5.0,runs/sleep_edf_formal_all_subjects_20260817_010000/sleep_edf_formal_downstream_rows.csv,Human subject-level effect after averaging checkpoint and contamination nuisance repetitions
subject,A,Synthetic-EOG evaluation,Sleep-EDF + synthetic EOG,denoised_denoised,noisy/noisy,SC404,EEGDN_RNN,EEGDN RNN,6,-0.060401710427230526,,,,15.0,,3,,5.0,5.0,runs/sleep_edf_formal_all_subjects_20260817_010000/sleep_edf_formal_downstream_rows.csv,Human subject-level effect after averaging checkpoint and contamination nuisance repetitions
subject,A,Synthetic-EOG evaluation,Sleep-EDF + synthetic EOG,denoised_denoised,noisy/noisy,SC405,EEGDN_RNN,EEGDN RNN,6,-0.06412347851101675,,,,15.0,,3,,5.0,5.0,runs/sleep_edf_formal_all_subjects_20260817_010000/sleep_edf_formal_downstream_rows.csv,Human subject-level effect after averaging checkpoint and contamination nuisance repetitions
subject,A,Synthetic-EOG evaluation,Sleep-EDF + synthetic EOG,denoised_denoised,noisy/noisy,SC406,EEGDN_RNN,EEGDN RNN,6,-0.0935560900544991,,,,15.0,,3,,5.0,5.0,runs/sleep_edf_formal_all_subjects_20260817_010000/sleep_edf_formal_downstream_rows.csv,Human subject-level effect after averaging checkpoint and contamination nuisance repetitions
subject,A,Synthetic-EOG evaluation,Sleep-EDF + synthetic EOG,denoised_denoised,noisy/noisy,SC407,EEGDN_RNN,EEGDN RNN,6,-0.09346244804227993,,,,15.0,,3,,5.0,5.0,runs/sleep_edf_formal_all_subjects_20260817_010000/sleep_edf_formal_downstream_rows.csv,Human subject-level effect after averaging checkpoint and contamination nuisance repetitions
subject,A,Synthetic-EOG evaluation,Sleep-EDF + synthetic EOG,denoised_denoised,noisy/noisy,SC408,EEGDN_RNN,EEGDN RNN,6,-0.009700456061424468,,,,15.0,,3,,5.0,5.0,runs/sleep_edf_formal_all_subjects_20260817_010000/sleep_edf_formal_downstream_rows.csv,Human subject-level effect after averaging checkpoint and contamination nuisance repetitions
subject,A,Synthetic-EOG evaluation,Sleep-EDF + synthetic EOG,denoised_denoised,noisy/noisy,SC409,EEGDN_RNN,EEGDN RNN,6,-0.05542947218343822,,,,15.0,,3,,5.0,5.0,runs/sleep_edf_formal_all_subjects_20260817_010000/sleep_edf_formal_downstream_rows.csv,Human subject-level effect after averaging checkpoint and contamination nuisance repetitions
subject,A,Synthetic-EOG evaluation,Sleep-EDF + synthetic EOG,denoised_denoised,noisy/noisy,SC410,EEGDN_RNN,EEGDN RNN,6,-0.05110278907671068,,,,15.0,,3,,5.0,5.0,runs/sleep_edf_formal_all_subjects_20260817_010000/sleep_edf_formal_downstream_rows.csv,Human subject-level effect after averaging checkpoint and contamination nuisance repetitions
subject,A,Synthetic-EOG evaluation,Sleep-EDF + synthetic EOG,denoised_denoised,noisy/noisy,SC411,EEGDN_RNN,EEGDN RNN,6,-0.07521364182520768,,,,15.0,,3,,5.0,5.0,runs/sleep_edf_formal_all_subjects_20260817_010000/sleep_edf_formal_downstream_rows.csv,Human subject-level effect after averaging checkpoint and contamination nuisance repetitions
subject,A,Synthetic-EOG evaluation,Sleep-EDF + synthetic EOG,denoised_denoised,noisy/noisy,SC412,EEGDN_RNN,EEGDN RNN,6,-0.021180773219994366,,,,15.0,,3,,5.0,5.0,runs/sleep_edf_formal_all_subjects_20260817_010000/sleep_edf_formal_downstream_rows.csv,Human subject-level effect after averaging checkpoint and contamination nuisance repetitions
subject,A,Synthetic-EOG evaluation,Sleep-EDF + synthetic EOG,denoised_denoised,noisy/noisy,SC414,EEGDN_RNN,EEGDN RNN,6,-0.01699131441423958,,,,15.0,,3,,5.0,5.0,runs/sleep_edf_formal_all_subjects_20260817_010000/sleep_edf_formal_downstream_rows.csv,Human subject-level effect after averaging checkpoint and contamination nuisance repetitions
subject,A,Synthetic-EOG evaluation,Sleep-EDF + synthetic EOG,denoised_denoised,noisy/noisy,SC415,EEGDN_RNN,EEGDN RNN,6,-0.03345280663447921,,,,15.0,,3,,5.0,5.0,runs/sleep_edf_formal_all_subjects_20260817_010000/sleep_edf_formal_downstream_rows.csv,Human subject-level effect after averaging checkpoint and contamination nuisance repetitions
subject,A,Synthetic-EOG evaluation,Sleep-EDF + synthetic EOG,denoised_denoised,noisy/noisy,SC416,EEGDN_RNN,EEGDN RNN,6,-0.00193279405779404,,,,15.0,,3,,5.0,5.0,runs/sleep_edf_formal_all_subjects_20260817_010000/sleep_edf_formal_downstream_rows.csv,Human subject-level effect after averaging checkpoint and contamination nuisance repetitions
subject,A,Synthetic-EOG evaluation,Sleep-EDF + synthetic EOG,denoised_denoised,noisy/noisy,SC417,EEGDN_RNN,EEGDN RNN,6,-0.02632797881049571,,,,15.0,,3,,5.0,5.0,runs/sleep_edf_formal_all_subjects_20260817_010000/sleep_edf_formal_downstream_rows.csv,Human subject-level effect after averaging checkpoint and contamination nuisance repetitions
subject,A,Synthetic-EOG evaluation,Sleep-EDF + synthetic EOG,denoised_denoised,noisy/noisy,SC418,EEGDN_RNN,EEGDN RNN,6,-0.06445993241471658,,,,15.0,,3,,5.0,5.0,runs/sleep_edf_formal_all_subjects_20260817_010000/sleep_edf_formal_downstream_rows.csv,Human subject-level effect after averaging checkpoint and contamination nuisance repetitions
subject,A,Synthetic-EOG evaluation,Sleep-EDF + synthetic EOG,denoised_denoised,noisy/noisy,SC419,EEGDN_RNN,EEGDN RNN,6,-0.025348056922282546,,,,15.0,,3,,5.0,5.0,runs/sleep_edf_formal_all_subjects_20260817_010000/sleep_edf_formal_downstream_rows.csv,Human subject-level effect after averaging checkpoint and contamination nuisance repetitions
subject,A,Synthetic-EOG evaluation,Sleep-EDF + synthetic EOG,denoised_denoised,noisy/noisy,SC420,EEGDN_RNN,EEGDN RNN,6,0.021107543392534733,,,,15.0,,3,,5.0,5.0,runs/sleep_edf_formal_all_subjects_20260817_010000/sleep_edf_formal_downstream_rows.csv,Human subject-level effect after averaging checkpoint and contamination nuisance repetitions
subject,A,Synthetic-EOG evaluation,Sleep-EDF + synthetic EOG,denoised_denoised,noisy/noisy,SC421,EEGDN_RNN,EEGDN RNN,6,-0.07010075132574439,,,,15.0,,3,,5.0,5.0,runs/sleep_edf_formal_all_subjects_20260817_010000/sleep_edf_formal_downstream_rows.csv,Human subject-level effect after averaging checkpoint and contamination nuisance repetitions
subject,A,Synthetic-EOG evaluation,Sleep-EDF + synthetic EOG,denoised_denoised,noisy/noisy,SC422,EEGDN_RNN,EEGDN RNN,6,-0.08014553141250633,,,,15.0,,3,,5.0,5.0,runs/sleep_edf_formal_all_subjects_20260817_010000/sleep_edf_formal_downstream_rows.csv,Human subject-level effect after averaging checkpoint and contamination nuisance repetitions
subject,A,Synthetic-EOG evaluation,Sleep-EDF + synthetic EOG,denoised_denoised,noisy/noisy,SC423,EEGDN_RNN,EEGDN RNN,6,-0.05548305623957193,,,,15.0,,3,,5.0,5.0,runs/sleep_edf_formal_all_subjects_20260817_010000/sleep_edf_formal_downstream_rows.csv,Human subject-level effect after averaging checkpoint and contamination nuisance repetitions
subject,A,Synthetic-EOG evaluation,Sleep-EDF + synthetic EOG,denoised_denoised,noisy/noisy,SC424,EEGDN_RNN,EEGDN RNN,6,0.10919986032856964,,,,15.0,,3,,5.0,5.0,runs/sleep_edf_formal_all_subjects_20260817_010000/sleep_edf_formal_downstream_rows.csv,Human subject-level effect after averaging checkpoint and contamination nuisance repetitions
subject,A,Synthetic-EOG evaluation,Sleep-EDF + synthetic EOG,denoised_denoised,noisy/noisy,SC425,EEGDN_RNN,EEGDN RNN,6,-0.012948478568717994,,,,15.0,,3,,5.0,5.0,runs/sleep_edf_formal_all_subjects_20260817_010000/sleep_edf_formal_downstream_rows.csv,Human subject-level effect after averaging checkpoint and contamination nuisance repetitions
subject,A,Synthetic-EOG evaluation,Sleep-EDF + synthetic EOG,denoised_denoised,noisy/noisy,SC426,EEGDN_RNN,EEGDN RNN,6,0.12173513510467864,,,,15.0,,3,,5.0,5.0,runs/sleep_edf_formal_all_subjects_20260817_010000/sleep_edf_formal_downstream_rows.csv,Human subject-level effect after averaging checkpoint and contamination nuisance repetitions
subject,A,Synthetic-EOG evaluation,Sleep-EDF + synthetic EOG,denoised_denoised,noisy/noisy,SC427,EEGDN_RNN,EEGDN RNN,6,-0.002257873850060847,,,,15.0,,3,,5.0,5.0,runs/sleep_edf_formal_all_subjects_20260817_010000/sleep_edf_formal_downstream_rows.csv,Human subject-level effect after averaging checkpoint and contamination nuisance repetitions
subject,A,Synthetic-EOG evaluation,Sleep-EDF + synthetic EOG,denoised_denoised,noisy/noisy,SC428,EEGDN_RNN,EEGDN RNN,6,-0.026685932711039848,,,,15.0,,3,,5.0,5.0,runs/sleep_edf_formal_all_subjects_20260817_010000/sleep_edf_formal_downstream_rows.csv,Human subject-level effect after averaging checkpoint and contamination nuisance repetitions
subject,A,Synthetic-EOG evaluation,Sleep-EDF + synthetic EOG,denoised_denoised,noisy/noisy,SC429,EEGDN_RNN,EEGDN RNN,6,-0.04530027156888138,,,,15.0,,3,,5.0,5.0,runs/sleep_edf_formal_all_subjects_20260817_010000/sleep_edf_formal_downstream_rows.csv,Human subject-level effect after averaging checkpoint and contamination nuisance repetitions
subject,A,Synthetic-EOG evaluation,Sleep-EDF + synthetic EOG,denoised_denoised,noisy/noisy,SC430,EEGDN_RNN,EEGDN RNN,6,-0.07934839624313302,,,,15.0,,3,,5.0,5.0,runs/sleep_edf_formal_all_subjects_20260817_010000/sleep_edf_formal_downstream_rows.csv,Human subject-level effect after averaging checkpoint and contamination nuisance repetitions
subject,A,Synthetic-EOG evaluation,Sleep-EDF + synthetic EOG,denoised_denoised,noisy/noisy,SC431,EEGDN_RNN,EEGDN RNN,6,-0.03631111041419064,,,,15.0,,3,,5.0,5.0,runs/sleep_edf_formal_all_subjects_20260817_010000/sleep_edf_formal_downstream_rows.csv,Human subject-level effect after averaging checkpoint and contamination nuisance repetitions
subject,A,Synthetic-EOG evaluation,Sleep-EDF + synthetic EOG,denoised_denoised,noisy/noisy,SC432,EEGDN_RNN,EEGDN RNN,6,0.017731987243551305,,,,15.0,,3,,5.0,5.0,runs/sleep_edf_formal_all_subjects_20260817_010000/sleep_edf_formal_downstream_rows.csv,Human subject-level effect after averaging checkpoint and contamination nuisance repetitions
subject,A,Synthetic-EOG evaluation,Sleep-EDF + synthetic EOG,denoised_denoised,noisy/noisy,SC433,EEGDN_RNN,EEGDN RNN,6,-0.06431624179651921,,,,15.0,,3,,5.0,5.0,runs/sleep_edf_formal_all_subjects_20260817_010000/sleep_edf_formal_downstream_rows.csv,Human subject-level effect after averaging checkpoint and contamination nuisance repetitions
subject,A,Synthetic-EOG evaluation,Sleep-EDF + synthetic EOG,denoised_denoised,noisy/noisy,SC434,EEGDN_RNN,EEGDN RNN,6,-0.04971748126269309,,,,15.0,,3,,5.0,5.0,runs/sleep_edf_formal_all_subjects_20260817_010000/sleep_edf_formal_downstream_rows.csv,Human subject-level effect after averaging checkpoint and contamination nuisance repetitions
subject,A,Synthetic-EOG evaluation,Sleep-EDF + synthetic EOG,denoised_denoised,noisy/noisy,SC435,EEGDN_RNN,EEGDN RNN,6,0.09787914629678095,,,,15.0,,3,,5.0,5.0,runs/sleep_edf_formal_all_subjects_20260817_010000/sleep_edf_formal_downstream_rows.csv,Human subject-level effect after averaging checkpoint and contamination nuisance repetitions
subject,A,Synthetic-EOG evaluation,Sleep-EDF + synthetic EOG,denoised_denoised,noisy/noisy,SC437,EEGDN_RNN,EEGDN RNN,6,-0.012933126137582225,,,,15.0,,3,,5.0,5.0,runs/sleep_edf_formal_all_subjects_20260817_010000/sleep_edf_formal_downstream_rows.csv,Human subject-level effect after averaging checkpoint and contamination nuisance repetitions
subject,A,Synthetic-EOG evaluation,Sleep-EDF + synthetic EOG,denoised_denoised,noisy/noisy,SC438,EEGDN_RNN,EEGDN RNN,6,0.04693998540570676,,,,15.0,,3,,5.0,5.0,runs/sleep_edf_formal_all_subjects_20260817_010000/sleep_edf_formal_downstream_rows.csv,Human subject-level effect after averaging checkpoint and contamination nuisance repetitions
subject,A,Synthetic-EOG evaluation,Sleep-EDF + synthetic EOG,denoised_denoised,noisy/noisy,SC440,EEGDN_RNN,EEGDN RNN,6,-0.07747158732531363,,,,15.0,,3,,5.0,5.0,runs/sleep_edf_formal_all_subjects_20260817_010000/sleep_edf_formal_downstream_rows.csv,Human subject-level effect after averaging checkpoint and contamination nuisance repetitions
subject,A,Synthetic-EOG evaluation,Sleep-EDF + synthetic EOG,denoised_denoised,noisy/noisy,SC441,EEGDN_RNN,EEGDN RNN,6,-0.04999031467099356,,,,15.0,,3,,5.0,5.0,runs/sleep_edf_formal_all_subjects_20260817_010000/sleep_edf_formal_downstream_rows.csv,Human subject-level effect after averaging checkpoint and contamination nuisance repetitions
subject,A,Synthetic-EOG evaluation,Sleep-EDF + synthetic EOG,denoised_denoised,noisy/noisy,SC442,EEGDN_RNN,EEGDN RNN,6,-0.05853261638751159,,,,15.0,,3,,5.0,5.0,runs/sleep_edf_formal_all_subjects_20260817_010000/sleep_edf_formal_downstream_rows.csv,Human subject-level effect after averaging checkpoint and contamination nuisance repetitions
subject,A,Synthetic-EOG evaluation,Sleep-EDF + synthetic EOG,denoised_denoised,noisy/noisy,SC443,EEGDN_RNN,EEGDN RNN,6,-0.05426584520450372,,,,15.0,,3,,5.0,5.0,runs/sleep_edf_formal_all_subjects_20260817_010000/sleep_edf_formal_downstream_rows.csv,Human subject-level effect after averaging checkpoint and contamination nuisance repetitions
subject,A,Synthetic-EOG evaluation,Sleep-EDF + synthetic EOG,denoised_denoised,noisy/noisy,SC444,EEGDN_RNN,EEGDN RNN,6,-0.057687167308738435,,,,15.0,,3,,5.0,5.0,runs/sleep_edf_formal_all_subjects_20260817_010000/sleep_edf_formal_downstream_rows.csv,Human subject-level effect after averaging checkpoint and contamination nuisance repetitions
subject,A,Synthetic-EOG evaluation,Sleep-EDF + synthetic EOG,denoised_denoised,noisy/noisy,SC445,EEGDN_RNN,EEGDN RNN,6,-0.05293865230515836,,,,15.0,,3,,5.0,5.0,runs/sleep_edf_formal_all_subjects_20260817_010000/sleep_edf_formal_downstream_rows.csv,Human subject-level effect after averaging checkpoint and contamination nuisance repetitions
subject,A,Synthetic-EOG evaluation,Sleep-EDF + synthetic EOG,denoised_denoised,noisy/noisy,SC446,EEGDN_RNN,EEGDN RNN,6,-0.055508619098587696,,,,15.0,,3,,5.0,5.0,runs/sleep_edf_formal_all_subjects_20260817_010000/sleep_edf_formal_downstream_rows.csv,Human subject-level effect after averaging checkpoint and contamination nuisance repetitions
subject,A,Synthetic-EOG evaluation,Sleep-EDF + synthetic EOG,denoised_denoised,noisy/noisy,SC447,EEGDN_RNN,EEGDN RNN,6,-0.060468831056823734,,,,15.0,,3,,5.0,5.0,runs/sleep_edf_formal_all_subjects_20260817_010000/sleep_edf_formal_downstream_rows.csv,Human subject-level effect after averaging checkpoint and contamination nuisance repetitions
subject,A,Synthetic-EOG evaluation,Sleep-EDF + synthetic EOG,denoised_denoised,noisy/noisy,SC448,EEGDN_RNN,EEGDN RNN,6,-0.10748408983707261,,,,15.0,,3,,5.0,5.0,runs/sleep_edf_formal_all_subjects_20260817_010000/sleep_edf_formal_downstream_rows.csv,Human subject-level effect after averaging checkpoint and contamination nuisance repetitions
subject,A,Synthetic-EOG evaluation,Sleep-EDF + synthetic EOG,denoised_denoised,noisy/noisy,SC449,EEGDN_RNN,EEGDN RNN,6,-0.06006067708380815,,,,15.0,,3,,5.0,5.0,runs/sleep_edf_formal_all_subjects_20260817_010000/sleep_edf_formal_downstream_rows.csv,Human subject-level effect after averaging checkpoint and contamination nuisance repetitions
subject,A,Synthetic-EOG evaluation,Sleep-EDF + synthetic EOG,denoised_denoised,noisy/noisy,SC450,EEGDN_RNN,EEGDN RNN,6,-0.044113296859288366,,,,15.0,,3,,5.0,5.0,runs/sleep_edf_formal_all_subjects_20260817_010000/sleep_edf_formal_downstream_rows.csv,Human subject-level effect after averaging checkpoint and contamination nuisance repetitions
subject,A,Synthetic-EOG evaluation,Sleep-EDF + synthetic EOG,denoised_denoised,noisy/noisy,SC451,EEGDN_RNN,EEGDN RNN,6,0.014073245555208152,,,,15.0,,3,,5.0,5.0,runs/sleep_edf_formal_all_subjects_20260817_010000/sleep_edf_formal_downstream_rows.csv,Human subject-level effect after averaging checkpoint and contamination nuisance repetitions
subject,A,Synthetic-EOG evaluation,Sleep-EDF + synthetic EOG,denoised_denoised,noisy/noisy,SC453,EEGDN_RNN,EEGDN RNN,6,-0.0891628159048652,,,,15.0,,3,,5.0,5.0,runs/sleep_edf_formal_all_subjects_20260817_010000/sleep_edf_formal_downstream_rows.csv,Human subject-level effect after averaging checkpoint and contamination nuisance repetitions
subject,A,Synthetic-EOG evaluation,Sleep-EDF + synthetic EOG,denoised_denoised,noisy/noisy,SC454,EEGDN_RNN,EEGDN RNN,6,-0.0919246277867914,,,,15.0,,3,,5.0,5.0,runs/sleep_edf_formal_all_subjects_20260817_010000/sleep_edf_formal_downstream_rows.csv,Human subject-level effect after averaging checkpoint and contamination nuisance repetitions
subject,A,Synthetic-EOG evaluation,Sleep-EDF + synthetic EOG,denoised_denoised,noisy/noisy,SC455,EEGDN_RNN,EEGDN RNN,6,0.012433927316234073,,,,15.0,,3,,5.0,5.0,runs/sleep_edf_formal_all_subjects_20260817_010000/sleep_edf_formal_downstream_rows.csv,Human subject-level effect after averaging checkpoint and contamination nuisance repetitions
subject,A,Synthetic-EOG evaluation,Sleep-EDF + synthetic EOG,denoised_denoised,noisy/noisy,SC456,EEGDN_RNN,EEGDN RNN,6,-0.06368632065389905,,,,15.0,,3,,5.0,5.0,runs/sleep_edf_formal_all_subjects_20260817_010000/sleep_edf_formal_downstream_rows.csv,Human subject-level effect after averaging checkpoint and contamination nuisance repetitions
subject,A,Synthetic-EOG evaluation,Sleep-EDF + synthetic EOG,denoised_denoised,noisy/noisy,SC457,EEGDN_RNN,EEGDN RNN,6,0.011420861040788112,,,,15.0,,3,,5.0,5.0,runs/sleep_edf_formal_all_subjects_20260817_010000/sleep_edf_formal_downstream_rows.csv,Human subject-level effect after averaging checkpoint and contamination nuisance repetitions
subject,A,Synthetic-EOG evaluation,Sleep-EDF + synthetic EOG,denoised_denoised,noisy/noisy,SC458,EEGDN_RNN,EEGDN RNN,6,0.0738534260008348,,,,15.0,,3,,5.0,5.0,runs/sleep_edf_formal_all_subjects_20260817_010000/sleep_edf_formal_downstream_rows.csv,Human subject-level effect after averaging checkpoint and contamination nuisance repetitions
subject,A,Synthetic-EOG evaluation,Sleep-EDF + synthetic EOG,denoised_denoised,noisy/noisy,SC459,EEGDN_RNN,EEGDN RNN,6,-0.05913813003042569,,,,15.0,,3,,5.0,5.0,runs/sleep_edf_formal_all_subjects_20260817_010000/sleep_edf_formal_downstream_rows.csv,Human subject-level effect after averaging checkpoint and contamination nuisance repetitions
subject,A,Synthetic-EOG evaluation,Sleep-EDF + synthetic EOG,denoised_denoised,noisy/noisy,SC460,EEGDN_RNN,EEGDN RNN,6,-0.04417906038582114,,,,15.0,,3,,5.0,5.0,runs/sleep_edf_formal_all_subjects_20260817_010000/sleep_edf_formal_downstream_rows.csv,Human subject-level effect after averaging checkpoint and contamination nuisance repetitions
subject,A,Synthetic-EOG evaluation,Sleep-EDF + synthetic EOG,denoised_denoised,noisy/noisy,SC461,EEGDN_RNN,EEGDN RNN,6,-0.05560694603568667,,,,15.0,,3,,5.0,5.0,runs/sleep_edf_formal_all_subjects_20260817_010000/sleep_edf_formal_downstream_rows.csv,Human subject-level effect after averaging checkpoint and contamination nuisance repetitions
subject,A,Synthetic-EOG evaluation,Sleep-EDF + synthetic EOG,denoised_denoised,noisy/noisy,SC462,EEGDN_RNN,EEGDN RNN,6,-0.07826343400500257,,,,15.0,,3,,5.0,5.0,runs/sleep_edf_formal_all_subjects_20260817_010000/sleep_edf_formal_downstream_rows.csv,Human subject-level effect after averaging checkpoint and contamination nuisance repetitions
subject,A,Synthetic-EOG evaluation,Sleep-EDF + synthetic EOG,denoised_denoised,noisy/noisy,SC463,EEGDN_RNN,EEGDN RNN,6,-0.10014343396788429,,,,15.0,,3,,5.0,5.0,runs/sleep_edf_formal_all_subjects_20260817_010000/sleep_edf_formal_downstream_rows.csv,Human subject-level effect after averaging checkpoint and contamination nuisance repetitions
subject,A,Synthetic-EOG evaluation,Sleep-EDF + synthetic EOG,denoised_denoised,noisy/noisy,SC464,EEGDN_RNN,EEGDN RNN,6,-0.033382988356976014,,,,15.0,,3,,5.0,5.0,runs/sleep_edf_formal_all_subjects_20260817_010000/sleep_edf_formal_downstream_rows.csv,Human subject-level effect after averaging checkpoint and contamination nuisance repetitions
subject,A,Synthetic-EOG evaluation,Sleep-EDF + synthetic EOG,denoised_denoised,noisy/noisy,SC465,EEGDN_RNN,EEGDN RNN,6,-0.029800233316444373,,,,15.0,,3,,5.0,5.0,runs/sleep_edf_formal_all_subjects_20260817_010000/sleep_edf_formal_downstream_rows.csv,Human subject-level effect after averaging checkpoint and contamination nuisance repetitions
subject,A,Synthetic-EOG evaluation,Sleep-EDF + synthetic EOG,denoised_denoised,noisy/noisy,SC466,EEGDN_RNN,EEGDN RNN,6,-0.025420346645298086,,,,15.0,,3,,5.0,5.0,runs/sleep_edf_formal_all_subjects_20260817_010000/sleep_edf_formal_downstream_rows.csv,Human subject-level effect after averaging checkpoint and contamination nuisance repetitions
subject,A,Synthetic-EOG evaluation,Sleep-EDF + synthetic EOG,denoised_denoised,noisy/noisy,SC467,EEGDN_RNN,EEGDN RNN,6,-0.06754818910874137,,,,15.0,,3,,5.0,5.0,runs/sleep_edf_formal_all_subjects_20260817_010000/sleep_edf_formal_downstream_rows.csv,Human subject-level effect after averaging checkpoint and contamination nuisance repetitions
subject,A,Synthetic-EOG evaluation,Sleep-EDF + synthetic EOG,denoised_denoised,noisy/noisy,SC470,EEGDN_RNN,EEGDN RNN,6,-0.0014015725837525663,,,,15.0,,3,,5.0,5.0,runs/sleep_edf_formal_all_subjects_20260817_010000/sleep_edf_formal_downstream_rows.csv,Human subject-level effect after averaging checkpoint and contamination nuisance repetitions
subject,A,Synthetic-EOG evaluation,Sleep-EDF + synthetic EOG,denoised_denoised,noisy/noisy,SC471,EEGDN_RNN,EEGDN RNN,6,-0.0143643950556745,,,,15.0,,3,,5.0,5.0,runs/sleep_edf_formal_all_subjects_20260817_010000/sleep_edf_formal_downstream_rows.csv,Human subject-level effect after averaging checkpoint and contamination nuisance repetitions
subject,A,Synthetic-EOG evaluation,Sleep-EDF + synthetic EOG,denoised_denoised,noisy/noisy,SC472,EEGDN_RNN,EEGDN RNN,6,0.018085355191582702,,,,15.0,,3,,5.0,5.0,runs/sleep_edf_formal_all_subjects_20260817_010000/sleep_edf_formal_downstream_rows.csv,Human subject-level effect after averaging checkpoint and contamination nuisance repetitions
subject,A,Synthetic-EOG evaluation,Sleep-EDF + synthetic EOG,denoised_denoised,noisy/noisy,SC473,EEGDN_RNN,EEGDN RNN,6,0.00761554331925696,,,,15.0,,3,,5.0,5.0,runs/sleep_edf_formal_all_subjects_20260817_010000/sleep_edf_formal_downstream_rows.csv,Human subject-level effect after averaging checkpoint and contamination nuisance repetitions
subject,A,Synthetic-EOG evaluation,Sleep-EDF + synthetic EOG,denoised_denoised,noisy/noisy,SC474,EEGDN_RNN,EEGDN RNN,6,0.0244528711292579,,,,15.0,,3,,5.0,5.0,runs/sleep_edf_formal_all_subjects_20260817_010000/sleep_edf_formal_downstream_rows.csv,Human subject-level effect after averaging checkpoint and contamination nuisance repetitions
subject,A,Synthetic-EOG evaluation,Sleep-EDF + synthetic EOG,denoised_denoised,noisy/noisy,SC475,EEGDN_RNN,EEGDN RNN,6,-0.010701027200506733,,,,15.0,,3,,5.0,5.0,runs/sleep_edf_formal_all_subjects_20260817_010000/sleep_edf_formal_downstream_rows.csv,Human subject-level effect after averaging checkpoint and contamination nuisance repetitions
subject,A,Synthetic-EOG evaluation,Sleep-EDF + synthetic EOG,denoised_denoised,noisy/noisy,SC476,EEGDN_RNN,EEGDN RNN,6,-0.03245461282750366,,,,15.0,,3,,5.0,5.0,runs/sleep_edf_formal_all_subjects_20260817_010000/sleep_edf_formal_downstream_rows.csv,Human subject-level effect after averaging checkpoint and contamination nuisance repetitions
subject,A,Synthetic-EOG evaluation,Sleep-EDF + synthetic EOG,denoised_denoised,noisy/noisy,SC477,EEGDN_RNN,EEGDN RNN,6,-0.04360895011802447,,,,15.0,,3,,5.0,5.0,runs/sleep_edf_formal_all_subjects_20260817_010000/sleep_edf_formal_downstream_rows.csv,Human subject-level effect after averaging checkpoint and contamination nuisance repetitions
subject,A,Synthetic-EOG evaluation,Sleep-EDF + synthetic EOG,denoised_denoised,noisy/noisy,SC480,EEGDN_RNN,EEGDN RNN,6,-0.1652382072448731,,,,15.0,,3,,5.0,5.0,runs/sleep_edf_formal_all_subjects_20260817_010000/sleep_edf_formal_downstream_rows.csv,Human subject-level effect after averaging checkpoint and contamination nuisance repetitions
subject,A,Synthetic-EOG evaluation,Sleep-EDF + synthetic EOG,denoised_denoised,noisy/noisy,SC481,EEGDN_RNN,EEGDN RNN,6,-0.10101492133140824,,,,15.0,,3,,5.0,5.0,runs/sleep_edf_formal_all_subjects_20260817_010000/sleep_edf_formal_downstream_rows.csv,Human subject-level effect after averaging checkpoint and contamination nuisance repetitions
subject,A,Synthetic-EOG evaluation,Sleep-EDF + synthetic EOG,denoised_denoised,noisy/noisy,SC482,EEGDN_RNN,EEGDN RNN,6,-0.04885464273079007,,,,15.0,,3,,5.0,5.0,runs/sleep_edf_formal_all_subjects_20260817_010000/sleep_edf_formal_downstream_rows.csv,Human subject-level effect after averaging checkpoint and contamination nuisance repetitions
mean_ci,A,Synthetic-EOG evaluation,Sleep-EDF + synthetic EOG,denoised_denoised,noisy/noisy,,MicroWaveNet,MicroWaveNet,7,,-0.0719349783273444,-0.0842986876211003,-0.0593812521568694,,75.0,3,5.0,,,runs/sleep_edf_formal_all_subjects_20260817_010000/sleep_edf_formal_downstream_summary.csv,Mean and 95% subject-bootstrap CI across 75 subjects
subject,A,Synthetic-EOG evaluation,Sleep-EDF + synthetic EOG,denoised_denoised,noisy/noisy,SC400,MicroWaveNet,MicroWaveNet,7,-0.11904655201424837,,,,15.0,,3,,5.0,5.0,runs/sleep_edf_formal_all_subjects_20260817_010000/sleep_edf_formal_downstream_rows.csv,Human subject-level effect after averaging checkpoint and contamination nuisance repetitions
subject,A,Synthetic-EOG evaluation,Sleep-EDF + synthetic EOG,denoised_denoised,noisy/noisy,SC401,MicroWaveNet,MicroWaveNet,7,-0.036811372594981524,,,,15.0,,3,,5.0,5.0,runs/sleep_edf_formal_all_subjects_20260817_010000/sleep_edf_formal_downstream_rows.csv,Human subject-level effect after averaging checkpoint and contamination nuisance repetitions
subject,A,Synthetic-EOG evaluation,Sleep-EDF + synthetic EOG,denoised_denoised,noisy/noisy,SC402,MicroWaveNet,MicroWaveNet,7,-0.01971389755635912,,,,15.0,,3,,5.0,5.0,runs/sleep_edf_formal_all_subjects_20260817_010000/sleep_edf_formal_downstream_rows.csv,Human subject-level effect after averaging checkpoint and contamination nuisance repetitions
subject,A,Synthetic-EOG evaluation,Sleep-EDF + synthetic EOG,denoised_denoised,noisy/noisy,SC403,MicroWaveNet,MicroWaveNet,7,-0.07319878655052217,,,,15.0,,3,,5.0,5.0,runs/sleep_edf_formal_all_subjects_20260817_010000/sleep_edf_formal_downstream_rows.csv,Human subject-level effect after averaging checkpoint and contamination nuisance repetitions
subject,A,Synthetic-EOG evaluation,Sleep-EDF + synthetic EOG,denoised_denoised,noisy/noisy,SC404,MicroWaveNet,MicroWaveNet,7,-0.063913752615166,,,,15.0,,3,,5.0,5.0,runs/sleep_edf_formal_all_subjects_20260817_010000/sleep_edf_formal_downstream_rows.csv,Human subject-level effect after averaging checkpoint and contamination nuisance repetitions
subject,A,Synthetic-EOG evaluation,Sleep-EDF + synthetic EOG,denoised_denoised,noisy/noisy,SC405,MicroWaveNet,MicroWaveNet,7,-0.10357360414216671,,,,15.0,,3,,5.0,5.0,runs/sleep_edf_formal_all_subjects_20260817_010000/sleep_edf_formal_downstream_rows.csv,Human subject-level effect after averaging checkpoint and contamination nuisance repetitions
subject,A,Synthetic-EOG evaluation,Sleep-EDF + synthetic EOG,denoised_denoised,noisy/noisy,SC406,MicroWaveNet,MicroWaveNet,7,-0.2039898687851372,,,,15.0,,3,,5.0,5.0,runs/sleep_edf_formal_all_subjects_20260817_010000/sleep_edf_formal_downstream_rows.csv,Human subject-level effect after averaging checkpoint and contamination nuisance repetitions
subject,A,Synthetic-EOG evaluation,Sleep-EDF + synthetic EOG,denoised_denoised,noisy/noisy,SC407,MicroWaveNet,MicroWaveNet,7,-0.15748210996110154,,,,15.0,,3,,5.0,5.0,runs/sleep_edf_formal_all_subjects_20260817_010000/sleep_edf_formal_downstream_rows.csv,Human subject-level effect after averaging checkpoint and contamination nuisance repetitions
subject,A,Synthetic-EOG evaluation,Sleep-EDF + synthetic EOG,denoised_denoised,noisy/noisy,SC408,MicroWaveNet,MicroWaveNet,7,-0.06328040118355595,,,,15.0,,3,,5.0,5.0,runs/sleep_edf_formal_all_subjects_20260817_010000/sleep_edf_formal_downstream_rows.csv,Human subject-level effect after averaging checkpoint and contamination nuisance repetitions
subject,A,Synthetic-EOG evaluation,Sleep-EDF + synthetic EOG,denoised_denoised,noisy/noisy,SC409,MicroWaveNet,MicroWaveNet,7,-0.10197827009731175,,,,15.0,,3,,5.0,5.0,runs/sleep_edf_formal_all_subjects_20260817_010000/sleep_edf_formal_downstream_rows.csv,Human subject-level effect after averaging checkpoint and contamination nuisance repetitions
subject,A,Synthetic-EOG evaluation,Sleep-EDF + synthetic EOG,denoised_denoised,noisy/noisy,SC410,MicroWaveNet,MicroWaveNet,7,-0.14944904259307393,,,,15.0,,3,,5.0,5.0,runs/sleep_edf_formal_all_subjects_20260817_010000/sleep_edf_formal_downstream_rows.csv,Human subject-level effect after averaging checkpoint and contamination nuisance repetitions
subject,A,Synthetic-EOG evaluation,Sleep-EDF + synthetic EOG,denoised_denoised,noisy/noisy,SC411,MicroWaveNet,MicroWaveNet,7,-0.16419115631818343,,,,15.0,,3,,5.0,5.0,runs/sleep_edf_formal_all_subjects_20260817_010000/sleep_edf_formal_downstream_rows.csv,Human subject-level effect after averaging checkpoint and contamination nuisance repetitions
subject,A,Synthetic-EOG evaluation,Sleep-EDF + synthetic EOG,denoised_denoised,noisy/noisy,SC412,MicroWaveNet,MicroWaveNet,7,-0.0017725541039116332,,,,15.0,,3,,5.0,5.0,runs/sleep_edf_formal_all_subjects_20260817_010000/sleep_edf_formal_downstream_rows.csv,Human subject-level effect after averaging checkpoint and contamination nuisance repetitions
subject,A,Synthetic-EOG evaluation,Sleep-EDF + synthetic EOG,denoised_denoised,noisy/noisy,SC414,MicroWaveNet,MicroWaveNet,7,-0.054002861388397314,,,,15.0,,3,,5.0,5.0,runs/sleep_edf_formal_all_subjects_20260817_010000/sleep_edf_formal_downstream_rows.csv,Human subject-level effect after averaging checkpoint and contamination nuisance repetitions
subject,A,Synthetic-EOG evaluation,Sleep-EDF + synthetic EOG,denoised_denoised,noisy/noisy,SC415,MicroWaveNet,MicroWaveNet,7,-0.09638962251410625,,,,15.0,,3,,5.0,5.0,runs/sleep_edf_formal_all_subjects_20260817_010000/sleep_edf_formal_downstream_rows.csv,Human subject-level effect after averaging checkpoint and contamination nuisance repetitions
subject,A,Synthetic-EOG evaluation,Sleep-EDF + synthetic EOG,denoised_denoised,noisy/noisy,SC416,MicroWaveNet,MicroWaveNet,7,0.005959647106705899,,,,15.0,,3,,5.0,5.0,runs/sleep_edf_formal_all_subjects_20260817_010000/sleep_edf_formal_downstream_rows.csv,Human subject-level effect after averaging checkpoint and contamination nuisance repetitions
subject,A,Synthetic-EOG evaluation,Sleep-EDF + synthetic EOG,denoised_denoised,noisy/noisy,SC417,MicroWaveNet,MicroWaveNet,7,-0.07230699796319301,,,,15.0,,3,,5.0,5.0,runs/sleep_edf_formal_all_subjects_20260817_010000/sleep_edf_formal_downstream_rows.csv,Human subject-level effect after averaging checkpoint and contamination nuisance repetitions
subject,A,Synthetic-EOG evaluation,Sleep-EDF + synthetic EOG,denoised_denoised,noisy/noisy,SC418,MicroWaveNet,MicroWaveNet,7,-0.20156084005143912,,,,15.0,,3,,5.0,5.0,runs/sleep_edf_formal_all_subjects_20260817_010000/sleep_edf_formal_downstream_rows.csv,Human subject-level effect after averaging checkpoint and contamination nuisance repetitions
subject,A,Synthetic-EOG evaluation,Sleep-EDF + synthetic EOG,denoised_denoised,noisy/noisy,SC419,MicroWaveNet,MicroWaveNet,7,-0.09206773233606254,,,,15.0,,3,,5.0,5.0,runs/sleep_edf_formal_all_subjects_20260817_010000/sleep_edf_formal_downstream_rows.csv,Human subject-level effect after averaging checkpoint and contamination nuisance repetitions
subject,A,Synthetic-EOG evaluation,Sleep-EDF + synthetic EOG,denoised_denoised,noisy/noisy,SC420,MicroWaveNet,MicroWaveNet,7,0.06752102810807536,,,,15.0,,3,,5.0,5.0,runs/sleep_edf_formal_all_subjects_20260817_010000/sleep_edf_formal_downstream_rows.csv,Human subject-level effect after averaging checkpoint and contamination nuisance repetitions
subject,A,Synthetic-EOG evaluation,Sleep-EDF + synthetic EOG,denoised_denoised,noisy/noisy,SC421,MicroWaveNet,MicroWaveNet,7,-0.10628096507291758,,,,15.0,,3,,5.0,5.0,runs/sleep_edf_formal_all_subjects_20260817_010000/sleep_edf_formal_downstream_rows.csv,Human subject-level effect after averaging checkpoint and contamination nuisance repetitions
subject,A,Synthetic-EOG evaluation,Sleep-EDF + synthetic EOG,denoised_denoised,noisy/noisy,SC422,MicroWaveNet,MicroWaveNet,7,-0.04336238224360987,,,,15.0,,3,,5.0,5.0,runs/sleep_edf_formal_all_subjects_20260817_010000/sleep_edf_formal_downstream_rows.csv,Human subject-level effect after averaging checkpoint and contamination nuisance repetitions
subject,A,Synthetic-EOG evaluation,Sleep-EDF + synthetic EOG,denoised_denoised,noisy/noisy,SC423,MicroWaveNet,MicroWaveNet,7,-0.14681402636890112,,,,15.0,,3,,5.0,5.0,runs/sleep_edf_formal_all_subjects_20260817_010000/sleep_edf_formal_downstream_rows.csv,Human subject-level effect after averaging checkpoint and contamination nuisance repetitions
subject,A,Synthetic-EOG evaluation,Sleep-EDF + synthetic EOG,denoised_denoised,noisy/noisy,SC424,MicroWaveNet,MicroWaveNet,7,-0.03587402434910398,,,,15.0,,3,,5.0,5.0,runs/sleep_edf_formal_all_subjects_20260817_010000/sleep_edf_formal_downstream_rows.csv,Human subject-level effect after averaging checkpoint and contamination nuisance repetitions
subject,A,Synthetic-EOG evaluation,Sleep-EDF + synthetic EOG,denoised_denoised,noisy/noisy,SC425,MicroWaveNet,MicroWaveNet,7,-0.07746216251257594,,,,15.0,,3,,5.0,5.0,runs/sleep_edf_formal_all_subjects_20260817_010000/sleep_edf_formal_downstream_rows.csv,Human subject-level effect after averaging checkpoint and contamination nuisance repetitions
subject,A,Synthetic-EOG evaluation,Sleep-EDF + synthetic EOG,denoised_denoised,noisy/noisy,SC426,MicroWaveNet,MicroWaveNet,7,-0.013566452696225,,,,15.0,,3,,5.0,5.0,runs/sleep_edf_formal_all_subjects_20260817_010000/sleep_edf_formal_downstream_rows.csv,Human subject-level effect after averaging checkpoint and contamination nuisance repetitions
subject,A,Synthetic-EOG evaluation,Sleep-EDF + synthetic EOG,denoised_denoised,noisy/noisy,SC427,MicroWaveNet,MicroWaveNet,7,-0.0673283584865462,,,,15.0,,3,,5.0,5.0,runs/sleep_edf_formal_all_subjects_20260817_010000/sleep_edf_formal_downstream_rows.csv,Human subject-level effect after averaging checkpoint and contamination nuisance repetitions
subject,A,Synthetic-EOG evaluation,Sleep-EDF + synthetic EOG,denoised_denoised,noisy/noisy,SC428,MicroWaveNet,MicroWaveNet,7,-0.12671326092360516,,,,15.0,,3,,5.0,5.0,runs/sleep_edf_formal_all_subjects_20260817_010000/sleep_edf_formal_downstream_rows.csv,Human subject-level effect after averaging checkpoint and contamination nuisance repetitions
subject,A,Synthetic-EOG evaluation,Sleep-EDF + synthetic EOG,denoised_denoised,noisy/noisy,SC429,MicroWaveNet,MicroWaveNet,7,-0.06900085318973316,,,,15.0,,3,,5.0,5.0,runs/sleep_edf_formal_all_subjects_20260817_010000/sleep_edf_formal_downstream_rows.csv,Human subject-level effect after averaging checkpoint and contamination nuisance repetitions
subject,A,Synthetic-EOG evaluation,Sleep-EDF + synthetic EOG,denoised_denoised,noisy/noisy,SC430,MicroWaveNet,MicroWaveNet,7,-0.07620145547020919,,,,15.0,,3,,5.0,5.0,runs/sleep_edf_formal_all_subjects_20260817_010000/sleep_edf_formal_downstream_rows.csv,Human subject-level effect after averaging checkpoint and contamination nuisance repetitions
subject,A,Synthetic-EOG evaluation,Sleep-EDF + synthetic EOG,denoised_denoised,noisy/noisy,SC431,MicroWaveNet,MicroWaveNet,7,-0.023323942213387502,,,,15.0,,3,,5.0,5.0,runs/sleep_edf_formal_all_subjects_20260817_010000/sleep_edf_formal_downstream_rows.csv,Human subject-level effect after averaging checkpoint and contamination nuisance repetitions
subject,A,Synthetic-EOG evaluation,Sleep-EDF + synthetic EOG,denoised_denoised,noisy/noisy,SC432,MicroWaveNet,MicroWaveNet,7,0.014457892757431246,,,,15.0,,3,,5.0,5.0,runs/sleep_edf_formal_all_subjects_20260817_010000/sleep_edf_formal_downstream_rows.csv,Human subject-level effect after averaging checkpoint and contamination nuisance repetitions
subject,A,Synthetic-EOG evaluation,Sleep-EDF + synthetic EOG,denoised_denoised,noisy/noisy,SC433,MicroWaveNet,MicroWaveNet,7,-0.06397799801851785,,,,15.0,,3,,5.0,5.0,runs/sleep_edf_formal_all_subjects_20260817_010000/sleep_edf_formal_downstream_rows.csv,Human subject-level effect after averaging checkpoint and contamination nuisance repetitions
subject,A,Synthetic-EOG evaluation,Sleep-EDF + synthetic EOG,denoised_denoised,noisy/noisy,SC434,MicroWaveNet,MicroWaveNet,7,-0.01655565070660104,,,,15.0,,3,,5.0,5.0,runs/sleep_edf_formal_all_subjects_20260817_010000/sleep_edf_formal_downstream_rows.csv,Human subject-level effect after averaging checkpoint and contamination nuisance repetitions
subject,A,Synthetic-EOG evaluation,Sleep-EDF + synthetic EOG,denoised_denoised,noisy/noisy,SC435,MicroWaveNet,MicroWaveNet,7,-0.033978986757634964,,,,15.0,,3,,5.0,5.0,runs/sleep_edf_formal_all_subjects_20260817_010000/sleep_edf_formal_downstream_rows.csv,Human subject-level effect after averaging checkpoint and contamination nuisance repetitions
subject,A,Synthetic-EOG evaluation,Sleep-EDF + synthetic EOG,denoised_denoised,noisy/noisy,SC437,MicroWaveNet,MicroWaveNet,7,-0.09111363394134574,,,,15.0,,3,,5.0,5.0,runs/sleep_edf_formal_all_subjects_20260817_010000/sleep_edf_formal_downstream_rows.csv,Human subject-level effect after averaging checkpoint and contamination nuisance repetitions
subject,A,Synthetic-EOG evaluation,Sleep-EDF + synthetic EOG,denoised_denoised,noisy/noisy,SC438,MicroWaveNet,MicroWaveNet,7,0.03145565568336563,,,,15.0,,3,,5.0,5.0,runs/sleep_edf_formal_all_subjects_20260817_010000/sleep_edf_formal_downstream_rows.csv,Human subject-level effect after averaging checkpoint and contamination nuisance repetitions
subject,A,Synthetic-EOG evaluation,Sleep-EDF + synthetic EOG,denoised_denoised,noisy/noisy,SC440,MicroWaveNet,MicroWaveNet,7,-0.034233204909398525,,,,15.0,,3,,5.0,5.0,runs/sleep_edf_formal_all_subjects_20260817_010000/sleep_edf_formal_downstream_rows.csv,Human subject-level effect after averaging checkpoint and contamination nuisance repetitions
subject,A,Synthetic-EOG evaluation,Sleep-EDF + synthetic EOG,denoised_denoised,noisy/noisy,SC441,MicroWaveNet,MicroWaveNet,7,-0.0606810629828969,,,,15.0,,3,,5.0,5.0,runs/sleep_edf_formal_all_subjects_20260817_010000/sleep_edf_formal_downstream_rows.csv,Human subject-level effect after averaging checkpoint and contamination nuisance repetitions
subject,A,Synthetic-EOG evaluation,Sleep-EDF + synthetic EOG,denoised_denoised,noisy/noisy,SC442,MicroWaveNet,MicroWaveNet,7,-0.07558309297243095,,,,15.0,,3,,5.0,5.0,runs/sleep_edf_formal_all_subjects_20260817_010000/sleep_edf_formal_downstream_rows.csv,Human subject-level effect after averaging checkpoint and contamination nuisance repetitions
subject,A,Synthetic-EOG evaluation,Sleep-EDF + synthetic EOG,denoised_denoised,noisy/noisy,SC443,MicroWaveNet,MicroWaveNet,7,-0.0644078582025233,,,,15.0,,3,,5.0,5.0,runs/sleep_edf_formal_all_subjects_20260817_010000/sleep_edf_formal_downstream_rows.csv,Human subject-level effect after averaging checkpoint and contamination nuisance repetitions
subject,A,Synthetic-EOG evaluation,Sleep-EDF + synthetic EOG,denoised_denoised,noisy/noisy,SC444,MicroWaveNet,MicroWaveNet,7,-0.040397974196669455,,,,15.0,,3,,5.0,5.0,runs/sleep_edf_formal_all_subjects_20260817_010000/sleep_edf_formal_downstream_rows.csv,Human subject-level effect after averaging checkpoint and contamination nuisance repetitions
subject,A,Synthetic-EOG evaluation,Sleep-EDF + synthetic EOG,denoised_denoised,noisy/noisy,SC445,MicroWaveNet,MicroWaveNet,7,-0.06332391801364665,,,,15.0,,3,,5.0,5.0,runs/sleep_edf_formal_all_subjects_20260817_010000/sleep_edf_formal_downstream_rows.csv,Human subject-level effect after averaging checkpoint and contamination nuisance repetitions
subject,A,Synthetic-EOG evaluation,Sleep-EDF + synthetic EOG,denoised_denoised,noisy/noisy,SC446,MicroWaveNet,MicroWaveNet,7,-0.06434215550816509,,,,15.0,,3,,5.0,5.0,runs/sleep_edf_formal_all_subjects_20260817_010000/sleep_edf_formal_downstream_rows.csv,Human subject-level effect after averaging checkpoint and contamination nuisance repetitions
subject,A,Synthetic-EOG evaluation,Sleep-EDF + synthetic EOG,denoised_denoised,noisy/noisy,SC447,MicroWaveNet,MicroWaveNet,7,-0.10754458272559579,,,,15.0,,3,,5.0,5.0,runs/sleep_edf_formal_all_subjects_20260817_010000/sleep_edf_formal_downstream_rows.csv,Human subject-level effect after averaging checkpoint and contamination nuisance repetitions
subject,A,Synthetic-EOG evaluation,Sleep-EDF + synthetic EOG,denoised_denoised,noisy/noisy,SC448,MicroWaveNet,MicroWaveNet,7,-0.13256397279866736,,,,15.0,,3,,5.0,5.0,runs/sleep_edf_formal_all_subjects_20260817_010000/sleep_edf_formal_downstream_rows.csv,Human subject-level effect after averaging checkpoint and contamination nuisance repetitions
subject,A,Synthetic-EOG evaluation,Sleep-EDF + synthetic EOG,denoised_denoised,noisy/noisy,SC449,MicroWaveNet,MicroWaveNet,7,-0.06933030508765223,,,,15.0,,3,,5.0,5.0,runs/sleep_edf_formal_all_subjects_20260817_010000/sleep_edf_formal_downstream_rows.csv,Human subject-level effect after averaging checkpoint and contamination nuisance repetitions
subject,A,Synthetic-EOG evaluation,Sleep-EDF + synthetic EOG,denoised_denoised,noisy/noisy,SC450,MicroWaveNet,MicroWaveNet,7,-0.027996294368984206,,,,15.0,,3,,5.0,5.0,runs/sleep_edf_formal_all_subjects_20260817_010000/sleep_edf_formal_downstream_rows.csv,Human subject-level effect after averaging checkpoint and contamination nuisance repetitions
subject,A,Synthetic-EOG evaluation,Sleep-EDF + synthetic EOG,denoised_denoised,noisy/noisy,SC451,MicroWaveNet,MicroWaveNet,7,-0.09486336035872164,,,,15.0,,3,,5.0,5.0,runs/sleep_edf_formal_all_subjects_20260817_010000/sleep_edf_formal_downstream_rows.csv,Human subject-level effect after averaging checkpoint and contamination nuisance repetitions
subject,A,Synthetic-EOG evaluation,Sleep-EDF + synthetic EOG,denoised_denoised,noisy/noisy,SC453,MicroWaveNet,MicroWaveNet,7,-0.09770512959913583,,,,15.0,,3,,5.0,5.0,runs/sleep_edf_formal_all_subjects_20260817_010000/sleep_edf_formal_downstream_rows.csv,Human subject-level effect after averaging checkpoint and contamination nuisance repetitions
subject,A,Synthetic-EOG evaluation,Sleep-EDF + synthetic EOG,denoised_denoised,noisy/noisy,SC454,MicroWaveNet,MicroWaveNet,7,-0.06870449212023952,,,,15.0,,3,,5.0,5.0,runs/sleep_edf_formal_all_subjects_20260817_010000/sleep_edf_formal_downstream_rows.csv,Human subject-level effect after averaging checkpoint and contamination nuisance repetitions
subject,A,Synthetic-EOG evaluation,Sleep-EDF + synthetic EOG,denoised_denoised,noisy/noisy,SC455,MicroWaveNet,MicroWaveNet,7,-0.05583568996972612,,,,15.0,,3,,5.0,5.0,runs/sleep_edf_formal_all_subjects_20260817_010000/sleep_edf_formal_downstream_rows.csv,Human subject-level effect after averaging checkpoint and contamination nuisance repetitions
subject,A,Synthetic-EOG evaluation,Sleep-EDF + synthetic EOG,denoised_denoised,noisy/noisy,SC456,MicroWaveNet,MicroWaveNet,7,-0.09329064311303129,,,,15.0,,3,,5.0,5.0,runs/sleep_edf_formal_all_subjects_20260817_010000/sleep_edf_formal_downstream_rows.csv,Human subject-level effect after averaging checkpoint and contamination nuisance repetitions
subject,A,Synthetic-EOG evaluation,Sleep-EDF + synthetic EOG,denoised_denoised,noisy/noisy,SC457,MicroWaveNet,MicroWaveNet,7,-0.00556379852767366,,,,15.0,,3,,5.0,5.0,runs/sleep_edf_formal_all_subjects_20260817_010000/sleep_edf_formal_downstream_rows.csv,Human subject-level effect after averaging checkpoint and contamination nuisance repetitions
subject,A,Synthetic-EOG evaluation,Sleep-EDF + synthetic EOG,denoised_denoised,noisy/noisy,SC458,MicroWaveNet,MicroWaveNet,7,0.013623575907741993,,,,15.0,,3,,5.0,5.0,runs/sleep_edf_formal_all_subjects_20260817_010000/sleep_edf_formal_downstream_rows.csv,Human subject-level effect after averaging checkpoint and contamination nuisance repetitions
subject,A,Synthetic-EOG evaluation,Sleep-EDF + synthetic EOG,denoised_denoised,noisy/noisy,SC459,MicroWaveNet,MicroWaveNet,7,-0.13374120882330917,,,,15.0,,3,,5.0,5.0,runs/sleep_edf_formal_all_subjects_20260817_010000/sleep_edf_formal_downstream_rows.csv,Human subject-level effect after averaging checkpoint and contamination nuisance repetitions
subject,A,Synthetic-EOG evaluation,Sleep-EDF + synthetic EOG,denoised_denoised,noisy/noisy,SC460,MicroWaveNet,MicroWaveNet,7,-0.11487878953394466,,,,15.0,,3,,5.0,5.0,runs/sleep_edf_formal_all_subjects_20260817_010000/sleep_edf_formal_downstream_rows.csv,Human subject-level effect after averaging checkpoint and contamination nuisance repetitions
subject,A,Synthetic-EOG evaluation,Sleep-EDF + synthetic EOG,denoised_denoised,noisy/noisy,SC461,MicroWaveNet,MicroWaveNet,7,-0.18713591618152475,,,,15.0,,3,,5.0,5.0,runs/sleep_edf_formal_all_subjects_20260817_010000/sleep_edf_formal_downstream_rows.csv,Human subject-level effect after averaging checkpoint and contamination nuisance repetitions
subject,A,Synthetic-EOG evaluation,Sleep-EDF + synthetic EOG,denoised_denoised,noisy/noisy,SC462,MicroWaveNet,MicroWaveNet,7,-0.08355018796175848,,,,15.0,,3,,5.0,5.0,runs/sleep_edf_formal_all_subjects_20260817_010000/sleep_edf_formal_downstream_rows.csv,Human subject-level effect after averaging checkpoint and contamination nuisance repetitions
subject,A,Synthetic-EOG evaluation,Sleep-EDF + synthetic EOG,denoised_denoised,noisy/noisy,SC463,MicroWaveNet,MicroWaveNet,7,-0.1051487293216489,,,,15.0,,3,,5.0,5.0,runs/sleep_edf_formal_all_subjects_20260817_010000/sleep_edf_formal_downstream_rows.csv,Human subject-level effect after averaging checkpoint and contamination nuisance repetitions
subject,A,Synthetic-EOG evaluation,Sleep-EDF + synthetic EOG,denoised_denoised,noisy/noisy,SC464,MicroWaveNet,MicroWaveNet,7,-0.055375386112042894,,,,15.0,,3,,5.0,5.0,runs/sleep_edf_formal_all_subjects_20260817_010000/sleep_edf_formal_downstream_rows.csv,Human subject-level effect after averaging checkpoint and contamination nuisance repetitions
subject,A,Synthetic-EOG evaluation,Sleep-EDF + synthetic EOG,denoised_denoised,noisy/noisy,SC465,MicroWaveNet,MicroWaveNet,7,-0.11796276761765573,,,,15.0,,3,,5.0,5.0,runs/sleep_edf_formal_all_subjects_20260817_010000/sleep_edf_formal_downstream_rows.csv,Human subject-level effect after averaging checkpoint and contamination nuisance repetitions
subject,A,Synthetic-EOG evaluation,Sleep-EDF + synthetic EOG,denoised_denoised,noisy/noisy,SC466,MicroWaveNet,MicroWaveNet,7,-0.04501476665889237,,,,15.0,,3,,5.0,5.0,runs/sleep_edf_formal_all_subjects_20260817_010000/sleep_edf_formal_downstream_rows.csv,Human subject-level effect after averaging checkpoint and contamination nuisance repetitions
subject,A,Synthetic-EOG evaluation,Sleep-EDF + synthetic EOG,denoised_denoised,noisy/noisy,SC467,MicroWaveNet,MicroWaveNet,7,-0.0347019822431152,,,,15.0,,3,,5.0,5.0,runs/sleep_edf_formal_all_subjects_20260817_010000/sleep_edf_formal_downstream_rows.csv,Human subject-level effect after averaging checkpoint and contamination nuisance repetitions
subject,A,Synthetic-EOG evaluation,Sleep-EDF + synthetic EOG,denoised_denoised,noisy/noisy,SC470,MicroWaveNet,MicroWaveNet,7,-0.021887850626380566,,,,15.0,,3,,5.0,5.0,runs/sleep_edf_formal_all_subjects_20260817_010000/sleep_edf_formal_downstream_rows.csv,Human subject-level effect after averaging checkpoint and contamination nuisance repetitions
subject,A,Synthetic-EOG evaluation,Sleep-EDF + synthetic EOG,denoised_denoised,noisy/noisy,SC471,MicroWaveNet,MicroWaveNet,7,-0.09813350921884927,,,,15.0,,3,,5.0,5.0,runs/sleep_edf_formal_all_subjects_20260817_010000/sleep_edf_formal_downstream_rows.csv,Human subject-level effect after averaging checkpoint and contamination nuisance repetitions
subject,A,Synthetic-EOG evaluation,Sleep-EDF + synthetic EOG,denoised_denoised,noisy/noisy,SC472,MicroWaveNet,MicroWaveNet,7,-0.03506177328264521,,,,15.0,,3,,5.0,5.0,runs/sleep_edf_formal_all_subjects_20260817_010000/sleep_edf_formal_downstream_rows.csv,Human subject-level effect after averaging checkpoint and contamination nuisance repetitions
subject,A,Synthetic-EOG evaluation,Sleep-EDF + synthetic EOG,denoised_denoised,noisy/noisy,SC473,MicroWaveNet,MicroWaveNet,7,-0.04980612279320564,,,,15.0,,3,,5.0,5.0,runs/sleep_edf_formal_all_subjects_20260817_010000/sleep_edf_formal_downstream_rows.csv,Human subject-level effect after averaging checkpoint and contamination nuisance repetitions
subject,A,Synthetic-EOG evaluation,Sleep-EDF + synthetic EOG,denoised_denoised,noisy/noisy,SC474,MicroWaveNet,MicroWaveNet,7,-0.0311311112731108,,,,15.0,,3,,5.0,5.0,runs/sleep_edf_formal_all_subjects_20260817_010000/sleep_edf_formal_downstream_rows.csv,Human subject-level effect after averaging checkpoint and contamination nuisance repetitions
subject,A,Synthetic-EOG evaluation,Sleep-EDF + synthetic EOG,denoised_denoised,noisy/noisy,SC475,MicroWaveNet,MicroWaveNet,7,0.015163019600578635,,,,15.0,,3,,5.0,5.0,runs/sleep_edf_formal_all_subjects_20260817_010000/sleep_edf_formal_downstream_rows.csv,Human subject-level effect after averaging checkpoint and contamination nuisance repetitions
subject,A,Synthetic-EOG evaluation,Sleep-EDF + synthetic EOG,denoised_denoised,noisy/noisy,SC476,MicroWaveNet,MicroWaveNet,7,0.0096281979184481,,,,15.0,,3,,5.0,5.0,runs/sleep_edf_formal_all_subjects_20260817_010000/sleep_edf_formal_downstream_rows.csv,Human subject-level effect after averaging checkpoint and contamination nuisance repetitions
subject,A,Synthetic-EOG evaluation,Sleep-EDF + synthetic EOG,denoised_denoised,noisy/noisy,SC477,MicroWaveNet,MicroWaveNet,7,-0.10960544663448474,,,,15.0,,3,,5.0,5.0,runs/sleep_edf_formal_all_subjects_20260817_010000/sleep_edf_formal_downstream_rows.csv,Human subject-level effect after averaging checkpoint and contamination nuisance repetitions
subject,A,Synthetic-EOG evaluation,Sleep-EDF + synthetic EOG,denoised_denoised,noisy/noisy,SC480,MicroWaveNet,MicroWaveNet,7,-0.18274448957472253,,,,15.0,,3,,5.0,5.0,runs/sleep_edf_formal_all_subjects_20260817_010000/sleep_edf_formal_downstream_rows.csv,Human subject-level effect after averaging checkpoint and contamination nuisance repetitions
subject,A,Synthetic-EOG evaluation,Sleep-EDF + synthetic EOG,denoised_denoised,noisy/noisy,SC481,MicroWaveNet,MicroWaveNet,7,-0.1142327989032048,,,,15.0,,3,,5.0,5.0,runs/sleep_edf_formal_all_subjects_20260817_010000/sleep_edf_formal_downstream_rows.csv,Human subject-level effect after averaging checkpoint and contamination nuisance repetitions
subject,A,Synthetic-EOG evaluation,Sleep-EDF + synthetic EOG,denoised_denoised,noisy/noisy,SC482,MicroWaveNet,MicroWaveNet,7,-0.11016844369769012,,,,15.0,,3,,5.0,5.0,runs/sleep_edf_formal_all_subjects_20260817_010000/sleep_edf_formal_downstream_rows.csv,Human subject-level effect after averaging checkpoint and contamination nuisance repetitions
mean_ci,A,Synthetic-EOG evaluation,Sleep-EDF + synthetic EOG,denoised_denoised,noisy/noisy,,DeepSeparator,DeepSeparator,8,,-0.020341585466158,-0.0270027288067929,-0.0140224985401045,,75.0,3,5.0,,,runs/sleep_edf_formal_all_subjects_20260817_010000/sleep_edf_formal_downstream_summary.csv,Mean and 95% subject-bootstrap CI across 75 subjects
subject,A,Synthetic-EOG evaluation,Sleep-EDF + synthetic EOG,denoised_denoised,noisy/noisy,SC400,DeepSeparator,DeepSeparator,8,-0.023605967711710182,,,,15.0,,3,,5.0,5.0,runs/sleep_edf_formal_all_subjects_20260817_010000/sleep_edf_formal_downstream_rows.csv,Human subject-level effect after averaging checkpoint and contamination nuisance repetitions
subject,A,Synthetic-EOG evaluation,Sleep-EDF + synthetic EOG,denoised_denoised,noisy/noisy,SC401,DeepSeparator,DeepSeparator,8,-0.0029386428973652333,,,,15.0,,3,,5.0,5.0,runs/sleep_edf_formal_all_subjects_20260817_010000/sleep_edf_formal_downstream_rows.csv,Human subject-level effect after averaging checkpoint and contamination nuisance repetitions
subject,A,Synthetic-EOG evaluation,Sleep-EDF + synthetic EOG,denoised_denoised,noisy/noisy,SC402,DeepSeparator,DeepSeparator,8,-0.013051960082440093,,,,15.0,,3,,5.0,5.0,runs/sleep_edf_formal_all_subjects_20260817_010000/sleep_edf_formal_downstream_rows.csv,Human subject-level effect after averaging checkpoint and contamination nuisance repetitions
subject,A,Synthetic-EOG evaluation,Sleep-EDF + synthetic EOG,denoised_denoised,noisy/noisy,SC403,DeepSeparator,DeepSeparator,8,0.009618215939106639,,,,15.0,,3,,5.0,5.0,runs/sleep_edf_formal_all_subjects_20260817_010000/sleep_edf_formal_downstream_rows.csv,Human subject-level effect after averaging checkpoint and contamination nuisance repetitions
subject,A,Synthetic-EOG evaluation,Sleep-EDF + synthetic EOG,denoised_denoised,noisy/noisy,SC404,DeepSeparator,DeepSeparator,8,-0.0146210980729323,,,,15.0,,3,,5.0,5.0,runs/sleep_edf_formal_all_subjects_20260817_010000/sleep_edf_formal_downstream_rows.csv,Human subject-level effect after averaging checkpoint and contamination nuisance repetitions
subject,A,Synthetic-EOG evaluation,Sleep-EDF + synthetic EOG,denoised_denoised,noisy/noisy,SC405,DeepSeparator,DeepSeparator,8,-0.08753733225576503,,,,15.0,,3,,5.0,5.0,runs/sleep_edf_formal_all_subjects_20260817_010000/sleep_edf_formal_downstream_rows.csv,Human subject-level effect after averaging checkpoint and contamination nuisance repetitions
subject,A,Synthetic-EOG evaluation,Sleep-EDF + synthetic EOG,denoised_denoised,noisy/noisy,SC406,DeepSeparator,DeepSeparator,8,-0.018329669751639157,,,,15.0,,3,,5.0,5.0,runs/sleep_edf_formal_all_subjects_20260817_010000/sleep_edf_formal_downstream_rows.csv,Human subject-level effect after averaging checkpoint and contamination nuisance repetitions
subject,A,Synthetic-EOG evaluation,Sleep-EDF + synthetic EOG,denoised_denoised,noisy/noisy,SC407,DeepSeparator,DeepSeparator,8,-0.037464337086185795,,,,15.0,,3,,5.0,5.0,runs/sleep_edf_formal_all_subjects_20260817_010000/sleep_edf_formal_downstream_rows.csv,Human subject-level effect after averaging checkpoint and contamination nuisance repetitions
subject,A,Synthetic-EOG evaluation,Sleep-EDF + synthetic EOG,denoised_denoised,noisy/noisy,SC408,DeepSeparator,DeepSeparator,8,-0.032238649750021685,,,,15.0,,3,,5.0,5.0,runs/sleep_edf_formal_all_subjects_20260817_010000/sleep_edf_formal_downstream_rows.csv,Human subject-level effect after averaging checkpoint and contamination nuisance repetitions
subject,A,Synthetic-EOG evaluation,Sleep-EDF + synthetic EOG,denoised_denoised,noisy/noisy,SC409,DeepSeparator,DeepSeparator,8,-0.01971782257059416,,,,15.0,,3,,5.0,5.0,runs/sleep_edf_formal_all_subjects_20260817_010000/sleep_edf_formal_downstream_rows.csv,Human subject-level effect after averaging checkpoint and contamination nuisance repetitions
subject,A,Synthetic-EOG evaluation,Sleep-EDF + synthetic EOG,denoised_denoised,noisy/noisy,SC410,DeepSeparator,DeepSeparator,8,-0.030326504391278035,,,,15.0,,3,,5.0,5.0,runs/sleep_edf_formal_all_subjects_20260817_010000/sleep_edf_formal_downstream_rows.csv,Human subject-level effect after averaging checkpoint and contamination nuisance repetitions
subject,A,Synthetic-EOG evaluation,Sleep-EDF + synthetic EOG,denoised_denoised,noisy/noisy,SC411,DeepSeparator,DeepSeparator,8,-0.07215574157118712,,,,15.0,,3,,5.0,5.0,runs/sleep_edf_formal_all_subjects_20260817_010000/sleep_edf_formal_downstream_rows.csv,Human subject-level effect after averaging checkpoint and contamination nuisance repetitions
subject,A,Synthetic-EOG evaluation,Sleep-EDF + synthetic EOG,denoised_denoised,noisy/noisy,SC412,DeepSeparator,DeepSeparator,8,0.0136908904829903,,,,15.0,,3,,5.0,5.0,runs/sleep_edf_formal_all_subjects_20260817_010000/sleep_edf_formal_downstream_rows.csv,Human subject-level effect after averaging checkpoint and contamination nuisance repetitions
subject,A,Synthetic-EOG evaluation,Sleep-EDF + synthetic EOG,denoised_denoised,noisy/noisy,SC414,DeepSeparator,DeepSeparator,8,-0.004560942810954293,,,,15.0,,3,,5.0,5.0,runs/sleep_edf_formal_all_subjects_20260817_010000/sleep_edf_formal_downstream_rows.csv,Human subject-level effect after averaging checkpoint and contamination nuisance repetitions
subject,A,Synthetic-EOG evaluation,Sleep-EDF + synthetic EOG,denoised_denoised,noisy/noisy,SC415,DeepSeparator,DeepSeparator,8,-0.05327695183926408,,,,15.0,,3,,5.0,5.0,runs/sleep_edf_formal_all_subjects_20260817_010000/sleep_edf_formal_downstream_rows.csv,Human subject-level effect after averaging checkpoint and contamination nuisance repetitions
subject,A,Synthetic-EOG evaluation,Sleep-EDF + synthetic EOG,denoised_denoised,noisy/noisy,SC416,DeepSeparator,DeepSeparator,8,-0.023769710590788955,,,,15.0,,3,,5.0,5.0,runs/sleep_edf_formal_all_subjects_20260817_010000/sleep_edf_formal_downstream_rows.csv,Human subject-level effect after averaging checkpoint and contamination nuisance repetitions
subject,A,Synthetic-EOG evaluation,Sleep-EDF + synthetic EOG,denoised_denoised,noisy/noisy,SC417,DeepSeparator,DeepSeparator,8,-0.028616829295344832,,,,15.0,,3,,5.0,5.0,runs/sleep_edf_formal_all_subjects_20260817_010000/sleep_edf_formal_downstream_rows.csv,Human subject-level effect after averaging checkpoint and contamination nuisance repetitions
subject,A,Synthetic-EOG evaluation,Sleep-EDF + synthetic EOG,denoised_denoised,noisy/noisy,SC418,DeepSeparator,DeepSeparator,8,-0.022464753098992242,,,,15.0,,3,,5.0,5.0,runs/sleep_edf_formal_all_subjects_20260817_010000/sleep_edf_formal_downstream_rows.csv,Human subject-level effect after averaging checkpoint and contamination nuisance repetitions
subject,A,Synthetic-EOG evaluation,Sleep-EDF + synthetic EOG,denoised_denoised,noisy/noisy,SC419,DeepSeparator,DeepSeparator,8,-0.032830739757780496,,,,15.0,,3,,5.0,5.0,runs/sleep_edf_formal_all_subjects_20260817_010000/sleep_edf_formal_downstream_rows.csv,Human subject-level effect after averaging checkpoint and contamination nuisance repetitions
subject,A,Synthetic-EOG evaluation,Sleep-EDF + synthetic EOG,denoised_denoised,noisy/noisy,SC420,DeepSeparator,DeepSeparator,8,0.010084857633040746,,,,15.0,,3,,5.0,5.0,runs/sleep_edf_formal_all_subjects_20260817_010000/sleep_edf_formal_downstream_rows.csv,Human subject-level effect after averaging checkpoint and contamination nuisance repetitions
subject,A,Synthetic-EOG evaluation,Sleep-EDF + synthetic EOG,denoised_denoised,noisy/noisy,SC421,DeepSeparator,DeepSeparator,8,-0.07054240327786075,,,,15.0,,3,,5.0,5.0,runs/sleep_edf_formal_all_subjects_20260817_010000/sleep_edf_formal_downstream_rows.csv,Human subject-level effect after averaging checkpoint and contamination nuisance repetitions
subject,A,Synthetic-EOG evaluation,Sleep-EDF + synthetic EOG,denoised_denoised,noisy/noisy,SC422,DeepSeparator,DeepSeparator,8,-0.014487101411423432,,,,15.0,,3,,5.0,5.0,runs/sleep_edf_formal_all_subjects_20260817_010000/sleep_edf_formal_downstream_rows.csv,Human subject-level effect after averaging checkpoint and contamination nuisance repetitions
subject,A,Synthetic-EOG evaluation,Sleep-EDF + synthetic EOG,denoised_denoised,noisy/noisy,SC423,DeepSeparator,DeepSeparator,8,0.02403937337645003,,,,15.0,,3,,5.0,5.0,runs/sleep_edf_formal_all_subjects_20260817_010000/sleep_edf_formal_downstream_rows.csv,Human subject-level effect after averaging checkpoint and contamination nuisance repetitions
subject,A,Synthetic-EOG evaluation,Sleep-EDF + synthetic EOG,denoised_denoised,noisy/noisy,SC424,DeepSeparator,DeepSeparator,8,-0.01387428455544688,,,,15.0,,3,,5.0,5.0,runs/sleep_edf_formal_all_subjects_20260817_010000/sleep_edf_formal_downstream_rows.csv,Human subject-level effect after averaging checkpoint and contamination nuisance repetitions
subject,A,Synthetic-EOG evaluation,Sleep-EDF + synthetic EOG,denoised_denoised,noisy/noisy,SC425,DeepSeparator,DeepSeparator,8,-0.016897291106781693,,,,15.0,,3,,5.0,5.0,runs/sleep_edf_formal_all_subjects_20260817_010000/sleep_edf_formal_downstream_rows.csv,Human subject-level effect after averaging checkpoint and contamination nuisance repetitions
subject,A,Synthetic-EOG evaluation,Sleep-EDF + synthetic EOG,denoised_denoised,noisy/noisy,SC426,DeepSeparator,DeepSeparator,8,-0.08469564987001994,,,,15.0,,3,,5.0,5.0,runs/sleep_edf_formal_all_subjects_20260817_010000/sleep_edf_formal_downstream_rows.csv,Human subject-level effect after averaging checkpoint and contamination nuisance repetitions
subject,A,Synthetic-EOG evaluation,Sleep-EDF + synthetic EOG,denoised_denoised,noisy/noisy,SC427,DeepSeparator,DeepSeparator,8,-0.034509077592693824,,,,15.0,,3,,5.0,5.0,runs/sleep_edf_formal_all_subjects_20260817_010000/sleep_edf_formal_downstream_rows.csv,Human subject-level effect after averaging checkpoint and contamination nuisance repetitions
subject,A,Synthetic-EOG evaluation,Sleep-EDF + synthetic EOG,denoised_denoised,noisy/noisy,SC428,DeepSeparator,DeepSeparator,8,0.006713832041701313,,,,15.0,,3,,5.0,5.0,runs/sleep_edf_formal_all_subjects_20260817_010000/sleep_edf_formal_downstream_rows.csv,Human subject-level effect after averaging checkpoint and contamination nuisance repetitions
subject,A,Synthetic-EOG evaluation,Sleep-EDF + synthetic EOG,denoised_denoised,noisy/noisy,SC429,DeepSeparator,DeepSeparator,8,-0.0066474712448953135,,,,15.0,,3,,5.0,5.0,runs/sleep_edf_formal_all_subjects_20260817_010000/sleep_edf_formal_downstream_rows.csv,Human subject-level effect after averaging checkpoint and contamination nuisance repetitions
subject,A,Synthetic-EOG evaluation,Sleep-EDF + synthetic EOG,denoised_denoised,noisy/noisy,SC430,DeepSeparator,DeepSeparator,8,-0.06268597295805398,,,,15.0,,3,,5.0,5.0,runs/sleep_edf_formal_all_subjects_20260817_010000/sleep_edf_formal_downstream_rows.csv,Human subject-level effect after averaging checkpoint and contamination nuisance repetitions
subject,A,Synthetic-EOG evaluation,Sleep-EDF + synthetic EOG,denoised_denoised,noisy/noisy,SC431,DeepSeparator,DeepSeparator,8,-0.0238208778133794,,,,15.0,,3,,5.0,5.0,runs/sleep_edf_formal_all_subjects_20260817_010000/sleep_edf_formal_downstream_rows.csv,Human subject-level effect after averaging checkpoint and contamination nuisance repetitions
subject,A,Synthetic-EOG evaluation,Sleep-EDF + synthetic EOG,denoised_denoised,noisy/noisy,SC432,DeepSeparator,DeepSeparator,8,0.01071433277301936,,,,15.0,,3,,5.0,5.0,runs/sleep_edf_formal_all_subjects_20260817_010000/sleep_edf_formal_downstream_rows.csv,Human subject-level effect after averaging checkpoint and contamination nuisance repetitions
subject,A,Synthetic-EOG evaluation,Sleep-EDF + synthetic EOG,denoised_denoised,noisy/noisy,SC433,DeepSeparator,DeepSeparator,8,-0.05484402401174326,,,,15.0,,3,,5.0,5.0,runs/sleep_edf_formal_all_subjects_20260817_010000/sleep_edf_formal_downstream_rows.csv,Human subject-level effect after averaging checkpoint and contamination nuisance repetitions
subject,A,Synthetic-EOG evaluation,Sleep-EDF + synthetic EOG,denoised_denoised,noisy/noisy,SC434,DeepSeparator,DeepSeparator,8,-0.013877323203210147,,,,15.0,,3,,5.0,5.0,runs/sleep_edf_formal_all_subjects_20260817_010000/sleep_edf_formal_downstream_rows.csv,Human subject-level effect after averaging checkpoint and contamination nuisance repetitions
subject,A,Synthetic-EOG evaluation,Sleep-EDF + synthetic EOG,denoised_denoised,noisy/noisy,SC435,DeepSeparator,DeepSeparator,8,0.043499315999072814,,,,15.0,,3,,5.0,5.0,runs/sleep_edf_formal_all_subjects_20260817_010000/sleep_edf_formal_downstream_rows.csv,Human subject-level effect after averaging checkpoint and contamination nuisance repetitions
subject,A,Synthetic-EOG evaluation,Sleep-EDF + synthetic EOG,denoised_denoised,noisy/noisy,SC437,DeepSeparator,DeepSeparator,8,0.02272061249935706,,,,15.0,,3,,5.0,5.0,runs/sleep_edf_formal_all_subjects_20260817_010000/sleep_edf_formal_downstream_rows.csv,Human subject-level effect after averaging checkpoint and contamination nuisance repetitions
subject,A,Synthetic-EOG evaluation,Sleep-EDF + synthetic EOG,denoised_denoised,noisy/noisy,SC438,DeepSeparator,DeepSeparator,8,0.017981109797965286,,,,15.0,,3,,5.0,5.0,runs/sleep_edf_formal_all_subjects_20260817_010000/sleep_edf_formal_downstream_rows.csv,Human subject-level effect after averaging checkpoint and contamination nuisance repetitions
subject,A,Synthetic-EOG evaluation,Sleep-EDF + synthetic EOG,denoised_denoised,noisy/noisy,SC440,DeepSeparator,DeepSeparator,8,-0.026006592623564393,,,,15.0,,3,,5.0,5.0,runs/sleep_edf_formal_all_subjects_20260817_010000/sleep_edf_formal_downstream_rows.csv,Human subject-level effect after averaging checkpoint and contamination nuisance repetitions
subject,A,Synthetic-EOG evaluation,Sleep-EDF + synthetic EOG,denoised_denoised,noisy/noisy,SC441,DeepSeparator,DeepSeparator,8,-0.010952936122574327,,,,15.0,,3,,5.0,5.0,runs/sleep_edf_formal_all_subjects_20260817_010000/sleep_edf_formal_downstream_rows.csv,Human subject-level effect after averaging checkpoint and contamination nuisance repetitions
subject,A,Synthetic-EOG evaluation,Sleep-EDF + synthetic EOG,denoised_denoised,noisy/noisy,SC442,DeepSeparator,DeepSeparator,8,-0.026449870835972247,,,,15.0,,3,,5.0,5.0,runs/sleep_edf_formal_all_subjects_20260817_010000/sleep_edf_formal_downstream_rows.csv,Human subject-level effect after averaging checkpoint and contamination nuisance repetitions
subject,A,Synthetic-EOG evaluation,Sleep-EDF + synthetic EOG,denoised_denoised,noisy/noisy,SC443,DeepSeparator,DeepSeparator,8,-0.01807330379684625,,,,15.0,,3,,5.0,5.0,runs/sleep_edf_formal_all_subjects_20260817_010000/sleep_edf_formal_downstream_rows.csv,Human subject-level effect after averaging checkpoint and contamination nuisance repetitions
subject,A,Synthetic-EOG evaluation,Sleep-EDF + synthetic EOG,denoised_denoised,noisy/noisy,SC444,DeepSeparator,DeepSeparator,8,-0.0020103221857302664,,,,15.0,,3,,5.0,5.0,runs/sleep_edf_formal_all_subjects_20260817_010000/sleep_edf_formal_downstream_rows.csv,Human subject-level effect after averaging checkpoint and contamination nuisance repetitions
subject,A,Synthetic-EOG evaluation,Sleep-EDF + synthetic EOG,denoised_denoised,noisy/noisy,SC445,DeepSeparator,DeepSeparator,8,-0.027954295772750958,,,,15.0,,3,,5.0,5.0,runs/sleep_edf_formal_all_subjects_20260817_010000/sleep_edf_formal_downstream_rows.csv,Human subject-level effect after averaging checkpoint and contamination nuisance repetitions
subject,A,Synthetic-EOG evaluation,Sleep-EDF + synthetic EOG,denoised_denoised,noisy/noisy,SC446,DeepSeparator,DeepSeparator,8,0.00022007089271336062,,,,15.0,,3,,5.0,5.0,runs/sleep_edf_formal_all_subjects_20260817_010000/sleep_edf_formal_downstream_rows.csv,Human subject-level effect after averaging checkpoint and contamination nuisance repetitions
subject,A,Synthetic-EOG evaluation,Sleep-EDF + synthetic EOG,denoised_denoised,noisy/noisy,SC447,DeepSeparator,DeepSeparator,8,-0.04838969198602742,,,,15.0,,3,,5.0,5.0,runs/sleep_edf_formal_all_subjects_20260817_010000/sleep_edf_formal_downstream_rows.csv,Human subject-level effect after averaging checkpoint and contamination nuisance repetitions
subject,A,Synthetic-EOG evaluation,Sleep-EDF + synthetic EOG,denoised_denoised,noisy/noisy,SC448,DeepSeparator,DeepSeparator,8,-0.05059441816213868,,,,15.0,,3,,5.0,5.0,runs/sleep_edf_formal_all_subjects_20260817_010000/sleep_edf_formal_downstream_rows.csv,Human subject-level effect after averaging checkpoint and contamination nuisance repetitions
subject,A,Synthetic-EOG evaluation,Sleep-EDF + synthetic EOG,denoised_denoised,noisy/noisy,SC449,DeepSeparator,DeepSeparator,8,-0.023733207868725775,,,,15.0,,3,,5.0,5.0,runs/sleep_edf_formal_all_subjects_20260817_010000/sleep_edf_formal_downstream_rows.csv,Human subject-level effect after averaging checkpoint and contamination nuisance repetitions
subject,A,Synthetic-EOG evaluation,Sleep-EDF + synthetic EOG,denoised_denoised,noisy/noisy,SC450,DeepSeparator,DeepSeparator,8,-0.015830199680892627,,,,15.0,,3,,5.0,5.0,runs/sleep_edf_formal_all_subjects_20260817_010000/sleep_edf_formal_downstream_rows.csv,Human subject-level effect after averaging checkpoint and contamination nuisance repetitions
subject,A,Synthetic-EOG evaluation,Sleep-EDF + synthetic EOG,denoised_denoised,noisy/noisy,SC451,DeepSeparator,DeepSeparator,8,-0.07064196514218318,,,,15.0,,3,,5.0,5.0,runs/sleep_edf_formal_all_subjects_20260817_010000/sleep_edf_formal_downstream_rows.csv,Human subject-level effect after averaging checkpoint and contamination nuisance repetitions
subject,A,Synthetic-EOG evaluation,Sleep-EDF + synthetic EOG,denoised_denoised,noisy/noisy,SC453,DeepSeparator,DeepSeparator,8,-0.027926132984585093,,,,15.0,,3,,5.0,5.0,runs/sleep_edf_formal_all_subjects_20260817_010000/sleep_edf_formal_downstream_rows.csv,Human subject-level effect after averaging checkpoint and contamination nuisance repetitions
subject,A,Synthetic-EOG evaluation,Sleep-EDF + synthetic EOG,denoised_denoised,noisy/noisy,SC454,DeepSeparator,DeepSeparator,8,-0.012683149647796352,,,,15.0,,3,,5.0,5.0,runs/sleep_edf_formal_all_subjects_20260817_010000/sleep_edf_formal_downstream_rows.csv,Human subject-level effect after averaging checkpoint and contamination nuisance repetitions
subject,A,Synthetic-EOG evaluation,Sleep-EDF + synthetic EOG,denoised_denoised,noisy/noisy,SC455,DeepSeparator,DeepSeparator,8,-0.03033426847767824,,,,15.0,,3,,5.0,5.0,runs/sleep_edf_formal_all_subjects_20260817_010000/sleep_edf_formal_downstream_rows.csv,Human subject-level effect after averaging checkpoint and contamination nuisance repetitions
subject,A,Synthetic-EOG evaluation,Sleep-EDF + synthetic EOG,denoised_denoised,noisy/noisy,SC456,DeepSeparator,DeepSeparator,8,-0.02082934271614824,,,,15.0,,3,,5.0,5.0,runs/sleep_edf_formal_all_subjects_20260817_010000/sleep_edf_formal_downstream_rows.csv,Human subject-level effect after averaging checkpoint and contamination nuisance repetitions
subject,A,Synthetic-EOG evaluation,Sleep-EDF + synthetic EOG,denoised_denoised,noisy/noisy,SC457,DeepSeparator,DeepSeparator,8,0.0006372461857700468,,,,15.0,,3,,5.0,5.0,runs/sleep_edf_formal_all_subjects_20260817_010000/sleep_edf_formal_downstream_rows.csv,Human subject-level effect after averaging checkpoint and contamination nuisance repetitions
subject,A,Synthetic-EOG evaluation,Sleep-EDF + synthetic EOG,denoised_denoised,noisy/noisy,SC458,DeepSeparator,DeepSeparator,8,0.0330088202545425,,,,15.0,,3,,5.0,5.0,runs/sleep_edf_formal_all_subjects_20260817_010000/sleep_edf_formal_downstream_rows.csv,Human subject-level effect after averaging checkpoint and contamination nuisance repetitions
subject,A,Synthetic-EOG evaluation,Sleep-EDF + synthetic EOG,denoised_denoised,noisy/noisy,SC459,DeepSeparator,DeepSeparator,8,-0.10213629878135468,,,,15.0,,3,,5.0,5.0,runs/sleep_edf_formal_all_subjects_20260817_010000/sleep_edf_formal_downstream_rows.csv,Human subject-level effect after averaging checkpoint and contamination nuisance repetitions
subject,A,Synthetic-EOG evaluation,Sleep-EDF + synthetic EOG,denoised_denoised,noisy/noisy,SC460,DeepSeparator,DeepSeparator,8,0.00930948658617626,,,,15.0,,3,,5.0,5.0,runs/sleep_edf_formal_all_subjects_20260817_010000/sleep_edf_formal_downstream_rows.csv,Human subject-level effect after averaging checkpoint and contamination nuisance repetitions
subject,A,Synthetic-EOG evaluation,Sleep-EDF + synthetic EOG,denoised_denoised,noisy/noisy,SC461,DeepSeparator,DeepSeparator,8,-0.05045577989568247,,,,15.0,,3,,5.0,5.0,runs/sleep_edf_formal_all_subjects_20260817_010000/sleep_edf_formal_downstream_rows.csv,Human subject-level effect after averaging checkpoint and contamination nuisance repetitions
subject,A,Synthetic-EOG evaluation,Sleep-EDF + synthetic EOG,denoised_denoised,noisy/noisy,SC462,DeepSeparator,DeepSeparator,8,-0.018825890079664113,,,,15.0,,3,,5.0,5.0,runs/sleep_edf_formal_all_subjects_20260817_010000/sleep_edf_formal_downstream_rows.csv,Human subject-level effect after averaging checkpoint and contamination nuisance repetitions
subject,A,Synthetic-EOG evaluation,Sleep-EDF + synthetic EOG,denoised_denoised,noisy/noisy,SC463,DeepSeparator,DeepSeparator,8,-0.03065593680798114,,,,15.0,,3,,5.0,5.0,runs/sleep_edf_formal_all_subjects_20260817_010000/sleep_edf_formal_downstream_rows.csv,Human subject-level effect after averaging checkpoint and contamination nuisance repetitions
subject,A,Synthetic-EOG evaluation,Sleep-EDF + synthetic EOG,denoised_denoised,noisy/noisy,SC464,DeepSeparator,DeepSeparator,8,0.0034827957793283,,,,15.0,,3,,5.0,5.0,runs/sleep_edf_formal_all_subjects_20260817_010000/sleep_edf_formal_downstream_rows.csv,Human subject-level effect after averaging checkpoint and contamination nuisance repetitions
subject,A,Synthetic-EOG evaluation,Sleep-EDF + synthetic EOG,denoised_denoised,noisy/noisy,SC465,DeepSeparator,DeepSeparator,8,-0.00810717155279068,,,,15.0,,3,,5.0,5.0,runs/sleep_edf_formal_all_subjects_20260817_010000/sleep_edf_formal_downstream_rows.csv,Human subject-level effect after averaging checkpoint and contamination nuisance repetitions
subject,A,Synthetic-EOG evaluation,Sleep-EDF + synthetic EOG,denoised_denoised,noisy/noisy,SC466,DeepSeparator,DeepSeparator,8,-0.0053744135199081935,,,,15.0,,3,,5.0,5.0,runs/sleep_edf_formal_all_subjects_20260817_010000/sleep_edf_formal_downstream_rows.csv,Human subject-level effect after averaging checkpoint and contamination nuisance repetitions
subject,A,Synthetic-EOG evaluation,Sleep-EDF + synthetic EOG,denoised_denoised,noisy/noisy,SC467,DeepSeparator,DeepSeparator,8,-0.012491397006693002,,,,15.0,,3,,5.0,5.0,runs/sleep_edf_formal_all_subjects_20260817_010000/sleep_edf_formal_downstream_rows.csv,Human subject-level effect after averaging checkpoint and contamination nuisance repetitions
subject,A,Synthetic-EOG evaluation,Sleep-EDF + synthetic EOG,denoised_denoised,noisy/noisy,SC470,DeepSeparator,DeepSeparator,8,-0.003592667754199108,,,,15.0,,3,,5.0,5.0,runs/sleep_edf_formal_all_subjects_20260817_010000/sleep_edf_formal_downstream_rows.csv,Human subject-level effect after averaging checkpoint and contamination nuisance repetitions
subject,A,Synthetic-EOG evaluation,Sleep-EDF + synthetic EOG,denoised_denoised,noisy/noisy,SC471,DeepSeparator,DeepSeparator,8,-0.05883147894236745,,,,15.0,,3,,5.0,5.0,runs/sleep_edf_formal_all_subjects_20260817_010000/sleep_edf_formal_downstream_rows.csv,Human subject-level effect after averaging checkpoint and contamination nuisance repetitions
subject,A,Synthetic-EOG evaluation,Sleep-EDF + synthetic EOG,denoised_denoised,noisy/noisy,SC472,DeepSeparator,DeepSeparator,8,0.004202286857502454,,,,15.0,,3,,5.0,5.0,runs/sleep_edf_formal_all_subjects_20260817_010000/sleep_edf_formal_downstream_rows.csv,Human subject-level effect after averaging checkpoint and contamination nuisance repetitions
subject,A,Synthetic-EOG evaluation,Sleep-EDF + synthetic EOG,denoised_denoised,noisy/noisy,SC473,DeepSeparator,DeepSeparator,8,-0.007023954646398127,,,,15.0,,3,,5.0,5.0,runs/sleep_edf_formal_all_subjects_20260817_010000/sleep_edf_formal_downstream_rows.csv,Human subject-level effect after averaging checkpoint and contamination nuisance repetitions
subject,A,Synthetic-EOG evaluation,Sleep-EDF + synthetic EOG,denoised_denoised,noisy/noisy,SC474,DeepSeparator,DeepSeparator,8,0.0014348652533354535,,,,15.0,,3,,5.0,5.0,runs/sleep_edf_formal_all_subjects_20260817_010000/sleep_edf_formal_downstream_rows.csv,Human subject-level effect after averaging checkpoint and contamination nuisance repetitions
subject,A,Synthetic-EOG evaluation,Sleep-EDF + synthetic EOG,denoised_denoised,noisy/noisy,SC475,DeepSeparator,DeepSeparator,8,0.028239966501688522,,,,15.0,,3,,5.0,5.0,runs/sleep_edf_formal_all_subjects_20260817_010000/sleep_edf_formal_downstream_rows.csv,Human subject-level effect after averaging checkpoint and contamination nuisance repetitions
subject,A,Synthetic-EOG evaluation,Sleep-EDF + synthetic EOG,denoised_denoised,noisy/noisy,SC476,DeepSeparator,DeepSeparator,8,-0.0189918760438667,,,,15.0,,3,,5.0,5.0,runs/sleep_edf_formal_all_subjects_20260817_010000/sleep_edf_formal_downstream_rows.csv,Human subject-level effect after averaging checkpoint and contamination nuisance repetitions
subject,A,Synthetic-EOG evaluation,Sleep-EDF + synthetic EOG,denoised_denoised,noisy/noisy,SC477,DeepSeparator,DeepSeparator,8,0.003723854466141187,,,,15.0,,3,,5.0,5.0,runs/sleep_edf_formal_all_subjects_20260817_010000/sleep_edf_formal_downstream_rows.csv,Human subject-level effect after averaging checkpoint and contamination nuisance repetitions
subject,A,Synthetic-EOG evaluation,Sleep-EDF + synthetic EOG,denoised_denoised,noisy/noisy,SC480,DeepSeparator,DeepSeparator,8,-0.0874868070632882,,,,15.0,,3,,5.0,5.0,runs/sleep_edf_formal_all_subjects_20260817_010000/sleep_edf_formal_downstream_rows.csv,Human subject-level effect after averaging checkpoint and contamination nuisance repetitions
subject,A,Synthetic-EOG evaluation,Sleep-EDF + synthetic EOG,denoised_denoised,noisy/noisy,SC481,DeepSeparator,DeepSeparator,8,-0.029735196254503087,,,,15.0,,3,,5.0,5.0,runs/sleep_edf_formal_all_subjects_20260817_010000/sleep_edf_formal_downstream_rows.csv,Human subject-level effect after averaging checkpoint and contamination nuisance repetitions
subject,A,Synthetic-EOG evaluation,Sleep-EDF + synthetic EOG,denoised_denoised,noisy/noisy,SC482,DeepSeparator,DeepSeparator,8,-0.008433146349689714,,,,15.0,,3,,5.0,5.0,runs/sleep_edf_formal_all_subjects_20260817_010000/sleep_edf_formal_downstream_rows.csv,Human subject-level effect after averaging checkpoint and contamination nuisance repetitions
mean_ci,B,Unmodified-recording evaluation,Sleep-EDF without synthetic injection,real_denoised_denoised,raw/raw,,base2,base2,0,,-0.0712731534931672,-0.0917358051175182,-0.051397298777744,,75.0,5,0.0,,,runs/sleep_edf_formal_all_subjects_20260817_010000/sleep_edf_formal_downstream_summary.csv,Mean and 95% subject-bootstrap CI across 75 subjects
subject,B,Unmodified-recording evaluation,Sleep-EDF without synthetic injection,real_denoised_denoised,raw/raw,SC400,base2,base2,0,-0.01403301032376188,,,,5.0,,5,,0.0,0.0,runs/sleep_edf_formal_all_subjects_20260817_010000/sleep_edf_formal_downstream_rows.csv,Human subject-level effect after averaging checkpoint and contamination nuisance repetitions
subject,B,Unmodified-recording evaluation,Sleep-EDF without synthetic injection,real_denoised_denoised,raw/raw,SC401,base2,base2,0,0.0052806061414355805,,,,5.0,,5,,0.0,0.0,runs/sleep_edf_formal_all_subjects_20260817_010000/sleep_edf_formal_downstream_rows.csv,Human subject-level effect after averaging checkpoint and contamination nuisance repetitions
subject,B,Unmodified-recording evaluation,Sleep-EDF without synthetic injection,real_denoised_denoised,raw/raw,SC402,base2,base2,0,-0.15749370108652347,,,,5.0,,5,,0.0,0.0,runs/sleep_edf_formal_all_subjects_20260817_010000/sleep_edf_formal_downstream_rows.csv,Human subject-level effect after averaging checkpoint and contamination nuisance repetitions
subject,B,Unmodified-recording evaluation,Sleep-EDF without synthetic injection,real_denoised_denoised,raw/raw,SC403,base2,base2,0,-0.13216579492685152,,,,5.0,,5,,0.0,0.0,runs/sleep_edf_formal_all_subjects_20260817_010000/sleep_edf_formal_downstream_rows.csv,Human subject-level effect after averaging checkpoint and contamination nuisance repetitions
subject,B,Unmodified-recording evaluation,Sleep-EDF without synthetic injection,real_denoised_denoised,raw/raw,SC404,base2,base2,0,-0.059889513764505284,,,,5.0,,5,,0.0,0.0,runs/sleep_edf_formal_all_subjects_20260817_010000/sleep_edf_formal_downstream_rows.csv,Human subject-level effect after averaging checkpoint and contamination nuisance repetitions
subject,B,Unmodified-recording evaluation,Sleep-EDF without synthetic injection,real_denoised_denoised,raw/raw,SC405,base2,base2,0,0.06784886731027859,,,,5.0,,5,,0.0,0.0,runs/sleep_edf_formal_all_subjects_20260817_010000/sleep_edf_formal_downstream_rows.csv,Human subject-level effect after averaging checkpoint and contamination nuisance repetitions
subject,B,Unmodified-recording evaluation,Sleep-EDF without synthetic injection,real_denoised_denoised,raw/raw,SC406,base2,base2,0,-0.2973962463856579,,,,5.0,,5,,0.0,0.0,runs/sleep_edf_formal_all_subjects_20260817_010000/sleep_edf_formal_downstream_rows.csv,Human subject-level effect after averaging checkpoint and contamination nuisance repetitions
subject,B,Unmodified-recording evaluation,Sleep-EDF without synthetic injection,real_denoised_denoised,raw/raw,SC407,base2,base2,0,-0.15185749975665944,,,,5.0,,5,,0.0,0.0,runs/sleep_edf_formal_all_subjects_20260817_010000/sleep_edf_formal_downstream_rows.csv,Human subject-level effect after averaging checkpoint and contamination nuisance repetitions
subject,B,Unmodified-recording evaluation,Sleep-EDF without synthetic injection,real_denoised_denoised,raw/raw,SC408,base2,base2,0,-0.10387241567432319,,,,5.0,,5,,0.0,0.0,runs/sleep_edf_formal_all_subjects_20260817_010000/sleep_edf_formal_downstream_rows.csv,Human subject-level effect after averaging checkpoint and contamination nuisance repetitions
subject,B,Unmodified-recording evaluation,Sleep-EDF without synthetic injection,real_denoised_denoised,raw/raw,SC409,base2,base2,0,-0.1006368379994274,,,,5.0,,5,,0.0,0.0,runs/sleep_edf_formal_all_subjects_20260817_010000/sleep_edf_formal_downstream_rows.csv,Human subject-level effect after averaging checkpoint and contamination nuisance repetitions
subject,B,Unmodified-recording evaluation,Sleep-EDF without synthetic injection,real_denoised_denoised,raw/raw,SC410,base2,base2,0,-0.12125411271558084,,,,5.0,,5,,0.0,0.0,runs/sleep_edf_formal_all_subjects_20260817_010000/sleep_edf_formal_downstream_rows.csv,Human subject-level effect after averaging checkpoint and contamination nuisance repetitions
subject,B,Unmodified-recording evaluation,Sleep-EDF without synthetic injection,real_denoised_denoised,raw/raw,SC411,base2,base2,0,-0.10293387273415429,,,,5.0,,5,,0.0,0.0,runs/sleep_edf_formal_all_subjects_20260817_010000/sleep_edf_formal_downstream_rows.csv,Human subject-level effect after averaging checkpoint and contamination nuisance repetitions
subject,B,Unmodified-recording evaluation,Sleep-EDF without synthetic injection,real_denoised_denoised,raw/raw,SC412,base2,base2,0,-0.00776865846530512,,,,5.0,,5,,0.0,0.0,runs/sleep_edf_formal_all_subjects_20260817_010000/sleep_edf_formal_downstream_rows.csv,Human subject-level effect after averaging checkpoint and contamination nuisance repetitions
subject,B,Unmodified-recording evaluation,Sleep-EDF without synthetic injection,real_denoised_denoised,raw/raw,SC414,base2,base2,0,0.019339054035116,,,,5.0,,5,,0.0,0.0,runs/sleep_edf_formal_all_subjects_20260817_010000/sleep_edf_formal_downstream_rows.csv,Human subject-level effect after averaging checkpoint and contamination nuisance repetitions
subject,B,Unmodified-recording evaluation,Sleep-EDF without synthetic injection,real_denoised_denoised,raw/raw,SC415,base2,base2,0,-0.29684240746167795,,,,5.0,,5,,0.0,0.0,runs/sleep_edf_formal_all_subjects_20260817_010000/sleep_edf_formal_downstream_rows.csv,Human subject-level effect after averaging checkpoint and contamination nuisance repetitions
subject,B,Unmodified-recording evaluation,Sleep-EDF without synthetic injection,real_denoised_denoised,raw/raw,SC416,base2,base2,0,0.00272701046230462,,,,5.0,,5,,0.0,0.0,runs/sleep_edf_formal_all_subjects_20260817_010000/sleep_edf_formal_downstream_rows.csv,Human subject-level effect after averaging checkpoint and contamination nuisance repetitions
subject,B,Unmodified-recording evaluation,Sleep-EDF without synthetic injection,real_denoised_denoised,raw/raw,SC417,base2,base2,0,-0.11891315341409955,,,,5.0,,5,,0.0,0.0,runs/sleep_edf_formal_all_subjects_20260817_010000/sleep_edf_formal_downstream_rows.csv,Human subject-level effect after averaging checkpoint and contamination nuisance repetitions
subject,B,Unmodified-recording evaluation,Sleep-EDF without synthetic injection,real_denoised_denoised,raw/raw,SC418,base2,base2,0,-0.0672413966832784,,,,5.0,,5,,0.0,0.0,runs/sleep_edf_formal_all_subjects_20260817_010000/sleep_edf_formal_downstream_rows.csv,Human subject-level effect after averaging checkpoint and contamination nuisance repetitions
subject,B,Unmodified-recording evaluation,Sleep-EDF without synthetic injection,real_denoised_denoised,raw/raw,SC419,base2,base2,0,-0.01650742360789654,,,,5.0,,5,,0.0,0.0,runs/sleep_edf_formal_all_subjects_20260817_010000/sleep_edf_formal_downstream_rows.csv,Human subject-level effect after averaging checkpoint and contamination nuisance repetitions
subject,B,Unmodified-recording evaluation,Sleep-EDF without synthetic injection,real_denoised_denoised,raw/raw,SC420,base2,base2,0,-0.11636176750409293,,,,5.0,,5,,0.0,0.0,runs/sleep_edf_formal_all_subjects_20260817_010000/sleep_edf_formal_downstream_rows.csv,Human subject-level effect after averaging checkpoint and contamination nuisance repetitions
subject,B,Unmodified-recording evaluation,Sleep-EDF without synthetic injection,real_denoised_denoised,raw/raw,SC421,base2,base2,0,-0.16418806822679743,,,,5.0,,5,,0.0,0.0,runs/sleep_edf_formal_all_subjects_20260817_010000/sleep_edf_formal_downstream_rows.csv,Human subject-level effect after averaging checkpoint and contamination nuisance repetitions
subject,B,Unmodified-recording evaluation,Sleep-EDF without synthetic injection,real_denoised_denoised,raw/raw,SC422,base2,base2,0,0.054264855528467014,,,,5.0,,5,,0.0,0.0,runs/sleep_edf_formal_all_subjects_20260817_010000/sleep_edf_formal_downstream_rows.csv,Human subject-level effect after averaging checkpoint and contamination nuisance repetitions
subject,B,Unmodified-recording evaluation,Sleep-EDF without synthetic injection,real_denoised_denoised,raw/raw,SC423,base2,base2,0,0.06369140566408404,,,,5.0,,5,,0.0,0.0,runs/sleep_edf_formal_all_subjects_20260817_010000/sleep_edf_formal_downstream_rows.csv,Human subject-level effect after averaging checkpoint and contamination nuisance repetitions
subject,B,Unmodified-recording evaluation,Sleep-EDF without synthetic injection,real_denoised_denoised,raw/raw,SC424,base2,base2,0,-0.15196598171879538,,,,5.0,,5,,0.0,0.0,runs/sleep_edf_formal_all_subjects_20260817_010000/sleep_edf_formal_downstream_rows.csv,Human subject-level effect after averaging checkpoint and contamination nuisance repetitions
subject,B,Unmodified-recording evaluation,Sleep-EDF without synthetic injection,real_denoised_denoised,raw/raw,SC425,base2,base2,0,0.035747435804418595,,,,5.0,,5,,0.0,0.0,runs/sleep_edf_formal_all_subjects_20260817_010000/sleep_edf_formal_downstream_rows.csv,Human subject-level effect after averaging checkpoint and contamination nuisance repetitions
subject,B,Unmodified-recording evaluation,Sleep-EDF without synthetic injection,real_denoised_denoised,raw/raw,SC426,base2,base2,0,-0.22908548842436346,,,,5.0,,5,,0.0,0.0,runs/sleep_edf_formal_all_subjects_20260817_010000/sleep_edf_formal_downstream_rows.csv,Human subject-level effect after averaging checkpoint and contamination nuisance repetitions
subject,B,Unmodified-recording evaluation,Sleep-EDF without synthetic injection,real_denoised_denoised,raw/raw,SC427,base2,base2,0,-0.01919817885909442,,,,5.0,,5,,0.0,0.0,runs/sleep_edf_formal_all_subjects_20260817_010000/sleep_edf_formal_downstream_rows.csv,Human subject-level effect after averaging checkpoint and contamination nuisance repetitions
subject,B,Unmodified-recording evaluation,Sleep-EDF without synthetic injection,real_denoised_denoised,raw/raw,SC428,base2,base2,0,-0.032090161111851076,,,,5.0,,5,,0.0,0.0,runs/sleep_edf_formal_all_subjects_20260817_010000/sleep_edf_formal_downstream_rows.csv,Human subject-level effect after averaging checkpoint and contamination nuisance repetitions
subject,B,Unmodified-recording evaluation,Sleep-EDF without synthetic injection,real_denoised_denoised,raw/raw,SC429,base2,base2,0,-0.03088714107375954,,,,5.0,,5,,0.0,0.0,runs/sleep_edf_formal_all_subjects_20260817_010000/sleep_edf_formal_downstream_rows.csv,Human subject-level effect after averaging checkpoint and contamination nuisance repetitions
subject,B,Unmodified-recording evaluation,Sleep-EDF without synthetic injection,real_denoised_denoised,raw/raw,SC430,base2,base2,0,-0.03629494430084264,,,,5.0,,5,,0.0,0.0,runs/sleep_edf_formal_all_subjects_20260817_010000/sleep_edf_formal_downstream_rows.csv,Human subject-level effect after averaging checkpoint and contamination nuisance repetitions
subject,B,Unmodified-recording evaluation,Sleep-EDF without synthetic injection,real_denoised_denoised,raw/raw,SC431,base2,base2,0,-0.08068561341388499,,,,5.0,,5,,0.0,0.0,runs/sleep_edf_formal_all_subjects_20260817_010000/sleep_edf_formal_downstream_rows.csv,Human subject-level effect after averaging checkpoint and contamination nuisance repetitions
subject,B,Unmodified-recording evaluation,Sleep-EDF without synthetic injection,real_denoised_denoised,raw/raw,SC432,base2,base2,0,-0.0657251370955502,,,,5.0,,5,,0.0,0.0,runs/sleep_edf_formal_all_subjects_20260817_010000/sleep_edf_formal_downstream_rows.csv,Human subject-level effect after averaging checkpoint and contamination nuisance repetitions
subject,B,Unmodified-recording evaluation,Sleep-EDF without synthetic injection,real_denoised_denoised,raw/raw,SC433,base2,base2,0,0.00794283028277842,,,,5.0,,5,,0.0,0.0,runs/sleep_edf_formal_all_subjects_20260817_010000/sleep_edf_formal_downstream_rows.csv,Human subject-level effect after averaging checkpoint and contamination nuisance repetitions
subject,B,Unmodified-recording evaluation,Sleep-EDF without synthetic injection,real_denoised_denoised,raw/raw,SC434,base2,base2,0,-0.037424096291800976,,,,5.0,,5,,0.0,0.0,runs/sleep_edf_formal_all_subjects_20260817_010000/sleep_edf_formal_downstream_rows.csv,Human subject-level effect after averaging checkpoint and contamination nuisance repetitions
subject,B,Unmodified-recording evaluation,Sleep-EDF without synthetic injection,real_denoised_denoised,raw/raw,SC435,base2,base2,0,-0.27615566453104956,,,,5.0,,5,,0.0,0.0,runs/sleep_edf_formal_all_subjects_20260817_010000/sleep_edf_formal_downstream_rows.csv,Human subject-level effect after averaging checkpoint and contamination nuisance repetitions
subject,B,Unmodified-recording evaluation,Sleep-EDF without synthetic injection,real_denoised_denoised,raw/raw,SC437,base2,base2,0,-0.15291634629095913,,,,5.0,,5,,0.0,0.0,runs/sleep_edf_formal_all_subjects_20260817_010000/sleep_edf_formal_downstream_rows.csv,Human subject-level effect after averaging checkpoint and contamination nuisance repetitions
subject,B,Unmodified-recording evaluation,Sleep-EDF without synthetic injection,real_denoised_denoised,raw/raw,SC438,base2,base2,0,-0.1682449115263398,,,,5.0,,5,,0.0,0.0,runs/sleep_edf_formal_all_subjects_20260817_010000/sleep_edf_formal_downstream_rows.csv,Human subject-level effect after averaging checkpoint and contamination nuisance repetitions
subject,B,Unmodified-recording evaluation,Sleep-EDF without synthetic injection,real_denoised_denoised,raw/raw,SC440,base2,base2,0,-0.0756312247925531,,,,5.0,,5,,0.0,0.0,runs/sleep_edf_formal_all_subjects_20260817_010000/sleep_edf_formal_downstream_rows.csv,Human subject-level effect after averaging checkpoint and contamination nuisance repetitions
subject,B,Unmodified-recording evaluation,Sleep-EDF without synthetic injection,real_denoised_denoised,raw/raw,SC441,base2,base2,0,-0.11946171681749218,,,,5.0,,5,,0.0,0.0,runs/sleep_edf_formal_all_subjects_20260817_010000/sleep_edf_formal_downstream_rows.csv,Human subject-level effect after averaging checkpoint and contamination nuisance repetitions
subject,B,Unmodified-recording evaluation,Sleep-EDF without synthetic injection,real_denoised_denoised,raw/raw,SC442,base2,base2,0,-0.01374729504155942,,,,5.0,,5,,0.0,0.0,runs/sleep_edf_formal_all_subjects_20260817_010000/sleep_edf_formal_downstream_rows.csv,Human subject-level effect after averaging checkpoint and contamination nuisance repetitions
subject,B,Unmodified-recording evaluation,Sleep-EDF without synthetic injection,real_denoised_denoised,raw/raw,SC443,base2,base2,0,-0.04057918096189914,,,,5.0,,5,,0.0,0.0,runs/sleep_edf_formal_all_subjects_20260817_010000/sleep_edf_formal_downstream_rows.csv,Human subject-level effect after averaging checkpoint and contamination nuisance repetitions
subject,B,Unmodified-recording evaluation,Sleep-EDF without synthetic injection,real_denoised_denoised,raw/raw,SC444,base2,base2,0,-0.01664614742432108,,,,5.0,,5,,0.0,0.0,runs/sleep_edf_formal_all_subjects_20260817_010000/sleep_edf_formal_downstream_rows.csv,Human subject-level effect after averaging checkpoint and contamination nuisance repetitions
subject,B,Unmodified-recording evaluation,Sleep-EDF without synthetic injection,real_denoised_denoised,raw/raw,SC445,base2,base2,0,-0.034908047037446446,,,,5.0,,5,,0.0,0.0,runs/sleep_edf_formal_all_subjects_20260817_010000/sleep_edf_formal_downstream_rows.csv,Human subject-level effect after averaging checkpoint and contamination nuisance repetitions
subject,B,Unmodified-recording evaluation,Sleep-EDF without synthetic injection,real_denoised_denoised,raw/raw,SC446,base2,base2,0,-0.06788553511223357,,,,5.0,,5,,0.0,0.0,runs/sleep_edf_formal_all_subjects_20260817_010000/sleep_edf_formal_downstream_rows.csv,Human subject-level effect after averaging checkpoint and contamination nuisance repetitions
subject,B,Unmodified-recording evaluation,Sleep-EDF without synthetic injection,real_denoised_denoised,raw/raw,SC447,base2,base2,0,-0.23250094327461307,,,,5.0,,5,,0.0,0.0,runs/sleep_edf_formal_all_subjects_20260817_010000/sleep_edf_formal_downstream_rows.csv,Human subject-level effect after averaging checkpoint and contamination nuisance repetitions
subject,B,Unmodified-recording evaluation,Sleep-EDF without synthetic injection,real_denoised_denoised,raw/raw,SC448,base2,base2,0,-0.06931040593217618,,,,5.0,,5,,0.0,0.0,runs/sleep_edf_formal_all_subjects_20260817_010000/sleep_edf_formal_downstream_rows.csv,Human subject-level effect after averaging checkpoint and contamination nuisance repetitions
subject,B,Unmodified-recording evaluation,Sleep-EDF without synthetic injection,real_denoised_denoised,raw/raw,SC449,base2,base2,0,0.0151234101783045,,,,5.0,,5,,0.0,0.0,runs/sleep_edf_formal_all_subjects_20260817_010000/sleep_edf_formal_downstream_rows.csv,Human subject-level effect after averaging checkpoint and contamination nuisance repetitions
subject,B,Unmodified-recording evaluation,Sleep-EDF without synthetic injection,real_denoised_denoised,raw/raw,SC450,base2,base2,0,0.06518133883575504,,,,5.0,,5,,0.0,0.0,runs/sleep_edf_formal_all_subjects_20260817_010000/sleep_edf_formal_downstream_rows.csv,Human subject-level effect after averaging checkpoint and contamination nuisance repetitions
subject,B,Unmodified-recording evaluation,Sleep-EDF without synthetic injection,real_denoised_denoised,raw/raw,SC451,base2,base2,0,0.0369726098247289,,,,5.0,,5,,0.0,0.0,runs/sleep_edf_formal_all_subjects_20260817_010000/sleep_edf_formal_downstream_rows.csv,Human subject-level effect after averaging checkpoint and contamination nuisance repetitions
subject,B,Unmodified-recording evaluation,Sleep-EDF without synthetic injection,real_denoised_denoised,raw/raw,SC453,base2,base2,0,-0.13793579189586436,,,,5.0,,5,,0.0,0.0,runs/sleep_edf_formal_all_subjects_20260817_010000/sleep_edf_formal_downstream_rows.csv,Human subject-level effect after averaging checkpoint and contamination nuisance repetitions
subject,B,Unmodified-recording evaluation,Sleep-EDF without synthetic injection,real_denoised_denoised,raw/raw,SC454,base2,base2,0,-0.0898703345392318,,,,5.0,,5,,0.0,0.0,runs/sleep_edf_formal_all_subjects_20260817_010000/sleep_edf_formal_downstream_rows.csv,Human subject-level effect after averaging checkpoint and contamination nuisance repetitions
subject,B,Unmodified-recording evaluation,Sleep-EDF without synthetic injection,real_denoised_denoised,raw/raw,SC455,base2,base2,0,0.1413532389717648,,,,5.0,,5,,0.0,0.0,runs/sleep_edf_formal_all_subjects_20260817_010000/sleep_edf_formal_downstream_rows.csv,Human subject-level effect after averaging checkpoint and contamination nuisance repetitions
subject,B,Unmodified-recording evaluation,Sleep-EDF without synthetic injection,real_denoised_denoised,raw/raw,SC456,base2,base2,0,-0.17871189446117397,,,,5.0,,5,,0.0,0.0,runs/sleep_edf_formal_all_subjects_20260817_010000/sleep_edf_formal_downstream_rows.csv,Human subject-level effect after averaging checkpoint and contamination nuisance repetitions
subject,B,Unmodified-recording evaluation,Sleep-EDF without synthetic injection,real_denoised_denoised,raw/raw,SC457,base2,base2,0,-0.026835887303228993,,,,5.0,,5,,0.0,0.0,runs/sleep_edf_formal_all_subjects_20260817_010000/sleep_edf_formal_downstream_rows.csv,Human subject-level effect after averaging checkpoint and contamination nuisance repetitions
subject,B,Unmodified-recording evaluation,Sleep-EDF without synthetic injection,real_denoised_denoised,raw/raw,SC458,base2,base2,0,-0.05863568907931936,,,,5.0,,5,,0.0,0.0,runs/sleep_edf_formal_all_subjects_20260817_010000/sleep_edf_formal_downstream_rows.csv,Human subject-level effect after averaging checkpoint and contamination nuisance repetitions
subject,B,Unmodified-recording evaluation,Sleep-EDF without synthetic injection,real_denoised_denoised,raw/raw,SC459,base2,base2,0,-0.10363462178195222,,,,5.0,,5,,0.0,0.0,runs/sleep_edf_formal_all_subjects_20260817_010000/sleep_edf_formal_downstream_rows.csv,Human subject-level effect after averaging checkpoint and contamination nuisance repetitions
subject,B,Unmodified-recording evaluation,Sleep-EDF without synthetic injection,real_denoised_denoised,raw/raw,SC460,base2,base2,0,-0.10365929704539914,,,,5.0,,5,,0.0,0.0,runs/sleep_edf_formal_all_subjects_20260817_010000/sleep_edf_formal_downstream_rows.csv,Human subject-level effect after averaging checkpoint and contamination nuisance repetitions
subject,B,Unmodified-recording evaluation,Sleep-EDF without synthetic injection,real_denoised_denoised,raw/raw,SC461,base2,base2,0,0.11603715129022504,,,,5.0,,5,,0.0,0.0,runs/sleep_edf_formal_all_subjects_20260817_010000/sleep_edf_formal_downstream_rows.csv,Human subject-level effect after averaging checkpoint and contamination nuisance repetitions
subject,B,Unmodified-recording evaluation,Sleep-EDF without synthetic injection,real_denoised_denoised,raw/raw,SC462,base2,base2,0,-0.10514452829326586,,,,5.0,,5,,0.0,0.0,runs/sleep_edf_formal_all_subjects_20260817_010000/sleep_edf_formal_downstream_rows.csv,Human subject-level effect after averaging checkpoint and contamination nuisance repetitions
subject,B,Unmodified-recording evaluation,Sleep-EDF without synthetic injection,real_denoised_denoised,raw/raw,SC463,base2,base2,0,-0.14435103792629983,,,,5.0,,5,,0.0,0.0,runs/sleep_edf_formal_all_subjects_20260817_010000/sleep_edf_formal_downstream_rows.csv,Human subject-level effect after averaging checkpoint and contamination nuisance repetitions
subject,B,Unmodified-recording evaluation,Sleep-EDF without synthetic injection,real_denoised_denoised,raw/raw,SC464,base2,base2,0,-0.07816394142339682,,,,5.0,,5,,0.0,0.0,runs/sleep_edf_formal_all_subjects_20260817_010000/sleep_edf_formal_downstream_rows.csv,Human subject-level effect after averaging checkpoint and contamination nuisance repetitions
subject,B,Unmodified-recording evaluation,Sleep-EDF without synthetic injection,real_denoised_denoised,raw/raw,SC465,base2,base2,0,-0.03369544678558878,,,,5.0,,5,,0.0,0.0,runs/sleep_edf_formal_all_subjects_20260817_010000/sleep_edf_formal_downstream_rows.csv,Human subject-level effect after averaging checkpoint and contamination nuisance repetitions
subject,B,Unmodified-recording evaluation,Sleep-EDF without synthetic injection,real_denoised_denoised,raw/raw,SC466,base2,base2,0,-0.15917300629172007,,,,5.0,,5,,0.0,0.0,runs/sleep_edf_formal_all_subjects_20260817_010000/sleep_edf_formal_downstream_rows.csv,Human subject-level effect after averaging checkpoint and contamination nuisance repetitions
subject,B,Unmodified-recording evaluation,Sleep-EDF without synthetic injection,real_denoised_denoised,raw/raw,SC467,base2,base2,0,-0.17088577721668594,,,,5.0,,5,,0.0,0.0,runs/sleep_edf_formal_all_subjects_20260817_010000/sleep_edf_formal_downstream_rows.csv,Human subject-level effect after averaging checkpoint and contamination nuisance repetitions
subject,B,Unmodified-recording evaluation,Sleep-EDF without synthetic injection,real_denoised_denoised,raw/raw,SC470,base2,base2,0,-0.06495564915718915,,,,5.0,,5,,0.0,0.0,runs/sleep_edf_formal_all_subjects_20260817_010000/sleep_edf_formal_downstream_rows.csv,Human subject-level effect after averaging checkpoint and contamination nuisance repetitions
subject,B,Unmodified-recording evaluation,Sleep-EDF without synthetic injection,real_denoised_denoised,raw/raw,SC471,base2,base2,0,-0.19816956659291923,,,,5.0,,5,,0.0,0.0,runs/sleep_edf_formal_all_subjects_20260817_010000/sleep_edf_formal_downstream_rows.csv,Human subject-level effect after averaging checkpoint and contamination nuisance repetitions
subject,B,Unmodified-recording evaluation,Sleep-EDF without synthetic injection,real_denoised_denoised,raw/raw,SC472,base2,base2,0,-0.03359100790311778,,,,5.0,,5,,0.0,0.0,runs/sleep_edf_formal_all_subjects_20260817_010000/sleep_edf_formal_downstream_rows.csv,Human subject-level effect after averaging checkpoint and contamination nuisance repetitions
subject,B,Unmodified-recording evaluation,Sleep-EDF without synthetic injection,real_denoised_denoised,raw/raw,SC473,base2,base2,0,-0.03794745948944002,,,,5.0,,5,,0.0,0.0,runs/sleep_edf_formal_all_subjects_20260817_010000/sleep_edf_formal_downstream_rows.csv,Human subject-level effect after averaging checkpoint and contamination nuisance repetitions
subject,B,Unmodified-recording evaluation,Sleep-EDF without synthetic injection,real_denoised_denoised,raw/raw,SC474,base2,base2,0,0.008446530845780939,,,,5.0,,5,,0.0,0.0,runs/sleep_edf_formal_all_subjects_20260817_010000/sleep_edf_formal_downstream_rows.csv,Human subject-level effect after averaging checkpoint and contamination nuisance repetitions
subject,B,Unmodified-recording evaluation,Sleep-EDF without synthetic injection,real_denoised_denoised,raw/raw,SC475,base2,base2,0,0.017911640711500237,,,,5.0,,5,,0.0,0.0,runs/sleep_edf_formal_all_subjects_20260817_010000/sleep_edf_formal_downstream_rows.csv,Human subject-level effect after averaging checkpoint and contamination nuisance repetitions
subject,B,Unmodified-recording evaluation,Sleep-EDF without synthetic injection,real_denoised_denoised,raw/raw,SC476,base2,base2,0,0.05561297447809378,,,,5.0,,5,,0.0,0.0,runs/sleep_edf_formal_all_subjects_20260817_010000/sleep_edf_formal_downstream_rows.csv,Human subject-level effect after averaging checkpoint and contamination nuisance repetitions
subject,B,Unmodified-recording evaluation,Sleep-EDF without synthetic injection,real_denoised_denoised,raw/raw,SC477,base2,base2,0,-0.11030044338029805,,,,5.0,,5,,0.0,0.0,runs/sleep_edf_formal_all_subjects_20260817_010000/sleep_edf_formal_downstream_rows.csv,Human subject-level effect after averaging checkpoint and contamination nuisance repetitions
subject,B,Unmodified-recording evaluation,Sleep-EDF without synthetic injection,real_denoised_denoised,raw/raw,SC480,base2,base2,0,-0.141906078512736,,,,5.0,,5,,0.0,0.0,runs/sleep_edf_formal_all_subjects_20260817_010000/sleep_edf_formal_downstream_rows.csv,Human subject-level effect after averaging checkpoint and contamination nuisance repetitions
subject,B,Unmodified-recording evaluation,Sleep-EDF without synthetic injection,real_denoised_denoised,raw/raw,SC481,base2,base2,0,-0.07494957386538123,,,,5.0,,5,,0.0,0.0,runs/sleep_edf_formal_all_subjects_20260817_010000/sleep_edf_formal_downstream_rows.csv,Human subject-level effect after averaging checkpoint and contamination nuisance repetitions
subject,B,Unmodified-recording evaluation,Sleep-EDF without synthetic injection,real_denoised_denoised,raw/raw,SC482,base2,base2,0,-0.02575039764519222,,,,5.0,,5,,0.0,0.0,runs/sleep_edf_formal_all_subjects_20260817_010000/sleep_edf_formal_downstream_rows.csv,Human subject-level effect after averaging checkpoint and contamination nuisance repetitions
mean_ci,B,Unmodified-recording evaluation,Sleep-EDF without synthetic injection,real_denoised_denoised,raw/raw,,base4,base4,1,,-0.0771957799757328,-0.0986171052574083,-0.0553670288975201,,75.0,5,0.0,,,runs/sleep_edf_formal_all_subjects_20260817_010000/sleep_edf_formal_downstream_summary.csv,Mean and 95% subject-bootstrap CI across 75 subjects
subject,B,Unmodified-recording evaluation,Sleep-EDF without synthetic injection,real_denoised_denoised,raw/raw,SC400,base4,base4,1,0.000952007476319,,,,5.0,,5,,0.0,0.0,runs/sleep_edf_formal_all_subjects_20260817_010000/sleep_edf_formal_downstream_rows.csv,Human subject-level effect after averaging checkpoint and contamination nuisance repetitions
subject,B,Unmodified-recording evaluation,Sleep-EDF without synthetic injection,real_denoised_denoised,raw/raw,SC401,base4,base4,1,-0.018637408359400958,,,,5.0,,5,,0.0,0.0,runs/sleep_edf_formal_all_subjects_20260817_010000/sleep_edf_formal_downstream_rows.csv,Human subject-level effect after averaging checkpoint and contamination nuisance repetitions
subject,B,Unmodified-recording evaluation,Sleep-EDF without synthetic injection,real_denoised_denoised,raw/raw,SC402,base4,base4,1,-0.17640825996520254,,,,5.0,,5,,0.0,0.0,runs/sleep_edf_formal_all_subjects_20260817_010000/sleep_edf_formal_downstream_rows.csv,Human subject-level effect after averaging checkpoint and contamination nuisance repetitions
subject,B,Unmodified-recording evaluation,Sleep-EDF without synthetic injection,real_denoised_denoised,raw/raw,SC403,base4,base4,1,-0.1190792829074826,,,,5.0,,5,,0.0,0.0,runs/sleep_edf_formal_all_subjects_20260817_010000/sleep_edf_formal_downstream_rows.csv,Human subject-level effect after averaging checkpoint and contamination nuisance repetitions
subject,B,Unmodified-recording evaluation,Sleep-EDF without synthetic injection,real_denoised_denoised,raw/raw,SC404,base4,base4,1,-0.05699544274714924,,,,5.0,,5,,0.0,0.0,runs/sleep_edf_formal_all_subjects_20260817_010000/sleep_edf_formal_downstream_rows.csv,Human subject-level effect after averaging checkpoint and contamination nuisance repetitions
subject,B,Unmodified-recording evaluation,Sleep-EDF without synthetic injection,real_denoised_denoised,raw/raw,SC405,base4,base4,1,0.04752031662251152,,,,5.0,,5,,0.0,0.0,runs/sleep_edf_formal_all_subjects_20260817_010000/sleep_edf_formal_downstream_rows.csv,Human subject-level effect after averaging checkpoint and contamination nuisance repetitions
subject,B,Unmodified-recording evaluation,Sleep-EDF without synthetic injection,real_denoised_denoised,raw/raw,SC406,base4,base4,1,-0.17015956705940166,,,,5.0,,5,,0.0,0.0,runs/sleep_edf_formal_all_subjects_20260817_010000/sleep_edf_formal_downstream_rows.csv,Human subject-level effect after averaging checkpoint and contamination nuisance repetitions
subject,B,Unmodified-recording evaluation,Sleep-EDF without synthetic injection,real_denoised_denoised,raw/raw,SC407,base4,base4,1,-0.1385625060835145,,,,5.0,,5,,0.0,0.0,runs/sleep_edf_formal_all_subjects_20260817_010000/sleep_edf_formal_downstream_rows.csv,Human subject-level effect after averaging checkpoint and contamination nuisance repetitions
subject,B,Unmodified-recording evaluation,Sleep-EDF without synthetic injection,real_denoised_denoised,raw/raw,SC408,base4,base4,1,-0.13566713697161237,,,,5.0,,5,,0.0,0.0,runs/sleep_edf_formal_all_subjects_20260817_010000/sleep_edf_formal_downstream_rows.csv,Human subject-level effect after averaging checkpoint and contamination nuisance repetitions
subject,B,Unmodified-recording evaluation,Sleep-EDF without synthetic injection,real_denoised_denoised,raw/raw,SC409,base4,base4,1,-0.11069298185102457,,,,5.0,,5,,0.0,0.0,runs/sleep_edf_formal_all_subjects_20260817_010000/sleep_edf_formal_downstream_rows.csv,Human subject-level effect after averaging checkpoint and contamination nuisance repetitions
subject,B,Unmodified-recording evaluation,Sleep-EDF without synthetic injection,real_denoised_denoised,raw/raw,SC410,base4,base4,1,-0.13787645322284212,,,,5.0,,5,,0.0,0.0,runs/sleep_edf_formal_all_subjects_20260817_010000/sleep_edf_formal_downstream_rows.csv,Human subject-level effect after averaging checkpoint and contamination nuisance repetitions
subject,B,Unmodified-recording evaluation,Sleep-EDF without synthetic injection,real_denoised_denoised,raw/raw,SC411,base4,base4,1,-0.1848792468842528,,,,5.0,,5,,0.0,0.0,runs/sleep_edf_formal_all_subjects_20260817_010000/sleep_edf_formal_downstream_rows.csv,Human subject-level effect after averaging checkpoint and contamination nuisance repetitions
subject,B,Unmodified-recording evaluation,Sleep-EDF without synthetic injection,real_denoised_denoised,raw/raw,SC412,base4,base4,1,-0.04083660719279168,,,,5.0,,5,,0.0,0.0,runs/sleep_edf_formal_all_subjects_20260817_010000/sleep_edf_formal_downstream_rows.csv,Human subject-level effect after averaging checkpoint and contamination nuisance repetitions
subject,B,Unmodified-recording evaluation,Sleep-EDF without synthetic injection,real_denoised_denoised,raw/raw,SC414,base4,base4,1,0.0366900950872645,,,,5.0,,5,,0.0,0.0,runs/sleep_edf_formal_all_subjects_20260817_010000/sleep_edf_formal_downstream_rows.csv,Human subject-level effect after averaging checkpoint and contamination nuisance repetitions
subject,B,Unmodified-recording evaluation,Sleep-EDF without synthetic injection,real_denoised_denoised,raw/raw,SC415,base4,base4,1,-0.2639363595589459,,,,5.0,,5,,0.0,0.0,runs/sleep_edf_formal_all_subjects_20260817_010000/sleep_edf_formal_downstream_rows.csv,Human subject-level effect after averaging checkpoint and contamination nuisance repetitions
subject,B,Unmodified-recording evaluation,Sleep-EDF without synthetic injection,real_denoised_denoised,raw/raw,SC416,base4,base4,1,-0.04489712017285538,,,,5.0,,5,,0.0,0.0,runs/sleep_edf_formal_all_subjects_20260817_010000/sleep_edf_formal_downstream_rows.csv,Human subject-level effect after averaging checkpoint and contamination nuisance repetitions
subject,B,Unmodified-recording evaluation,Sleep-EDF without synthetic injection,real_denoised_denoised,raw/raw,SC417,base4,base4,1,-0.09688708719920158,,,,5.0,,5,,0.0,0.0,runs/sleep_edf_formal_all_subjects_20260817_010000/sleep_edf_formal_downstream_rows.csv,Human subject-level effect after averaging checkpoint and contamination nuisance repetitions
subject,B,Unmodified-recording evaluation,Sleep-EDF without synthetic injection,real_denoised_denoised,raw/raw,SC418,base4,base4,1,-0.0273254014462053,,,,5.0,,5,,0.0,0.0,runs/sleep_edf_formal_all_subjects_20260817_010000/sleep_edf_formal_downstream_rows.csv,Human subject-level effect after averaging checkpoint and contamination nuisance repetitions
subject,B,Unmodified-recording evaluation,Sleep-EDF without synthetic injection,real_denoised_denoised,raw/raw,SC419,base4,base4,1,-0.02184826682610018,,,,5.0,,5,,0.0,0.0,runs/sleep_edf_formal_all_subjects_20260817_010000/sleep_edf_formal_downstream_rows.csv,Human subject-level effect after averaging checkpoint and contamination nuisance repetitions
subject,B,Unmodified-recording evaluation,Sleep-EDF without synthetic injection,real_denoised_denoised,raw/raw,SC420,base4,base4,1,-0.09562609468867972,,,,5.0,,5,,0.0,0.0,runs/sleep_edf_formal_all_subjects_20260817_010000/sleep_edf_formal_downstream_rows.csv,Human subject-level effect after averaging checkpoint and contamination nuisance repetitions
subject,B,Unmodified-recording evaluation,Sleep-EDF without synthetic injection,real_denoised_denoised,raw/raw,SC421,base4,base4,1,-0.15169282948361223,,,,5.0,,5,,0.0,0.0,runs/sleep_edf_formal_all_subjects_20260817_010000/sleep_edf_formal_downstream_rows.csv,Human subject-level effect after averaging checkpoint and contamination nuisance repetitions
subject,B,Unmodified-recording evaluation,Sleep-EDF without synthetic injection,real_denoised_denoised,raw/raw,SC422,base4,base4,1,0.10441540149990851,,,,5.0,,5,,0.0,0.0,runs/sleep_edf_formal_all_subjects_20260817_010000/sleep_edf_formal_downstream_rows.csv,Human subject-level effect after averaging checkpoint and contamination nuisance repetitions
subject,B,Unmodified-recording evaluation,Sleep-EDF without synthetic injection,real_denoised_denoised,raw/raw,SC423,base4,base4,1,0.11783474168104358,,,,5.0,,5,,0.0,0.0,runs/sleep_edf_formal_all_subjects_20260817_010000/sleep_edf_formal_downstream_rows.csv,Human subject-level effect after averaging checkpoint and contamination nuisance repetitions
subject,B,Unmodified-recording evaluation,Sleep-EDF without synthetic injection,real_denoised_denoised,raw/raw,SC424,base4,base4,1,-0.1554505483915551,,,,5.0,,5,,0.0,0.0,runs/sleep_edf_formal_all_subjects_20260817_010000/sleep_edf_formal_downstream_rows.csv,Human subject-level effect after averaging checkpoint and contamination nuisance repetitions
subject,B,Unmodified-recording evaluation,Sleep-EDF without synthetic injection,real_denoised_denoised,raw/raw,SC425,base4,base4,1,0.03220982413742211,,,,5.0,,5,,0.0,0.0,runs/sleep_edf_formal_all_subjects_20260817_010000/sleep_edf_formal_downstream_rows.csv,Human subject-level effect after averaging checkpoint and contamination nuisance repetitions
subject,B,Unmodified-recording evaluation,Sleep-EDF without synthetic injection,real_denoised_denoised,raw/raw,SC426,base4,base4,1,-0.2598828263348418,,,,5.0,,5,,0.0,0.0,runs/sleep_edf_formal_all_subjects_20260817_010000/sleep_edf_formal_downstream_rows.csv,Human subject-level effect after averaging checkpoint and contamination nuisance repetitions
subject,B,Unmodified-recording evaluation,Sleep-EDF without synthetic injection,real_denoised_denoised,raw/raw,SC427,base4,base4,1,-0.04061060034645542,,,,5.0,,5,,0.0,0.0,runs/sleep_edf_formal_all_subjects_20260817_010000/sleep_edf_formal_downstream_rows.csv,Human subject-level effect after averaging checkpoint and contamination nuisance repetitions
subject,B,Unmodified-recording evaluation,Sleep-EDF without synthetic injection,real_denoised_denoised,raw/raw,SC428,base4,base4,1,-0.048359051403847865,,,,5.0,,5,,0.0,0.0,runs/sleep_edf_formal_all_subjects_20260817_010000/sleep_edf_formal_downstream_rows.csv,Human subject-level effect after averaging checkpoint and contamination nuisance repetitions
subject,B,Unmodified-recording evaluation,Sleep-EDF without synthetic injection,real_denoised_denoised,raw/raw,SC429,base4,base4,1,-0.035374409728604415,,,,5.0,,5,,0.0,0.0,runs/sleep_edf_formal_all_subjects_20260817_010000/sleep_edf_formal_downstream_rows.csv,Human subject-level effect after averaging checkpoint and contamination nuisance repetitions
subject,B,Unmodified-recording evaluation,Sleep-EDF without synthetic injection,real_denoised_denoised,raw/raw,SC430,base4,base4,1,-0.02875943035924882,,,,5.0,,5,,0.0,0.0,runs/sleep_edf_formal_all_subjects_20260817_010000/sleep_edf_formal_downstream_rows.csv,Human subject-level effect after averaging checkpoint and contamination nuisance repetitions
subject,B,Unmodified-recording evaluation,Sleep-EDF without synthetic injection,real_denoised_denoised,raw/raw,SC431,base4,base4,1,-0.12163551148453852,,,,5.0,,5,,0.0,0.0,runs/sleep_edf_formal_all_subjects_20260817_010000/sleep_edf_formal_downstream_rows.csv,Human subject-level effect after averaging checkpoint and contamination nuisance repetitions
subject,B,Unmodified-recording evaluation,Sleep-EDF without synthetic injection,real_denoised_denoised,raw/raw,SC432,base4,base4,1,-0.10824173924799366,,,,5.0,,5,,0.0,0.0,runs/sleep_edf_formal_all_subjects_20260817_010000/sleep_edf_formal_downstream_rows.csv,Human subject-level effect after averaging checkpoint and contamination nuisance repetitions
subject,B,Unmodified-recording evaluation,Sleep-EDF without synthetic injection,real_denoised_denoised,raw/raw,SC433,base4,base4,1,-0.02106676397661638,,,,5.0,,5,,0.0,0.0,runs/sleep_edf_formal_all_subjects_20260817_010000/sleep_edf_formal_downstream_rows.csv,Human subject-level effect after averaging checkpoint and contamination nuisance repetitions
subject,B,Unmodified-recording evaluation,Sleep-EDF without synthetic injection,real_denoised_denoised,raw/raw,SC434,base4,base4,1,-0.03365310501850452,,,,5.0,,5,,0.0,0.0,runs/sleep_edf_formal_all_subjects_20260817_010000/sleep_edf_formal_downstream_rows.csv,Human subject-level effect after averaging checkpoint and contamination nuisance repetitions
subject,B,Unmodified-recording evaluation,Sleep-EDF without synthetic injection,real_denoised_denoised,raw/raw,SC435,base4,base4,1,-0.3040269998519499,,,,5.0,,5,,0.0,0.0,runs/sleep_edf_formal_all_subjects_20260817_010000/sleep_edf_formal_downstream_rows.csv,Human subject-level effect after averaging checkpoint and contamination nuisance repetitions
subject,B,Unmodified-recording evaluation,Sleep-EDF without synthetic injection,real_denoised_denoised,raw/raw,SC437,base4,base4,1,-0.17996949290298264,,,,5.0,,5,,0.0,0.0,runs/sleep_edf_formal_all_subjects_20260817_010000/sleep_edf_formal_downstream_rows.csv,Human subject-level effect after averaging checkpoint and contamination nuisance repetitions
subject,B,Unmodified-recording evaluation,Sleep-EDF without synthetic injection,real_denoised_denoised,raw/raw,SC438,base4,base4,1,-0.1322935899845237,,,,5.0,,5,,0.0,0.0,runs/sleep_edf_formal_all_subjects_20260817_010000/sleep_edf_formal_downstream_rows.csv,Human subject-level effect after averaging checkpoint and contamination nuisance repetitions
subject,B,Unmodified-recording evaluation,Sleep-EDF without synthetic injection,real_denoised_denoised,raw/raw,SC440,base4,base4,1,-0.07469077382473543,,,,5.0,,5,,0.0,0.0,runs/sleep_edf_formal_all_subjects_20260817_010000/sleep_edf_formal_downstream_rows.csv,Human subject-level effect after averaging checkpoint and contamination nuisance repetitions
subject,B,Unmodified-recording evaluation,Sleep-EDF without synthetic injection,real_denoised_denoised,raw/raw,SC441,base4,base4,1,-0.13162895452623946,,,,5.0,,5,,0.0,0.0,runs/sleep_edf_formal_all_subjects_20260817_010000/sleep_edf_formal_downstream_rows.csv,Human subject-level effect after averaging checkpoint and contamination nuisance repetitions
subject,B,Unmodified-recording evaluation,Sleep-EDF without synthetic injection,real_denoised_denoised,raw/raw,SC442,base4,base4,1,-0.06029711008929324,,,,5.0,,5,,0.0,0.0,runs/sleep_edf_formal_all_subjects_20260817_010000/sleep_edf_formal_downstream_rows.csv,Human subject-level effect after averaging checkpoint and contamination nuisance repetitions
subject,B,Unmodified-recording evaluation,Sleep-EDF without synthetic injection,real_denoised_denoised,raw/raw,SC443,base4,base4,1,-0.01846353074750486,,,,5.0,,5,,0.0,0.0,runs/sleep_edf_formal_all_subjects_20260817_010000/sleep_edf_formal_downstream_rows.csv,Human subject-level effect after averaging checkpoint and contamination nuisance repetitions
subject,B,Unmodified-recording evaluation,Sleep-EDF without synthetic injection,real_denoised_denoised,raw/raw,SC444,base4,base4,1,-0.026108879239292303,,,,5.0,,5,,0.0,0.0,runs/sleep_edf_formal_all_subjects_20260817_010000/sleep_edf_formal_downstream_rows.csv,Human subject-level effect after averaging checkpoint and contamination nuisance repetitions
subject,B,Unmodified-recording evaluation,Sleep-EDF without synthetic injection,real_denoised_denoised,raw/raw,SC445,base4,base4,1,-0.02495527745390762,,,,5.0,,5,,0.0,0.0,runs/sleep_edf_formal_all_subjects_20260817_010000/sleep_edf_formal_downstream_rows.csv,Human subject-level effect after averaging checkpoint and contamination nuisance repetitions
subject,B,Unmodified-recording evaluation,Sleep-EDF without synthetic injection,real_denoised_denoised,raw/raw,SC446,base4,base4,1,-0.07807084790337072,,,,5.0,,5,,0.0,0.0,runs/sleep_edf_formal_all_subjects_20260817_010000/sleep_edf_formal_downstream_rows.csv,Human subject-level effect after averaging checkpoint and contamination nuisance repetitions
subject,B,Unmodified-recording evaluation,Sleep-EDF without synthetic injection,real_denoised_denoised,raw/raw,SC447,base4,base4,1,-0.22201760073227078,,,,5.0,,5,,0.0,0.0,runs/sleep_edf_formal_all_subjects_20260817_010000/sleep_edf_formal_downstream_rows.csv,Human subject-level effect after averaging checkpoint and contamination nuisance repetitions
subject,B,Unmodified-recording evaluation,Sleep-EDF without synthetic injection,real_denoised_denoised,raw/raw,SC448,base4,base4,1,-0.12078375826981154,,,,5.0,,5,,0.0,0.0,runs/sleep_edf_formal_all_subjects_20260817_010000/sleep_edf_formal_downstream_rows.csv,Human subject-level effect after averaging checkpoint and contamination nuisance repetitions
subject,B,Unmodified-recording evaluation,Sleep-EDF without synthetic injection,real_denoised_denoised,raw/raw,SC449,base4,base4,1,0.02125269410007926,,,,5.0,,5,,0.0,0.0,runs/sleep_edf_formal_all_subjects_20260817_010000/sleep_edf_formal_downstream_rows.csv,Human subject-level effect after averaging checkpoint and contamination nuisance repetitions
subject,B,Unmodified-recording evaluation,Sleep-EDF without synthetic injection,real_denoised_denoised,raw/raw,SC450,base4,base4,1,0.05372141437073948,,,,5.0,,5,,0.0,0.0,runs/sleep_edf_formal_all_subjects_20260817_010000/sleep_edf_formal_downstream_rows.csv,Human subject-level effect after averaging checkpoint and contamination nuisance repetitions
subject,B,Unmodified-recording evaluation,Sleep-EDF without synthetic injection,real_denoised_denoised,raw/raw,SC451,base4,base4,1,0.1306701640706589,,,,5.0,,5,,0.0,0.0,runs/sleep_edf_formal_all_subjects_20260817_010000/sleep_edf_formal_downstream_rows.csv,Human subject-level effect after averaging checkpoint and contamination nuisance repetitions
subject,B,Unmodified-recording evaluation,Sleep-EDF without synthetic injection,real_denoised_denoised,raw/raw,SC453,base4,base4,1,-0.2456301072915354,,,,5.0,,5,,0.0,0.0,runs/sleep_edf_formal_all_subjects_20260817_010000/sleep_edf_formal_downstream_rows.csv,Human subject-level effect after averaging checkpoint and contamination nuisance repetitions
subject,B,Unmodified-recording evaluation,Sleep-EDF without synthetic injection,real_denoised_denoised,raw/raw,SC454,base4,base4,1,-0.11978659618254381,,,,5.0,,5,,0.0,0.0,runs/sleep_edf_formal_all_subjects_20260817_010000/sleep_edf_formal_downstream_rows.csv,Human subject-level effect after averaging checkpoint and contamination nuisance repetitions
subject,B,Unmodified-recording evaluation,Sleep-EDF without synthetic injection,real_denoised_denoised,raw/raw,SC455,base4,base4,1,0.10144451218909101,,,,5.0,,5,,0.0,0.0,runs/sleep_edf_formal_all_subjects_20260817_010000/sleep_edf_formal_downstream_rows.csv,Human subject-level effect after averaging checkpoint and contamination nuisance repetitions
subject,B,Unmodified-recording evaluation,Sleep-EDF without synthetic injection,real_denoised_denoised,raw/raw,SC456,base4,base4,1,-0.2254310240978064,,,,5.0,,5,,0.0,0.0,runs/sleep_edf_formal_all_subjects_20260817_010000/sleep_edf_formal_downstream_rows.csv,Human subject-level effect after averaging checkpoint and contamination nuisance repetitions
subject,B,Unmodified-recording evaluation,Sleep-EDF without synthetic injection,real_denoised_denoised,raw/raw,SC457,base4,base4,1,0.027547087592596296,,,,5.0,,5,,0.0,0.0,runs/sleep_edf_formal_all_subjects_20260817_010000/sleep_edf_formal_downstream_rows.csv,Human subject-level effect after averaging checkpoint and contamination nuisance repetitions
subject,B,Unmodified-recording evaluation,Sleep-EDF without synthetic injection,real_denoised_denoised,raw/raw,SC458,base4,base4,1,-0.05548391097096256,,,,5.0,,5,,0.0,0.0,runs/sleep_edf_formal_all_subjects_20260817_010000/sleep_edf_formal_downstream_rows.csv,Human subject-level effect after averaging checkpoint and contamination nuisance repetitions
subject,B,Unmodified-recording evaluation,Sleep-EDF without synthetic injection,real_denoised_denoised,raw/raw,SC459,base4,base4,1,-0.12853963634771598,,,,5.0,,5,,0.0,0.0,runs/sleep_edf_formal_all_subjects_20260817_010000/sleep_edf_formal_downstream_rows.csv,Human subject-level effect after averaging checkpoint and contamination nuisance repetitions
subject,B,Unmodified-recording evaluation,Sleep-EDF without synthetic injection,real_denoised_denoised,raw/raw,SC460,base4,base4,1,-0.1869584212473313,,,,5.0,,5,,0.0,0.0,runs/sleep_edf_formal_all_subjects_20260817_010000/sleep_edf_formal_downstream_rows.csv,Human subject-level effect after averaging checkpoint and contamination nuisance repetitions
subject,B,Unmodified-recording evaluation,Sleep-EDF without synthetic injection,real_denoised_denoised,raw/raw,SC461,base4,base4,1,0.13702944704359227,,,,5.0,,5,,0.0,0.0,runs/sleep_edf_formal_all_subjects_20260817_010000/sleep_edf_formal_downstream_rows.csv,Human subject-level effect after averaging checkpoint and contamination nuisance repetitions
subject,B,Unmodified-recording evaluation,Sleep-EDF without synthetic injection,real_denoised_denoised,raw/raw,SC462,base4,base4,1,-0.11112570662349733,,,,5.0,,5,,0.0,0.0,runs/sleep_edf_formal_all_subjects_20260817_010000/sleep_edf_formal_downstream_rows.csv,Human subject-level effect after averaging checkpoint and contamination nuisance repetitions
subject,B,Unmodified-recording evaluation,Sleep-EDF without synthetic injection,real_denoised_denoised,raw/raw,SC463,base4,base4,1,-0.1301322975269143,,,,5.0,,5,,0.0,0.0,runs/sleep_edf_formal_all_subjects_20260817_010000/sleep_edf_formal_downstream_rows.csv,Human subject-level effect after averaging checkpoint and contamination nuisance repetitions
subject,B,Unmodified-recording evaluation,Sleep-EDF without synthetic injection,real_denoised_denoised,raw/raw,SC464,base4,base4,1,-0.05409318114605318,,,,5.0,,5,,0.0,0.0,runs/sleep_edf_formal_all_subjects_20260817_010000/sleep_edf_formal_downstream_rows.csv,Human subject-level effect after averaging checkpoint and contamination nuisance repetitions
subject,B,Unmodified-recording evaluation,Sleep-EDF without synthetic injection,real_denoised_denoised,raw/raw,SC465,base4,base4,1,-0.04087330768768886,,,,5.0,,5,,0.0,0.0,runs/sleep_edf_formal_all_subjects_20260817_010000/sleep_edf_formal_downstream_rows.csv,Human subject-level effect after averaging checkpoint and contamination nuisance repetitions
subject,B,Unmodified-recording evaluation,Sleep-EDF without synthetic injection,real_denoised_denoised,raw/raw,SC466,base4,base4,1,-0.24052125109376404,,,,5.0,,5,,0.0,0.0,runs/sleep_edf_formal_all_subjects_20260817_010000/sleep_edf_formal_downstream_rows.csv,Human subject-level effect after averaging checkpoint and contamination nuisance repetitions
subject,B,Unmodified-recording evaluation,Sleep-EDF without synthetic injection,real_denoised_denoised,raw/raw,SC467,base4,base4,1,-0.07450393927521702,,,,5.0,,5,,0.0,0.0,runs/sleep_edf_formal_all_subjects_20260817_010000/sleep_edf_formal_downstream_rows.csv,Human subject-level effect after averaging checkpoint and contamination nuisance repetitions
subject,B,Unmodified-recording evaluation,Sleep-EDF without synthetic injection,real_denoised_denoised,raw/raw,SC470,base4,base4,1,-0.04346630813849626,,,,5.0,,5,,0.0,0.0,runs/sleep_edf_formal_all_subjects_20260817_010000/sleep_edf_formal_downstream_rows.csv,Human subject-level effect after averaging checkpoint and contamination nuisance repetitions
subject,B,Unmodified-recording evaluation,Sleep-EDF without synthetic injection,real_denoised_denoised,raw/raw,SC471,base4,base4,1,-0.26140484287709315,,,,5.0,,5,,0.0,0.0,runs/sleep_edf_formal_all_subjects_20260817_010000/sleep_edf_formal_downstream_rows.csv,Human subject-level effect after averaging checkpoint and contamination nuisance repetitions
subject,B,Unmodified-recording evaluation,Sleep-EDF without synthetic injection,real_denoised_denoised,raw/raw,SC472,base4,base4,1,-0.08455898753870195,,,,5.0,,5,,0.0,0.0,runs/sleep_edf_formal_all_subjects_20260817_010000/sleep_edf_formal_downstream_rows.csv,Human subject-level effect after averaging checkpoint and contamination nuisance repetitions
subject,B,Unmodified-recording evaluation,Sleep-EDF without synthetic injection,real_denoised_denoised,raw/raw,SC473,base4,base4,1,-0.02699352107048546,,,,5.0,,5,,0.0,0.0,runs/sleep_edf_formal_all_subjects_20260817_010000/sleep_edf_formal_downstream_rows.csv,Human subject-level effect after averaging checkpoint and contamination nuisance repetitions
subject,B,Unmodified-recording evaluation,Sleep-EDF without synthetic injection,real_denoised_denoised,raw/raw,SC474,base4,base4,1,-0.00967222623861374,,,,5.0,,5,,0.0,0.0,runs/sleep_edf_formal_all_subjects_20260817_010000/sleep_edf_formal_downstream_rows.csv,Human subject-level effect after averaging checkpoint and contamination nuisance repetitions
subject,B,Unmodified-recording evaluation,Sleep-EDF without synthetic injection,real_denoised_denoised,raw/raw,SC475,base4,base4,1,0.0082475638154512,,,,5.0,,5,,0.0,0.0,runs/sleep_edf_formal_all_subjects_20260817_010000/sleep_edf_formal_downstream_rows.csv,Human subject-level effect after averaging checkpoint and contamination nuisance repetitions
subject,B,Unmodified-recording evaluation,Sleep-EDF without synthetic injection,real_denoised_denoised,raw/raw,SC476,base4,base4,1,0.06757016430412241,,,,5.0,,5,,0.0,0.0,runs/sleep_edf_formal_all_subjects_20260817_010000/sleep_edf_formal_downstream_rows.csv,Human subject-level effect after averaging checkpoint and contamination nuisance repetitions
subject,B,Unmodified-recording evaluation,Sleep-EDF without synthetic injection,real_denoised_denoised,raw/raw,SC477,base4,base4,1,-0.11385321160094289,,,,5.0,,5,,0.0,0.0,runs/sleep_edf_formal_all_subjects_20260817_010000/sleep_edf_formal_downstream_rows.csv,Human subject-level effect after averaging checkpoint and contamination nuisance repetitions
subject,B,Unmodified-recording evaluation,Sleep-EDF without synthetic injection,real_denoised_denoised,raw/raw,SC480,base4,base4,1,-0.19851882025585516,,,,5.0,,5,,0.0,0.0,runs/sleep_edf_formal_all_subjects_20260817_010000/sleep_edf_formal_downstream_rows.csv,Human subject-level effect after averaging checkpoint and contamination nuisance repetitions
subject,B,Unmodified-recording evaluation,Sleep-EDF without synthetic injection,real_denoised_denoised,raw/raw,SC481,base4,base4,1,-0.07148302927513843,,,,5.0,,5,,0.0,0.0,runs/sleep_edf_formal_all_subjects_20260817_010000/sleep_edf_formal_downstream_rows.csv,Human subject-level effect after averaging checkpoint and contamination nuisance repetitions
subject,B,Unmodified-recording evaluation,Sleep-EDF without synthetic injection,real_denoised_denoised,raw/raw,SC482,base4,base4,1,-0.035409751246038276,,,,5.0,,5,,0.0,0.0,runs/sleep_edf_formal_all_subjects_20260817_010000/sleep_edf_formal_downstream_rows.csv,Human subject-level effect after averaging checkpoint and contamination nuisance repetitions
mean_ci,B,Unmodified-recording evaluation,Sleep-EDF without synthetic injection,real_denoised_denoised,raw/raw,,base6,base6,2,,-0.0744398925842772,-0.0949954763197595,-0.0540685385939551,,75.0,5,0.0,,,runs/sleep_edf_formal_all_subjects_20260817_010000/sleep_edf_formal_downstream_summary.csv,Mean and 95% subject-bootstrap CI across 75 subjects
subject,B,Unmodified-recording evaluation,Sleep-EDF without synthetic injection,real_denoised_denoised,raw/raw,SC400,base6,base6,2,0.0007664161348797603,,,,5.0,,5,,0.0,0.0,runs/sleep_edf_formal_all_subjects_20260817_010000/sleep_edf_formal_downstream_rows.csv,Human subject-level effect after averaging checkpoint and contamination nuisance repetitions
subject,B,Unmodified-recording evaluation,Sleep-EDF without synthetic injection,real_denoised_denoised,raw/raw,SC401,base6,base6,2,-0.0111722519944713,,,,5.0,,5,,0.0,0.0,runs/sleep_edf_formal_all_subjects_20260817_010000/sleep_edf_formal_downstream_rows.csv,Human subject-level effect after averaging checkpoint and contamination nuisance repetitions
subject,B,Unmodified-recording evaluation,Sleep-EDF without synthetic injection,real_denoised_denoised,raw/raw,SC402,base6,base6,2,-0.20117290726387496,,,,5.0,,5,,0.0,0.0,runs/sleep_edf_formal_all_subjects_20260817_010000/sleep_edf_formal_downstream_rows.csv,Human subject-level effect after averaging checkpoint and contamination nuisance repetitions
subject,B,Unmodified-recording evaluation,Sleep-EDF without synthetic injection,real_denoised_denoised,raw/raw,SC403,base6,base6,2,-0.10705895151232717,,,,5.0,,5,,0.0,0.0,runs/sleep_edf_formal_all_subjects_20260817_010000/sleep_edf_formal_downstream_rows.csv,Human subject-level effect after averaging checkpoint and contamination nuisance repetitions
subject,B,Unmodified-recording evaluation,Sleep-EDF without synthetic injection,real_denoised_denoised,raw/raw,SC404,base6,base6,2,-0.055780501611302824,,,,5.0,,5,,0.0,0.0,runs/sleep_edf_formal_all_subjects_20260817_010000/sleep_edf_formal_downstream_rows.csv,Human subject-level effect after averaging checkpoint and contamination nuisance repetitions
subject,B,Unmodified-recording evaluation,Sleep-EDF without synthetic injection,real_denoised_denoised,raw/raw,SC405,base6,base6,2,0.05389720053633196,,,,5.0,,5,,0.0,0.0,runs/sleep_edf_formal_all_subjects_20260817_010000/sleep_edf_formal_downstream_rows.csv,Human subject-level effect after averaging checkpoint and contamination nuisance repetitions
subject,B,Unmodified-recording evaluation,Sleep-EDF without synthetic injection,real_denoised_denoised,raw/raw,SC406,base6,base6,2,-0.1144431644849984,,,,5.0,,5,,0.0,0.0,runs/sleep_edf_formal_all_subjects_20260817_010000/sleep_edf_formal_downstream_rows.csv,Human subject-level effect after averaging checkpoint and contamination nuisance repetitions
subject,B,Unmodified-recording evaluation,Sleep-EDF without synthetic injection,real_denoised_denoised,raw/raw,SC407,base6,base6,2,-0.12970745054778673,,,,5.0,,5,,0.0,0.0,runs/sleep_edf_formal_all_subjects_20260817_010000/sleep_edf_formal_downstream_rows.csv,Human subject-level effect after averaging checkpoint and contamination nuisance repetitions
subject,B,Unmodified-recording evaluation,Sleep-EDF without synthetic injection,real_denoised_denoised,raw/raw,SC408,base6,base6,2,-0.12303120943619834,,,,5.0,,5,,0.0,0.0,runs/sleep_edf_formal_all_subjects_20260817_010000/sleep_edf_formal_downstream_rows.csv,Human subject-level effect after averaging checkpoint and contamination nuisance repetitions
subject,B,Unmodified-recording evaluation,Sleep-EDF without synthetic injection,real_denoised_denoised,raw/raw,SC409,base6,base6,2,-0.09213094775486033,,,,5.0,,5,,0.0,0.0,runs/sleep_edf_formal_all_subjects_20260817_010000/sleep_edf_formal_downstream_rows.csv,Human subject-level effect after averaging checkpoint and contamination nuisance repetitions
subject,B,Unmodified-recording evaluation,Sleep-EDF without synthetic injection,real_denoised_denoised,raw/raw,SC410,base6,base6,2,-0.14115531797047368,,,,5.0,,5,,0.0,0.0,runs/sleep_edf_formal_all_subjects_20260817_010000/sleep_edf_formal_downstream_rows.csv,Human subject-level effect after averaging checkpoint and contamination nuisance repetitions
subject,B,Unmodified-recording evaluation,Sleep-EDF without synthetic injection,real_denoised_denoised,raw/raw,SC411,base6,base6,2,-0.13820494910759284,,,,5.0,,5,,0.0,0.0,runs/sleep_edf_formal_all_subjects_20260817_010000/sleep_edf_formal_downstream_rows.csv,Human subject-level effect after averaging checkpoint and contamination nuisance repetitions
subject,B,Unmodified-recording evaluation,Sleep-EDF without synthetic injection,real_denoised_denoised,raw/raw,SC412,base6,base6,2,-0.033089120100085204,,,,5.0,,5,,0.0,0.0,runs/sleep_edf_formal_all_subjects_20260817_010000/sleep_edf_formal_downstream_rows.csv,Human subject-level effect after averaging checkpoint and contamination nuisance repetitions
subject,B,Unmodified-recording evaluation,Sleep-EDF without synthetic injection,real_denoised_denoised,raw/raw,SC414,base6,base6,2,0.03646448101916442,,,,5.0,,5,,0.0,0.0,runs/sleep_edf_formal_all_subjects_20260817_010000/sleep_edf_formal_downstream_rows.csv,Human subject-level effect after averaging checkpoint and contamination nuisance repetitions
subject,B,Unmodified-recording evaluation,Sleep-EDF without synthetic injection,real_denoised_denoised,raw/raw,SC415,base6,base6,2,-0.19696116277904857,,,,5.0,,5,,0.0,0.0,runs/sleep_edf_formal_all_subjects_20260817_010000/sleep_edf_formal_downstream_rows.csv,Human subject-level effect after averaging checkpoint and contamination nuisance repetitions
subject,B,Unmodified-recording evaluation,Sleep-EDF without synthetic injection,real_denoised_denoised,raw/raw,SC416,base6,base6,2,-0.04780314347961398,,,,5.0,,5,,0.0,0.0,runs/sleep_edf_formal_all_subjects_20260817_010000/sleep_edf_formal_downstream_rows.csv,Human subject-level effect after averaging checkpoint and contamination nuisance repetitions
subject,B,Unmodified-recording evaluation,Sleep-EDF without synthetic injection,real_denoised_denoised,raw/raw,SC417,base6,base6,2,-0.05536292659639136,,,,5.0,,5,,0.0,0.0,runs/sleep_edf_formal_all_subjects_20260817_010000/sleep_edf_formal_downstream_rows.csv,Human subject-level effect after averaging checkpoint and contamination nuisance repetitions
subject,B,Unmodified-recording evaluation,Sleep-EDF without synthetic injection,real_denoised_denoised,raw/raw,SC418,base6,base6,2,-0.01144687276909254,,,,5.0,,5,,0.0,0.0,runs/sleep_edf_formal_all_subjects_20260817_010000/sleep_edf_formal_downstream_rows.csv,Human subject-level effect after averaging checkpoint and contamination nuisance repetitions
subject,B,Unmodified-recording evaluation,Sleep-EDF without synthetic injection,real_denoised_denoised,raw/raw,SC419,base6,base6,2,-0.01221035728517922,,,,5.0,,5,,0.0,0.0,runs/sleep_edf_formal_all_subjects_20260817_010000/sleep_edf_formal_downstream_rows.csv,Human subject-level effect after averaging checkpoint and contamination nuisance repetitions
subject,B,Unmodified-recording evaluation,Sleep-EDF without synthetic injection,real_denoised_denoised,raw/raw,SC420,base6,base6,2,-0.10246689879949833,,,,5.0,,5,,0.0,0.0,runs/sleep_edf_formal_all_subjects_20260817_010000/sleep_edf_formal_downstream_rows.csv,Human subject-level effect after averaging checkpoint and contamination nuisance repetitions
subject,B,Unmodified-recording evaluation,Sleep-EDF without synthetic injection,real_denoised_denoised,raw/raw,SC421,base6,base6,2,-0.13560943016315882,,,,5.0,,5,,0.0,0.0,runs/sleep_edf_formal_all_subjects_20260817_010000/sleep_edf_formal_downstream_rows.csv,Human subject-level effect after averaging checkpoint and contamination nuisance repetitions
subject,B,Unmodified-recording evaluation,Sleep-EDF without synthetic injection,real_denoised_denoised,raw/raw,SC422,base6,base6,2,0.06054650866149706,,,,5.0,,5,,0.0,0.0,runs/sleep_edf_formal_all_subjects_20260817_010000/sleep_edf_formal_downstream_rows.csv,Human subject-level effect after averaging checkpoint and contamination nuisance repetitions
subject,B,Unmodified-recording evaluation,Sleep-EDF without synthetic injection,real_denoised_denoised,raw/raw,SC423,base6,base6,2,0.1095262753693403,,,,5.0,,5,,0.0,0.0,runs/sleep_edf_formal_all_subjects_20260817_010000/sleep_edf_formal_downstream_rows.csv,Human subject-level effect after averaging checkpoint and contamination nuisance repetitions
subject,B,Unmodified-recording evaluation,Sleep-EDF without synthetic injection,real_denoised_denoised,raw/raw,SC424,base6,base6,2,-0.1763870194050463,,,,5.0,,5,,0.0,0.0,runs/sleep_edf_formal_all_subjects_20260817_010000/sleep_edf_formal_downstream_rows.csv,Human subject-level effect after averaging checkpoint and contamination nuisance repetitions
subject,B,Unmodified-recording evaluation,Sleep-EDF without synthetic injection,real_denoised_denoised,raw/raw,SC425,base6,base6,2,0.012761590270205842,,,,5.0,,5,,0.0,0.0,runs/sleep_edf_formal_all_subjects_20260817_010000/sleep_edf_formal_downstream_rows.csv,Human subject-level effect after averaging checkpoint and contamination nuisance repetitions
subject,B,Unmodified-recording evaluation,Sleep-EDF without synthetic injection,real_denoised_denoised,raw/raw,SC426,base6,base6,2,-0.253277406498532,,,,5.0,,5,,0.0,0.0,runs/sleep_edf_formal_all_subjects_20260817_010000/sleep_edf_formal_downstream_rows.csv,Human subject-level effect after averaging checkpoint and contamination nuisance repetitions
subject,B,Unmodified-recording evaluation,Sleep-EDF without synthetic injection,real_denoised_denoised,raw/raw,SC427,base6,base6,2,-0.043304114340971256,,,,5.0,,5,,0.0,0.0,runs/sleep_edf_formal_all_subjects_20260817_010000/sleep_edf_formal_downstream_rows.csv,Human subject-level effect after averaging checkpoint and contamination nuisance repetitions
subject,B,Unmodified-recording evaluation,Sleep-EDF without synthetic injection,real_denoised_denoised,raw/raw,SC428,base6,base6,2,-0.04037038104023588,,,,5.0,,5,,0.0,0.0,runs/sleep_edf_formal_all_subjects_20260817_010000/sleep_edf_formal_downstream_rows.csv,Human subject-level effect after averaging checkpoint and contamination nuisance repetitions
subject,B,Unmodified-recording evaluation,Sleep-EDF without synthetic injection,real_denoised_denoised,raw/raw,SC429,base6,base6,2,-0.04048658530604432,,,,5.0,,5,,0.0,0.0,runs/sleep_edf_formal_all_subjects_20260817_010000/sleep_edf_formal_downstream_rows.csv,Human subject-level effect after averaging checkpoint and contamination nuisance repetitions
subject,B,Unmodified-recording evaluation,Sleep-EDF without synthetic injection,real_denoised_denoised,raw/raw,SC430,base6,base6,2,-0.021271960378130877,,,,5.0,,5,,0.0,0.0,runs/sleep_edf_formal_all_subjects_20260817_010000/sleep_edf_formal_downstream_rows.csv,Human subject-level effect after averaging checkpoint and contamination nuisance repetitions
subject,B,Unmodified-recording evaluation,Sleep-EDF without synthetic injection,real_denoised_denoised,raw/raw,SC431,base6,base6,2,-0.1284928816879582,,,,5.0,,5,,0.0,0.0,runs/sleep_edf_formal_all_subjects_20260817_010000/sleep_edf_formal_downstream_rows.csv,Human subject-level effect after averaging checkpoint and contamination nuisance repetitions
subject,B,Unmodified-recording evaluation,Sleep-EDF without synthetic injection,real_denoised_denoised,raw/raw,SC432,base6,base6,2,-0.11059864471148402,,,,5.0,,5,,0.0,0.0,runs/sleep_edf_formal_all_subjects_20260817_010000/sleep_edf_formal_downstream_rows.csv,Human subject-level effect after averaging checkpoint and contamination nuisance repetitions
subject,B,Unmodified-recording evaluation,Sleep-EDF without synthetic injection,real_denoised_denoised,raw/raw,SC433,base6,base6,2,-0.021652260659706442,,,,5.0,,5,,0.0,0.0,runs/sleep_edf_formal_all_subjects_20260817_010000/sleep_edf_formal_downstream_rows.csv,Human subject-level effect after averaging checkpoint and contamination nuisance repetitions
subject,B,Unmodified-recording evaluation,Sleep-EDF without synthetic injection,real_denoised_denoised,raw/raw,SC434,base6,base6,2,-0.02177167305731946,,,,5.0,,5,,0.0,0.0,runs/sleep_edf_formal_all_subjects_20260817_010000/sleep_edf_formal_downstream_rows.csv,Human subject-level effect after averaging checkpoint and contamination nuisance repetitions
subject,B,Unmodified-recording evaluation,Sleep-EDF without synthetic injection,real_denoised_denoised,raw/raw,SC435,base6,base6,2,-0.27979950317839997,,,,5.0,,5,,0.0,0.0,runs/sleep_edf_formal_all_subjects_20260817_010000/sleep_edf_formal_downstream_rows.csv,Human subject-level effect after averaging checkpoint and contamination nuisance repetitions
subject,B,Unmodified-recording evaluation,Sleep-EDF without synthetic injection,real_denoised_denoised,raw/raw,SC437,base6,base6,2,-0.19004972501740913,,,,5.0,,5,,0.0,0.0,runs/sleep_edf_formal_all_subjects_20260817_010000/sleep_edf_formal_downstream_rows.csv,Human subject-level effect after averaging checkpoint and contamination nuisance repetitions
subject,B,Unmodified-recording evaluation,Sleep-EDF without synthetic injection,real_denoised_denoised,raw/raw,SC438,base6,base6,2,-0.12199302023367768,,,,5.0,,5,,0.0,0.0,runs/sleep_edf_formal_all_subjects_20260817_010000/sleep_edf_formal_downstream_rows.csv,Human subject-level effect after averaging checkpoint and contamination nuisance repetitions
subject,B,Unmodified-recording evaluation,Sleep-EDF without synthetic injection,real_denoised_denoised,raw/raw,SC440,base6,base6,2,-0.10043827244190924,,,,5.0,,5,,0.0,0.0,runs/sleep_edf_formal_all_subjects_20260817_010000/sleep_edf_formal_downstream_rows.csv,Human subject-level effect after averaging checkpoint and contamination nuisance repetitions
subject,B,Unmodified-recording evaluation,Sleep-EDF without synthetic injection,real_denoised_denoised,raw/raw,SC441,base6,base6,2,-0.09498416959087383,,,,5.0,,5,,0.0,0.0,runs/sleep_edf_formal_all_subjects_20260817_010000/sleep_edf_formal_downstream_rows.csv,Human subject-level effect after averaging checkpoint and contamination nuisance repetitions
subject,B,Unmodified-recording evaluation,Sleep-EDF without synthetic injection,real_denoised_denoised,raw/raw,SC442,base6,base6,2,-0.07221937245445552,,,,5.0,,5,,0.0,0.0,runs/sleep_edf_formal_all_subjects_20260817_010000/sleep_edf_formal_downstream_rows.csv,Human subject-level effect after averaging checkpoint and contamination nuisance repetitions
subject,B,Unmodified-recording evaluation,Sleep-EDF without synthetic injection,real_denoised_denoised,raw/raw,SC443,base6,base6,2,-0.015483743979385739,,,,5.0,,5,,0.0,0.0,runs/sleep_edf_formal_all_subjects_20260817_010000/sleep_edf_formal_downstream_rows.csv,Human subject-level effect after averaging checkpoint and contamination nuisance repetitions
subject,B,Unmodified-recording evaluation,Sleep-EDF without synthetic injection,real_denoised_denoised,raw/raw,SC444,base6,base6,2,-0.031835037794790175,,,,5.0,,5,,0.0,0.0,runs/sleep_edf_formal_all_subjects_20260817_010000/sleep_edf_formal_downstream_rows.csv,Human subject-level effect after averaging checkpoint and contamination nuisance repetitions
subject,B,Unmodified-recording evaluation,Sleep-EDF without synthetic injection,real_denoised_denoised,raw/raw,SC445,base6,base6,2,-0.02355521921005304,,,,5.0,,5,,0.0,0.0,runs/sleep_edf_formal_all_subjects_20260817_010000/sleep_edf_formal_downstream_rows.csv,Human subject-level effect after averaging checkpoint and contamination nuisance repetitions
subject,B,Unmodified-recording evaluation,Sleep-EDF without synthetic injection,real_denoised_denoised,raw/raw,SC446,base6,base6,2,-0.06270425137493714,,,,5.0,,5,,0.0,0.0,runs/sleep_edf_formal_all_subjects_20260817_010000/sleep_edf_formal_downstream_rows.csv,Human subject-level effect after averaging checkpoint and contamination nuisance repetitions
subject,B,Unmodified-recording evaluation,Sleep-EDF without synthetic injection,real_denoised_denoised,raw/raw,SC447,base6,base6,2,-0.23623288756350308,,,,5.0,,5,,0.0,0.0,runs/sleep_edf_formal_all_subjects_20260817_010000/sleep_edf_formal_downstream_rows.csv,Human subject-level effect after averaging checkpoint and contamination nuisance repetitions
subject,B,Unmodified-recording evaluation,Sleep-EDF without synthetic injection,real_denoised_denoised,raw/raw,SC448,base6,base6,2,-0.1313121430334862,,,,5.0,,5,,0.0,0.0,runs/sleep_edf_formal_all_subjects_20260817_010000/sleep_edf_formal_downstream_rows.csv,Human subject-level effect after averaging checkpoint and contamination nuisance repetitions
subject,B,Unmodified-recording evaluation,Sleep-EDF without synthetic injection,real_denoised_denoised,raw/raw,SC449,base6,base6,2,0.0207580847871662,,,,5.0,,5,,0.0,0.0,runs/sleep_edf_formal_all_subjects_20260817_010000/sleep_edf_formal_downstream_rows.csv,Human subject-level effect after averaging checkpoint and contamination nuisance repetitions
subject,B,Unmodified-recording evaluation,Sleep-EDF without synthetic injection,real_denoised_denoised,raw/raw,SC450,base6,base6,2,0.0170487487385972,,,,5.0,,5,,0.0,0.0,runs/sleep_edf_formal_all_subjects_20260817_010000/sleep_edf_formal_downstream_rows.csv,Human subject-level effect after averaging checkpoint and contamination nuisance repetitions
subject,B,Unmodified-recording evaluation,Sleep-EDF without synthetic injection,real_denoised_denoised,raw/raw,SC451,base6,base6,2,0.08726465469656958,,,,5.0,,5,,0.0,0.0,runs/sleep_edf_formal_all_subjects_20260817_010000/sleep_edf_formal_downstream_rows.csv,Human subject-level effect after averaging checkpoint and contamination nuisance repetitions
subject,B,Unmodified-recording evaluation,Sleep-EDF without synthetic injection,real_denoised_denoised,raw/raw,SC453,base6,base6,2,-0.18589708088157417,,,,5.0,,5,,0.0,0.0,runs/sleep_edf_formal_all_subjects_20260817_010000/sleep_edf_formal_downstream_rows.csv,Human subject-level effect after averaging checkpoint and contamination nuisance repetitions
subject,B,Unmodified-recording evaluation,Sleep-EDF without synthetic injection,real_denoised_denoised,raw/raw,SC454,base6,base6,2,-0.10819028227968079,,,,5.0,,5,,0.0,0.0,runs/sleep_edf_formal_all_subjects_20260817_010000/sleep_edf_formal_downstream_rows.csv,Human subject-level effect after averaging checkpoint and contamination nuisance repetitions
subject,B,Unmodified-recording evaluation,Sleep-EDF without synthetic injection,real_denoised_denoised,raw/raw,SC455,base6,base6,2,0.09551712018233718,,,,5.0,,5,,0.0,0.0,runs/sleep_edf_formal_all_subjects_20260817_010000/sleep_edf_formal_downstream_rows.csv,Human subject-level effect after averaging checkpoint and contamination nuisance repetitions
subject,B,Unmodified-recording evaluation,Sleep-EDF without synthetic injection,real_denoised_denoised,raw/raw,SC456,base6,base6,2,-0.15935220600886543,,,,5.0,,5,,0.0,0.0,runs/sleep_edf_formal_all_subjects_20260817_010000/sleep_edf_formal_downstream_rows.csv,Human subject-level effect after averaging checkpoint and contamination nuisance repetitions
subject,B,Unmodified-recording evaluation,Sleep-EDF without synthetic injection,real_denoised_denoised,raw/raw,SC457,base6,base6,2,0.028897573661887298,,,,5.0,,5,,0.0,0.0,runs/sleep_edf_formal_all_subjects_20260817_010000/sleep_edf_formal_downstream_rows.csv,Human subject-level effect after averaging checkpoint and contamination nuisance repetitions
subject,B,Unmodified-recording evaluation,Sleep-EDF without synthetic injection,real_denoised_denoised,raw/raw,SC458,base6,base6,2,-0.05303247620001418,,,,5.0,,5,,0.0,0.0,runs/sleep_edf_formal_all_subjects_20260817_010000/sleep_edf_formal_downstream_rows.csv,Human subject-level effect after averaging checkpoint and contamination nuisance repetitions
subject,B,Unmodified-recording evaluation,Sleep-EDF without synthetic injection,real_denoised_denoised,raw/raw,SC459,base6,base6,2,-0.14792070281773315,,,,5.0,,5,,0.0,0.0,runs/sleep_edf_formal_all_subjects_20260817_010000/sleep_edf_formal_downstream_rows.csv,Human subject-level effect after averaging checkpoint and contamination nuisance repetitions
subject,B,Unmodified-recording evaluation,Sleep-EDF without synthetic injection,real_denoised_denoised,raw/raw,SC460,base6,base6,2,-0.16403612100476866,,,,5.0,,5,,0.0,0.0,runs/sleep_edf_formal_all_subjects_20260817_010000/sleep_edf_formal_downstream_rows.csv,Human subject-level effect after averaging checkpoint and contamination nuisance repetitions
subject,B,Unmodified-recording evaluation,Sleep-EDF without synthetic injection,real_denoised_denoised,raw/raw,SC461,base6,base6,2,0.10864149613602996,,,,5.0,,5,,0.0,0.0,runs/sleep_edf_formal_all_subjects_20260817_010000/sleep_edf_formal_downstream_rows.csv,Human subject-level effect after averaging checkpoint and contamination nuisance repetitions
subject,B,Unmodified-recording evaluation,Sleep-EDF without synthetic injection,real_denoised_denoised,raw/raw,SC462,base6,base6,2,-0.08315078951003661,,,,5.0,,5,,0.0,0.0,runs/sleep_edf_formal_all_subjects_20260817_010000/sleep_edf_formal_downstream_rows.csv,Human subject-level effect after averaging checkpoint and contamination nuisance repetitions
subject,B,Unmodified-recording evaluation,Sleep-EDF without synthetic injection,real_denoised_denoised,raw/raw,SC463,base6,base6,2,-0.1407946735546488,,,,5.0,,5,,0.0,0.0,runs/sleep_edf_formal_all_subjects_20260817_010000/sleep_edf_formal_downstream_rows.csv,Human subject-level effect after averaging checkpoint and contamination nuisance repetitions
subject,B,Unmodified-recording evaluation,Sleep-EDF without synthetic injection,real_denoised_denoised,raw/raw,SC464,base6,base6,2,-0.05495451274508192,,,,5.0,,5,,0.0,0.0,runs/sleep_edf_formal_all_subjects_20260817_010000/sleep_edf_formal_downstream_rows.csv,Human subject-level effect after averaging checkpoint and contamination nuisance repetitions
subject,B,Unmodified-recording evaluation,Sleep-EDF without synthetic injection,real_denoised_denoised,raw/raw,SC465,base6,base6,2,-0.04010025908155108,,,,5.0,,5,,0.0,0.0,runs/sleep_edf_formal_all_subjects_20260817_010000/sleep_edf_formal_downstream_rows.csv,Human subject-level effect after averaging checkpoint and contamination nuisance repetitions
subject,B,Unmodified-recording evaluation,Sleep-EDF without synthetic injection,real_denoised_denoised,raw/raw,SC466,base6,base6,2,-0.2437117320695513,,,,5.0,,5,,0.0,0.0,runs/sleep_edf_formal_all_subjects_20260817_010000/sleep_edf_formal_downstream_rows.csv,Human subject-level effect after averaging checkpoint and contamination nuisance repetitions
subject,B,Unmodified-recording evaluation,Sleep-EDF without synthetic injection,real_denoised_denoised,raw/raw,SC467,base6,base6,2,-0.06803069904411674,,,,5.0,,5,,0.0,0.0,runs/sleep_edf_formal_all_subjects_20260817_010000/sleep_edf_formal_downstream_rows.csv,Human subject-level effect after averaging checkpoint and contamination nuisance repetitions
subject,B,Unmodified-recording evaluation,Sleep-EDF without synthetic injection,real_denoised_denoised,raw/raw,SC470,base6,base6,2,-0.07887571039843208,,,,5.0,,5,,0.0,0.0,runs/sleep_edf_formal_all_subjects_20260817_010000/sleep_edf_formal_downstream_rows.csv,Human subject-level effect after averaging checkpoint and contamination nuisance repetitions
subject,B,Unmodified-recording evaluation,Sleep-EDF without synthetic injection,real_denoised_denoised,raw/raw,SC471,base6,base6,2,-0.3328592097033931,,,,5.0,,5,,0.0,0.0,runs/sleep_edf_formal_all_subjects_20260817_010000/sleep_edf_formal_downstream_rows.csv,Human subject-level effect after averaging checkpoint and contamination nuisance repetitions
subject,B,Unmodified-recording evaluation,Sleep-EDF without synthetic injection,real_denoised_denoised,raw/raw,SC472,base6,base6,2,-0.08337938692901335,,,,5.0,,5,,0.0,0.0,runs/sleep_edf_formal_all_subjects_20260817_010000/sleep_edf_formal_downstream_rows.csv,Human subject-level effect after averaging checkpoint and contamination nuisance repetitions
subject,B,Unmodified-recording evaluation,Sleep-EDF without synthetic injection,real_denoised_denoised,raw/raw,SC473,base6,base6,2,-0.01551397875536734,,,,5.0,,5,,0.0,0.0,runs/sleep_edf_formal_all_subjects_20260817_010000/sleep_edf_formal_downstream_rows.csv,Human subject-level effect after averaging checkpoint and contamination nuisance repetitions
subject,B,Unmodified-recording evaluation,Sleep-EDF without synthetic injection,real_denoised_denoised,raw/raw,SC474,base6,base6,2,0.0045591515524069605,,,,5.0,,5,,0.0,0.0,runs/sleep_edf_formal_all_subjects_20260817_010000/sleep_edf_formal_downstream_rows.csv,Human subject-level effect after averaging checkpoint and contamination nuisance repetitions
subject,B,Unmodified-recording evaluation,Sleep-EDF without synthetic injection,real_denoised_denoised,raw/raw,SC475,base6,base6,2,0.00756036295045268,,,,5.0,,5,,0.0,0.0,runs/sleep_edf_formal_all_subjects_20260817_010000/sleep_edf_formal_downstream_rows.csv,Human subject-level effect after averaging checkpoint and contamination nuisance repetitions
subject,B,Unmodified-recording evaluation,Sleep-EDF without synthetic injection,real_denoised_denoised,raw/raw,SC476,base6,base6,2,0.08081448663486734,,,,5.0,,5,,0.0,0.0,runs/sleep_edf_formal_all_subjects_20260817_010000/sleep_edf_formal_downstream_rows.csv,Human subject-level effect after averaging checkpoint and contamination nuisance repetitions
subject,B,Unmodified-recording evaluation,Sleep-EDF without synthetic injection,real_denoised_denoised,raw/raw,SC477,base6,base6,2,-0.09682461934821274,,,,5.0,,5,,0.0,0.0,runs/sleep_edf_formal_all_subjects_20260817_010000/sleep_edf_formal_downstream_rows.csv,Human subject-level effect after averaging checkpoint and contamination nuisance repetitions
subject,B,Unmodified-recording evaluation,Sleep-EDF without synthetic injection,real_denoised_denoised,raw/raw,SC480,base6,base6,2,-0.19532729437167,,,,5.0,,5,,0.0,0.0,runs/sleep_edf_formal_all_subjects_20260817_010000/sleep_edf_formal_downstream_rows.csv,Human subject-level effect after averaging checkpoint and contamination nuisance repetitions
subject,B,Unmodified-recording evaluation,Sleep-EDF without synthetic injection,real_denoised_denoised,raw/raw,SC481,base6,base6,2,-0.08185178906657117,,,,5.0,,5,,0.0,0.0,runs/sleep_edf_formal_all_subjects_20260817_010000/sleep_edf_formal_downstream_rows.csv,Human subject-level effect after averaging checkpoint and contamination nuisance repetitions
subject,B,Unmodified-recording evaluation,Sleep-EDF without synthetic injection,real_denoised_denoised,raw/raw,SC482,base6,base6,2,-0.047184734767981115,,,,5.0,,5,,0.0,0.0,runs/sleep_edf_formal_all_subjects_20260817_010000/sleep_edf_formal_downstream_rows.csv,Human subject-level effect after averaging checkpoint and contamination nuisance repetitions
mean_ci,B,Unmodified-recording evaluation,Sleep-EDF without synthetic injection,real_denoised_denoised,raw/raw,,base8,base8,3,,-0.0759850857905028,-0.0968484645057306,-0.0554946220498583,,75.0,5,0.0,,,runs/sleep_edf_formal_all_subjects_20260817_010000/sleep_edf_formal_downstream_summary.csv,Mean and 95% subject-bootstrap CI across 75 subjects
subject,B,Unmodified-recording evaluation,Sleep-EDF without synthetic injection,real_denoised_denoised,raw/raw,SC400,base8,base8,3,0.004999425161617501,,,,5.0,,5,,0.0,0.0,runs/sleep_edf_formal_all_subjects_20260817_010000/sleep_edf_formal_downstream_rows.csv,Human subject-level effect after averaging checkpoint and contamination nuisance repetitions
subject,B,Unmodified-recording evaluation,Sleep-EDF without synthetic injection,real_denoised_denoised,raw/raw,SC401,base8,base8,3,-0.02007680229879494,,,,5.0,,5,,0.0,0.0,runs/sleep_edf_formal_all_subjects_20260817_010000/sleep_edf_formal_downstream_rows.csv,Human subject-level effect after averaging checkpoint and contamination nuisance repetitions
subject,B,Unmodified-recording evaluation,Sleep-EDF without synthetic injection,real_denoised_denoised,raw/raw,SC402,base8,base8,3,-0.20594471328386113,,,,5.0,,5,,0.0,0.0,runs/sleep_edf_formal_all_subjects_20260817_010000/sleep_edf_formal_downstream_rows.csv,Human subject-level effect after averaging checkpoint and contamination nuisance repetitions
subject,B,Unmodified-recording evaluation,Sleep-EDF without synthetic injection,real_denoised_denoised,raw/raw,SC403,base8,base8,3,-0.11488655029821815,,,,5.0,,5,,0.0,0.0,runs/sleep_edf_formal_all_subjects_20260817_010000/sleep_edf_formal_downstream_rows.csv,Human subject-level effect after averaging checkpoint and contamination nuisance repetitions
subject,B,Unmodified-recording evaluation,Sleep-EDF without synthetic injection,real_denoised_denoised,raw/raw,SC404,base8,base8,3,-0.05892193441088398,,,,5.0,,5,,0.0,0.0,runs/sleep_edf_formal_all_subjects_20260817_010000/sleep_edf_formal_downstream_rows.csv,Human subject-level effect after averaging checkpoint and contamination nuisance repetitions
subject,B,Unmodified-recording evaluation,Sleep-EDF without synthetic injection,real_denoised_denoised,raw/raw,SC405,base8,base8,3,0.053940611141932805,,,,5.0,,5,,0.0,0.0,runs/sleep_edf_formal_all_subjects_20260817_010000/sleep_edf_formal_downstream_rows.csv,Human subject-level effect after averaging checkpoint and contamination nuisance repetitions
subject,B,Unmodified-recording evaluation,Sleep-EDF without synthetic injection,real_denoised_denoised,raw/raw,SC406,base8,base8,3,-0.0372050236079283,,,,5.0,,5,,0.0,0.0,runs/sleep_edf_formal_all_subjects_20260817_010000/sleep_edf_formal_downstream_rows.csv,Human subject-level effect after averaging checkpoint and contamination nuisance repetitions
subject,B,Unmodified-recording evaluation,Sleep-EDF without synthetic injection,real_denoised_denoised,raw/raw,SC407,base8,base8,3,-0.1215119561338049,,,,5.0,,5,,0.0,0.0,runs/sleep_edf_formal_all_subjects_20260817_010000/sleep_edf_formal_downstream_rows.csv,Human subject-level effect after averaging checkpoint and contamination nuisance repetitions
subject,B,Unmodified-recording evaluation,Sleep-EDF without synthetic injection,real_denoised_denoised,raw/raw,SC408,base8,base8,3,-0.11220179038374187,,,,5.0,,5,,0.0,0.0,runs/sleep_edf_formal_all_subjects_20260817_010000/sleep_edf_formal_downstream_rows.csv,Human subject-level effect after averaging checkpoint and contamination nuisance repetitions
subject,B,Unmodified-recording evaluation,Sleep-EDF without synthetic injection,real_denoised_denoised,raw/raw,SC409,base8,base8,3,-0.12446210395792875,,,,5.0,,5,,0.0,0.0,runs/sleep_edf_formal_all_subjects_20260817_010000/sleep_edf_formal_downstream_rows.csv,Human subject-level effect after averaging checkpoint and contamination nuisance repetitions
subject,B,Unmodified-recording evaluation,Sleep-EDF without synthetic injection,real_denoised_denoised,raw/raw,SC410,base8,base8,3,-0.12898062405752095,,,,5.0,,5,,0.0,0.0,runs/sleep_edf_formal_all_subjects_20260817_010000/sleep_edf_formal_downstream_rows.csv,Human subject-level effect after averaging checkpoint and contamination nuisance repetitions
subject,B,Unmodified-recording evaluation,Sleep-EDF without synthetic injection,real_denoised_denoised,raw/raw,SC411,base8,base8,3,-0.12720351101954058,,,,5.0,,5,,0.0,0.0,runs/sleep_edf_formal_all_subjects_20260817_010000/sleep_edf_formal_downstream_rows.csv,Human subject-level effect after averaging checkpoint and contamination nuisance repetitions
subject,B,Unmodified-recording evaluation,Sleep-EDF without synthetic injection,real_denoised_denoised,raw/raw,SC412,base8,base8,3,-0.016735689598391577,,,,5.0,,5,,0.0,0.0,runs/sleep_edf_formal_all_subjects_20260817_010000/sleep_edf_formal_downstream_rows.csv,Human subject-level effect after averaging checkpoint and contamination nuisance repetitions
subject,B,Unmodified-recording evaluation,Sleep-EDF without synthetic injection,real_denoised_denoised,raw/raw,SC414,base8,base8,3,0.03275309652613378,,,,5.0,,5,,0.0,0.0,runs/sleep_edf_formal_all_subjects_20260817_010000/sleep_edf_formal_downstream_rows.csv,Human subject-level effect after averaging checkpoint and contamination nuisance repetitions
subject,B,Unmodified-recording evaluation,Sleep-EDF without synthetic injection,real_denoised_denoised,raw/raw,SC415,base8,base8,3,-0.24594364528510315,,,,5.0,,5,,0.0,0.0,runs/sleep_edf_formal_all_subjects_20260817_010000/sleep_edf_formal_downstream_rows.csv,Human subject-level effect after averaging checkpoint and contamination nuisance repetitions
subject,B,Unmodified-recording evaluation,Sleep-EDF without synthetic injection,real_denoised_denoised,raw/raw,SC416,base8,base8,3,-0.059434700375876705,,,,5.0,,5,,0.0,0.0,runs/sleep_edf_formal_all_subjects_20260817_010000/sleep_edf_formal_downstream_rows.csv,Human subject-level effect after averaging checkpoint and contamination nuisance repetitions
subject,B,Unmodified-recording evaluation,Sleep-EDF without synthetic injection,real_denoised_denoised,raw/raw,SC417,base8,base8,3,-0.06010709935927636,,,,5.0,,5,,0.0,0.0,runs/sleep_edf_formal_all_subjects_20260817_010000/sleep_edf_formal_downstream_rows.csv,Human subject-level effect after averaging checkpoint and contamination nuisance repetitions
subject,B,Unmodified-recording evaluation,Sleep-EDF without synthetic injection,real_denoised_denoised,raw/raw,SC418,base8,base8,3,0.0034546272694250804,,,,5.0,,5,,0.0,0.0,runs/sleep_edf_formal_all_subjects_20260817_010000/sleep_edf_formal_downstream_rows.csv,Human subject-level effect after averaging checkpoint and contamination nuisance repetitions
subject,B,Unmodified-recording evaluation,Sleep-EDF without synthetic injection,real_denoised_denoised,raw/raw,SC419,base8,base8,3,-0.00802501349872584,,,,5.0,,5,,0.0,0.0,runs/sleep_edf_formal_all_subjects_20260817_010000/sleep_edf_formal_downstream_rows.csv,Human subject-level effect after averaging checkpoint and contamination nuisance repetitions
subject,B,Unmodified-recording evaluation,Sleep-EDF without synthetic injection,real_denoised_denoised,raw/raw,SC420,base8,base8,3,-0.1318924624906289,,,,5.0,,5,,0.0,0.0,runs/sleep_edf_formal_all_subjects_20260817_010000/sleep_edf_formal_downstream_rows.csv,Human subject-level effect after averaging checkpoint and contamination nuisance repetitions
subject,B,Unmodified-recording evaluation,Sleep-EDF without synthetic injection,real_denoised_denoised,raw/raw,SC421,base8,base8,3,-0.13936358640680027,,,,5.0,,5,,0.0,0.0,runs/sleep_edf_formal_all_subjects_20260817_010000/sleep_edf_formal_downstream_rows.csv,Human subject-level effect after averaging checkpoint and contamination nuisance repetitions
subject,B,Unmodified-recording evaluation,Sleep-EDF without synthetic injection,real_denoised_denoised,raw/raw,SC422,base8,base8,3,0.037049130907865394,,,,5.0,,5,,0.0,0.0,runs/sleep_edf_formal_all_subjects_20260817_010000/sleep_edf_formal_downstream_rows.csv,Human subject-level effect after averaging checkpoint and contamination nuisance repetitions
subject,B,Unmodified-recording evaluation,Sleep-EDF without synthetic injection,real_denoised_denoised,raw/raw,SC423,base8,base8,3,0.0668387162361228,,,,5.0,,5,,0.0,0.0,runs/sleep_edf_formal_all_subjects_20260817_010000/sleep_edf_formal_downstream_rows.csv,Human subject-level effect after averaging checkpoint and contamination nuisance repetitions
subject,B,Unmodified-recording evaluation,Sleep-EDF without synthetic injection,real_denoised_denoised,raw/raw,SC424,base8,base8,3,-0.18221746903433636,,,,5.0,,5,,0.0,0.0,runs/sleep_edf_formal_all_subjects_20260817_010000/sleep_edf_formal_downstream_rows.csv,Human subject-level effect after averaging checkpoint and contamination nuisance repetitions
subject,B,Unmodified-recording evaluation,Sleep-EDF without synthetic injection,real_denoised_denoised,raw/raw,SC425,base8,base8,3,0.01882385149962204,,,,5.0,,5,,0.0,0.0,runs/sleep_edf_formal_all_subjects_20260817_010000/sleep_edf_formal_downstream_rows.csv,Human subject-level effect after averaging checkpoint and contamination nuisance repetitions
subject,B,Unmodified-recording evaluation,Sleep-EDF without synthetic injection,real_denoised_denoised,raw/raw,SC426,base8,base8,3,-0.2573004220750584,,,,5.0,,5,,0.0,0.0,runs/sleep_edf_formal_all_subjects_20260817_010000/sleep_edf_formal_downstream_rows.csv,Human subject-level effect after averaging checkpoint and contamination nuisance repetitions
subject,B,Unmodified-recording evaluation,Sleep-EDF without synthetic injection,real_denoised_denoised,raw/raw,SC427,base8,base8,3,-0.058402730621666676,,,,5.0,,5,,0.0,0.0,runs/sleep_edf_formal_all_subjects_20260817_010000/sleep_edf_formal_downstream_rows.csv,Human subject-level effect after averaging checkpoint and contamination nuisance repetitions
subject,B,Unmodified-recording evaluation,Sleep-EDF without synthetic injection,real_denoised_denoised,raw/raw,SC428,base8,base8,3,-0.05327120260769482,,,,5.0,,5,,0.0,0.0,runs/sleep_edf_formal_all_subjects_20260817_010000/sleep_edf_formal_downstream_rows.csv,Human subject-level effect after averaging checkpoint and contamination nuisance repetitions
subject,B,Unmodified-recording evaluation,Sleep-EDF without synthetic injection,real_denoised_denoised,raw/raw,SC429,base8,base8,3,-0.04974857797560004,,,,5.0,,5,,0.0,0.0,runs/sleep_edf_formal_all_subjects_20260817_010000/sleep_edf_formal_downstream_rows.csv,Human subject-level effect after averaging checkpoint and contamination nuisance repetitions
subject,B,Unmodified-recording evaluation,Sleep-EDF without synthetic injection,real_denoised_denoised,raw/raw,SC430,base8,base8,3,-0.016123366147867038,,,,5.0,,5,,0.0,0.0,runs/sleep_edf_formal_all_subjects_20260817_010000/sleep_edf_formal_downstream_rows.csv,Human subject-level effect after averaging checkpoint and contamination nuisance repetitions
subject,B,Unmodified-recording evaluation,Sleep-EDF without synthetic injection,real_denoised_denoised,raw/raw,SC431,base8,base8,3,-0.13620878433811495,,,,5.0,,5,,0.0,0.0,runs/sleep_edf_formal_all_subjects_20260817_010000/sleep_edf_formal_downstream_rows.csv,Human subject-level effect after averaging checkpoint and contamination nuisance repetitions
subject,B,Unmodified-recording evaluation,Sleep-EDF without synthetic injection,real_denoised_denoised,raw/raw,SC432,base8,base8,3,-0.13007622135801342,,,,5.0,,5,,0.0,0.0,runs/sleep_edf_formal_all_subjects_20260817_010000/sleep_edf_formal_downstream_rows.csv,Human subject-level effect after averaging checkpoint and contamination nuisance repetitions
subject,B,Unmodified-recording evaluation,Sleep-EDF without synthetic injection,real_denoised_denoised,raw/raw,SC433,base8,base8,3,-0.05313643335764726,,,,5.0,,5,,0.0,0.0,runs/sleep_edf_formal_all_subjects_20260817_010000/sleep_edf_formal_downstream_rows.csv,Human subject-level effect after averaging checkpoint and contamination nuisance repetitions
subject,B,Unmodified-recording evaluation,Sleep-EDF without synthetic injection,real_denoised_denoised,raw/raw,SC434,base8,base8,3,-0.0139552632192009,,,,5.0,,5,,0.0,0.0,runs/sleep_edf_formal_all_subjects_20260817_010000/sleep_edf_formal_downstream_rows.csv,Human subject-level effect after averaging checkpoint and contamination nuisance repetitions
subject,B,Unmodified-recording evaluation,Sleep-EDF without synthetic injection,real_denoised_denoised,raw/raw,SC435,base8,base8,3,-0.28243740461818156,,,,5.0,,5,,0.0,0.0,runs/sleep_edf_formal_all_subjects_20260817_010000/sleep_edf_formal_downstream_rows.csv,Human subject-level effect after averaging checkpoint and contamination nuisance repetitions
subject,B,Unmodified-recording evaluation,Sleep-EDF without synthetic injection,real_denoised_denoised,raw/raw,SC437,base8,base8,3,-0.19224622398486338,,,,5.0,,5,,0.0,0.0,runs/sleep_edf_formal_all_subjects_20260817_010000/sleep_edf_formal_downstream_rows.csv,Human subject-level effect after averaging checkpoint and contamination nuisance repetitions
subject,B,Unmodified-recording evaluation,Sleep-EDF without synthetic injection,real_denoised_denoised,raw/raw,SC438,base8,base8,3,-0.13676588071773516,,,,5.0,,5,,0.0,0.0,runs/sleep_edf_formal_all_subjects_20260817_010000/sleep_edf_formal_downstream_rows.csv,Human subject-level effect after averaging checkpoint and contamination nuisance repetitions
subject,B,Unmodified-recording evaluation,Sleep-EDF without synthetic injection,real_denoised_denoised,raw/raw,SC440,base8,base8,3,-0.10539186180416975,,,,5.0,,5,,0.0,0.0,runs/sleep_edf_formal_all_subjects_20260817_010000/sleep_edf_formal_downstream_rows.csv,Human subject-level effect after averaging checkpoint and contamination nuisance repetitions
subject,B,Unmodified-recording evaluation,Sleep-EDF without synthetic injection,real_denoised_denoised,raw/raw,SC441,base8,base8,3,-0.08005056392251314,,,,5.0,,5,,0.0,0.0,runs/sleep_edf_formal_all_subjects_20260817_010000/sleep_edf_formal_downstream_rows.csv,Human subject-level effect after averaging checkpoint and contamination nuisance repetitions
subject,B,Unmodified-recording evaluation,Sleep-EDF without synthetic injection,real_denoised_denoised,raw/raw,SC442,base8,base8,3,-0.0664841384910663,,,,5.0,,5,,0.0,0.0,runs/sleep_edf_formal_all_subjects_20260817_010000/sleep_edf_formal_downstream_rows.csv,Human subject-level effect after averaging checkpoint and contamination nuisance repetitions
subject,B,Unmodified-recording evaluation,Sleep-EDF without synthetic injection,real_denoised_denoised,raw/raw,SC443,base8,base8,3,-0.0016519018568326598,,,,5.0,,5,,0.0,0.0,runs/sleep_edf_formal_all_subjects_20260817_010000/sleep_edf_formal_downstream_rows.csv,Human subject-level effect after averaging checkpoint and contamination nuisance repetitions
subject,B,Unmodified-recording evaluation,Sleep-EDF without synthetic injection,real_denoised_denoised,raw/raw,SC444,base8,base8,3,-0.03786100232769142,,,,5.0,,5,,0.0,0.0,runs/sleep_edf_formal_all_subjects_20260817_010000/sleep_edf_formal_downstream_rows.csv,Human subject-level effect after averaging checkpoint and contamination nuisance repetitions
subject,B,Unmodified-recording evaluation,Sleep-EDF without synthetic injection,real_denoised_denoised,raw/raw,SC445,base8,base8,3,-0.029298510051646597,,,,5.0,,5,,0.0,0.0,runs/sleep_edf_formal_all_subjects_20260817_010000/sleep_edf_formal_downstream_rows.csv,Human subject-level effect after averaging checkpoint and contamination nuisance repetitions
subject,B,Unmodified-recording evaluation,Sleep-EDF without synthetic injection,real_denoised_denoised,raw/raw,SC446,base8,base8,3,-0.07843584139676338,,,,5.0,,5,,0.0,0.0,runs/sleep_edf_formal_all_subjects_20260817_010000/sleep_edf_formal_downstream_rows.csv,Human subject-level effect after averaging checkpoint and contamination nuisance repetitions
subject,B,Unmodified-recording evaluation,Sleep-EDF without synthetic injection,real_denoised_denoised,raw/raw,SC447,base8,base8,3,-0.24057467401244317,,,,5.0,,5,,0.0,0.0,runs/sleep_edf_formal_all_subjects_20260817_010000/sleep_edf_formal_downstream_rows.csv,Human subject-level effect after averaging checkpoint and contamination nuisance repetitions
subject,B,Unmodified-recording evaluation,Sleep-EDF without synthetic injection,real_denoised_denoised,raw/raw,SC448,base8,base8,3,-0.13594950670409578,,,,5.0,,5,,0.0,0.0,runs/sleep_edf_formal_all_subjects_20260817_010000/sleep_edf_formal_downstream_rows.csv,Human subject-level effect after averaging checkpoint and contamination nuisance repetitions
subject,B,Unmodified-recording evaluation,Sleep-EDF without synthetic injection,real_denoised_denoised,raw/raw,SC449,base8,base8,3,0.015643476955495,,,,5.0,,5,,0.0,0.0,runs/sleep_edf_formal_all_subjects_20260817_010000/sleep_edf_formal_downstream_rows.csv,Human subject-level effect after averaging checkpoint and contamination nuisance repetitions
subject,B,Unmodified-recording evaluation,Sleep-EDF without synthetic injection,real_denoised_denoised,raw/raw,SC450,base8,base8,3,0.0344006043919088,,,,5.0,,5,,0.0,0.0,runs/sleep_edf_formal_all_subjects_20260817_010000/sleep_edf_formal_downstream_rows.csv,Human subject-level effect after averaging checkpoint and contamination nuisance repetitions
subject,B,Unmodified-recording evaluation,Sleep-EDF without synthetic injection,real_denoised_denoised,raw/raw,SC451,base8,base8,3,0.14571364763859856,,,,5.0,,5,,0.0,0.0,runs/sleep_edf_formal_all_subjects_20260817_010000/sleep_edf_formal_downstream_rows.csv,Human subject-level effect after averaging checkpoint and contamination nuisance repetitions
subject,B,Unmodified-recording evaluation,Sleep-EDF without synthetic injection,real_denoised_denoised,raw/raw,SC453,base8,base8,3,-0.14102769224214046,,,,5.0,,5,,0.0,0.0,runs/sleep_edf_formal_all_subjects_20260817_010000/sleep_edf_formal_downstream_rows.csv,Human subject-level effect after averaging checkpoint and contamination nuisance repetitions
subject,B,Unmodified-recording evaluation,Sleep-EDF without synthetic injection,real_denoised_denoised,raw/raw,SC454,base8,base8,3,-0.09669836677068856,,,,5.0,,5,,0.0,0.0,runs/sleep_edf_formal_all_subjects_20260817_010000/sleep_edf_formal_downstream_rows.csv,Human subject-level effect after averaging checkpoint and contamination nuisance repetitions
subject,B,Unmodified-recording evaluation,Sleep-EDF without synthetic injection,real_denoised_denoised,raw/raw,SC455,base8,base8,3,0.05098530663877604,,,,5.0,,5,,0.0,0.0,runs/sleep_edf_formal_all_subjects_20260817_010000/sleep_edf_formal_downstream_rows.csv,Human subject-level effect after averaging checkpoint and contamination nuisance repetitions
subject,B,Unmodified-recording evaluation,Sleep-EDF without synthetic injection,real_denoised_denoised,raw/raw,SC456,base8,base8,3,-0.17698268307047185,,,,5.0,,5,,0.0,0.0,runs/sleep_edf_formal_all_subjects_20260817_010000/sleep_edf_formal_downstream_rows.csv,Human subject-level effect after averaging checkpoint and contamination nuisance repetitions
subject,B,Unmodified-recording evaluation,Sleep-EDF without synthetic injection,real_denoised_denoised,raw/raw,SC457,base8,base8,3,0.030327313284255298,,,,5.0,,5,,0.0,0.0,runs/sleep_edf_formal_all_subjects_20260817_010000/sleep_edf_formal_downstream_rows.csv,Human subject-level effect after averaging checkpoint and contamination nuisance repetitions
subject,B,Unmodified-recording evaluation,Sleep-EDF without synthetic injection,real_denoised_denoised,raw/raw,SC458,base8,base8,3,-0.05691413853023528,,,,5.0,,5,,0.0,0.0,runs/sleep_edf_formal_all_subjects_20260817_010000/sleep_edf_formal_downstream_rows.csv,Human subject-level effect after averaging checkpoint and contamination nuisance repetitions
subject,B,Unmodified-recording evaluation,Sleep-EDF without synthetic injection,real_denoised_denoised,raw/raw,SC459,base8,base8,3,-0.13820830521349697,,,,5.0,,5,,0.0,0.0,runs/sleep_edf_formal_all_subjects_20260817_010000/sleep_edf_formal_downstream_rows.csv,Human subject-level effect after averaging checkpoint and contamination nuisance repetitions
subject,B,Unmodified-recording evaluation,Sleep-EDF without synthetic injection,real_denoised_denoised,raw/raw,SC460,base8,base8,3,-0.15149271700084457,,,,5.0,,5,,0.0,0.0,runs/sleep_edf_formal_all_subjects_20260817_010000/sleep_edf_formal_downstream_rows.csv,Human subject-level effect after averaging checkpoint and contamination nuisance repetitions
subject,B,Unmodified-recording evaluation,Sleep-EDF without synthetic injection,real_denoised_denoised,raw/raw,SC461,base8,base8,3,0.12926480285830722,,,,5.0,,5,,0.0,0.0,runs/sleep_edf_formal_all_subjects_20260817_010000/sleep_edf_formal_downstream_rows.csv,Human subject-level effect after averaging checkpoint and contamination nuisance repetitions
subject,B,Unmodified-recording evaluation,Sleep-EDF without synthetic injection,real_denoised_denoised,raw/raw,SC462,base8,base8,3,-0.11030775182898075,,,,5.0,,5,,0.0,0.0,runs/sleep_edf_formal_all_subjects_20260817_010000/sleep_edf_formal_downstream_rows.csv,Human subject-level effect after averaging checkpoint and contamination nuisance repetitions
subject,B,Unmodified-recording evaluation,Sleep-EDF without synthetic injection,real_denoised_denoised,raw/raw,SC463,base8,base8,3,-0.1312569367394927,,,,5.0,,5,,0.0,0.0,runs/sleep_edf_formal_all_subjects_20260817_010000/sleep_edf_formal_downstream_rows.csv,Human subject-level effect after averaging checkpoint and contamination nuisance repetitions
subject,B,Unmodified-recording evaluation,Sleep-EDF without synthetic injection,real_denoised_denoised,raw/raw,SC464,base8,base8,3,-0.04156468964509694,,,,5.0,,5,,0.0,0.0,runs/sleep_edf_formal_all_subjects_20260817_010000/sleep_edf_formal_downstream_rows.csv,Human subject-level effect after averaging checkpoint and contamination nuisance repetitions
subject,B,Unmodified-recording evaluation,Sleep-EDF without synthetic injection,real_denoised_denoised,raw/raw,SC465,base8,base8,3,-0.04929470841960902,,,,5.0,,5,,0.0,0.0,runs/sleep_edf_formal_all_subjects_20260817_010000/sleep_edf_formal_downstream_rows.csv,Human subject-level effect after averaging checkpoint and contamination nuisance repetitions
subject,B,Unmodified-recording evaluation,Sleep-EDF without synthetic injection,real_denoised_denoised,raw/raw,SC466,base8,base8,3,-0.24923243441385043,,,,5.0,,5,,0.0,0.0,runs/sleep_edf_formal_all_subjects_20260817_010000/sleep_edf_formal_downstream_rows.csv,Human subject-level effect after averaging checkpoint and contamination nuisance repetitions
subject,B,Unmodified-recording evaluation,Sleep-EDF without synthetic injection,real_denoised_denoised,raw/raw,SC467,base8,base8,3,-0.057007008884509755,,,,5.0,,5,,0.0,0.0,runs/sleep_edf_formal_all_subjects_20260817_010000/sleep_edf_formal_downstream_rows.csv,Human subject-level effect after averaging checkpoint and contamination nuisance repetitions
subject,B,Unmodified-recording evaluation,Sleep-EDF without synthetic injection,real_denoised_denoised,raw/raw,SC470,base8,base8,3,-0.0590161117668417,,,,5.0,,5,,0.0,0.0,runs/sleep_edf_formal_all_subjects_20260817_010000/sleep_edf_formal_downstream_rows.csv,Human subject-level effect after averaging checkpoint and contamination nuisance repetitions
subject,B,Unmodified-recording evaluation,Sleep-EDF without synthetic injection,real_denoised_denoised,raw/raw,SC471,base8,base8,3,-0.3166141649758647,,,,5.0,,5,,0.0,0.0,runs/sleep_edf_formal_all_subjects_20260817_010000/sleep_edf_formal_downstream_rows.csv,Human subject-level effect after averaging checkpoint and contamination nuisance repetitions
subject,B,Unmodified-recording evaluation,Sleep-EDF without synthetic injection,real_denoised_denoised,raw/raw,SC472,base8,base8,3,-0.07351869471608927,,,,5.0,,5,,0.0,0.0,runs/sleep_edf_formal_all_subjects_20260817_010000/sleep_edf_formal_downstream_rows.csv,Human subject-level effect after averaging checkpoint and contamination nuisance repetitions
subject,B,Unmodified-recording evaluation,Sleep-EDF without synthetic injection,real_denoised_denoised,raw/raw,SC473,base8,base8,3,-0.0189123872479631,,,,5.0,,5,,0.0,0.0,runs/sleep_edf_formal_all_subjects_20260817_010000/sleep_edf_formal_downstream_rows.csv,Human subject-level effect after averaging checkpoint and contamination nuisance repetitions
subject,B,Unmodified-recording evaluation,Sleep-EDF without synthetic injection,real_denoised_denoised,raw/raw,SC474,base8,base8,3,-0.012563011718525302,,,,5.0,,5,,0.0,0.0,runs/sleep_edf_formal_all_subjects_20260817_010000/sleep_edf_formal_downstream_rows.csv,Human subject-level effect after averaging checkpoint and contamination nuisance repetitions
subject,B,Unmodified-recording evaluation,Sleep-EDF without synthetic injection,real_denoised_denoised,raw/raw,SC475,base8,base8,3,-0.011329365552938,,,,5.0,,5,,0.0,0.0,runs/sleep_edf_formal_all_subjects_20260817_010000/sleep_edf_formal_downstream_rows.csv,Human subject-level effect after averaging checkpoint and contamination nuisance repetitions
subject,B,Unmodified-recording evaluation,Sleep-EDF without synthetic injection,real_denoised_denoised,raw/raw,SC476,base8,base8,3,0.07936918742140672,,,,5.0,,5,,0.0,0.0,runs/sleep_edf_formal_all_subjects_20260817_010000/sleep_edf_formal_downstream_rows.csv,Human subject-level effect after averaging checkpoint and contamination nuisance repetitions
subject,B,Unmodified-recording evaluation,Sleep-EDF without synthetic injection,real_denoised_denoised,raw/raw,SC477,base8,base8,3,-0.09736207193012993,,,,5.0,,5,,0.0,0.0,runs/sleep_edf_formal_all_subjects_20260817_010000/sleep_edf_formal_downstream_rows.csv,Human subject-level effect after averaging checkpoint and contamination nuisance repetitions
subject,B,Unmodified-recording evaluation,Sleep-EDF without synthetic injection,real_denoised_denoised,raw/raw,SC480,base8,base8,3,-0.23257274919473994,,,,5.0,,5,,0.0,0.0,runs/sleep_edf_formal_all_subjects_20260817_010000/sleep_edf_formal_downstream_rows.csv,Human subject-level effect after averaging checkpoint and contamination nuisance repetitions
subject,B,Unmodified-recording evaluation,Sleep-EDF without synthetic injection,real_denoised_denoised,raw/raw,SC481,base8,base8,3,-0.07611252650971975,,,,5.0,,5,,0.0,0.0,runs/sleep_edf_formal_all_subjects_20260817_010000/sleep_edf_formal_downstream_rows.csv,Human subject-level effect after averaging checkpoint and contamination nuisance repetitions
subject,B,Unmodified-recording evaluation,Sleep-EDF without synthetic injection,real_denoised_denoised,raw/raw,SC482,base8,base8,3,-0.053971528756718276,,,,5.0,,5,,0.0,0.0,runs/sleep_edf_formal_all_subjects_20260817_010000/sleep_edf_formal_downstream_rows.csv,Human subject-level effect after averaging checkpoint and contamination nuisance repetitions
mean_ci,B,Unmodified-recording evaluation,Sleep-EDF without synthetic injection,real_denoised_denoised,raw/raw,,base16,base16,4,,-0.0743513331722401,-0.0961054782288583,-0.0528969988430564,,75.0,5,0.0,,,runs/sleep_edf_formal_all_subjects_20260817_010000/sleep_edf_formal_downstream_summary.csv,Mean and 95% subject-bootstrap CI across 75 subjects
subject,B,Unmodified-recording evaluation,Sleep-EDF without synthetic injection,real_denoised_denoised,raw/raw,SC400,base16,base16,4,-0.002715347015181402,,,,5.0,,5,,0.0,0.0,runs/sleep_edf_formal_all_subjects_20260817_010000/sleep_edf_formal_downstream_rows.csv,Human subject-level effect after averaging checkpoint and contamination nuisance repetitions
subject,B,Unmodified-recording evaluation,Sleep-EDF without synthetic injection,real_denoised_denoised,raw/raw,SC401,base16,base16,4,-0.03826152428526402,,,,5.0,,5,,0.0,0.0,runs/sleep_edf_formal_all_subjects_20260817_010000/sleep_edf_formal_downstream_rows.csv,Human subject-level effect after averaging checkpoint and contamination nuisance repetitions
subject,B,Unmodified-recording evaluation,Sleep-EDF without synthetic injection,real_denoised_denoised,raw/raw,SC402,base16,base16,4,-0.17892477937330709,,,,5.0,,5,,0.0,0.0,runs/sleep_edf_formal_all_subjects_20260817_010000/sleep_edf_formal_downstream_rows.csv,Human subject-level effect after averaging checkpoint and contamination nuisance repetitions
subject,B,Unmodified-recording evaluation,Sleep-EDF without synthetic injection,real_denoised_denoised,raw/raw,SC403,base16,base16,4,-0.11158813660870111,,,,5.0,,5,,0.0,0.0,runs/sleep_edf_formal_all_subjects_20260817_010000/sleep_edf_formal_downstream_rows.csv,Human subject-level effect after averaging checkpoint and contamination nuisance repetitions
subject,B,Unmodified-recording evaluation,Sleep-EDF without synthetic injection,real_denoised_denoised,raw/raw,SC404,base16,base16,4,-0.05996574630972355,,,,5.0,,5,,0.0,0.0,runs/sleep_edf_formal_all_subjects_20260817_010000/sleep_edf_formal_downstream_rows.csv,Human subject-level effect after averaging checkpoint and contamination nuisance repetitions
subject,B,Unmodified-recording evaluation,Sleep-EDF without synthetic injection,real_denoised_denoised,raw/raw,SC405,base16,base16,4,0.0481742435310998,,,,5.0,,5,,0.0,0.0,runs/sleep_edf_formal_all_subjects_20260817_010000/sleep_edf_formal_downstream_rows.csv,Human subject-level effect after averaging checkpoint and contamination nuisance repetitions
subject,B,Unmodified-recording evaluation,Sleep-EDF without synthetic injection,real_denoised_denoised,raw/raw,SC406,base16,base16,4,-0.07392108780612376,,,,5.0,,5,,0.0,0.0,runs/sleep_edf_formal_all_subjects_20260817_010000/sleep_edf_formal_downstream_rows.csv,Human subject-level effect after averaging checkpoint and contamination nuisance repetitions
subject,B,Unmodified-recording evaluation,Sleep-EDF without synthetic injection,real_denoised_denoised,raw/raw,SC407,base16,base16,4,-0.15021814131057828,,,,5.0,,5,,0.0,0.0,runs/sleep_edf_formal_all_subjects_20260817_010000/sleep_edf_formal_downstream_rows.csv,Human subject-level effect after averaging checkpoint and contamination nuisance repetitions
subject,B,Unmodified-recording evaluation,Sleep-EDF without synthetic injection,real_denoised_denoised,raw/raw,SC408,base16,base16,4,-0.093497757317273,,,,5.0,,5,,0.0,0.0,runs/sleep_edf_formal_all_subjects_20260817_010000/sleep_edf_formal_downstream_rows.csv,Human subject-level effect after averaging checkpoint and contamination nuisance repetitions
subject,B,Unmodified-recording evaluation,Sleep-EDF without synthetic injection,real_denoised_denoised,raw/raw,SC409,base16,base16,4,-0.12616745541049837,,,,5.0,,5,,0.0,0.0,runs/sleep_edf_formal_all_subjects_20260817_010000/sleep_edf_formal_downstream_rows.csv,Human subject-level effect after averaging checkpoint and contamination nuisance repetitions
subject,B,Unmodified-recording evaluation,Sleep-EDF without synthetic injection,real_denoised_denoised,raw/raw,SC410,base16,base16,4,-0.1382379483039442,,,,5.0,,5,,0.0,0.0,runs/sleep_edf_formal_all_subjects_20260817_010000/sleep_edf_formal_downstream_rows.csv,Human subject-level effect after averaging checkpoint and contamination nuisance repetitions
subject,B,Unmodified-recording evaluation,Sleep-EDF without synthetic injection,real_denoised_denoised,raw/raw,SC411,base16,base16,4,-0.14737173937674536,,,,5.0,,5,,0.0,0.0,runs/sleep_edf_formal_all_subjects_20260817_010000/sleep_edf_formal_downstream_rows.csv,Human subject-level effect after averaging checkpoint and contamination nuisance repetitions
subject,B,Unmodified-recording evaluation,Sleep-EDF without synthetic injection,real_denoised_denoised,raw/raw,SC412,base16,base16,4,-0.030929508891039025,,,,5.0,,5,,0.0,0.0,runs/sleep_edf_formal_all_subjects_20260817_010000/sleep_edf_formal_downstream_rows.csv,Human subject-level effect after averaging checkpoint and contamination nuisance repetitions
subject,B,Unmodified-recording evaluation,Sleep-EDF without synthetic injection,real_denoised_denoised,raw/raw,SC414,base16,base16,4,0.03235804934398986,,,,5.0,,5,,0.0,0.0,runs/sleep_edf_formal_all_subjects_20260817_010000/sleep_edf_formal_downstream_rows.csv,Human subject-level effect after averaging checkpoint and contamination nuisance repetitions
subject,B,Unmodified-recording evaluation,Sleep-EDF without synthetic injection,real_denoised_denoised,raw/raw,SC415,base16,base16,4,-0.22816640072376687,,,,5.0,,5,,0.0,0.0,runs/sleep_edf_formal_all_subjects_20260817_010000/sleep_edf_formal_downstream_rows.csv,Human subject-level effect after averaging checkpoint and contamination nuisance repetitions
subject,B,Unmodified-recording evaluation,Sleep-EDF without synthetic injection,real_denoised_denoised,raw/raw,SC416,base16,base16,4,-0.053884782973018096,,,,5.0,,5,,0.0,0.0,runs/sleep_edf_formal_all_subjects_20260817_010000/sleep_edf_formal_downstream_rows.csv,Human subject-level effect after averaging checkpoint and contamination nuisance repetitions
subject,B,Unmodified-recording evaluation,Sleep-EDF without synthetic injection,real_denoised_denoised,raw/raw,SC417,base16,base16,4,-0.05451791462984272,,,,5.0,,5,,0.0,0.0,runs/sleep_edf_formal_all_subjects_20260817_010000/sleep_edf_formal_downstream_rows.csv,Human subject-level effect after averaging checkpoint and contamination nuisance repetitions
subject,B,Unmodified-recording evaluation,Sleep-EDF without synthetic injection,real_denoised_denoised,raw/raw,SC418,base16,base16,4,-0.005891309212843839,,,,5.0,,5,,0.0,0.0,runs/sleep_edf_formal_all_subjects_20260817_010000/sleep_edf_formal_downstream_rows.csv,Human subject-level effect after averaging checkpoint and contamination nuisance repetitions
subject,B,Unmodified-recording evaluation,Sleep-EDF without synthetic injection,real_denoised_denoised,raw/raw,SC419,base16,base16,4,-0.025069581066016023,,,,5.0,,5,,0.0,0.0,runs/sleep_edf_formal_all_subjects_20260817_010000/sleep_edf_formal_downstream_rows.csv,Human subject-level effect after averaging checkpoint and contamination nuisance repetitions
subject,B,Unmodified-recording evaluation,Sleep-EDF without synthetic injection,real_denoised_denoised,raw/raw,SC420,base16,base16,4,-0.053538592713617564,,,,5.0,,5,,0.0,0.0,runs/sleep_edf_formal_all_subjects_20260817_010000/sleep_edf_formal_downstream_rows.csv,Human subject-level effect after averaging checkpoint and contamination nuisance repetitions
subject,B,Unmodified-recording evaluation,Sleep-EDF without synthetic injection,real_denoised_denoised,raw/raw,SC421,base16,base16,4,-0.12759845729777658,,,,5.0,,5,,0.0,0.0,runs/sleep_edf_formal_all_subjects_20260817_010000/sleep_edf_formal_downstream_rows.csv,Human subject-level effect after averaging checkpoint and contamination nuisance repetitions
subject,B,Unmodified-recording evaluation,Sleep-EDF without synthetic injection,real_denoised_denoised,raw/raw,SC422,base16,base16,4,-0.013610171810297899,,,,5.0,,5,,0.0,0.0,runs/sleep_edf_formal_all_subjects_20260817_010000/sleep_edf_formal_downstream_rows.csv,Human subject-level effect after averaging checkpoint and contamination nuisance repetitions
subject,B,Unmodified-recording evaluation,Sleep-EDF without synthetic injection,real_denoised_denoised,raw/raw,SC423,base16,base16,4,0.0533861077346533,,,,5.0,,5,,0.0,0.0,runs/sleep_edf_formal_all_subjects_20260817_010000/sleep_edf_formal_downstream_rows.csv,Human subject-level effect after averaging checkpoint and contamination nuisance repetitions
subject,B,Unmodified-recording evaluation,Sleep-EDF without synthetic injection,real_denoised_denoised,raw/raw,SC424,base16,base16,4,-0.16584271730321876,,,,5.0,,5,,0.0,0.0,runs/sleep_edf_formal_all_subjects_20260817_010000/sleep_edf_formal_downstream_rows.csv,Human subject-level effect after averaging checkpoint and contamination nuisance repetitions
subject,B,Unmodified-recording evaluation,Sleep-EDF without synthetic injection,real_denoised_denoised,raw/raw,SC425,base16,base16,4,0.02222636290790386,,,,5.0,,5,,0.0,0.0,runs/sleep_edf_formal_all_subjects_20260817_010000/sleep_edf_formal_downstream_rows.csv,Human subject-level effect after averaging checkpoint and contamination nuisance repetitions
subject,B,Unmodified-recording evaluation,Sleep-EDF without synthetic injection,real_denoised_denoised,raw/raw,SC426,base16,base16,4,-0.25064987319371446,,,,5.0,,5,,0.0,0.0,runs/sleep_edf_formal_all_subjects_20260817_010000/sleep_edf_formal_downstream_rows.csv,Human subject-level effect after averaging checkpoint and contamination nuisance repetitions
subject,B,Unmodified-recording evaluation,Sleep-EDF without synthetic injection,real_denoised_denoised,raw/raw,SC427,base16,base16,4,-0.05234061614515142,,,,5.0,,5,,0.0,0.0,runs/sleep_edf_formal_all_subjects_20260817_010000/sleep_edf_formal_downstream_rows.csv,Human subject-level effect after averaging checkpoint and contamination nuisance repetitions
subject,B,Unmodified-recording evaluation,Sleep-EDF without synthetic injection,real_denoised_denoised,raw/raw,SC428,base16,base16,4,-0.04494593782578724,,,,5.0,,5,,0.0,0.0,runs/sleep_edf_formal_all_subjects_20260817_010000/sleep_edf_formal_downstream_rows.csv,Human subject-level effect after averaging checkpoint and contamination nuisance repetitions
subject,B,Unmodified-recording evaluation,Sleep-EDF without synthetic injection,real_denoised_denoised,raw/raw,SC429,base16,base16,4,-0.04756869693263316,,,,5.0,,5,,0.0,0.0,runs/sleep_edf_formal_all_subjects_20260817_010000/sleep_edf_formal_downstream_rows.csv,Human subject-level effect after averaging checkpoint and contamination nuisance repetitions
subject,B,Unmodified-recording evaluation,Sleep-EDF without synthetic injection,real_denoised_denoised,raw/raw,SC430,base16,base16,4,-0.01172824891382058,,,,5.0,,5,,0.0,0.0,runs/sleep_edf_formal_all_subjects_20260817_010000/sleep_edf_formal_downstream_rows.csv,Human subject-level effect after averaging checkpoint and contamination nuisance repetitions
subject,B,Unmodified-recording evaluation,Sleep-EDF without synthetic injection,real_denoised_denoised,raw/raw,SC431,base16,base16,4,-0.1308715658285414,,,,5.0,,5,,0.0,0.0,runs/sleep_edf_formal_all_subjects_20260817_010000/sleep_edf_formal_downstream_rows.csv,Human subject-level effect after averaging checkpoint and contamination nuisance repetitions
subject,B,Unmodified-recording evaluation,Sleep-EDF without synthetic injection,real_denoised_denoised,raw/raw,SC432,base16,base16,4,-0.13529459687163664,,,,5.0,,5,,0.0,0.0,runs/sleep_edf_formal_all_subjects_20260817_010000/sleep_edf_formal_downstream_rows.csv,Human subject-level effect after averaging checkpoint and contamination nuisance repetitions
subject,B,Unmodified-recording evaluation,Sleep-EDF without synthetic injection,real_denoised_denoised,raw/raw,SC433,base16,base16,4,-0.06296336815051082,,,,5.0,,5,,0.0,0.0,runs/sleep_edf_formal_all_subjects_20260817_010000/sleep_edf_formal_downstream_rows.csv,Human subject-level effect after averaging checkpoint and contamination nuisance repetitions
subject,B,Unmodified-recording evaluation,Sleep-EDF without synthetic injection,real_denoised_denoised,raw/raw,SC434,base16,base16,4,-0.03200556627540642,,,,5.0,,5,,0.0,0.0,runs/sleep_edf_formal_all_subjects_20260817_010000/sleep_edf_formal_downstream_rows.csv,Human subject-level effect after averaging checkpoint and contamination nuisance repetitions
subject,B,Unmodified-recording evaluation,Sleep-EDF without synthetic injection,real_denoised_denoised,raw/raw,SC435,base16,base16,4,-0.26780893441566633,,,,5.0,,5,,0.0,0.0,runs/sleep_edf_formal_all_subjects_20260817_010000/sleep_edf_formal_downstream_rows.csv,Human subject-level effect after averaging checkpoint and contamination nuisance repetitions
subject,B,Unmodified-recording evaluation,Sleep-EDF without synthetic injection,real_denoised_denoised,raw/raw,SC437,base16,base16,4,-0.21015091253639637,,,,5.0,,5,,0.0,0.0,runs/sleep_edf_formal_all_subjects_20260817_010000/sleep_edf_formal_downstream_rows.csv,Human subject-level effect after averaging checkpoint and contamination nuisance repetitions
subject,B,Unmodified-recording evaluation,Sleep-EDF without synthetic injection,real_denoised_denoised,raw/raw,SC438,base16,base16,4,-0.1553434351151232,,,,5.0,,5,,0.0,0.0,runs/sleep_edf_formal_all_subjects_20260817_010000/sleep_edf_formal_downstream_rows.csv,Human subject-level effect after averaging checkpoint and contamination nuisance repetitions
subject,B,Unmodified-recording evaluation,Sleep-EDF without synthetic injection,real_denoised_denoised,raw/raw,SC440,base16,base16,4,-0.09111884140630616,,,,5.0,,5,,0.0,0.0,runs/sleep_edf_formal_all_subjects_20260817_010000/sleep_edf_formal_downstream_rows.csv,Human subject-level effect after averaging checkpoint and contamination nuisance repetitions
subject,B,Unmodified-recording evaluation,Sleep-EDF without synthetic injection,real_denoised_denoised,raw/raw,SC441,base16,base16,4,-0.08764413923040895,,,,5.0,,5,,0.0,0.0,runs/sleep_edf_formal_all_subjects_20260817_010000/sleep_edf_formal_downstream_rows.csv,Human subject-level effect after averaging checkpoint and contamination nuisance repetitions
subject,B,Unmodified-recording evaluation,Sleep-EDF without synthetic injection,real_denoised_denoised,raw/raw,SC442,base16,base16,4,-0.06743005308971552,,,,5.0,,5,,0.0,0.0,runs/sleep_edf_formal_all_subjects_20260817_010000/sleep_edf_formal_downstream_rows.csv,Human subject-level effect after averaging checkpoint and contamination nuisance repetitions
subject,B,Unmodified-recording evaluation,Sleep-EDF without synthetic injection,real_denoised_denoised,raw/raw,SC443,base16,base16,4,-0.0023138057497221606,,,,5.0,,5,,0.0,0.0,runs/sleep_edf_formal_all_subjects_20260817_010000/sleep_edf_formal_downstream_rows.csv,Human subject-level effect after averaging checkpoint and contamination nuisance repetitions
subject,B,Unmodified-recording evaluation,Sleep-EDF without synthetic injection,real_denoised_denoised,raw/raw,SC444,base16,base16,4,-0.03146900976973348,,,,5.0,,5,,0.0,0.0,runs/sleep_edf_formal_all_subjects_20260817_010000/sleep_edf_formal_downstream_rows.csv,Human subject-level effect after averaging checkpoint and contamination nuisance repetitions
subject,B,Unmodified-recording evaluation,Sleep-EDF without synthetic injection,real_denoised_denoised,raw/raw,SC445,base16,base16,4,-0.03528035967000246,,,,5.0,,5,,0.0,0.0,runs/sleep_edf_formal_all_subjects_20260817_010000/sleep_edf_formal_downstream_rows.csv,Human subject-level effect after averaging checkpoint and contamination nuisance repetitions
subject,B,Unmodified-recording evaluation,Sleep-EDF without synthetic injection,real_denoised_denoised,raw/raw,SC446,base16,base16,4,-0.07897871164280765,,,,5.0,,5,,0.0,0.0,runs/sleep_edf_formal_all_subjects_20260817_010000/sleep_edf_formal_downstream_rows.csv,Human subject-level effect after averaging checkpoint and contamination nuisance repetitions
subject,B,Unmodified-recording evaluation,Sleep-EDF without synthetic injection,real_denoised_denoised,raw/raw,SC447,base16,base16,4,-0.24593361919979978,,,,5.0,,5,,0.0,0.0,runs/sleep_edf_formal_all_subjects_20260817_010000/sleep_edf_formal_downstream_rows.csv,Human subject-level effect after averaging checkpoint and contamination nuisance repetitions
subject,B,Unmodified-recording evaluation,Sleep-EDF without synthetic injection,real_denoised_denoised,raw/raw,SC448,base16,base16,4,-0.10779397163200913,,,,5.0,,5,,0.0,0.0,runs/sleep_edf_formal_all_subjects_20260817_010000/sleep_edf_formal_downstream_rows.csv,Human subject-level effect after averaging checkpoint and contamination nuisance repetitions
subject,B,Unmodified-recording evaluation,Sleep-EDF without synthetic injection,real_denoised_denoised,raw/raw,SC449,base16,base16,4,0.018433661963246258,,,,5.0,,5,,0.0,0.0,runs/sleep_edf_formal_all_subjects_20260817_010000/sleep_edf_formal_downstream_rows.csv,Human subject-level effect after averaging checkpoint and contamination nuisance repetitions
subject,B,Unmodified-recording evaluation,Sleep-EDF without synthetic injection,real_denoised_denoised,raw/raw,SC450,base16,base16,4,0.02231844481039602,,,,5.0,,5,,0.0,0.0,runs/sleep_edf_formal_all_subjects_20260817_010000/sleep_edf_formal_downstream_rows.csv,Human subject-level effect after averaging checkpoint and contamination nuisance repetitions
subject,B,Unmodified-recording evaluation,Sleep-EDF without synthetic injection,real_denoised_denoised,raw/raw,SC451,base16,base16,4,0.15421585579792546,,,,5.0,,5,,0.0,0.0,runs/sleep_edf_formal_all_subjects_20260817_010000/sleep_edf_formal_downstream_rows.csv,Human subject-level effect after averaging checkpoint and contamination nuisance repetitions
subject,B,Unmodified-recording evaluation,Sleep-EDF without synthetic injection,real_denoised_denoised,raw/raw,SC453,base16,base16,4,-0.10169396839599729,,,,5.0,,5,,0.0,0.0,runs/sleep_edf_formal_all_subjects_20260817_010000/sleep_edf_formal_downstream_rows.csv,Human subject-level effect after averaging checkpoint and contamination nuisance repetitions
subject,B,Unmodified-recording evaluation,Sleep-EDF without synthetic injection,real_denoised_denoised,raw/raw,SC454,base16,base16,4,-0.08285208748267762,,,,5.0,,5,,0.0,0.0,runs/sleep_edf_formal_all_subjects_20260817_010000/sleep_edf_formal_downstream_rows.csv,Human subject-level effect after averaging checkpoint and contamination nuisance repetitions
subject,B,Unmodified-recording evaluation,Sleep-EDF without synthetic injection,real_denoised_denoised,raw/raw,SC455,base16,base16,4,0.09241518263142744,,,,5.0,,5,,0.0,0.0,runs/sleep_edf_formal_all_subjects_20260817_010000/sleep_edf_formal_downstream_rows.csv,Human subject-level effect after averaging checkpoint and contamination nuisance repetitions
subject,B,Unmodified-recording evaluation,Sleep-EDF without synthetic injection,real_denoised_denoised,raw/raw,SC456,base16,base16,4,-0.1812574544641694,,,,5.0,,5,,0.0,0.0,runs/sleep_edf_formal_all_subjects_20260817_010000/sleep_edf_formal_downstream_rows.csv,Human subject-level effect after averaging checkpoint and contamination nuisance repetitions
subject,B,Unmodified-recording evaluation,Sleep-EDF without synthetic injection,real_denoised_denoised,raw/raw,SC457,base16,base16,4,0.0295968537839033,,,,5.0,,5,,0.0,0.0,runs/sleep_edf_formal_all_subjects_20260817_010000/sleep_edf_formal_downstream_rows.csv,Human subject-level effect after averaging checkpoint and contamination nuisance repetitions
subject,B,Unmodified-recording evaluation,Sleep-EDF without synthetic injection,real_denoised_denoised,raw/raw,SC458,base16,base16,4,-0.05948252080990174,,,,5.0,,5,,0.0,0.0,runs/sleep_edf_formal_all_subjects_20260817_010000/sleep_edf_formal_downstream_rows.csv,Human subject-level effect after averaging checkpoint and contamination nuisance repetitions
subject,B,Unmodified-recording evaluation,Sleep-EDF without synthetic injection,real_denoised_denoised,raw/raw,SC459,base16,base16,4,-0.10394235800754323,,,,5.0,,5,,0.0,0.0,runs/sleep_edf_formal_all_subjects_20260817_010000/sleep_edf_formal_downstream_rows.csv,Human subject-level effect after averaging checkpoint and contamination nuisance repetitions
subject,B,Unmodified-recording evaluation,Sleep-EDF without synthetic injection,real_denoised_denoised,raw/raw,SC460,base16,base16,4,-0.1359024932100384,,,,5.0,,5,,0.0,0.0,runs/sleep_edf_formal_all_subjects_20260817_010000/sleep_edf_formal_downstream_rows.csv,Human subject-level effect after averaging checkpoint and contamination nuisance repetitions
subject,B,Unmodified-recording evaluation,Sleep-EDF without synthetic injection,real_denoised_denoised,raw/raw,SC461,base16,base16,4,0.16508172213530253,,,,5.0,,5,,0.0,0.0,runs/sleep_edf_formal_all_subjects_20260817_010000/sleep_edf_formal_downstream_rows.csv,Human subject-level effect after averaging checkpoint and contamination nuisance repetitions
subject,B,Unmodified-recording evaluation,Sleep-EDF without synthetic injection,real_denoised_denoised,raw/raw,SC462,base16,base16,4,-0.11527980646803741,,,,5.0,,5,,0.0,0.0,runs/sleep_edf_formal_all_subjects_20260817_010000/sleep_edf_formal_downstream_rows.csv,Human subject-level effect after averaging checkpoint and contamination nuisance repetitions
subject,B,Unmodified-recording evaluation,Sleep-EDF without synthetic injection,real_denoised_denoised,raw/raw,SC463,base16,base16,4,-0.14901764588857253,,,,5.0,,5,,0.0,0.0,runs/sleep_edf_formal_all_subjects_20260817_010000/sleep_edf_formal_downstream_rows.csv,Human subject-level effect after averaging checkpoint and contamination nuisance repetitions
subject,B,Unmodified-recording evaluation,Sleep-EDF without synthetic injection,real_denoised_denoised,raw/raw,SC464,base16,base16,4,-0.03690455362730026,,,,5.0,,5,,0.0,0.0,runs/sleep_edf_formal_all_subjects_20260817_010000/sleep_edf_formal_downstream_rows.csv,Human subject-level effect after averaging checkpoint and contamination nuisance repetitions
subject,B,Unmodified-recording evaluation,Sleep-EDF without synthetic injection,real_denoised_denoised,raw/raw,SC465,base16,base16,4,-0.08124924368568824,,,,5.0,,5,,0.0,0.0,runs/sleep_edf_formal_all_subjects_20260817_010000/sleep_edf_formal_downstream_rows.csv,Human subject-level effect after averaging checkpoint and contamination nuisance repetitions
subject,B,Unmodified-recording evaluation,Sleep-EDF without synthetic injection,real_denoised_denoised,raw/raw,SC466,base16,base16,4,-0.259617408703983,,,,5.0,,5,,0.0,0.0,runs/sleep_edf_formal_all_subjects_20260817_010000/sleep_edf_formal_downstream_rows.csv,Human subject-level effect after averaging checkpoint and contamination nuisance repetitions
subject,B,Unmodified-recording evaluation,Sleep-EDF without synthetic injection,real_denoised_denoised,raw/raw,SC467,base16,base16,4,-0.021841152640091822,,,,5.0,,5,,0.0,0.0,runs/sleep_edf_formal_all_subjects_20260817_010000/sleep_edf_formal_downstream_rows.csv,Human subject-level effect after averaging checkpoint and contamination nuisance repetitions
subject,B,Unmodified-recording evaluation,Sleep-EDF without synthetic injection,real_denoised_denoised,raw/raw,SC470,base16,base16,4,-0.03740347566034202,,,,5.0,,5,,0.0,0.0,runs/sleep_edf_formal_all_subjects_20260817_010000/sleep_edf_formal_downstream_rows.csv,Human subject-level effect after averaging checkpoint and contamination nuisance repetitions
subject,B,Unmodified-recording evaluation,Sleep-EDF without synthetic injection,real_denoised_denoised,raw/raw,SC471,base16,base16,4,-0.33365257678692184,,,,5.0,,5,,0.0,0.0,runs/sleep_edf_formal_all_subjects_20260817_010000/sleep_edf_formal_downstream_rows.csv,Human subject-level effect after averaging checkpoint and contamination nuisance repetitions
subject,B,Unmodified-recording evaluation,Sleep-EDF without synthetic injection,real_denoised_denoised,raw/raw,SC472,base16,base16,4,-0.07990715157184795,,,,5.0,,5,,0.0,0.0,runs/sleep_edf_formal_all_subjects_20260817_010000/sleep_edf_formal_downstream_rows.csv,Human subject-level effect after averaging checkpoint and contamination nuisance repetitions
subject,B,Unmodified-recording evaluation,Sleep-EDF without synthetic injection,real_denoised_denoised,raw/raw,SC473,base16,base16,4,-0.01011153465001684,,,,5.0,,5,,0.0,0.0,runs/sleep_edf_formal_all_subjects_20260817_010000/sleep_edf_formal_downstream_rows.csv,Human subject-level effect after averaging checkpoint and contamination nuisance repetitions
subject,B,Unmodified-recording evaluation,Sleep-EDF without synthetic injection,real_denoised_denoised,raw/raw,SC474,base16,base16,4,-0.026472996213237777,,,,5.0,,5,,0.0,0.0,runs/sleep_edf_formal_all_subjects_20260817_010000/sleep_edf_formal_downstream_rows.csv,Human subject-level effect after averaging checkpoint and contamination nuisance repetitions
subject,B,Unmodified-recording evaluation,Sleep-EDF without synthetic injection,real_denoised_denoised,raw/raw,SC475,base16,base16,4,-0.0271096646005266,,,,5.0,,5,,0.0,0.0,runs/sleep_edf_formal_all_subjects_20260817_010000/sleep_edf_formal_downstream_rows.csv,Human subject-level effect after averaging checkpoint and contamination nuisance repetitions
subject,B,Unmodified-recording evaluation,Sleep-EDF without synthetic injection,real_denoised_denoised,raw/raw,SC476,base16,base16,4,0.11981947428429437,,,,5.0,,5,,0.0,0.0,runs/sleep_edf_formal_all_subjects_20260817_010000/sleep_edf_formal_downstream_rows.csv,Human subject-level effect after averaging checkpoint and contamination nuisance repetitions
subject,B,Unmodified-recording evaluation,Sleep-EDF without synthetic injection,real_denoised_denoised,raw/raw,SC477,base16,base16,4,-0.11193634599079239,,,,5.0,,5,,0.0,0.0,runs/sleep_edf_formal_all_subjects_20260817_010000/sleep_edf_formal_downstream_rows.csv,Human subject-level effect after averaging checkpoint and contamination nuisance repetitions
subject,B,Unmodified-recording evaluation,Sleep-EDF without synthetic injection,real_denoised_denoised,raw/raw,SC480,base16,base16,4,-0.23281494377523915,,,,5.0,,5,,0.0,0.0,runs/sleep_edf_formal_all_subjects_20260817_010000/sleep_edf_formal_downstream_rows.csv,Human subject-level effect after averaging checkpoint and contamination nuisance repetitions
subject,B,Unmodified-recording evaluation,Sleep-EDF without synthetic injection,real_denoised_denoised,raw/raw,SC481,base16,base16,4,-0.0764100741439568,,,,5.0,,5,,0.0,0.0,runs/sleep_edf_formal_all_subjects_20260817_010000/sleep_edf_formal_downstream_rows.csv,Human subject-level effect after averaging checkpoint and contamination nuisance repetitions
subject,B,Unmodified-recording evaluation,Sleep-EDF without synthetic injection,real_denoised_denoised,raw/raw,SC482,base16,base16,4,-0.039963126731597506,,,,5.0,,5,,0.0,0.0,runs/sleep_edf_formal_all_subjects_20260817_010000/sleep_edf_formal_downstream_rows.csv,Human subject-level effect after averaging checkpoint and contamination nuisance repetitions
mean_ci,B,Unmodified-recording evaluation,Sleep-EDF without synthetic injection,real_denoised_denoised,raw/raw,,EEGDN_CNN,EEGDN CNN,5,,-0.0543849832841362,-0.0724123069773846,-0.0356870902629683,,75.0,3,0.0,,,runs/sleep_edf_formal_all_subjects_20260817_010000/sleep_edf_formal_downstream_summary.csv,Mean and 95% subject-bootstrap CI across 75 subjects
subject,B,Unmodified-recording evaluation,Sleep-EDF without synthetic injection,real_denoised_denoised,raw/raw,SC400,EEGDN_CNN,EEGDN CNN,5,-0.022043489479251832,,,,3.0,,3,,0.0,0.0,runs/sleep_edf_formal_all_subjects_20260817_010000/sleep_edf_formal_downstream_rows.csv,Human subject-level effect after averaging checkpoint and contamination nuisance repetitions
subject,B,Unmodified-recording evaluation,Sleep-EDF without synthetic injection,real_denoised_denoised,raw/raw,SC401,EEGDN_CNN,EEGDN CNN,5,0.010206385002330468,,,,3.0,,3,,0.0,0.0,runs/sleep_edf_formal_all_subjects_20260817_010000/sleep_edf_formal_downstream_rows.csv,Human subject-level effect after averaging checkpoint and contamination nuisance repetitions
subject,B,Unmodified-recording evaluation,Sleep-EDF without synthetic injection,real_denoised_denoised,raw/raw,SC402,EEGDN_CNN,EEGDN CNN,5,-0.1734646056343142,,,,3.0,,3,,0.0,0.0,runs/sleep_edf_formal_all_subjects_20260817_010000/sleep_edf_formal_downstream_rows.csv,Human subject-level effect after averaging checkpoint and contamination nuisance repetitions
subject,B,Unmodified-recording evaluation,Sleep-EDF without synthetic injection,real_denoised_denoised,raw/raw,SC403,EEGDN_CNN,EEGDN CNN,5,-0.15111461256493888,,,,3.0,,3,,0.0,0.0,runs/sleep_edf_formal_all_subjects_20260817_010000/sleep_edf_formal_downstream_rows.csv,Human subject-level effect after averaging checkpoint and contamination nuisance repetitions
subject,B,Unmodified-recording evaluation,Sleep-EDF without synthetic injection,real_denoised_denoised,raw/raw,SC404,EEGDN_CNN,EEGDN CNN,5,-0.033889637403924165,,,,3.0,,3,,0.0,0.0,runs/sleep_edf_formal_all_subjects_20260817_010000/sleep_edf_formal_downstream_rows.csv,Human subject-level effect after averaging checkpoint and contamination nuisance repetitions
subject,B,Unmodified-recording evaluation,Sleep-EDF without synthetic injection,real_denoised_denoised,raw/raw,SC405,EEGDN_CNN,EEGDN CNN,5,0.0430255577340778,,,,3.0,,3,,0.0,0.0,runs/sleep_edf_formal_all_subjects_20260817_010000/sleep_edf_formal_downstream_rows.csv,Human subject-level effect after averaging checkpoint and contamination nuisance repetitions
subject,B,Unmodified-recording evaluation,Sleep-EDF without synthetic injection,real_denoised_denoised,raw/raw,SC406,EEGDN_CNN,EEGDN CNN,5,0.023669427972614333,,,,3.0,,3,,0.0,0.0,runs/sleep_edf_formal_all_subjects_20260817_010000/sleep_edf_formal_downstream_rows.csv,Human subject-level effect after averaging checkpoint and contamination nuisance repetitions
subject,B,Unmodified-recording evaluation,Sleep-EDF without synthetic injection,real_denoised_denoised,raw/raw,SC407,EEGDN_CNN,EEGDN CNN,5,-0.0647087663894386,,,,3.0,,3,,0.0,0.0,runs/sleep_edf_formal_all_subjects_20260817_010000/sleep_edf_formal_downstream_rows.csv,Human subject-level effect after averaging checkpoint and contamination nuisance repetitions
subject,B,Unmodified-recording evaluation,Sleep-EDF without synthetic injection,real_denoised_denoised,raw/raw,SC408,EEGDN_CNN,EEGDN CNN,5,-0.07814690893194183,,,,3.0,,3,,0.0,0.0,runs/sleep_edf_formal_all_subjects_20260817_010000/sleep_edf_formal_downstream_rows.csv,Human subject-level effect after averaging checkpoint and contamination nuisance repetitions
subject,B,Unmodified-recording evaluation,Sleep-EDF without synthetic injection,real_denoised_denoised,raw/raw,SC409,EEGDN_CNN,EEGDN CNN,5,-0.0412446562967825,,,,3.0,,3,,0.0,0.0,runs/sleep_edf_formal_all_subjects_20260817_010000/sleep_edf_formal_downstream_rows.csv,Human subject-level effect after averaging checkpoint and contamination nuisance repetitions
subject,B,Unmodified-recording evaluation,Sleep-EDF without synthetic injection,real_denoised_denoised,raw/raw,SC410,EEGDN_CNN,EEGDN CNN,5,-0.04364093090245003,,,,3.0,,3,,0.0,0.0,runs/sleep_edf_formal_all_subjects_20260817_010000/sleep_edf_formal_downstream_rows.csv,Human subject-level effect after averaging checkpoint and contamination nuisance repetitions
subject,B,Unmodified-recording evaluation,Sleep-EDF without synthetic injection,real_denoised_denoised,raw/raw,SC411,EEGDN_CNN,EEGDN CNN,5,-0.04961762878798907,,,,3.0,,3,,0.0,0.0,runs/sleep_edf_formal_all_subjects_20260817_010000/sleep_edf_formal_downstream_rows.csv,Human subject-level effect after averaging checkpoint and contamination nuisance repetitions
subject,B,Unmodified-recording evaluation,Sleep-EDF without synthetic injection,real_denoised_denoised,raw/raw,SC412,EEGDN_CNN,EEGDN CNN,5,-0.018220955409393766,,,,3.0,,3,,0.0,0.0,runs/sleep_edf_formal_all_subjects_20260817_010000/sleep_edf_formal_downstream_rows.csv,Human subject-level effect after averaging checkpoint and contamination nuisance repetitions
subject,B,Unmodified-recording evaluation,Sleep-EDF without synthetic injection,real_denoised_denoised,raw/raw,SC414,EEGDN_CNN,EEGDN CNN,5,-0.027827557252660035,,,,3.0,,3,,0.0,0.0,runs/sleep_edf_formal_all_subjects_20260817_010000/sleep_edf_formal_downstream_rows.csv,Human subject-level effect after averaging checkpoint and contamination nuisance repetitions
subject,B,Unmodified-recording evaluation,Sleep-EDF without synthetic injection,real_denoised_denoised,raw/raw,SC415,EEGDN_CNN,EEGDN CNN,5,-0.1266775417871201,,,,3.0,,3,,0.0,0.0,runs/sleep_edf_formal_all_subjects_20260817_010000/sleep_edf_formal_downstream_rows.csv,Human subject-level effect after averaging checkpoint and contamination nuisance repetitions
subject,B,Unmodified-recording evaluation,Sleep-EDF without synthetic injection,real_denoised_denoised,raw/raw,SC416,EEGDN_CNN,EEGDN CNN,5,0.0026495327475720334,,,,3.0,,3,,0.0,0.0,runs/sleep_edf_formal_all_subjects_20260817_010000/sleep_edf_formal_downstream_rows.csv,Human subject-level effect after averaging checkpoint and contamination nuisance repetitions
subject,B,Unmodified-recording evaluation,Sleep-EDF without synthetic injection,real_denoised_denoised,raw/raw,SC417,EEGDN_CNN,EEGDN CNN,5,-0.04694741743648753,,,,3.0,,3,,0.0,0.0,runs/sleep_edf_formal_all_subjects_20260817_010000/sleep_edf_formal_downstream_rows.csv,Human subject-level effect after averaging checkpoint and contamination nuisance repetitions
subject,B,Unmodified-recording evaluation,Sleep-EDF without synthetic injection,real_denoised_denoised,raw/raw,SC418,EEGDN_CNN,EEGDN CNN,5,0.0015180640791510002,,,,3.0,,3,,0.0,0.0,runs/sleep_edf_formal_all_subjects_20260817_010000/sleep_edf_formal_downstream_rows.csv,Human subject-level effect after averaging checkpoint and contamination nuisance repetitions
subject,B,Unmodified-recording evaluation,Sleep-EDF without synthetic injection,real_denoised_denoised,raw/raw,SC419,EEGDN_CNN,EEGDN CNN,5,-0.038862530053009235,,,,3.0,,3,,0.0,0.0,runs/sleep_edf_formal_all_subjects_20260817_010000/sleep_edf_formal_downstream_rows.csv,Human subject-level effect after averaging checkpoint and contamination nuisance repetitions
subject,B,Unmodified-recording evaluation,Sleep-EDF without synthetic injection,real_denoised_denoised,raw/raw,SC420,EEGDN_CNN,EEGDN CNN,5,-0.10821551597587113,,,,3.0,,3,,0.0,0.0,runs/sleep_edf_formal_all_subjects_20260817_010000/sleep_edf_formal_downstream_rows.csv,Human subject-level effect after averaging checkpoint and contamination nuisance repetitions
subject,B,Unmodified-recording evaluation,Sleep-EDF without synthetic injection,real_denoised_denoised,raw/raw,SC421,EEGDN_CNN,EEGDN CNN,5,-0.07459286384381082,,,,3.0,,3,,0.0,0.0,runs/sleep_edf_formal_all_subjects_20260817_010000/sleep_edf_formal_downstream_rows.csv,Human subject-level effect after averaging checkpoint and contamination nuisance repetitions
subject,B,Unmodified-recording evaluation,Sleep-EDF without synthetic injection,real_denoised_denoised,raw/raw,SC422,EEGDN_CNN,EEGDN CNN,5,0.2013704924152685,,,,3.0,,3,,0.0,0.0,runs/sleep_edf_formal_all_subjects_20260817_010000/sleep_edf_formal_downstream_rows.csv,Human subject-level effect after averaging checkpoint and contamination nuisance repetitions
subject,B,Unmodified-recording evaluation,Sleep-EDF without synthetic injection,real_denoised_denoised,raw/raw,SC423,EEGDN_CNN,EEGDN CNN,5,0.16504171175315974,,,,3.0,,3,,0.0,0.0,runs/sleep_edf_formal_all_subjects_20260817_010000/sleep_edf_formal_downstream_rows.csv,Human subject-level effect after averaging checkpoint and contamination nuisance repetitions
subject,B,Unmodified-recording evaluation,Sleep-EDF without synthetic injection,real_denoised_denoised,raw/raw,SC424,EEGDN_CNN,EEGDN CNN,5,-0.1354430836635068,,,,3.0,,3,,0.0,0.0,runs/sleep_edf_formal_all_subjects_20260817_010000/sleep_edf_formal_downstream_rows.csv,Human subject-level effect after averaging checkpoint and contamination nuisance repetitions
subject,B,Unmodified-recording evaluation,Sleep-EDF without synthetic injection,real_denoised_denoised,raw/raw,SC425,EEGDN_CNN,EEGDN CNN,5,0.03533814649030773,,,,3.0,,3,,0.0,0.0,runs/sleep_edf_formal_all_subjects_20260817_010000/sleep_edf_formal_downstream_rows.csv,Human subject-level effect after averaging checkpoint and contamination nuisance repetitions
subject,B,Unmodified-recording evaluation,Sleep-EDF without synthetic injection,real_denoised_denoised,raw/raw,SC426,EEGDN_CNN,EEGDN CNN,5,-0.19627674090818906,,,,3.0,,3,,0.0,0.0,runs/sleep_edf_formal_all_subjects_20260817_010000/sleep_edf_formal_downstream_rows.csv,Human subject-level effect after averaging checkpoint and contamination nuisance repetitions
subject,B,Unmodified-recording evaluation,Sleep-EDF without synthetic injection,real_denoised_denoised,raw/raw,SC427,EEGDN_CNN,EEGDN CNN,5,-0.0728920123820383,,,,3.0,,3,,0.0,0.0,runs/sleep_edf_formal_all_subjects_20260817_010000/sleep_edf_formal_downstream_rows.csv,Human subject-level effect after averaging checkpoint and contamination nuisance repetitions
subject,B,Unmodified-recording evaluation,Sleep-EDF without synthetic injection,real_denoised_denoised,raw/raw,SC428,EEGDN_CNN,EEGDN CNN,5,-0.0411903254781908,,,,3.0,,3,,0.0,0.0,runs/sleep_edf_formal_all_subjects_20260817_010000/sleep_edf_formal_downstream_rows.csv,Human subject-level effect after averaging checkpoint and contamination nuisance repetitions
subject,B,Unmodified-recording evaluation,Sleep-EDF without synthetic injection,real_denoised_denoised,raw/raw,SC429,EEGDN_CNN,EEGDN CNN,5,-0.05201864473501927,,,,3.0,,3,,0.0,0.0,runs/sleep_edf_formal_all_subjects_20260817_010000/sleep_edf_formal_downstream_rows.csv,Human subject-level effect after averaging checkpoint and contamination nuisance repetitions
subject,B,Unmodified-recording evaluation,Sleep-EDF without synthetic injection,real_denoised_denoised,raw/raw,SC430,EEGDN_CNN,EEGDN CNN,5,-0.044884003373114066,,,,3.0,,3,,0.0,0.0,runs/sleep_edf_formal_all_subjects_20260817_010000/sleep_edf_formal_downstream_rows.csv,Human subject-level effect after averaging checkpoint and contamination nuisance repetitions
subject,B,Unmodified-recording evaluation,Sleep-EDF without synthetic injection,real_denoised_denoised,raw/raw,SC431,EEGDN_CNN,EEGDN CNN,5,-0.028268364762875337,,,,3.0,,3,,0.0,0.0,runs/sleep_edf_formal_all_subjects_20260817_010000/sleep_edf_formal_downstream_rows.csv,Human subject-level effect after averaging checkpoint and contamination nuisance repetitions
subject,B,Unmodified-recording evaluation,Sleep-EDF without synthetic injection,real_denoised_denoised,raw/raw,SC432,EEGDN_CNN,EEGDN CNN,5,-0.0340492472888477,,,,3.0,,3,,0.0,0.0,runs/sleep_edf_formal_all_subjects_20260817_010000/sleep_edf_formal_downstream_rows.csv,Human subject-level effect after averaging checkpoint and contamination nuisance repetitions
subject,B,Unmodified-recording evaluation,Sleep-EDF without synthetic injection,real_denoised_denoised,raw/raw,SC433,EEGDN_CNN,EEGDN CNN,5,-0.045528374010014305,,,,3.0,,3,,0.0,0.0,runs/sleep_edf_formal_all_subjects_20260817_010000/sleep_edf_formal_downstream_rows.csv,Human subject-level effect after averaging checkpoint and contamination nuisance repetitions
subject,B,Unmodified-recording evaluation,Sleep-EDF without synthetic injection,real_denoised_denoised,raw/raw,SC434,EEGDN_CNN,EEGDN CNN,5,-0.06064833644200707,,,,3.0,,3,,0.0,0.0,runs/sleep_edf_formal_all_subjects_20260817_010000/sleep_edf_formal_downstream_rows.csv,Human subject-level effect after averaging checkpoint and contamination nuisance repetitions
subject,B,Unmodified-recording evaluation,Sleep-EDF without synthetic injection,real_denoised_denoised,raw/raw,SC435,EEGDN_CNN,EEGDN CNN,5,-0.23200327877620008,,,,3.0,,3,,0.0,0.0,runs/sleep_edf_formal_all_subjects_20260817_010000/sleep_edf_formal_downstream_rows.csv,Human subject-level effect after averaging checkpoint and contamination nuisance repetitions
subject,B,Unmodified-recording evaluation,Sleep-EDF without synthetic injection,real_denoised_denoised,raw/raw,SC437,EEGDN_CNN,EEGDN CNN,5,-0.1421555590078637,,,,3.0,,3,,0.0,0.0,runs/sleep_edf_formal_all_subjects_20260817_010000/sleep_edf_formal_downstream_rows.csv,Human subject-level effect after averaging checkpoint and contamination nuisance repetitions
subject,B,Unmodified-recording evaluation,Sleep-EDF without synthetic injection,real_denoised_denoised,raw/raw,SC438,EEGDN_CNN,EEGDN CNN,5,-0.0927606727072453,,,,3.0,,3,,0.0,0.0,runs/sleep_edf_formal_all_subjects_20260817_010000/sleep_edf_formal_downstream_rows.csv,Human subject-level effect after averaging checkpoint and contamination nuisance repetitions
subject,B,Unmodified-recording evaluation,Sleep-EDF without synthetic injection,real_denoised_denoised,raw/raw,SC440,EEGDN_CNN,EEGDN CNN,5,-0.0509989410233703,,,,3.0,,3,,0.0,0.0,runs/sleep_edf_formal_all_subjects_20260817_010000/sleep_edf_formal_downstream_rows.csv,Human subject-level effect after averaging checkpoint and contamination nuisance repetitions
subject,B,Unmodified-recording evaluation,Sleep-EDF without synthetic injection,real_denoised_denoised,raw/raw,SC441,EEGDN_CNN,EEGDN CNN,5,-0.14608506306881314,,,,3.0,,3,,0.0,0.0,runs/sleep_edf_formal_all_subjects_20260817_010000/sleep_edf_formal_downstream_rows.csv,Human subject-level effect after averaging checkpoint and contamination nuisance repetitions
subject,B,Unmodified-recording evaluation,Sleep-EDF without synthetic injection,real_denoised_denoised,raw/raw,SC442,EEGDN_CNN,EEGDN CNN,5,-0.08537567354703564,,,,3.0,,3,,0.0,0.0,runs/sleep_edf_formal_all_subjects_20260817_010000/sleep_edf_formal_downstream_rows.csv,Human subject-level effect after averaging checkpoint and contamination nuisance repetitions
subject,B,Unmodified-recording evaluation,Sleep-EDF without synthetic injection,real_denoised_denoised,raw/raw,SC443,EEGDN_CNN,EEGDN CNN,5,-0.0023417744948323665,,,,3.0,,3,,0.0,0.0,runs/sleep_edf_formal_all_subjects_20260817_010000/sleep_edf_formal_downstream_rows.csv,Human subject-level effect after averaging checkpoint and contamination nuisance repetitions
subject,B,Unmodified-recording evaluation,Sleep-EDF without synthetic injection,real_denoised_denoised,raw/raw,SC444,EEGDN_CNN,EEGDN CNN,5,-0.015495270135561401,,,,3.0,,3,,0.0,0.0,runs/sleep_edf_formal_all_subjects_20260817_010000/sleep_edf_formal_downstream_rows.csv,Human subject-level effect after averaging checkpoint and contamination nuisance repetitions
subject,B,Unmodified-recording evaluation,Sleep-EDF without synthetic injection,real_denoised_denoised,raw/raw,SC445,EEGDN_CNN,EEGDN CNN,5,-0.044001284637989635,,,,3.0,,3,,0.0,0.0,runs/sleep_edf_formal_all_subjects_20260817_010000/sleep_edf_formal_downstream_rows.csv,Human subject-level effect after averaging checkpoint and contamination nuisance repetitions
subject,B,Unmodified-recording evaluation,Sleep-EDF without synthetic injection,real_denoised_denoised,raw/raw,SC446,EEGDN_CNN,EEGDN CNN,5,-0.092737522499256,,,,3.0,,3,,0.0,0.0,runs/sleep_edf_formal_all_subjects_20260817_010000/sleep_edf_formal_downstream_rows.csv,Human subject-level effect after averaging checkpoint and contamination nuisance repetitions
subject,B,Unmodified-recording evaluation,Sleep-EDF without synthetic injection,real_denoised_denoised,raw/raw,SC447,EEGDN_CNN,EEGDN CNN,5,-0.1242279940272409,,,,3.0,,3,,0.0,0.0,runs/sleep_edf_formal_all_subjects_20260817_010000/sleep_edf_formal_downstream_rows.csv,Human subject-level effect after averaging checkpoint and contamination nuisance repetitions
subject,B,Unmodified-recording evaluation,Sleep-EDF without synthetic injection,real_denoised_denoised,raw/raw,SC448,EEGDN_CNN,EEGDN CNN,5,-0.0707557503651738,,,,3.0,,3,,0.0,0.0,runs/sleep_edf_formal_all_subjects_20260817_010000/sleep_edf_formal_downstream_rows.csv,Human subject-level effect after averaging checkpoint and contamination nuisance repetitions
subject,B,Unmodified-recording evaluation,Sleep-EDF without synthetic injection,real_denoised_denoised,raw/raw,SC449,EEGDN_CNN,EEGDN CNN,5,-0.03235759620062333,,,,3.0,,3,,0.0,0.0,runs/sleep_edf_formal_all_subjects_20260817_010000/sleep_edf_formal_downstream_rows.csv,Human subject-level effect after averaging checkpoint and contamination nuisance repetitions
subject,B,Unmodified-recording evaluation,Sleep-EDF without synthetic injection,real_denoised_denoised,raw/raw,SC450,EEGDN_CNN,EEGDN CNN,5,-0.017320646450793033,,,,3.0,,3,,0.0,0.0,runs/sleep_edf_formal_all_subjects_20260817_010000/sleep_edf_formal_downstream_rows.csv,Human subject-level effect after averaging checkpoint and contamination nuisance repetitions
subject,B,Unmodified-recording evaluation,Sleep-EDF without synthetic injection,real_denoised_denoised,raw/raw,SC451,EEGDN_CNN,EEGDN CNN,5,0.0040520797581879014,,,,3.0,,3,,0.0,0.0,runs/sleep_edf_formal_all_subjects_20260817_010000/sleep_edf_formal_downstream_rows.csv,Human subject-level effect after averaging checkpoint and contamination nuisance repetitions
subject,B,Unmodified-recording evaluation,Sleep-EDF without synthetic injection,real_denoised_denoised,raw/raw,SC453,EEGDN_CNN,EEGDN CNN,5,-0.09790356658317106,,,,3.0,,3,,0.0,0.0,runs/sleep_edf_formal_all_subjects_20260817_010000/sleep_edf_formal_downstream_rows.csv,Human subject-level effect after averaging checkpoint and contamination nuisance repetitions
subject,B,Unmodified-recording evaluation,Sleep-EDF without synthetic injection,real_denoised_denoised,raw/raw,SC454,EEGDN_CNN,EEGDN CNN,5,-0.03243883624670057,,,,3.0,,3,,0.0,0.0,runs/sleep_edf_formal_all_subjects_20260817_010000/sleep_edf_formal_downstream_rows.csv,Human subject-level effect after averaging checkpoint and contamination nuisance repetitions
subject,B,Unmodified-recording evaluation,Sleep-EDF without synthetic injection,real_denoised_denoised,raw/raw,SC455,EEGDN_CNN,EEGDN CNN,5,-0.010986278048951865,,,,3.0,,3,,0.0,0.0,runs/sleep_edf_formal_all_subjects_20260817_010000/sleep_edf_formal_downstream_rows.csv,Human subject-level effect after averaging checkpoint and contamination nuisance repetitions
subject,B,Unmodified-recording evaluation,Sleep-EDF without synthetic injection,real_denoised_denoised,raw/raw,SC456,EEGDN_CNN,EEGDN CNN,5,-0.10957319089356964,,,,3.0,,3,,0.0,0.0,runs/sleep_edf_formal_all_subjects_20260817_010000/sleep_edf_formal_downstream_rows.csv,Human subject-level effect after averaging checkpoint and contamination nuisance repetitions
subject,B,Unmodified-recording evaluation,Sleep-EDF without synthetic injection,real_denoised_denoised,raw/raw,SC457,EEGDN_CNN,EEGDN CNN,5,0.030103656145641866,,,,3.0,,3,,0.0,0.0,runs/sleep_edf_formal_all_subjects_20260817_010000/sleep_edf_formal_downstream_rows.csv,Human subject-level effect after averaging checkpoint and contamination nuisance repetitions
subject,B,Unmodified-recording evaluation,Sleep-EDF without synthetic injection,real_denoised_denoised,raw/raw,SC458,EEGDN_CNN,EEGDN CNN,5,-0.063106532872742,,,,3.0,,3,,0.0,0.0,runs/sleep_edf_formal_all_subjects_20260817_010000/sleep_edf_formal_downstream_rows.csv,Human subject-level effect after averaging checkpoint and contamination nuisance repetitions
subject,B,Unmodified-recording evaluation,Sleep-EDF without synthetic injection,real_denoised_denoised,raw/raw,SC459,EEGDN_CNN,EEGDN CNN,5,-0.11722513763165406,,,,3.0,,3,,0.0,0.0,runs/sleep_edf_formal_all_subjects_20260817_010000/sleep_edf_formal_downstream_rows.csv,Human subject-level effect after averaging checkpoint and contamination nuisance repetitions
subject,B,Unmodified-recording evaluation,Sleep-EDF without synthetic injection,real_denoised_denoised,raw/raw,SC460,EEGDN_CNN,EEGDN CNN,5,-0.11692955455576143,,,,3.0,,3,,0.0,0.0,runs/sleep_edf_formal_all_subjects_20260817_010000/sleep_edf_formal_downstream_rows.csv,Human subject-level effect after averaging checkpoint and contamination nuisance repetitions
subject,B,Unmodified-recording evaluation,Sleep-EDF without synthetic injection,real_denoised_denoised,raw/raw,SC461,EEGDN_CNN,EEGDN CNN,5,-0.008219685218622102,,,,3.0,,3,,0.0,0.0,runs/sleep_edf_formal_all_subjects_20260817_010000/sleep_edf_formal_downstream_rows.csv,Human subject-level effect after averaging checkpoint and contamination nuisance repetitions
subject,B,Unmodified-recording evaluation,Sleep-EDF without synthetic injection,real_denoised_denoised,raw/raw,SC462,EEGDN_CNN,EEGDN CNN,5,-0.09398218456952047,,,,3.0,,3,,0.0,0.0,runs/sleep_edf_formal_all_subjects_20260817_010000/sleep_edf_formal_downstream_rows.csv,Human subject-level effect after averaging checkpoint and contamination nuisance repetitions
subject,B,Unmodified-recording evaluation,Sleep-EDF without synthetic injection,real_denoised_denoised,raw/raw,SC463,EEGDN_CNN,EEGDN CNN,5,-0.11781140235013253,,,,3.0,,3,,0.0,0.0,runs/sleep_edf_formal_all_subjects_20260817_010000/sleep_edf_formal_downstream_rows.csv,Human subject-level effect after averaging checkpoint and contamination nuisance repetitions
subject,B,Unmodified-recording evaluation,Sleep-EDF without synthetic injection,real_denoised_denoised,raw/raw,SC464,EEGDN_CNN,EEGDN CNN,5,-0.016540653271056197,,,,3.0,,3,,0.0,0.0,runs/sleep_edf_formal_all_subjects_20260817_010000/sleep_edf_formal_downstream_rows.csv,Human subject-level effect after averaging checkpoint and contamination nuisance repetitions
subject,B,Unmodified-recording evaluation,Sleep-EDF without synthetic injection,real_denoised_denoised,raw/raw,SC465,EEGDN_CNN,EEGDN CNN,5,-0.14518923657756214,,,,3.0,,3,,0.0,0.0,runs/sleep_edf_formal_all_subjects_20260817_010000/sleep_edf_formal_downstream_rows.csv,Human subject-level effect after averaging checkpoint and contamination nuisance repetitions
subject,B,Unmodified-recording evaluation,Sleep-EDF without synthetic injection,real_denoised_denoised,raw/raw,SC466,EEGDN_CNN,EEGDN CNN,5,-0.2888340190572601,,,,3.0,,3,,0.0,0.0,runs/sleep_edf_formal_all_subjects_20260817_010000/sleep_edf_formal_downstream_rows.csv,Human subject-level effect after averaging checkpoint and contamination nuisance repetitions
subject,B,Unmodified-recording evaluation,Sleep-EDF without synthetic injection,real_denoised_denoised,raw/raw,SC467,EEGDN_CNN,EEGDN CNN,5,-0.1563825624390419,,,,3.0,,3,,0.0,0.0,runs/sleep_edf_formal_all_subjects_20260817_010000/sleep_edf_formal_downstream_rows.csv,Human subject-level effect after averaging checkpoint and contamination nuisance repetitions
subject,B,Unmodified-recording evaluation,Sleep-EDF without synthetic injection,real_denoised_denoised,raw/raw,SC470,EEGDN_CNN,EEGDN CNN,5,0.012744739576567833,,,,3.0,,3,,0.0,0.0,runs/sleep_edf_formal_all_subjects_20260817_010000/sleep_edf_formal_downstream_rows.csv,Human subject-level effect after averaging checkpoint and contamination nuisance repetitions
subject,B,Unmodified-recording evaluation,Sleep-EDF without synthetic injection,real_denoised_denoised,raw/raw,SC471,EEGDN_CNN,EEGDN CNN,5,-0.09802101862017525,,,,3.0,,3,,0.0,0.0,runs/sleep_edf_formal_all_subjects_20260817_010000/sleep_edf_formal_downstream_rows.csv,Human subject-level effect after averaging checkpoint and contamination nuisance repetitions
subject,B,Unmodified-recording evaluation,Sleep-EDF without synthetic injection,real_denoised_denoised,raw/raw,SC472,EEGDN_CNN,EEGDN CNN,5,-0.025765779610705766,,,,3.0,,3,,0.0,0.0,runs/sleep_edf_formal_all_subjects_20260817_010000/sleep_edf_formal_downstream_rows.csv,Human subject-level effect after averaging checkpoint and contamination nuisance repetitions
subject,B,Unmodified-recording evaluation,Sleep-EDF without synthetic injection,real_denoised_denoised,raw/raw,SC473,EEGDN_CNN,EEGDN CNN,5,-0.0029048805219418334,,,,3.0,,3,,0.0,0.0,runs/sleep_edf_formal_all_subjects_20260817_010000/sleep_edf_formal_downstream_rows.csv,Human subject-level effect after averaging checkpoint and contamination nuisance repetitions
subject,B,Unmodified-recording evaluation,Sleep-EDF without synthetic injection,real_denoised_denoised,raw/raw,SC474,EEGDN_CNN,EEGDN CNN,5,0.021646403476118698,,,,3.0,,3,,0.0,0.0,runs/sleep_edf_formal_all_subjects_20260817_010000/sleep_edf_formal_downstream_rows.csv,Human subject-level effect after averaging checkpoint and contamination nuisance repetitions
subject,B,Unmodified-recording evaluation,Sleep-EDF without synthetic injection,real_denoised_denoised,raw/raw,SC475,EEGDN_CNN,EEGDN CNN,5,-0.024019722012992534,,,,3.0,,3,,0.0,0.0,runs/sleep_edf_formal_all_subjects_20260817_010000/sleep_edf_formal_downstream_rows.csv,Human subject-level effect after averaging checkpoint and contamination nuisance repetitions
subject,B,Unmodified-recording evaluation,Sleep-EDF without synthetic injection,real_denoised_denoised,raw/raw,SC476,EEGDN_CNN,EEGDN CNN,5,0.22398090756498204,,,,3.0,,3,,0.0,0.0,runs/sleep_edf_formal_all_subjects_20260817_010000/sleep_edf_formal_downstream_rows.csv,Human subject-level effect after averaging checkpoint and contamination nuisance repetitions
subject,B,Unmodified-recording evaluation,Sleep-EDF without synthetic injection,real_denoised_denoised,raw/raw,SC477,EEGDN_CNN,EEGDN CNN,5,-0.11136499530782647,,,,3.0,,3,,0.0,0.0,runs/sleep_edf_formal_all_subjects_20260817_010000/sleep_edf_formal_downstream_rows.csv,Human subject-level effect after averaging checkpoint and contamination nuisance repetitions
subject,B,Unmodified-recording evaluation,Sleep-EDF without synthetic injection,real_denoised_denoised,raw/raw,SC480,EEGDN_CNN,EEGDN CNN,5,-0.18354997927346275,,,,3.0,,3,,0.0,0.0,runs/sleep_edf_formal_all_subjects_20260817_010000/sleep_edf_formal_downstream_rows.csv,Human subject-level effect after averaging checkpoint and contamination nuisance repetitions
subject,B,Unmodified-recording evaluation,Sleep-EDF without synthetic injection,real_denoised_denoised,raw/raw,SC481,EEGDN_CNN,EEGDN CNN,5,-0.04738419687207363,,,,3.0,,3,,0.0,0.0,runs/sleep_edf_formal_all_subjects_20260817_010000/sleep_edf_formal_downstream_rows.csv,Human subject-level effect after averaging checkpoint and contamination nuisance repetitions
subject,B,Unmodified-recording evaluation,Sleep-EDF without synthetic injection,real_denoised_denoised,raw/raw,SC482,EEGDN_CNN,EEGDN CNN,5,-0.0270556603560874,,,,3.0,,3,,0.0,0.0,runs/sleep_edf_formal_all_subjects_20260817_010000/sleep_edf_formal_downstream_rows.csv,Human subject-level effect after averaging checkpoint and contamination nuisance repetitions
mean_ci,B,Unmodified-recording evaluation,Sleep-EDF without synthetic injection,real_denoised_denoised,raw/raw,,EEGDN_RNN,EEGDN RNN,6,,-0.0426697592855688,-0.0579629650158421,-0.0256711127475199,,75.0,3,0.0,,,runs/sleep_edf_formal_all_subjects_20260817_010000/sleep_edf_formal_downstream_summary.csv,Mean and 95% subject-bootstrap CI across 75 subjects
subject,B,Unmodified-recording evaluation,Sleep-EDF without synthetic injection,real_denoised_denoised,raw/raw,SC400,EEGDN_RNN,EEGDN RNN,6,-0.042202568173843165,,,,3.0,,3,,0.0,0.0,runs/sleep_edf_formal_all_subjects_20260817_010000/sleep_edf_formal_downstream_rows.csv,Human subject-level effect after averaging checkpoint and contamination nuisance repetitions
subject,B,Unmodified-recording evaluation,Sleep-EDF without synthetic injection,real_denoised_denoised,raw/raw,SC401,EEGDN_RNN,EEGDN RNN,6,-0.030946632906822365,,,,3.0,,3,,0.0,0.0,runs/sleep_edf_formal_all_subjects_20260817_010000/sleep_edf_formal_downstream_rows.csv,Human subject-level effect after averaging checkpoint and contamination nuisance repetitions
subject,B,Unmodified-recording evaluation,Sleep-EDF without synthetic injection,real_denoised_denoised,raw/raw,SC402,EEGDN_RNN,EEGDN RNN,6,-0.006378196278352101,,,,3.0,,3,,0.0,0.0,runs/sleep_edf_formal_all_subjects_20260817_010000/sleep_edf_formal_downstream_rows.csv,Human subject-level effect after averaging checkpoint and contamination nuisance repetitions
subject,B,Unmodified-recording evaluation,Sleep-EDF without synthetic injection,real_denoised_denoised,raw/raw,SC403,EEGDN_RNN,EEGDN RNN,6,-0.0866781311156572,,,,3.0,,3,,0.0,0.0,runs/sleep_edf_formal_all_subjects_20260817_010000/sleep_edf_formal_downstream_rows.csv,Human subject-level effect after averaging checkpoint and contamination nuisance repetitions
subject,B,Unmodified-recording evaluation,Sleep-EDF without synthetic injection,real_denoised_denoised,raw/raw,SC404,EEGDN_RNN,EEGDN RNN,6,-0.0432777685505584,,,,3.0,,3,,0.0,0.0,runs/sleep_edf_formal_all_subjects_20260817_010000/sleep_edf_formal_downstream_rows.csv,Human subject-level effect after averaging checkpoint and contamination nuisance repetitions
subject,B,Unmodified-recording evaluation,Sleep-EDF without synthetic injection,real_denoised_denoised,raw/raw,SC405,EEGDN_RNN,EEGDN RNN,6,-0.006063615577422501,,,,3.0,,3,,0.0,0.0,runs/sleep_edf_formal_all_subjects_20260817_010000/sleep_edf_formal_downstream_rows.csv,Human subject-level effect after averaging checkpoint and contamination nuisance repetitions
subject,B,Unmodified-recording evaluation,Sleep-EDF without synthetic injection,real_denoised_denoised,raw/raw,SC406,EEGDN_RNN,EEGDN RNN,6,-0.019223353037437,,,,3.0,,3,,0.0,0.0,runs/sleep_edf_formal_all_subjects_20260817_010000/sleep_edf_formal_downstream_rows.csv,Human subject-level effect after averaging checkpoint and contamination nuisance repetitions
subject,B,Unmodified-recording evaluation,Sleep-EDF without synthetic injection,real_denoised_denoised,raw/raw,SC407,EEGDN_RNN,EEGDN RNN,6,-0.1219049782074992,,,,3.0,,3,,0.0,0.0,runs/sleep_edf_formal_all_subjects_20260817_010000/sleep_edf_formal_downstream_rows.csv,Human subject-level effect after averaging checkpoint and contamination nuisance repetitions
subject,B,Unmodified-recording evaluation,Sleep-EDF without synthetic injection,real_denoised_denoised,raw/raw,SC408,EEGDN_RNN,EEGDN RNN,6,-0.05372949134504523,,,,3.0,,3,,0.0,0.0,runs/sleep_edf_formal_all_subjects_20260817_010000/sleep_edf_formal_downstream_rows.csv,Human subject-level effect after averaging checkpoint and contamination nuisance repetitions
subject,B,Unmodified-recording evaluation,Sleep-EDF without synthetic injection,real_denoised_denoised,raw/raw,SC409,EEGDN_RNN,EEGDN RNN,6,-0.075650069482736,,,,3.0,,3,,0.0,0.0,runs/sleep_edf_formal_all_subjects_20260817_010000/sleep_edf_formal_downstream_rows.csv,Human subject-level effect after averaging checkpoint and contamination nuisance repetitions
subject,B,Unmodified-recording evaluation,Sleep-EDF without synthetic injection,real_denoised_denoised,raw/raw,SC410,EEGDN_RNN,EEGDN RNN,6,-0.03919614509137927,,,,3.0,,3,,0.0,0.0,runs/sleep_edf_formal_all_subjects_20260817_010000/sleep_edf_formal_downstream_rows.csv,Human subject-level effect after averaging checkpoint and contamination nuisance repetitions
subject,B,Unmodified-recording evaluation,Sleep-EDF without synthetic injection,real_denoised_denoised,raw/raw,SC411,EEGDN_RNN,EEGDN RNN,6,-0.08981027987650496,,,,3.0,,3,,0.0,0.0,runs/sleep_edf_formal_all_subjects_20260817_010000/sleep_edf_formal_downstream_rows.csv,Human subject-level effect after averaging checkpoint and contamination nuisance repetitions
subject,B,Unmodified-recording evaluation,Sleep-EDF without synthetic injection,real_denoised_denoised,raw/raw,SC412,EEGDN_RNN,EEGDN RNN,6,0.0200779186182934,,,,3.0,,3,,0.0,0.0,runs/sleep_edf_formal_all_subjects_20260817_010000/sleep_edf_formal_downstream_rows.csv,Human subject-level effect after averaging checkpoint and contamination nuisance repetitions
subject,B,Unmodified-recording evaluation,Sleep-EDF without synthetic injection,real_denoised_denoised,raw/raw,SC414,EEGDN_RNN,EEGDN RNN,6,0.0094468618625338,,,,3.0,,3,,0.0,0.0,runs/sleep_edf_formal_all_subjects_20260817_010000/sleep_edf_formal_downstream_rows.csv,Human subject-level effect after averaging checkpoint and contamination nuisance repetitions
subject,B,Unmodified-recording evaluation,Sleep-EDF without synthetic injection,real_denoised_denoised,raw/raw,SC415,EEGDN_RNN,EEGDN RNN,6,-0.11456650309364691,,,,3.0,,3,,0.0,0.0,runs/sleep_edf_formal_all_subjects_20260817_010000/sleep_edf_formal_downstream_rows.csv,Human subject-level effect after averaging checkpoint and contamination nuisance repetitions
subject,B,Unmodified-recording evaluation,Sleep-EDF without synthetic injection,real_denoised_denoised,raw/raw,SC416,EEGDN_RNN,EEGDN RNN,6,-0.04233475085190753,,,,3.0,,3,,0.0,0.0,runs/sleep_edf_formal_all_subjects_20260817_010000/sleep_edf_formal_downstream_rows.csv,Human subject-level effect after averaging checkpoint and contamination nuisance repetitions
subject,B,Unmodified-recording evaluation,Sleep-EDF without synthetic injection,real_denoised_denoised,raw/raw,SC417,EEGDN_RNN,EEGDN RNN,6,-0.05959581495985173,,,,3.0,,3,,0.0,0.0,runs/sleep_edf_formal_all_subjects_20260817_010000/sleep_edf_formal_downstream_rows.csv,Human subject-level effect after averaging checkpoint and contamination nuisance repetitions
subject,B,Unmodified-recording evaluation,Sleep-EDF without synthetic injection,real_denoised_denoised,raw/raw,SC418,EEGDN_RNN,EEGDN RNN,6,-0.04007971090524184,,,,3.0,,3,,0.0,0.0,runs/sleep_edf_formal_all_subjects_20260817_010000/sleep_edf_formal_downstream_rows.csv,Human subject-level effect after averaging checkpoint and contamination nuisance repetitions
subject,B,Unmodified-recording evaluation,Sleep-EDF without synthetic injection,real_denoised_denoised,raw/raw,SC419,EEGDN_RNN,EEGDN RNN,6,-0.04181007358761744,,,,3.0,,3,,0.0,0.0,runs/sleep_edf_formal_all_subjects_20260817_010000/sleep_edf_formal_downstream_rows.csv,Human subject-level effect after averaging checkpoint and contamination nuisance repetitions
subject,B,Unmodified-recording evaluation,Sleep-EDF without synthetic injection,real_denoised_denoised,raw/raw,SC420,EEGDN_RNN,EEGDN RNN,6,-0.0216356988133939,,,,3.0,,3,,0.0,0.0,runs/sleep_edf_formal_all_subjects_20260817_010000/sleep_edf_formal_downstream_rows.csv,Human subject-level effect after averaging checkpoint and contamination nuisance repetitions
subject,B,Unmodified-recording evaluation,Sleep-EDF without synthetic injection,real_denoised_denoised,raw/raw,SC421,EEGDN_RNN,EEGDN RNN,6,-0.0538601117850862,,,,3.0,,3,,0.0,0.0,runs/sleep_edf_formal_all_subjects_20260817_010000/sleep_edf_formal_downstream_rows.csv,Human subject-level effect after averaging checkpoint and contamination nuisance repetitions
subject,B,Unmodified-recording evaluation,Sleep-EDF without synthetic injection,real_denoised_denoised,raw/raw,SC422,EEGDN_RNN,EEGDN RNN,6,0.20736834950099614,,,,3.0,,3,,0.0,0.0,runs/sleep_edf_formal_all_subjects_20260817_010000/sleep_edf_formal_downstream_rows.csv,Human subject-level effect after averaging checkpoint and contamination nuisance repetitions
subject,B,Unmodified-recording evaluation,Sleep-EDF without synthetic injection,real_denoised_denoised,raw/raw,SC423,EEGDN_RNN,EEGDN RNN,6,0.2005096372667199,,,,3.0,,3,,0.0,0.0,runs/sleep_edf_formal_all_subjects_20260817_010000/sleep_edf_formal_downstream_rows.csv,Human subject-level effect after averaging checkpoint and contamination nuisance repetitions
subject,B,Unmodified-recording evaluation,Sleep-EDF without synthetic injection,real_denoised_denoised,raw/raw,SC424,EEGDN_RNN,EEGDN RNN,6,0.07187336437930404,,,,3.0,,3,,0.0,0.0,runs/sleep_edf_formal_all_subjects_20260817_010000/sleep_edf_formal_downstream_rows.csv,Human subject-level effect after averaging checkpoint and contamination nuisance repetitions
subject,B,Unmodified-recording evaluation,Sleep-EDF without synthetic injection,real_denoised_denoised,raw/raw,SC425,EEGDN_RNN,EEGDN RNN,6,-0.0510563078924381,,,,3.0,,3,,0.0,0.0,runs/sleep_edf_formal_all_subjects_20260817_010000/sleep_edf_formal_downstream_rows.csv,Human subject-level effect after averaging checkpoint and contamination nuisance repetitions
subject,B,Unmodified-recording evaluation,Sleep-EDF without synthetic injection,real_denoised_denoised,raw/raw,SC426,EEGDN_RNN,EEGDN RNN,6,-0.04945887857905027,,,,3.0,,3,,0.0,0.0,runs/sleep_edf_formal_all_subjects_20260817_010000/sleep_edf_formal_downstream_rows.csv,Human subject-level effect after averaging checkpoint and contamination nuisance repetitions
subject,B,Unmodified-recording evaluation,Sleep-EDF without synthetic injection,real_denoised_denoised,raw/raw,SC427,EEGDN_RNN,EEGDN RNN,6,-0.05192980665737093,,,,3.0,,3,,0.0,0.0,runs/sleep_edf_formal_all_subjects_20260817_010000/sleep_edf_formal_downstream_rows.csv,Human subject-level effect after averaging checkpoint and contamination nuisance repetitions
subject,B,Unmodified-recording evaluation,Sleep-EDF without synthetic injection,real_denoised_denoised,raw/raw,SC428,EEGDN_RNN,EEGDN RNN,6,-0.08194448193597893,,,,3.0,,3,,0.0,0.0,runs/sleep_edf_formal_all_subjects_20260817_010000/sleep_edf_formal_downstream_rows.csv,Human subject-level effect after averaging checkpoint and contamination nuisance repetitions
subject,B,Unmodified-recording evaluation,Sleep-EDF without synthetic injection,real_denoised_denoised,raw/raw,SC429,EEGDN_RNN,EEGDN RNN,6,-0.0785807774888148,,,,3.0,,3,,0.0,0.0,runs/sleep_edf_formal_all_subjects_20260817_010000/sleep_edf_formal_downstream_rows.csv,Human subject-level effect after averaging checkpoint and contamination nuisance repetitions
subject,B,Unmodified-recording evaluation,Sleep-EDF without synthetic injection,real_denoised_denoised,raw/raw,SC430,EEGDN_RNN,EEGDN RNN,6,-0.12213889754573354,,,,3.0,,3,,0.0,0.0,runs/sleep_edf_formal_all_subjects_20260817_010000/sleep_edf_formal_downstream_rows.csv,Human subject-level effect after averaging checkpoint and contamination nuisance repetitions
subject,B,Unmodified-recording evaluation,Sleep-EDF without synthetic injection,real_denoised_denoised,raw/raw,SC431,EEGDN_RNN,EEGDN RNN,6,-0.07173714581918154,,,,3.0,,3,,0.0,0.0,runs/sleep_edf_formal_all_subjects_20260817_010000/sleep_edf_formal_downstream_rows.csv,Human subject-level effect after averaging checkpoint and contamination nuisance repetitions
subject,B,Unmodified-recording evaluation,Sleep-EDF without synthetic injection,real_denoised_denoised,raw/raw,SC432,EEGDN_RNN,EEGDN RNN,6,-0.063631409617314,,,,3.0,,3,,0.0,0.0,runs/sleep_edf_formal_all_subjects_20260817_010000/sleep_edf_formal_downstream_rows.csv,Human subject-level effect after averaging checkpoint and contamination nuisance repetitions
subject,B,Unmodified-recording evaluation,Sleep-EDF without synthetic injection,real_denoised_denoised,raw/raw,SC433,EEGDN_RNN,EEGDN RNN,6,-0.011272593794310767,,,,3.0,,3,,0.0,0.0,runs/sleep_edf_formal_all_subjects_20260817_010000/sleep_edf_formal_downstream_rows.csv,Human subject-level effect after averaging checkpoint and contamination nuisance repetitions
subject,B,Unmodified-recording evaluation,Sleep-EDF without synthetic injection,real_denoised_denoised,raw/raw,SC434,EEGDN_RNN,EEGDN RNN,6,-0.052019245904229704,,,,3.0,,3,,0.0,0.0,runs/sleep_edf_formal_all_subjects_20260817_010000/sleep_edf_formal_downstream_rows.csv,Human subject-level effect after averaging checkpoint and contamination nuisance repetitions
subject,B,Unmodified-recording evaluation,Sleep-EDF without synthetic injection,real_denoised_denoised,raw/raw,SC435,EEGDN_RNN,EEGDN RNN,6,-0.11238099383082913,,,,3.0,,3,,0.0,0.0,runs/sleep_edf_formal_all_subjects_20260817_010000/sleep_edf_formal_downstream_rows.csv,Human subject-level effect after averaging checkpoint and contamination nuisance repetitions
subject,B,Unmodified-recording evaluation,Sleep-EDF without synthetic injection,real_denoised_denoised,raw/raw,SC437,EEGDN_RNN,EEGDN RNN,6,-0.0933350064783025,,,,3.0,,3,,0.0,0.0,runs/sleep_edf_formal_all_subjects_20260817_010000/sleep_edf_formal_downstream_rows.csv,Human subject-level effect after averaging checkpoint and contamination nuisance repetitions
subject,B,Unmodified-recording evaluation,Sleep-EDF without synthetic injection,real_denoised_denoised,raw/raw,SC438,EEGDN_RNN,EEGDN RNN,6,-0.045613556259337405,,,,3.0,,3,,0.0,0.0,runs/sleep_edf_formal_all_subjects_20260817_010000/sleep_edf_formal_downstream_rows.csv,Human subject-level effect after averaging checkpoint and contamination nuisance repetitions
subject,B,Unmodified-recording evaluation,Sleep-EDF without synthetic injection,real_denoised_denoised,raw/raw,SC440,EEGDN_RNN,EEGDN RNN,6,0.0005682954970493993,,,,3.0,,3,,0.0,0.0,runs/sleep_edf_formal_all_subjects_20260817_010000/sleep_edf_formal_downstream_rows.csv,Human subject-level effect after averaging checkpoint and contamination nuisance repetitions
subject,B,Unmodified-recording evaluation,Sleep-EDF without synthetic injection,real_denoised_denoised,raw/raw,SC441,EEGDN_RNN,EEGDN RNN,6,-0.0670587657336422,,,,3.0,,3,,0.0,0.0,runs/sleep_edf_formal_all_subjects_20260817_010000/sleep_edf_formal_downstream_rows.csv,Human subject-level effect after averaging checkpoint and contamination nuisance repetitions
subject,B,Unmodified-recording evaluation,Sleep-EDF without synthetic injection,real_denoised_denoised,raw/raw,SC442,EEGDN_RNN,EEGDN RNN,6,-0.05253993930498949,,,,3.0,,3,,0.0,0.0,runs/sleep_edf_formal_all_subjects_20260817_010000/sleep_edf_formal_downstream_rows.csv,Human subject-level effect after averaging checkpoint and contamination nuisance repetitions
subject,B,Unmodified-recording evaluation,Sleep-EDF without synthetic injection,real_denoised_denoised,raw/raw,SC443,EEGDN_RNN,EEGDN RNN,6,-0.0645306296739472,,,,3.0,,3,,0.0,0.0,runs/sleep_edf_formal_all_subjects_20260817_010000/sleep_edf_formal_downstream_rows.csv,Human subject-level effect after averaging checkpoint and contamination nuisance repetitions
subject,B,Unmodified-recording evaluation,Sleep-EDF without synthetic injection,real_denoised_denoised,raw/raw,SC444,EEGDN_RNN,EEGDN RNN,6,-0.07553219208172657,,,,3.0,,3,,0.0,0.0,runs/sleep_edf_formal_all_subjects_20260817_010000/sleep_edf_formal_downstream_rows.csv,Human subject-level effect after averaging checkpoint and contamination nuisance repetitions
subject,B,Unmodified-recording evaluation,Sleep-EDF without synthetic injection,real_denoised_denoised,raw/raw,SC445,EEGDN_RNN,EEGDN RNN,6,-0.05718380185619681,,,,3.0,,3,,0.0,0.0,runs/sleep_edf_formal_all_subjects_20260817_010000/sleep_edf_formal_downstream_rows.csv,Human subject-level effect after averaging checkpoint and contamination nuisance repetitions
subject,B,Unmodified-recording evaluation,Sleep-EDF without synthetic injection,real_denoised_denoised,raw/raw,SC446,EEGDN_RNN,EEGDN RNN,6,-0.09006423914843813,,,,3.0,,3,,0.0,0.0,runs/sleep_edf_formal_all_subjects_20260817_010000/sleep_edf_formal_downstream_rows.csv,Human subject-level effect after averaging checkpoint and contamination nuisance repetitions
subject,B,Unmodified-recording evaluation,Sleep-EDF without synthetic injection,real_denoised_denoised,raw/raw,SC447,EEGDN_RNN,EEGDN RNN,6,-0.07002549575565784,,,,3.0,,3,,0.0,0.0,runs/sleep_edf_formal_all_subjects_20260817_010000/sleep_edf_formal_downstream_rows.csv,Human subject-level effect after averaging checkpoint and contamination nuisance repetitions
subject,B,Unmodified-recording evaluation,Sleep-EDF without synthetic injection,real_denoised_denoised,raw/raw,SC448,EEGDN_RNN,EEGDN RNN,6,-0.21029742224619163,,,,3.0,,3,,0.0,0.0,runs/sleep_edf_formal_all_subjects_20260817_010000/sleep_edf_formal_downstream_rows.csv,Human subject-level effect after averaging checkpoint and contamination nuisance repetitions
subject,B,Unmodified-recording evaluation,Sleep-EDF without synthetic injection,real_denoised_denoised,raw/raw,SC449,EEGDN_RNN,EEGDN RNN,6,-0.040640557062783,,,,3.0,,3,,0.0,0.0,runs/sleep_edf_formal_all_subjects_20260817_010000/sleep_edf_formal_downstream_rows.csv,Human subject-level effect after averaging checkpoint and contamination nuisance repetitions
subject,B,Unmodified-recording evaluation,Sleep-EDF without synthetic injection,real_denoised_denoised,raw/raw,SC450,EEGDN_RNN,EEGDN RNN,6,-0.013792353261847565,,,,3.0,,3,,0.0,0.0,runs/sleep_edf_formal_all_subjects_20260817_010000/sleep_edf_formal_downstream_rows.csv,Human subject-level effect after averaging checkpoint and contamination nuisance repetitions
subject,B,Unmodified-recording evaluation,Sleep-EDF without synthetic injection,real_denoised_denoised,raw/raw,SC451,EEGDN_RNN,EEGDN RNN,6,0.2477664773716203,,,,3.0,,3,,0.0,0.0,runs/sleep_edf_formal_all_subjects_20260817_010000/sleep_edf_formal_downstream_rows.csv,Human subject-level effect after averaging checkpoint and contamination nuisance repetitions
subject,B,Unmodified-recording evaluation,Sleep-EDF without synthetic injection,real_denoised_denoised,raw/raw,SC453,EEGDN_RNN,EEGDN RNN,6,-0.029852210262976835,,,,3.0,,3,,0.0,0.0,runs/sleep_edf_formal_all_subjects_20260817_010000/sleep_edf_formal_downstream_rows.csv,Human subject-level effect after averaging checkpoint and contamination nuisance repetitions
subject,B,Unmodified-recording evaluation,Sleep-EDF without synthetic injection,real_denoised_denoised,raw/raw,SC454,EEGDN_RNN,EEGDN RNN,6,-0.11810483783484184,,,,3.0,,3,,0.0,0.0,runs/sleep_edf_formal_all_subjects_20260817_010000/sleep_edf_formal_downstream_rows.csv,Human subject-level effect after averaging checkpoint and contamination nuisance repetitions
subject,B,Unmodified-recording evaluation,Sleep-EDF without synthetic injection,real_denoised_denoised,raw/raw,SC455,EEGDN_RNN,EEGDN RNN,6,0.01934585270048843,,,,3.0,,3,,0.0,0.0,runs/sleep_edf_formal_all_subjects_20260817_010000/sleep_edf_formal_downstream_rows.csv,Human subject-level effect after averaging checkpoint and contamination nuisance repetitions
subject,B,Unmodified-recording evaluation,Sleep-EDF without synthetic injection,real_denoised_denoised,raw/raw,SC456,EEGDN_RNN,EEGDN RNN,6,-0.08077188486242616,,,,3.0,,3,,0.0,0.0,runs/sleep_edf_formal_all_subjects_20260817_010000/sleep_edf_formal_downstream_rows.csv,Human subject-level effect after averaging checkpoint and contamination nuisance repetitions
subject,B,Unmodified-recording evaluation,Sleep-EDF without synthetic injection,real_denoised_denoised,raw/raw,SC457,EEGDN_RNN,EEGDN RNN,6,-0.04007898351144983,,,,3.0,,3,,0.0,0.0,runs/sleep_edf_formal_all_subjects_20260817_010000/sleep_edf_formal_downstream_rows.csv,Human subject-level effect after averaging checkpoint and contamination nuisance repetitions
subject,B,Unmodified-recording evaluation,Sleep-EDF without synthetic injection,real_denoised_denoised,raw/raw,SC458,EEGDN_RNN,EEGDN RNN,6,-0.13226647130269895,,,,3.0,,3,,0.0,0.0,runs/sleep_edf_formal_all_subjects_20260817_010000/sleep_edf_formal_downstream_rows.csv,Human subject-level effect after averaging checkpoint and contamination nuisance repetitions
subject,B,Unmodified-recording evaluation,Sleep-EDF without synthetic injection,real_denoised_denoised,raw/raw,SC459,EEGDN_RNN,EEGDN RNN,6,-0.03458016306159063,,,,3.0,,3,,0.0,0.0,runs/sleep_edf_formal_all_subjects_20260817_010000/sleep_edf_formal_downstream_rows.csv,Human subject-level effect after averaging checkpoint and contamination nuisance repetitions
subject,B,Unmodified-recording evaluation,Sleep-EDF without synthetic injection,real_denoised_denoised,raw/raw,SC460,EEGDN_RNN,EEGDN RNN,6,-0.06848793190417486,,,,3.0,,3,,0.0,0.0,runs/sleep_edf_formal_all_subjects_20260817_010000/sleep_edf_formal_downstream_rows.csv,Human subject-level effect after averaging checkpoint and contamination nuisance repetitions
subject,B,Unmodified-recording evaluation,Sleep-EDF without synthetic injection,real_denoised_denoised,raw/raw,SC461,EEGDN_RNN,EEGDN RNN,6,0.019511544429273234,,,,3.0,,3,,0.0,0.0,runs/sleep_edf_formal_all_subjects_20260817_010000/sleep_edf_formal_downstream_rows.csv,Human subject-level effect after averaging checkpoint and contamination nuisance repetitions
subject,B,Unmodified-recording evaluation,Sleep-EDF without synthetic injection,real_denoised_denoised,raw/raw,SC462,EEGDN_RNN,EEGDN RNN,6,-0.14043098669561604,,,,3.0,,3,,0.0,0.0,runs/sleep_edf_formal_all_subjects_20260817_010000/sleep_edf_formal_downstream_rows.csv,Human subject-level effect after averaging checkpoint and contamination nuisance repetitions
subject,B,Unmodified-recording evaluation,Sleep-EDF without synthetic injection,real_denoised_denoised,raw/raw,SC463,EEGDN_RNN,EEGDN RNN,6,-0.05531687870911207,,,,3.0,,3,,0.0,0.0,runs/sleep_edf_formal_all_subjects_20260817_010000/sleep_edf_formal_downstream_rows.csv,Human subject-level effect after averaging checkpoint and contamination nuisance repetitions
subject,B,Unmodified-recording evaluation,Sleep-EDF without synthetic injection,real_denoised_denoised,raw/raw,SC464,EEGDN_RNN,EEGDN RNN,6,-0.04162984935506544,,,,3.0,,3,,0.0,0.0,runs/sleep_edf_formal_all_subjects_20260817_010000/sleep_edf_formal_downstream_rows.csv,Human subject-level effect after averaging checkpoint and contamination nuisance repetitions
subject,B,Unmodified-recording evaluation,Sleep-EDF without synthetic injection,real_denoised_denoised,raw/raw,SC465,EEGDN_RNN,EEGDN RNN,6,-0.0787160569723782,,,,3.0,,3,,0.0,0.0,runs/sleep_edf_formal_all_subjects_20260817_010000/sleep_edf_formal_downstream_rows.csv,Human subject-level effect after averaging checkpoint and contamination nuisance repetitions
subject,B,Unmodified-recording evaluation,Sleep-EDF without synthetic injection,real_denoised_denoised,raw/raw,SC466,EEGDN_RNN,EEGDN RNN,6,-0.08602650025699483,,,,3.0,,3,,0.0,0.0,runs/sleep_edf_formal_all_subjects_20260817_010000/sleep_edf_formal_downstream_rows.csv,Human subject-level effect after averaging checkpoint and contamination nuisance repetitions
subject,B,Unmodified-recording evaluation,Sleep-EDF without synthetic injection,real_denoised_denoised,raw/raw,SC467,EEGDN_RNN,EEGDN RNN,6,-0.07562626746001166,,,,3.0,,3,,0.0,0.0,runs/sleep_edf_formal_all_subjects_20260817_010000/sleep_edf_formal_downstream_rows.csv,Human subject-level effect after averaging checkpoint and contamination nuisance repetitions
subject,B,Unmodified-recording evaluation,Sleep-EDF without synthetic injection,real_denoised_denoised,raw/raw,SC470,EEGDN_RNN,EEGDN RNN,6,-0.0156305992961263,,,,3.0,,3,,0.0,0.0,runs/sleep_edf_formal_all_subjects_20260817_010000/sleep_edf_formal_downstream_rows.csv,Human subject-level effect after averaging checkpoint and contamination nuisance repetitions
subject,B,Unmodified-recording evaluation,Sleep-EDF without synthetic injection,real_denoised_denoised,raw/raw,SC471,EEGDN_RNN,EEGDN RNN,6,0.04968867286900763,,,,3.0,,3,,0.0,0.0,runs/sleep_edf_formal_all_subjects_20260817_010000/sleep_edf_formal_downstream_rows.csv,Human subject-level effect after averaging checkpoint and contamination nuisance repetitions
subject,B,Unmodified-recording evaluation,Sleep-EDF without synthetic injection,real_denoised_denoised,raw/raw,SC472,EEGDN_RNN,EEGDN RNN,6,-0.03457923771605917,,,,3.0,,3,,0.0,0.0,runs/sleep_edf_formal_all_subjects_20260817_010000/sleep_edf_formal_downstream_rows.csv,Human subject-level effect after averaging checkpoint and contamination nuisance repetitions
subject,B,Unmodified-recording evaluation,Sleep-EDF without synthetic injection,real_denoised_denoised,raw/raw,SC473,EEGDN_RNN,EEGDN RNN,6,-0.0094338280425471,,,,3.0,,3,,0.0,0.0,runs/sleep_edf_formal_all_subjects_20260817_010000/sleep_edf_formal_downstream_rows.csv,Human subject-level effect after averaging checkpoint and contamination nuisance repetitions
subject,B,Unmodified-recording evaluation,Sleep-EDF without synthetic injection,real_denoised_denoised,raw/raw,SC474,EEGDN_RNN,EEGDN RNN,6,-0.0019767727266392665,,,,3.0,,3,,0.0,0.0,runs/sleep_edf_formal_all_subjects_20260817_010000/sleep_edf_formal_downstream_rows.csv,Human subject-level effect after averaging checkpoint and contamination nuisance repetitions
subject,B,Unmodified-recording evaluation,Sleep-EDF without synthetic injection,real_denoised_denoised,raw/raw,SC475,EEGDN_RNN,EEGDN RNN,6,0.007092842875079966,,,,3.0,,3,,0.0,0.0,runs/sleep_edf_formal_all_subjects_20260817_010000/sleep_edf_formal_downstream_rows.csv,Human subject-level effect after averaging checkpoint and contamination nuisance repetitions
subject,B,Unmodified-recording evaluation,Sleep-EDF without synthetic injection,real_denoised_denoised,raw/raw,SC476,EEGDN_RNN,EEGDN RNN,6,0.02175806867332927,,,,3.0,,3,,0.0,0.0,runs/sleep_edf_formal_all_subjects_20260817_010000/sleep_edf_formal_downstream_rows.csv,Human subject-level effect after averaging checkpoint and contamination nuisance repetitions
subject,B,Unmodified-recording evaluation,Sleep-EDF without synthetic injection,real_denoised_denoised,raw/raw,SC477,EEGDN_RNN,EEGDN RNN,6,-0.06955078345731697,,,,3.0,,3,,0.0,0.0,runs/sleep_edf_formal_all_subjects_20260817_010000/sleep_edf_formal_downstream_rows.csv,Human subject-level effect after averaging checkpoint and contamination nuisance repetitions
subject,B,Unmodified-recording evaluation,Sleep-EDF without synthetic injection,real_denoised_denoised,raw/raw,SC480,EEGDN_RNN,EEGDN RNN,6,-0.16635121437008915,,,,3.0,,3,,0.0,0.0,runs/sleep_edf_formal_all_subjects_20260817_010000/sleep_edf_formal_downstream_rows.csv,Human subject-level effect after averaging checkpoint and contamination nuisance repetitions
subject,B,Unmodified-recording evaluation,Sleep-EDF without synthetic injection,real_denoised_denoised,raw/raw,SC481,EEGDN_RNN,EEGDN RNN,6,-0.1052858563780336,,,,3.0,,3,,0.0,0.0,runs/sleep_edf_formal_all_subjects_20260817_010000/sleep_edf_formal_downstream_rows.csv,Human subject-level effect after averaging checkpoint and contamination nuisance repetitions
subject,B,Unmodified-recording evaluation,Sleep-EDF without synthetic injection,real_denoised_denoised,raw/raw,SC482,EEGDN_RNN,EEGDN RNN,6,-0.0748341267168917,,,,3.0,,3,,0.0,0.0,runs/sleep_edf_formal_all_subjects_20260817_010000/sleep_edf_formal_downstream_rows.csv,Human subject-level effect after averaging checkpoint and contamination nuisance repetitions
mean_ci,B,Unmodified-recording evaluation,Sleep-EDF without synthetic injection,real_denoised_denoised,raw/raw,,MicroWaveNet,MicroWaveNet,7,,-0.0953747199696731,-0.115958107066007,-0.0748846282689898,,75.0,3,0.0,,,runs/sleep_edf_formal_all_subjects_20260817_010000/sleep_edf_formal_downstream_summary.csv,Mean and 95% subject-bootstrap CI across 75 subjects
subject,B,Unmodified-recording evaluation,Sleep-EDF without synthetic injection,real_denoised_denoised,raw/raw,SC400,MicroWaveNet,MicroWaveNet,7,-0.04355166664109983,,,,3.0,,3,,0.0,0.0,runs/sleep_edf_formal_all_subjects_20260817_010000/sleep_edf_formal_downstream_rows.csv,Human subject-level effect after averaging checkpoint and contamination nuisance repetitions
subject,B,Unmodified-recording evaluation,Sleep-EDF without synthetic injection,real_denoised_denoised,raw/raw,SC401,MicroWaveNet,MicroWaveNet,7,-0.0196670391565698,,,,3.0,,3,,0.0,0.0,runs/sleep_edf_formal_all_subjects_20260817_010000/sleep_edf_formal_downstream_rows.csv,Human subject-level effect after averaging checkpoint and contamination nuisance repetitions
subject,B,Unmodified-recording evaluation,Sleep-EDF without synthetic injection,real_denoised_denoised,raw/raw,SC402,MicroWaveNet,MicroWaveNet,7,-0.11970000617429848,,,,3.0,,3,,0.0,0.0,runs/sleep_edf_formal_all_subjects_20260817_010000/sleep_edf_formal_downstream_rows.csv,Human subject-level effect after averaging checkpoint and contamination nuisance repetitions
subject,B,Unmodified-recording evaluation,Sleep-EDF without synthetic injection,real_denoised_denoised,raw/raw,SC403,MicroWaveNet,MicroWaveNet,7,-0.25176573185054224,,,,3.0,,3,,0.0,0.0,runs/sleep_edf_formal_all_subjects_20260817_010000/sleep_edf_formal_downstream_rows.csv,Human subject-level effect after averaging checkpoint and contamination nuisance repetitions
subject,B,Unmodified-recording evaluation,Sleep-EDF without synthetic injection,real_denoised_denoised,raw/raw,SC404,MicroWaveNet,MicroWaveNet,7,-0.062403766337296995,,,,3.0,,3,,0.0,0.0,runs/sleep_edf_formal_all_subjects_20260817_010000/sleep_edf_formal_downstream_rows.csv,Human subject-level effect after averaging checkpoint and contamination nuisance repetitions
subject,B,Unmodified-recording evaluation,Sleep-EDF without synthetic injection,real_denoised_denoised,raw/raw,SC405,MicroWaveNet,MicroWaveNet,7,-0.0372809685353939,,,,3.0,,3,,0.0,0.0,runs/sleep_edf_formal_all_subjects_20260817_010000/sleep_edf_formal_downstream_rows.csv,Human subject-level effect after averaging checkpoint and contamination nuisance repetitions
subject,B,Unmodified-recording evaluation,Sleep-EDF without synthetic injection,real_denoised_denoised,raw/raw,SC406,MicroWaveNet,MicroWaveNet,7,-0.3046158775058348,,,,3.0,,3,,0.0,0.0,runs/sleep_edf_formal_all_subjects_20260817_010000/sleep_edf_formal_downstream_rows.csv,Human subject-level effect after averaging checkpoint and contamination nuisance repetitions
subject,B,Unmodified-recording evaluation,Sleep-EDF without synthetic injection,real_denoised_denoised,raw/raw,SC407,MicroWaveNet,MicroWaveNet,7,-0.143134641243885,,,,3.0,,3,,0.0,0.0,runs/sleep_edf_formal_all_subjects_20260817_010000/sleep_edf_formal_downstream_rows.csv,Human subject-level effect after averaging checkpoint and contamination nuisance repetitions
subject,B,Unmodified-recording evaluation,Sleep-EDF without synthetic injection,real_denoised_denoised,raw/raw,SC408,MicroWaveNet,MicroWaveNet,7,-0.15751963859080506,,,,3.0,,3,,0.0,0.0,runs/sleep_edf_formal_all_subjects_20260817_010000/sleep_edf_formal_downstream_rows.csv,Human subject-level effect after averaging checkpoint and contamination nuisance repetitions
subject,B,Unmodified-recording evaluation,Sleep-EDF without synthetic injection,real_denoised_denoised,raw/raw,SC409,MicroWaveNet,MicroWaveNet,7,-0.11079682921529503,,,,3.0,,3,,0.0,0.0,runs/sleep_edf_formal_all_subjects_20260817_010000/sleep_edf_formal_downstream_rows.csv,Human subject-level effect after averaging checkpoint and contamination nuisance repetitions
subject,B,Unmodified-recording evaluation,Sleep-EDF without synthetic injection,real_denoised_denoised,raw/raw,SC410,MicroWaveNet,MicroWaveNet,7,-0.18926725358111277,,,,3.0,,3,,0.0,0.0,runs/sleep_edf_formal_all_subjects_20260817_010000/sleep_edf_formal_downstream_rows.csv,Human subject-level effect after averaging checkpoint and contamination nuisance repetitions
subject,B,Unmodified-recording evaluation,Sleep-EDF without synthetic injection,real_denoised_denoised,raw/raw,SC411,MicroWaveNet,MicroWaveNet,7,-0.06720310240412446,,,,3.0,,3,,0.0,0.0,runs/sleep_edf_formal_all_subjects_20260817_010000/sleep_edf_formal_downstream_rows.csv,Human subject-level effect after averaging checkpoint and contamination nuisance repetitions
subject,B,Unmodified-recording evaluation,Sleep-EDF without synthetic injection,real_denoised_denoised,raw/raw,SC412,MicroWaveNet,MicroWaveNet,7,-0.044573779542303765,,,,3.0,,3,,0.0,0.0,runs/sleep_edf_formal_all_subjects_20260817_010000/sleep_edf_formal_downstream_rows.csv,Human subject-level effect after averaging checkpoint and contamination nuisance repetitions
subject,B,Unmodified-recording evaluation,Sleep-EDF without synthetic injection,real_denoised_denoised,raw/raw,SC414,MicroWaveNet,MicroWaveNet,7,-0.0008153190714270663,,,,3.0,,3,,0.0,0.0,runs/sleep_edf_formal_all_subjects_20260817_010000/sleep_edf_formal_downstream_rows.csv,Human subject-level effect after averaging checkpoint and contamination nuisance repetitions
subject,B,Unmodified-recording evaluation,Sleep-EDF without synthetic injection,real_denoised_denoised,raw/raw,SC415,MicroWaveNet,MicroWaveNet,7,-0.24207243209582976,,,,3.0,,3,,0.0,0.0,runs/sleep_edf_formal_all_subjects_20260817_010000/sleep_edf_formal_downstream_rows.csv,Human subject-level effect after averaging checkpoint and contamination nuisance repetitions
subject,B,Unmodified-recording evaluation,Sleep-EDF without synthetic injection,real_denoised_denoised,raw/raw,SC416,MicroWaveNet,MicroWaveNet,7,-0.0163101647354098,,,,3.0,,3,,0.0,0.0,runs/sleep_edf_formal_all_subjects_20260817_010000/sleep_edf_formal_downstream_rows.csv,Human subject-level effect after averaging checkpoint and contamination nuisance repetitions
subject,B,Unmodified-recording evaluation,Sleep-EDF without synthetic injection,real_denoised_denoised,raw/raw,SC417,MicroWaveNet,MicroWaveNet,7,-0.14079702258952814,,,,3.0,,3,,0.0,0.0,runs/sleep_edf_formal_all_subjects_20260817_010000/sleep_edf_formal_downstream_rows.csv,Human subject-level effect after averaging checkpoint and contamination nuisance repetitions
subject,B,Unmodified-recording evaluation,Sleep-EDF without synthetic injection,real_denoised_denoised,raw/raw,SC418,MicroWaveNet,MicroWaveNet,7,-0.13907471527247733,,,,3.0,,3,,0.0,0.0,runs/sleep_edf_formal_all_subjects_20260817_010000/sleep_edf_formal_downstream_rows.csv,Human subject-level effect after averaging checkpoint and contamination nuisance repetitions
subject,B,Unmodified-recording evaluation,Sleep-EDF without synthetic injection,real_denoised_denoised,raw/raw,SC419,MicroWaveNet,MicroWaveNet,7,-0.03887975021148413,,,,3.0,,3,,0.0,0.0,runs/sleep_edf_formal_all_subjects_20260817_010000/sleep_edf_formal_downstream_rows.csv,Human subject-level effect after averaging checkpoint and contamination nuisance repetitions
subject,B,Unmodified-recording evaluation,Sleep-EDF without synthetic injection,real_denoised_denoised,raw/raw,SC420,MicroWaveNet,MicroWaveNet,7,-0.004764641233469666,,,,3.0,,3,,0.0,0.0,runs/sleep_edf_formal_all_subjects_20260817_010000/sleep_edf_formal_downstream_rows.csv,Human subject-level effect after averaging checkpoint and contamination nuisance repetitions
subject,B,Unmodified-recording evaluation,Sleep-EDF without synthetic injection,real_denoised_denoised,raw/raw,SC421,MicroWaveNet,MicroWaveNet,7,-0.14698998290669363,,,,3.0,,3,,0.0,0.0,runs/sleep_edf_formal_all_subjects_20260817_010000/sleep_edf_formal_downstream_rows.csv,Human subject-level effect after averaging checkpoint and contamination nuisance repetitions
subject,B,Unmodified-recording evaluation,Sleep-EDF without synthetic injection,real_denoised_denoised,raw/raw,SC422,MicroWaveNet,MicroWaveNet,7,0.10324014846402903,,,,3.0,,3,,0.0,0.0,runs/sleep_edf_formal_all_subjects_20260817_010000/sleep_edf_formal_downstream_rows.csv,Human subject-level effect after averaging checkpoint and contamination nuisance repetitions
subject,B,Unmodified-recording evaluation,Sleep-EDF without synthetic injection,real_denoised_denoised,raw/raw,SC423,MicroWaveNet,MicroWaveNet,7,0.009344912942540766,,,,3.0,,3,,0.0,0.0,runs/sleep_edf_formal_all_subjects_20260817_010000/sleep_edf_formal_downstream_rows.csv,Human subject-level effect after averaging checkpoint and contamination nuisance repetitions
subject,B,Unmodified-recording evaluation,Sleep-EDF without synthetic injection,real_denoised_denoised,raw/raw,SC424,MicroWaveNet,MicroWaveNet,7,-0.22489302686554477,,,,3.0,,3,,0.0,0.0,runs/sleep_edf_formal_all_subjects_20260817_010000/sleep_edf_formal_downstream_rows.csv,Human subject-level effect after averaging checkpoint and contamination nuisance repetitions
subject,B,Unmodified-recording evaluation,Sleep-EDF without synthetic injection,real_denoised_denoised,raw/raw,SC425,MicroWaveNet,MicroWaveNet,7,0.008259846128187634,,,,3.0,,3,,0.0,0.0,runs/sleep_edf_formal_all_subjects_20260817_010000/sleep_edf_formal_downstream_rows.csv,Human subject-level effect after averaging checkpoint and contamination nuisance repetitions
subject,B,Unmodified-recording evaluation,Sleep-EDF without synthetic injection,real_denoised_denoised,raw/raw,SC426,MicroWaveNet,MicroWaveNet,7,-0.2464224457061092,,,,3.0,,3,,0.0,0.0,runs/sleep_edf_formal_all_subjects_20260817_010000/sleep_edf_formal_downstream_rows.csv,Human subject-level effect after averaging checkpoint and contamination nuisance repetitions
subject,B,Unmodified-recording evaluation,Sleep-EDF without synthetic injection,real_denoised_denoised,raw/raw,SC427,MicroWaveNet,MicroWaveNet,7,-0.0414228729231761,,,,3.0,,3,,0.0,0.0,runs/sleep_edf_formal_all_subjects_20260817_010000/sleep_edf_formal_downstream_rows.csv,Human subject-level effect after averaging checkpoint and contamination nuisance repetitions
subject,B,Unmodified-recording evaluation,Sleep-EDF without synthetic injection,real_denoised_denoised,raw/raw,SC428,MicroWaveNet,MicroWaveNet,7,-0.07096238574719743,,,,3.0,,3,,0.0,0.0,runs/sleep_edf_formal_all_subjects_20260817_010000/sleep_edf_formal_downstream_rows.csv,Human subject-level effect after averaging checkpoint and contamination nuisance repetitions
subject,B,Unmodified-recording evaluation,Sleep-EDF without synthetic injection,real_denoised_denoised,raw/raw,SC429,MicroWaveNet,MicroWaveNet,7,-0.0567031631079318,,,,3.0,,3,,0.0,0.0,runs/sleep_edf_formal_all_subjects_20260817_010000/sleep_edf_formal_downstream_rows.csv,Human subject-level effect after averaging checkpoint and contamination nuisance repetitions
subject,B,Unmodified-recording evaluation,Sleep-EDF without synthetic injection,real_denoised_denoised,raw/raw,SC430,MicroWaveNet,MicroWaveNet,7,-0.0420190027925963,,,,3.0,,3,,0.0,0.0,runs/sleep_edf_formal_all_subjects_20260817_010000/sleep_edf_formal_downstream_rows.csv,Human subject-level effect after averaging checkpoint and contamination nuisance repetitions
subject,B,Unmodified-recording evaluation,Sleep-EDF without synthetic injection,real_denoised_denoised,raw/raw,SC431,MicroWaveNet,MicroWaveNet,7,-0.10072808934367057,,,,3.0,,3,,0.0,0.0,runs/sleep_edf_formal_all_subjects_20260817_010000/sleep_edf_formal_downstream_rows.csv,Human subject-level effect after averaging checkpoint and contamination nuisance repetitions
subject,B,Unmodified-recording evaluation,Sleep-EDF without synthetic injection,real_denoised_denoised,raw/raw,SC432,MicroWaveNet,MicroWaveNet,7,-0.029615673452076868,,,,3.0,,3,,0.0,0.0,runs/sleep_edf_formal_all_subjects_20260817_010000/sleep_edf_formal_downstream_rows.csv,Human subject-level effect after averaging checkpoint and contamination nuisance repetitions
subject,B,Unmodified-recording evaluation,Sleep-EDF without synthetic injection,real_denoised_denoised,raw/raw,SC433,MicroWaveNet,MicroWaveNet,7,-0.062065882805312396,,,,3.0,,3,,0.0,0.0,runs/sleep_edf_formal_all_subjects_20260817_010000/sleep_edf_formal_downstream_rows.csv,Human subject-level effect after averaging checkpoint and contamination nuisance repetitions
subject,B,Unmodified-recording evaluation,Sleep-EDF without synthetic injection,real_denoised_denoised,raw/raw,SC434,MicroWaveNet,MicroWaveNet,7,-0.04556626812997163,,,,3.0,,3,,0.0,0.0,runs/sleep_edf_formal_all_subjects_20260817_010000/sleep_edf_formal_downstream_rows.csv,Human subject-level effect after averaging checkpoint and contamination nuisance repetitions
subject,B,Unmodified-recording evaluation,Sleep-EDF without synthetic injection,real_denoised_denoised,raw/raw,SC435,MicroWaveNet,MicroWaveNet,7,-0.23731037441556654,,,,3.0,,3,,0.0,0.0,runs/sleep_edf_formal_all_subjects_20260817_010000/sleep_edf_formal_downstream_rows.csv,Human subject-level effect after averaging checkpoint and contamination nuisance repetitions
subject,B,Unmodified-recording evaluation,Sleep-EDF without synthetic injection,real_denoised_denoised,raw/raw,SC437,MicroWaveNet,MicroWaveNet,7,-0.22405566523467532,,,,3.0,,3,,0.0,0.0,runs/sleep_edf_formal_all_subjects_20260817_010000/sleep_edf_formal_downstream_rows.csv,Human subject-level effect after averaging checkpoint and contamination nuisance repetitions
subject,B,Unmodified-recording evaluation,Sleep-EDF without synthetic injection,real_denoised_denoised,raw/raw,SC438,MicroWaveNet,MicroWaveNet,7,-0.18988117922325679,,,,3.0,,3,,0.0,0.0,runs/sleep_edf_formal_all_subjects_20260817_010000/sleep_edf_formal_downstream_rows.csv,Human subject-level effect after averaging checkpoint and contamination nuisance repetitions
subject,B,Unmodified-recording evaluation,Sleep-EDF without synthetic injection,real_denoised_denoised,raw/raw,SC440,MicroWaveNet,MicroWaveNet,7,-0.0612906865208904,,,,3.0,,3,,0.0,0.0,runs/sleep_edf_formal_all_subjects_20260817_010000/sleep_edf_formal_downstream_rows.csv,Human subject-level effect after averaging checkpoint and contamination nuisance repetitions
subject,B,Unmodified-recording evaluation,Sleep-EDF without synthetic injection,real_denoised_denoised,raw/raw,SC441,MicroWaveNet,MicroWaveNet,7,-0.17812334553380907,,,,3.0,,3,,0.0,0.0,runs/sleep_edf_formal_all_subjects_20260817_010000/sleep_edf_formal_downstream_rows.csv,Human subject-level effect after averaging checkpoint and contamination nuisance repetitions
subject,B,Unmodified-recording evaluation,Sleep-EDF without synthetic injection,real_denoised_denoised,raw/raw,SC442,MicroWaveNet,MicroWaveNet,7,-0.08891442138227694,,,,3.0,,3,,0.0,0.0,runs/sleep_edf_formal_all_subjects_20260817_010000/sleep_edf_formal_downstream_rows.csv,Human subject-level effect after averaging checkpoint and contamination nuisance repetitions
subject,B,Unmodified-recording evaluation,Sleep-EDF without synthetic injection,real_denoised_denoised,raw/raw,SC443,MicroWaveNet,MicroWaveNet,7,-0.02146668636981437,,,,3.0,,3,,0.0,0.0,runs/sleep_edf_formal_all_subjects_20260817_010000/sleep_edf_formal_downstream_rows.csv,Human subject-level effect after averaging checkpoint and contamination nuisance repetitions
subject,B,Unmodified-recording evaluation,Sleep-EDF without synthetic injection,real_denoised_denoised,raw/raw,SC444,MicroWaveNet,MicroWaveNet,7,-0.0437653315374004,,,,3.0,,3,,0.0,0.0,runs/sleep_edf_formal_all_subjects_20260817_010000/sleep_edf_formal_downstream_rows.csv,Human subject-level effect after averaging checkpoint and contamination nuisance repetitions
subject,B,Unmodified-recording evaluation,Sleep-EDF without synthetic injection,real_denoised_denoised,raw/raw,SC445,MicroWaveNet,MicroWaveNet,7,-0.06350195953498257,,,,3.0,,3,,0.0,0.0,runs/sleep_edf_formal_all_subjects_20260817_010000/sleep_edf_formal_downstream_rows.csv,Human subject-level effect after averaging checkpoint and contamination nuisance repetitions
subject,B,Unmodified-recording evaluation,Sleep-EDF without synthetic injection,real_denoised_denoised,raw/raw,SC446,MicroWaveNet,MicroWaveNet,7,-0.05674732935315363,,,,3.0,,3,,0.0,0.0,runs/sleep_edf_formal_all_subjects_20260817_010000/sleep_edf_formal_downstream_rows.csv,Human subject-level effect after averaging checkpoint and contamination nuisance repetitions
subject,B,Unmodified-recording evaluation,Sleep-EDF without synthetic injection,real_denoised_denoised,raw/raw,SC447,MicroWaveNet,MicroWaveNet,7,-0.2425861226498733,,,,3.0,,3,,0.0,0.0,runs/sleep_edf_formal_all_subjects_20260817_010000/sleep_edf_formal_downstream_rows.csv,Human subject-level effect after averaging checkpoint and contamination nuisance repetitions
subject,B,Unmodified-recording evaluation,Sleep-EDF without synthetic injection,real_denoised_denoised,raw/raw,SC448,MicroWaveNet,MicroWaveNet,7,-0.15745536505740312,,,,3.0,,3,,0.0,0.0,runs/sleep_edf_formal_all_subjects_20260817_010000/sleep_edf_formal_downstream_rows.csv,Human subject-level effect after averaging checkpoint and contamination nuisance repetitions
subject,B,Unmodified-recording evaluation,Sleep-EDF without synthetic injection,real_denoised_denoised,raw/raw,SC449,MicroWaveNet,MicroWaveNet,7,0.0017447251370036332,,,,3.0,,3,,0.0,0.0,runs/sleep_edf_formal_all_subjects_20260817_010000/sleep_edf_formal_downstream_rows.csv,Human subject-level effect after averaging checkpoint and contamination nuisance repetitions
subject,B,Unmodified-recording evaluation,Sleep-EDF without synthetic injection,real_denoised_denoised,raw/raw,SC450,MicroWaveNet,MicroWaveNet,7,-0.0014761709091540998,,,,3.0,,3,,0.0,0.0,runs/sleep_edf_formal_all_subjects_20260817_010000/sleep_edf_formal_downstream_rows.csv,Human subject-level effect after averaging checkpoint and contamination nuisance repetitions
subject,B,Unmodified-recording evaluation,Sleep-EDF without synthetic injection,real_denoised_denoised,raw/raw,SC451,MicroWaveNet,MicroWaveNet,7,-0.040569156346573536,,,,3.0,,3,,0.0,0.0,runs/sleep_edf_formal_all_subjects_20260817_010000/sleep_edf_formal_downstream_rows.csv,Human subject-level effect after averaging checkpoint and contamination nuisance repetitions
subject,B,Unmodified-recording evaluation,Sleep-EDF without synthetic injection,real_denoised_denoised,raw/raw,SC453,MicroWaveNet,MicroWaveNet,7,-0.07745380556374566,,,,3.0,,3,,0.0,0.0,runs/sleep_edf_formal_all_subjects_20260817_010000/sleep_edf_formal_downstream_rows.csv,Human subject-level effect after averaging checkpoint and contamination nuisance repetitions
subject,B,Unmodified-recording evaluation,Sleep-EDF without synthetic injection,real_denoised_denoised,raw/raw,SC454,MicroWaveNet,MicroWaveNet,7,-0.10775455229682847,,,,3.0,,3,,0.0,0.0,runs/sleep_edf_formal_all_subjects_20260817_010000/sleep_edf_formal_downstream_rows.csv,Human subject-level effect after averaging checkpoint and contamination nuisance repetitions
subject,B,Unmodified-recording evaluation,Sleep-EDF without synthetic injection,real_denoised_denoised,raw/raw,SC455,MicroWaveNet,MicroWaveNet,7,0.06705974804020613,,,,3.0,,3,,0.0,0.0,runs/sleep_edf_formal_all_subjects_20260817_010000/sleep_edf_formal_downstream_rows.csv,Human subject-level effect after averaging checkpoint and contamination nuisance repetitions
subject,B,Unmodified-recording evaluation,Sleep-EDF without synthetic injection,real_denoised_denoised,raw/raw,SC456,MicroWaveNet,MicroWaveNet,7,-0.20651678661277886,,,,3.0,,3,,0.0,0.0,runs/sleep_edf_formal_all_subjects_20260817_010000/sleep_edf_formal_downstream_rows.csv,Human subject-level effect after averaging checkpoint and contamination nuisance repetitions
subject,B,Unmodified-recording evaluation,Sleep-EDF without synthetic injection,real_denoised_denoised,raw/raw,SC457,MicroWaveNet,MicroWaveNet,7,0.014849991688280268,,,,3.0,,3,,0.0,0.0,runs/sleep_edf_formal_all_subjects_20260817_010000/sleep_edf_formal_downstream_rows.csv,Human subject-level effect after averaging checkpoint and contamination nuisance repetitions
subject,B,Unmodified-recording evaluation,Sleep-EDF without synthetic injection,real_denoised_denoised,raw/raw,SC458,MicroWaveNet,MicroWaveNet,7,-0.09051648438068673,,,,3.0,,3,,0.0,0.0,runs/sleep_edf_formal_all_subjects_20260817_010000/sleep_edf_formal_downstream_rows.csv,Human subject-level effect after averaging checkpoint and contamination nuisance repetitions
subject,B,Unmodified-recording evaluation,Sleep-EDF without synthetic injection,real_denoised_denoised,raw/raw,SC459,MicroWaveNet,MicroWaveNet,7,-0.0721198697984848,,,,3.0,,3,,0.0,0.0,runs/sleep_edf_formal_all_subjects_20260817_010000/sleep_edf_formal_downstream_rows.csv,Human subject-level effect after averaging checkpoint and contamination nuisance repetitions
subject,B,Unmodified-recording evaluation,Sleep-EDF without synthetic injection,real_denoised_denoised,raw/raw,SC460,MicroWaveNet,MicroWaveNet,7,-0.17230588832623614,,,,3.0,,3,,0.0,0.0,runs/sleep_edf_formal_all_subjects_20260817_010000/sleep_edf_formal_downstream_rows.csv,Human subject-level effect after averaging checkpoint and contamination nuisance repetitions
subject,B,Unmodified-recording evaluation,Sleep-EDF without synthetic injection,real_denoised_denoised,raw/raw,SC461,MicroWaveNet,MicroWaveNet,7,0.00020854587050193538,,,,3.0,,3,,0.0,0.0,runs/sleep_edf_formal_all_subjects_20260817_010000/sleep_edf_formal_downstream_rows.csv,Human subject-level effect after averaging checkpoint and contamination nuisance repetitions
subject,B,Unmodified-recording evaluation,Sleep-EDF without synthetic injection,real_denoised_denoised,raw/raw,SC462,MicroWaveNet,MicroWaveNet,7,-0.14035659001754627,,,,3.0,,3,,0.0,0.0,runs/sleep_edf_formal_all_subjects_20260817_010000/sleep_edf_formal_downstream_rows.csv,Human subject-level effect after averaging checkpoint and contamination nuisance repetitions
subject,B,Unmodified-recording evaluation,Sleep-EDF without synthetic injection,real_denoised_denoised,raw/raw,SC463,MicroWaveNet,MicroWaveNet,7,-0.17314934723975198,,,,3.0,,3,,0.0,0.0,runs/sleep_edf_formal_all_subjects_20260817_010000/sleep_edf_formal_downstream_rows.csv,Human subject-level effect after averaging checkpoint and contamination nuisance repetitions
subject,B,Unmodified-recording evaluation,Sleep-EDF without synthetic injection,real_denoised_denoised,raw/raw,SC464,MicroWaveNet,MicroWaveNet,7,-0.0514113514293252,,,,3.0,,3,,0.0,0.0,runs/sleep_edf_formal_all_subjects_20260817_010000/sleep_edf_formal_downstream_rows.csv,Human subject-level effect after averaging checkpoint and contamination nuisance repetitions
subject,B,Unmodified-recording evaluation,Sleep-EDF without synthetic injection,real_denoised_denoised,raw/raw,SC465,MicroWaveNet,MicroWaveNet,7,-0.1613154837317071,,,,3.0,,3,,0.0,0.0,runs/sleep_edf_formal_all_subjects_20260817_010000/sleep_edf_formal_downstream_rows.csv,Human subject-level effect after averaging checkpoint and contamination nuisance repetitions
subject,B,Unmodified-recording evaluation,Sleep-EDF without synthetic injection,real_denoised_denoised,raw/raw,SC466,MicroWaveNet,MicroWaveNet,7,-0.24615610839499794,,,,3.0,,3,,0.0,0.0,runs/sleep_edf_formal_all_subjects_20260817_010000/sleep_edf_formal_downstream_rows.csv,Human subject-level effect after averaging checkpoint and contamination nuisance repetitions
subject,B,Unmodified-recording evaluation,Sleep-EDF without synthetic injection,real_denoised_denoised,raw/raw,SC467,MicroWaveNet,MicroWaveNet,7,-0.29098156426343286,,,,3.0,,3,,0.0,0.0,runs/sleep_edf_formal_all_subjects_20260817_010000/sleep_edf_formal_downstream_rows.csv,Human subject-level effect after averaging checkpoint and contamination nuisance repetitions
subject,B,Unmodified-recording evaluation,Sleep-EDF without synthetic injection,real_denoised_denoised,raw/raw,SC470,MicroWaveNet,MicroWaveNet,7,0.0357103158800153,,,,3.0,,3,,0.0,0.0,runs/sleep_edf_formal_all_subjects_20260817_010000/sleep_edf_formal_downstream_rows.csv,Human subject-level effect after averaging checkpoint and contamination nuisance repetitions
subject,B,Unmodified-recording evaluation,Sleep-EDF without synthetic injection,real_denoised_denoised,raw/raw,SC471,MicroWaveNet,MicroWaveNet,7,-0.25012824508506076,,,,3.0,,3,,0.0,0.0,runs/sleep_edf_formal_all_subjects_20260817_010000/sleep_edf_formal_downstream_rows.csv,Human subject-level effect after averaging checkpoint and contamination nuisance repetitions
subject,B,Unmodified-recording evaluation,Sleep-EDF without synthetic injection,real_denoised_denoised,raw/raw,SC472,MicroWaveNet,MicroWaveNet,7,-0.024687290728405697,,,,3.0,,3,,0.0,0.0,runs/sleep_edf_formal_all_subjects_20260817_010000/sleep_edf_formal_downstream_rows.csv,Human subject-level effect after averaging checkpoint and contamination nuisance repetitions
subject,B,Unmodified-recording evaluation,Sleep-EDF without synthetic injection,real_denoised_denoised,raw/raw,SC473,MicroWaveNet,MicroWaveNet,7,-0.010111835300209834,,,,3.0,,3,,0.0,0.0,runs/sleep_edf_formal_all_subjects_20260817_010000/sleep_edf_formal_downstream_rows.csv,Human subject-level effect after averaging checkpoint and contamination nuisance repetitions
subject,B,Unmodified-recording evaluation,Sleep-EDF without synthetic injection,real_denoised_denoised,raw/raw,SC474,MicroWaveNet,MicroWaveNet,7,0.012258883202272634,,,,3.0,,3,,0.0,0.0,runs/sleep_edf_formal_all_subjects_20260817_010000/sleep_edf_formal_downstream_rows.csv,Human subject-level effect after averaging checkpoint and contamination nuisance repetitions
subject,B,Unmodified-recording evaluation,Sleep-EDF without synthetic injection,real_denoised_denoised,raw/raw,SC475,MicroWaveNet,MicroWaveNet,7,-0.012569755573434998,,,,3.0,,3,,0.0,0.0,runs/sleep_edf_formal_all_subjects_20260817_010000/sleep_edf_formal_downstream_rows.csv,Human subject-level effect after averaging checkpoint and contamination nuisance repetitions
subject,B,Unmodified-recording evaluation,Sleep-EDF without synthetic injection,real_denoised_denoised,raw/raw,SC476,MicroWaveNet,MicroWaveNet,7,-0.004587559753381301,,,,3.0,,3,,0.0,0.0,runs/sleep_edf_formal_all_subjects_20260817_010000/sleep_edf_formal_downstream_rows.csv,Human subject-level effect after averaging checkpoint and contamination nuisance repetitions
subject,B,Unmodified-recording evaluation,Sleep-EDF without synthetic injection,real_denoised_denoised,raw/raw,SC477,MicroWaveNet,MicroWaveNet,7,-0.12155438809703774,,,,3.0,,3,,0.0,0.0,runs/sleep_edf_formal_all_subjects_20260817_010000/sleep_edf_formal_downstream_rows.csv,Human subject-level effect after averaging checkpoint and contamination nuisance repetitions
subject,B,Unmodified-recording evaluation,Sleep-EDF without synthetic injection,real_denoised_denoised,raw/raw,SC480,MicroWaveNet,MicroWaveNet,7,-0.20486304987623072,,,,3.0,,3,,0.0,0.0,runs/sleep_edf_formal_all_subjects_20260817_010000/sleep_edf_formal_downstream_rows.csv,Human subject-level effect after averaging checkpoint and contamination nuisance repetitions
subject,B,Unmodified-recording evaluation,Sleep-EDF without synthetic injection,real_denoised_denoised,raw/raw,SC481,MicroWaveNet,MicroWaveNet,7,-0.08724292271122858,,,,3.0,,3,,0.0,0.0,runs/sleep_edf_formal_all_subjects_20260817_010000/sleep_edf_formal_downstream_rows.csv,Human subject-level effect after averaging checkpoint and contamination nuisance repetitions
subject,B,Unmodified-recording evaluation,Sleep-EDF without synthetic injection,real_denoised_denoised,raw/raw,SC482,MicroWaveNet,MicroWaveNet,7,-0.09127130206070903,,,,3.0,,3,,0.0,0.0,runs/sleep_edf_formal_all_subjects_20260817_010000/sleep_edf_formal_downstream_rows.csv,Human subject-level effect after averaging checkpoint and contamination nuisance repetitions
mean_ci,B,Unmodified-recording evaluation,Sleep-EDF without synthetic injection,real_denoised_denoised,raw/raw,,DeepSeparator,DeepSeparator,8,,-0.0234823474403842,-0.0334734070062455,-0.0133574309399681,,75.0,3,0.0,,,runs/sleep_edf_formal_all_subjects_20260817_010000/sleep_edf_formal_downstream_summary.csv,Mean and 95% subject-bootstrap CI across 75 subjects
subject,B,Unmodified-recording evaluation,Sleep-EDF without synthetic injection,real_denoised_denoised,raw/raw,SC400,DeepSeparator,DeepSeparator,8,-0.006604153695938967,,,,3.0,,3,,0.0,0.0,runs/sleep_edf_formal_all_subjects_20260817_010000/sleep_edf_formal_downstream_rows.csv,Human subject-level effect after averaging checkpoint and contamination nuisance repetitions
subject,B,Unmodified-recording evaluation,Sleep-EDF without synthetic injection,real_denoised_denoised,raw/raw,SC401,DeepSeparator,DeepSeparator,8,0.019322977709880767,,,,3.0,,3,,0.0,0.0,runs/sleep_edf_formal_all_subjects_20260817_010000/sleep_edf_formal_downstream_rows.csv,Human subject-level effect after averaging checkpoint and contamination nuisance repetitions
subject,B,Unmodified-recording evaluation,Sleep-EDF without synthetic injection,real_denoised_denoised,raw/raw,SC402,DeepSeparator,DeepSeparator,8,-0.0218251331926283,,,,3.0,,3,,0.0,0.0,runs/sleep_edf_formal_all_subjects_20260817_010000/sleep_edf_formal_downstream_rows.csv,Human subject-level effect after averaging checkpoint and contamination nuisance repetitions
subject,B,Unmodified-recording evaluation,Sleep-EDF without synthetic injection,real_denoised_denoised,raw/raw,SC403,DeepSeparator,DeepSeparator,8,-0.0778838932097259,,,,3.0,,3,,0.0,0.0,runs/sleep_edf_formal_all_subjects_20260817_010000/sleep_edf_formal_downstream_rows.csv,Human subject-level effect after averaging checkpoint and contamination nuisance repetitions
subject,B,Unmodified-recording evaluation,Sleep-EDF without synthetic injection,real_denoised_denoised,raw/raw,SC404,DeepSeparator,DeepSeparator,8,-0.011314833787271232,,,,3.0,,3,,0.0,0.0,runs/sleep_edf_formal_all_subjects_20260817_010000/sleep_edf_formal_downstream_rows.csv,Human subject-level effect after averaging checkpoint and contamination nuisance repetitions
subject,B,Unmodified-recording evaluation,Sleep-EDF without synthetic injection,real_denoised_denoised,raw/raw,SC405,DeepSeparator,DeepSeparator,8,0.01913888085707763,,,,3.0,,3,,0.0,0.0,runs/sleep_edf_formal_all_subjects_20260817_010000/sleep_edf_formal_downstream_rows.csv,Human subject-level effect after averaging checkpoint and contamination nuisance repetitions
subject,B,Unmodified-recording evaluation,Sleep-EDF without synthetic injection,real_denoised_denoised,raw/raw,SC406,DeepSeparator,DeepSeparator,8,0.0120444437217192,,,,3.0,,3,,0.0,0.0,runs/sleep_edf_formal_all_subjects_20260817_010000/sleep_edf_formal_downstream_rows.csv,Human subject-level effect after averaging checkpoint and contamination nuisance repetitions
subject,B,Unmodified-recording evaluation,Sleep-EDF without synthetic injection,real_denoised_denoised,raw/raw,SC407,DeepSeparator,DeepSeparator,8,-0.0169365944576029,,,,3.0,,3,,0.0,0.0,runs/sleep_edf_formal_all_subjects_20260817_010000/sleep_edf_formal_downstream_rows.csv,Human subject-level effect after averaging checkpoint and contamination nuisance repetitions
subject,B,Unmodified-recording evaluation,Sleep-EDF without synthetic injection,real_denoised_denoised,raw/raw,SC408,DeepSeparator,DeepSeparator,8,-0.061907404570647334,,,,3.0,,3,,0.0,0.0,runs/sleep_edf_formal_all_subjects_20260817_010000/sleep_edf_formal_downstream_rows.csv,Human subject-level effect after averaging checkpoint and contamination nuisance repetitions
subject,B,Unmodified-recording evaluation,Sleep-EDF without synthetic injection,real_denoised_denoised,raw/raw,SC409,DeepSeparator,DeepSeparator,8,-0.025807356303992432,,,,3.0,,3,,0.0,0.0,runs/sleep_edf_formal_all_subjects_20260817_010000/sleep_edf_formal_downstream_rows.csv,Human subject-level effect after averaging checkpoint and contamination nuisance repetitions
subject,B,Unmodified-recording evaluation,Sleep-EDF without synthetic injection,real_denoised_denoised,raw/raw,SC410,DeepSeparator,DeepSeparator,8,-0.03272748881426473,,,,3.0,,3,,0.0,0.0,runs/sleep_edf_formal_all_subjects_20260817_010000/sleep_edf_formal_downstream_rows.csv,Human subject-level effect after averaging checkpoint and contamination nuisance repetitions
subject,B,Unmodified-recording evaluation,Sleep-EDF without synthetic injection,real_denoised_denoised,raw/raw,SC411,DeepSeparator,DeepSeparator,8,-0.020247062803249834,,,,3.0,,3,,0.0,0.0,runs/sleep_edf_formal_all_subjects_20260817_010000/sleep_edf_formal_downstream_rows.csv,Human subject-level effect after averaging checkpoint and contamination nuisance repetitions
subject,B,Unmodified-recording evaluation,Sleep-EDF without synthetic injection,real_denoised_denoised,raw/raw,SC412,DeepSeparator,DeepSeparator,8,0.0009150264148021667,,,,3.0,,3,,0.0,0.0,runs/sleep_edf_formal_all_subjects_20260817_010000/sleep_edf_formal_downstream_rows.csv,Human subject-level effect after averaging checkpoint and contamination nuisance repetitions
subject,B,Unmodified-recording evaluation,Sleep-EDF without synthetic injection,real_denoised_denoised,raw/raw,SC414,DeepSeparator,DeepSeparator,8,-0.009683314575623632,,,,3.0,,3,,0.0,0.0,runs/sleep_edf_formal_all_subjects_20260817_010000/sleep_edf_formal_downstream_rows.csv,Human subject-level effect after averaging checkpoint and contamination nuisance repetitions
subject,B,Unmodified-recording evaluation,Sleep-EDF without synthetic injection,real_denoised_denoised,raw/raw,SC415,DeepSeparator,DeepSeparator,8,-0.1317141066168034,,,,3.0,,3,,0.0,0.0,runs/sleep_edf_formal_all_subjects_20260817_010000/sleep_edf_formal_downstream_rows.csv,Human subject-level effect after averaging checkpoint and contamination nuisance repetitions
subject,B,Unmodified-recording evaluation,Sleep-EDF without synthetic injection,real_denoised_denoised,raw/raw,SC416,DeepSeparator,DeepSeparator,8,-0.0275636387033445,,,,3.0,,3,,0.0,0.0,runs/sleep_edf_formal_all_subjects_20260817_010000/sleep_edf_formal_downstream_rows.csv,Human subject-level effect after averaging checkpoint and contamination nuisance repetitions
subject,B,Unmodified-recording evaluation,Sleep-EDF without synthetic injection,real_denoised_denoised,raw/raw,SC417,DeepSeparator,DeepSeparator,8,-0.027122381332656934,,,,3.0,,3,,0.0,0.0,runs/sleep_edf_formal_all_subjects_20260817_010000/sleep_edf_formal_downstream_rows.csv,Human subject-level effect after averaging checkpoint and contamination nuisance repetitions
subject,B,Unmodified-recording evaluation,Sleep-EDF without synthetic injection,real_denoised_denoised,raw/raw,SC418,DeepSeparator,DeepSeparator,8,0.008162315089695634,,,,3.0,,3,,0.0,0.0,runs/sleep_edf_formal_all_subjects_20260817_010000/sleep_edf_formal_downstream_rows.csv,Human subject-level effect after averaging checkpoint and contamination nuisance repetitions
subject,B,Unmodified-recording evaluation,Sleep-EDF without synthetic injection,real_denoised_denoised,raw/raw,SC419,DeepSeparator,DeepSeparator,8,-0.0028637336979269006,,,,3.0,,3,,0.0,0.0,runs/sleep_edf_formal_all_subjects_20260817_010000/sleep_edf_formal_downstream_rows.csv,Human subject-level effect after averaging checkpoint and contamination nuisance repetitions
subject,B,Unmodified-recording evaluation,Sleep-EDF without synthetic injection,real_denoised_denoised,raw/raw,SC420,DeepSeparator,DeepSeparator,8,0.009177427253279767,,,,3.0,,3,,0.0,0.0,runs/sleep_edf_formal_all_subjects_20260817_010000/sleep_edf_formal_downstream_rows.csv,Human subject-level effect after averaging checkpoint and contamination nuisance repetitions
subject,B,Unmodified-recording evaluation,Sleep-EDF without synthetic injection,real_denoised_denoised,raw/raw,SC421,DeepSeparator,DeepSeparator,8,-0.0548396063268962,,,,3.0,,3,,0.0,0.0,runs/sleep_edf_formal_all_subjects_20260817_010000/sleep_edf_formal_downstream_rows.csv,Human subject-level effect after averaging checkpoint and contamination nuisance repetitions
subject,B,Unmodified-recording evaluation,Sleep-EDF without synthetic injection,real_denoised_denoised,raw/raw,SC422,DeepSeparator,DeepSeparator,8,0.09195826398159797,,,,3.0,,3,,0.0,0.0,runs/sleep_edf_formal_all_subjects_20260817_010000/sleep_edf_formal_downstream_rows.csv,Human subject-level effect after averaging checkpoint and contamination nuisance repetitions
subject,B,Unmodified-recording evaluation,Sleep-EDF without synthetic injection,real_denoised_denoised,raw/raw,SC423,DeepSeparator,DeepSeparator,8,0.036840780861624296,,,,3.0,,3,,0.0,0.0,runs/sleep_edf_formal_all_subjects_20260817_010000/sleep_edf_formal_downstream_rows.csv,Human subject-level effect after averaging checkpoint and contamination nuisance repetitions
subject,B,Unmodified-recording evaluation,Sleep-EDF without synthetic injection,real_denoised_denoised,raw/raw,SC424,DeepSeparator,DeepSeparator,8,-0.13709939489050402,,,,3.0,,3,,0.0,0.0,runs/sleep_edf_formal_all_subjects_20260817_010000/sleep_edf_formal_downstream_rows.csv,Human subject-level effect after averaging checkpoint and contamination nuisance repetitions
subject,B,Unmodified-recording evaluation,Sleep-EDF without synthetic injection,real_denoised_denoised,raw/raw,SC425,DeepSeparator,DeepSeparator,8,0.005189497191212666,,,,3.0,,3,,0.0,0.0,runs/sleep_edf_formal_all_subjects_20260817_010000/sleep_edf_formal_downstream_rows.csv,Human subject-level effect after averaging checkpoint and contamination nuisance repetitions
subject,B,Unmodified-recording evaluation,Sleep-EDF without synthetic injection,real_denoised_denoised,raw/raw,SC426,DeepSeparator,DeepSeparator,8,-0.0884538491056619,,,,3.0,,3,,0.0,0.0,runs/sleep_edf_formal_all_subjects_20260817_010000/sleep_edf_formal_downstream_rows.csv,Human subject-level effect after averaging checkpoint and contamination nuisance repetitions
subject,B,Unmodified-recording evaluation,Sleep-EDF without synthetic injection,real_denoised_denoised,raw/raw,SC427,DeepSeparator,DeepSeparator,8,-0.052311893738972236,,,,3.0,,3,,0.0,0.0,runs/sleep_edf_formal_all_subjects_20260817_010000/sleep_edf_formal_downstream_rows.csv,Human subject-level effect after averaging checkpoint and contamination nuisance repetitions
subject,B,Unmodified-recording evaluation,Sleep-EDF without synthetic injection,real_denoised_denoised,raw/raw,SC428,DeepSeparator,DeepSeparator,8,-0.0041375198957509,,,,3.0,,3,,0.0,0.0,runs/sleep_edf_formal_all_subjects_20260817_010000/sleep_edf_formal_downstream_rows.csv,Human subject-level effect after averaging checkpoint and contamination nuisance repetitions
subject,B,Unmodified-recording evaluation,Sleep-EDF without synthetic injection,real_denoised_denoised,raw/raw,SC429,DeepSeparator,DeepSeparator,8,-0.0213785530684646,,,,3.0,,3,,0.0,0.0,runs/sleep_edf_formal_all_subjects_20260817_010000/sleep_edf_formal_downstream_rows.csv,Human subject-level effect after averaging checkpoint and contamination nuisance repetitions
subject,B,Unmodified-recording evaluation,Sleep-EDF without synthetic injection,real_denoised_denoised,raw/raw,SC430,DeepSeparator,DeepSeparator,8,-0.024808673547330434,,,,3.0,,3,,0.0,0.0,runs/sleep_edf_formal_all_subjects_20260817_010000/sleep_edf_formal_downstream_rows.csv,Human subject-level effect after averaging checkpoint and contamination nuisance repetitions
subject,B,Unmodified-recording evaluation,Sleep-EDF without synthetic injection,real_denoised_denoised,raw/raw,SC431,DeepSeparator,DeepSeparator,8,-0.01594715862323823,,,,3.0,,3,,0.0,0.0,runs/sleep_edf_formal_all_subjects_20260817_010000/sleep_edf_formal_downstream_rows.csv,Human subject-level effect after averaging checkpoint and contamination nuisance repetitions
subject,B,Unmodified-recording evaluation,Sleep-EDF without synthetic injection,real_denoised_denoised,raw/raw,SC432,DeepSeparator,DeepSeparator,8,-0.024916327541848568,,,,3.0,,3,,0.0,0.0,runs/sleep_edf_formal_all_subjects_20260817_010000/sleep_edf_formal_downstream_rows.csv,Human subject-level effect after averaging checkpoint and contamination nuisance repetitions
subject,B,Unmodified-recording evaluation,Sleep-EDF without synthetic injection,real_denoised_denoised,raw/raw,SC433,DeepSeparator,DeepSeparator,8,-0.0103783350678157,,,,3.0,,3,,0.0,0.0,runs/sleep_edf_formal_all_subjects_20260817_010000/sleep_edf_formal_downstream_rows.csv,Human subject-level effect after averaging checkpoint and contamination nuisance repetitions
subject,B,Unmodified-recording evaluation,Sleep-EDF without synthetic injection,real_denoised_denoised,raw/raw,SC434,DeepSeparator,DeepSeparator,8,-0.0171498668112963,,,,3.0,,3,,0.0,0.0,runs/sleep_edf_formal_all_subjects_20260817_010000/sleep_edf_formal_downstream_rows.csv,Human subject-level effect after averaging checkpoint and contamination nuisance repetitions
subject,B,Unmodified-recording evaluation,Sleep-EDF without synthetic injection,real_denoised_denoised,raw/raw,SC435,DeepSeparator,DeepSeparator,8,-0.1141924918239144,,,,3.0,,3,,0.0,0.0,runs/sleep_edf_formal_all_subjects_20260817_010000/sleep_edf_formal_downstream_rows.csv,Human subject-level effect after averaging checkpoint and contamination nuisance repetitions
subject,B,Unmodified-recording evaluation,Sleep-EDF without synthetic injection,real_denoised_denoised,raw/raw,SC437,DeepSeparator,DeepSeparator,8,0.010635256292416134,,,,3.0,,3,,0.0,0.0,runs/sleep_edf_formal_all_subjects_20260817_010000/sleep_edf_formal_downstream_rows.csv,Human subject-level effect after averaging checkpoint and contamination nuisance repetitions
subject,B,Unmodified-recording evaluation,Sleep-EDF without synthetic injection,real_denoised_denoised,raw/raw,SC438,DeepSeparator,DeepSeparator,8,-0.04915296247933023,,,,3.0,,3,,0.0,0.0,runs/sleep_edf_formal_all_subjects_20260817_010000/sleep_edf_formal_downstream_rows.csv,Human subject-level effect after averaging checkpoint and contamination nuisance repetitions
subject,B,Unmodified-recording evaluation,Sleep-EDF without synthetic injection,real_denoised_denoised,raw/raw,SC440,DeepSeparator,DeepSeparator,8,-0.0920412500182732,,,,3.0,,3,,0.0,0.0,runs/sleep_edf_formal_all_subjects_20260817_010000/sleep_edf_formal_downstream_rows.csv,Human subject-level effect after averaging checkpoint and contamination nuisance repetitions
subject,B,Unmodified-recording evaluation,Sleep-EDF without synthetic injection,real_denoised_denoised,raw/raw,SC441,DeepSeparator,DeepSeparator,8,-0.05567030070127273,,,,3.0,,3,,0.0,0.0,runs/sleep_edf_formal_all_subjects_20260817_010000/sleep_edf_formal_downstream_rows.csv,Human subject-level effect after averaging checkpoint and contamination nuisance repetitions
subject,B,Unmodified-recording evaluation,Sleep-EDF without synthetic injection,real_denoised_denoised,raw/raw,SC442,DeepSeparator,DeepSeparator,8,-0.055375189462449965,,,,3.0,,3,,0.0,0.0,runs/sleep_edf_formal_all_subjects_20260817_010000/sleep_edf_formal_downstream_rows.csv,Human subject-level effect after averaging checkpoint and contamination nuisance repetitions
subject,B,Unmodified-recording evaluation,Sleep-EDF without synthetic injection,real_denoised_denoised,raw/raw,SC443,DeepSeparator,DeepSeparator,8,-0.008686601635742435,,,,3.0,,3,,0.0,0.0,runs/sleep_edf_formal_all_subjects_20260817_010000/sleep_edf_formal_downstream_rows.csv,Human subject-level effect after averaging checkpoint and contamination nuisance repetitions
subject,B,Unmodified-recording evaluation,Sleep-EDF without synthetic injection,real_denoised_denoised,raw/raw,SC444,DeepSeparator,DeepSeparator,8,-0.017817720859329433,,,,3.0,,3,,0.0,0.0,runs/sleep_edf_formal_all_subjects_20260817_010000/sleep_edf_formal_downstream_rows.csv,Human subject-level effect after averaging checkpoint and contamination nuisance repetitions
subject,B,Unmodified-recording evaluation,Sleep-EDF without synthetic injection,real_denoised_denoised,raw/raw,SC445,DeepSeparator,DeepSeparator,8,-0.02125012220527837,,,,3.0,,3,,0.0,0.0,runs/sleep_edf_formal_all_subjects_20260817_010000/sleep_edf_formal_downstream_rows.csv,Human subject-level effect after averaging checkpoint and contamination nuisance repetitions
subject,B,Unmodified-recording evaluation,Sleep-EDF without synthetic injection,real_denoised_denoised,raw/raw,SC446,DeepSeparator,DeepSeparator,8,-0.018013102125070134,,,,3.0,,3,,0.0,0.0,runs/sleep_edf_formal_all_subjects_20260817_010000/sleep_edf_formal_downstream_rows.csv,Human subject-level effect after averaging checkpoint and contamination nuisance repetitions
subject,B,Unmodified-recording evaluation,Sleep-EDF without synthetic injection,real_denoised_denoised,raw/raw,SC447,DeepSeparator,DeepSeparator,8,-0.03190039795934673,,,,3.0,,3,,0.0,0.0,runs/sleep_edf_formal_all_subjects_20260817_010000/sleep_edf_formal_downstream_rows.csv,Human subject-level effect after averaging checkpoint and contamination nuisance repetitions
subject,B,Unmodified-recording evaluation,Sleep-EDF without synthetic injection,real_denoised_denoised,raw/raw,SC448,DeepSeparator,DeepSeparator,8,-0.07326356142621827,,,,3.0,,3,,0.0,0.0,runs/sleep_edf_formal_all_subjects_20260817_010000/sleep_edf_formal_downstream_rows.csv,Human subject-level effect after averaging checkpoint and contamination nuisance repetitions
subject,B,Unmodified-recording evaluation,Sleep-EDF without synthetic injection,real_denoised_denoised,raw/raw,SC449,DeepSeparator,DeepSeparator,8,0.0027678680503017993,,,,3.0,,3,,0.0,0.0,runs/sleep_edf_formal_all_subjects_20260817_010000/sleep_edf_formal_downstream_rows.csv,Human subject-level effect after averaging checkpoint and contamination nuisance repetitions
subject,B,Unmodified-recording evaluation,Sleep-EDF without synthetic injection,real_denoised_denoised,raw/raw,SC450,DeepSeparator,DeepSeparator,8,-0.014080972856967633,,,,3.0,,3,,0.0,0.0,runs/sleep_edf_formal_all_subjects_20260817_010000/sleep_edf_formal_downstream_rows.csv,Human subject-level effect after averaging checkpoint and contamination nuisance repetitions
subject,B,Unmodified-recording evaluation,Sleep-EDF without synthetic injection,real_denoised_denoised,raw/raw,SC451,DeepSeparator,DeepSeparator,8,0.09574194943427476,,,,3.0,,3,,0.0,0.0,runs/sleep_edf_formal_all_subjects_20260817_010000/sleep_edf_formal_downstream_rows.csv,Human subject-level effect after averaging checkpoint and contamination nuisance repetitions
subject,B,Unmodified-recording evaluation,Sleep-EDF without synthetic injection,real_denoised_denoised,raw/raw,SC453,DeepSeparator,DeepSeparator,8,-0.0184005705077946,,,,3.0,,3,,0.0,0.0,runs/sleep_edf_formal_all_subjects_20260817_010000/sleep_edf_formal_downstream_rows.csv,Human subject-level effect after averaging checkpoint and contamination nuisance repetitions
subject,B,Unmodified-recording evaluation,Sleep-EDF without synthetic injection,real_denoised_denoised,raw/raw,SC454,DeepSeparator,DeepSeparator,8,-0.04271892562599613,,,,3.0,,3,,0.0,0.0,runs/sleep_edf_formal_all_subjects_20260817_010000/sleep_edf_formal_downstream_rows.csv,Human subject-level effect after averaging checkpoint and contamination nuisance repetitions
subject,B,Unmodified-recording evaluation,Sleep-EDF without synthetic injection,real_denoised_denoised,raw/raw,SC455,DeepSeparator,DeepSeparator,8,0.0401444486484496,,,,3.0,,3,,0.0,0.0,runs/sleep_edf_formal_all_subjects_20260817_010000/sleep_edf_formal_downstream_rows.csv,Human subject-level effect after averaging checkpoint and contamination nuisance repetitions
subject,B,Unmodified-recording evaluation,Sleep-EDF without synthetic injection,real_denoised_denoised,raw/raw,SC456,DeepSeparator,DeepSeparator,8,-0.0409246974038294,,,,3.0,,3,,0.0,0.0,runs/sleep_edf_formal_all_subjects_20260817_010000/sleep_edf_formal_downstream_rows.csv,Human subject-level effect after averaging checkpoint and contamination nuisance repetitions
subject,B,Unmodified-recording evaluation,Sleep-EDF without synthetic injection,real_denoised_denoised,raw/raw,SC457,DeepSeparator,DeepSeparator,8,0.0167941720732307,,,,3.0,,3,,0.0,0.0,runs/sleep_edf_formal_all_subjects_20260817_010000/sleep_edf_formal_downstream_rows.csv,Human subject-level effect after averaging checkpoint and contamination nuisance repetitions
subject,B,Unmodified-recording evaluation,Sleep-EDF without synthetic injection,real_denoised_denoised,raw/raw,SC458,DeepSeparator,DeepSeparator,8,-0.03591157504150027,,,,3.0,,3,,0.0,0.0,runs/sleep_edf_formal_all_subjects_20260817_010000/sleep_edf_formal_downstream_rows.csv,Human subject-level effect after averaging checkpoint and contamination nuisance repetitions
subject,B,Unmodified-recording evaluation,Sleep-EDF without synthetic injection,real_denoised_denoised,raw/raw,SC459,DeepSeparator,DeepSeparator,8,-0.08009675749930577,,,,3.0,,3,,0.0,0.0,runs/sleep_edf_formal_all_subjects_20260817_010000/sleep_edf_formal_downstream_rows.csv,Human subject-level effect after averaging checkpoint and contamination nuisance repetitions
subject,B,Unmodified-recording evaluation,Sleep-EDF without synthetic injection,real_denoised_denoised,raw/raw,SC460,DeepSeparator,DeepSeparator,8,-0.06767513022984534,,,,3.0,,3,,0.0,0.0,runs/sleep_edf_formal_all_subjects_20260817_010000/sleep_edf_formal_downstream_rows.csv,Human subject-level effect after averaging checkpoint and contamination nuisance repetitions
subject,B,Unmodified-recording evaluation,Sleep-EDF without synthetic injection,real_denoised_denoised,raw/raw,SC461,DeepSeparator,DeepSeparator,8,0.0630620577368482,,,,3.0,,3,,0.0,0.0,runs/sleep_edf_formal_all_subjects_20260817_010000/sleep_edf_formal_downstream_rows.csv,Human subject-level effect after averaging checkpoint and contamination nuisance repetitions
subject,B,Unmodified-recording evaluation,Sleep-EDF without synthetic injection,real_denoised_denoised,raw/raw,SC462,DeepSeparator,DeepSeparator,8,-0.0515156142117373,,,,3.0,,3,,0.0,0.0,runs/sleep_edf_formal_all_subjects_20260817_010000/sleep_edf_formal_downstream_rows.csv,Human subject-level effect after averaging checkpoint and contamination nuisance repetitions
subject,B,Unmodified-recording evaluation,Sleep-EDF without synthetic injection,real_denoised_denoised,raw/raw,SC463,DeepSeparator,DeepSeparator,8,-0.05106042312822667,,,,3.0,,3,,0.0,0.0,runs/sleep_edf_formal_all_subjects_20260817_010000/sleep_edf_formal_downstream_rows.csv,Human subject-level effect after averaging checkpoint and contamination nuisance repetitions
subject,B,Unmodified-recording evaluation,Sleep-EDF without synthetic injection,real_denoised_denoised,raw/raw,SC464,DeepSeparator,DeepSeparator,8,0.002726268132687233,,,,3.0,,3,,0.0,0.0,runs/sleep_edf_formal_all_subjects_20260817_010000/sleep_edf_formal_downstream_rows.csv,Human subject-level effect after averaging checkpoint and contamination nuisance repetitions
subject,B,Unmodified-recording evaluation,Sleep-EDF without synthetic injection,real_denoised_denoised,raw/raw,SC465,DeepSeparator,DeepSeparator,8,-0.06027449280074207,,,,3.0,,3,,0.0,0.0,runs/sleep_edf_formal_all_subjects_20260817_010000/sleep_edf_formal_downstream_rows.csv,Human subject-level effect after averaging checkpoint and contamination nuisance repetitions
subject,B,Unmodified-recording evaluation,Sleep-EDF without synthetic injection,real_denoised_denoised,raw/raw,SC466,DeepSeparator,DeepSeparator,8,-0.08503451495462494,,,,3.0,,3,,0.0,0.0,runs/sleep_edf_formal_all_subjects_20260817_010000/sleep_edf_formal_downstream_rows.csv,Human subject-level effect after averaging checkpoint and contamination nuisance repetitions
subject,B,Unmodified-recording evaluation,Sleep-EDF without synthetic injection,real_denoised_denoised,raw/raw,SC467,DeepSeparator,DeepSeparator,8,-0.06871762241511227,,,,3.0,,3,,0.0,0.0,runs/sleep_edf_formal_all_subjects_20260817_010000/sleep_edf_formal_downstream_rows.csv,Human subject-level effect after averaging checkpoint and contamination nuisance repetitions
subject,B,Unmodified-recording evaluation,Sleep-EDF without synthetic injection,real_denoised_denoised,raw/raw,SC470,DeepSeparator,DeepSeparator,8,0.038434460761929634,,,,3.0,,3,,0.0,0.0,runs/sleep_edf_formal_all_subjects_20260817_010000/sleep_edf_formal_downstream_rows.csv,Human subject-level effect after averaging checkpoint and contamination nuisance repetitions
subject,B,Unmodified-recording evaluation,Sleep-EDF without synthetic injection,real_denoised_denoised,raw/raw,SC471,DeepSeparator,DeepSeparator,8,-0.0724672532894121,,,,3.0,,3,,0.0,0.0,runs/sleep_edf_formal_all_subjects_20260817_010000/sleep_edf_formal_downstream_rows.csv,Human subject-level effect after averaging checkpoint and contamination nuisance repetitions
subject,B,Unmodified-recording evaluation,Sleep-EDF without synthetic injection,real_denoised_denoised,raw/raw,SC472,DeepSeparator,DeepSeparator,8,0.0026588390925443343,,,,3.0,,3,,0.0,0.0,runs/sleep_edf_formal_all_subjects_20260817_010000/sleep_edf_formal_downstream_rows.csv,Human subject-level effect after averaging checkpoint and contamination nuisance repetitions
subject,B,Unmodified-recording evaluation,Sleep-EDF without synthetic injection,real_denoised_denoised,raw/raw,SC473,DeepSeparator,DeepSeparator,8,-0.009236757043538534,,,,3.0,,3,,0.0,0.0,runs/sleep_edf_formal_all_subjects_20260817_010000/sleep_edf_formal_downstream_rows.csv,Human subject-level effect after averaging checkpoint and contamination nuisance repetitions
subject,B,Unmodified-recording evaluation,Sleep-EDF without synthetic injection,real_denoised_denoised,raw/raw,SC474,DeepSeparator,DeepSeparator,8,0.028739364874616768,,,,3.0,,3,,0.0,0.0,runs/sleep_edf_formal_all_subjects_20260817_010000/sleep_edf_formal_downstream_rows.csv,Human subject-level effect after averaging checkpoint and contamination nuisance repetitions
subject,B,Unmodified-recording evaluation,Sleep-EDF without synthetic injection,real_denoised_denoised,raw/raw,SC475,DeepSeparator,DeepSeparator,8,0.014909328498929333,,,,3.0,,3,,0.0,0.0,runs/sleep_edf_formal_all_subjects_20260817_010000/sleep_edf_formal_downstream_rows.csv,Human subject-level effect after averaging checkpoint and contamination nuisance repetitions
subject,B,Unmodified-recording evaluation,Sleep-EDF without synthetic injection,real_denoised_denoised,raw/raw,SC476,DeepSeparator,DeepSeparator,8,0.05899605412686207,,,,3.0,,3,,0.0,0.0,runs/sleep_edf_formal_all_subjects_20260817_010000/sleep_edf_formal_downstream_rows.csv,Human subject-level effect after averaging checkpoint and contamination nuisance repetitions
subject,B,Unmodified-recording evaluation,Sleep-EDF without synthetic injection,real_denoised_denoised,raw/raw,SC477,DeepSeparator,DeepSeparator,8,-0.0459271109225736,,,,3.0,,3,,0.0,0.0,runs/sleep_edf_formal_all_subjects_20260817_010000/sleep_edf_formal_downstream_rows.csv,Human subject-level effect after averaging checkpoint and contamination nuisance repetitions
subject,B,Unmodified-recording evaluation,Sleep-EDF without synthetic injection,real_denoised_denoised,raw/raw,SC480,DeepSeparator,DeepSeparator,8,-0.075590113697094,,,,3.0,,3,,0.0,0.0,runs/sleep_edf_formal_all_subjects_20260817_010000/sleep_edf_formal_downstream_rows.csv,Human subject-level effect after averaging checkpoint and contamination nuisance repetitions
subject,B,Unmodified-recording evaluation,Sleep-EDF without synthetic injection,real_denoised_denoised,raw/raw,SC481,DeepSeparator,DeepSeparator,8,-0.03957596459346943,,,,3.0,,3,,0.0,0.0,runs/sleep_edf_formal_all_subjects_20260817_010000/sleep_edf_formal_downstream_rows.csv,Human subject-level effect after averaging checkpoint and contamination nuisance repetitions
subject,B,Unmodified-recording evaluation,Sleep-EDF without synthetic injection,real_denoised_denoised,raw/raw,SC482,DeepSeparator,DeepSeparator,8,-0.0173412675353476,,,,3.0,,3,,0.0,0.0,runs/sleep_edf_formal_all_subjects_20260817_010000/sleep_edf_formal_downstream_rows.csv,Human subject-level effect after averaging checkpoint and contamination nuisance repetitions
