run_id,classifier,recipe,base,subject,n_subjects_for_inference,primary_independent_unit,n_contamination_seed_pairs,contamination_seed_pair_indices,n_checkpoint_seeds,checkpoint_seeds,n_classifier_seeds,classifier_seeds,n_technical_observations_aggregated,baseline_accuracy_mean,processed_accuracy_mean,delta_accuracy,delta_accuracy_median_over_nuisance,delta_accuracy_sd_over_nuisance,delta_accuracy_descriptive_nuisance_bootstrap_ci95_low,delta_accuracy_descriptive_nuisance_bootstrap_ci95_high,contamination_delta_sd_within_subject,checkpoint_delta_sd_within_subject,classifier_seed_delta_sd_within_subject,note,recipe_label,row_order,row_label,delta_accuracy_pp,source_file
hierarchical_downstream_stats_20260815_000000,csp_lda,eog,2,A01,9,subject,5,1 2 3 4 5,5,42 43 44 45 46,0,,25,0.7864768683274022,0.6199288256227758,-0.1665480427046263,-0.1743772241992882,0.0394681014462968,-0.1822064056939502,-0.1518861209964413,0.0253844192172626,0.0327595486771959,,Subject row aggregates technical/nuisance repeats before inferential testing; within-subject CI is descriptive and not used as n for p-values.,EOG,0,CSP+LDA base2,-16.65480427046263,runs/hierarchical_downstream_stats_20260815_000000/hierarchical_subject_deltas.csv
hierarchical_downstream_stats_20260815_000000,csp_lda,eog,2,A02,9,subject,5,1 2 3 4 5,5,42 43 44 45 46,0,,25,0.5151943462897527,0.3544876325088339,-0.1607067137809187,-0.166077738515901,0.0352932607468092,-0.1742756183745583,-0.1471378091872791,0.0167433008644421,0.0315957181124138,,Subject row aggregates technical/nuisance repeats before inferential testing; within-subject CI is descriptive and not used as n for p-values.,EOG,0,CSP+LDA base2,-16.07067137809187,runs/hierarchical_downstream_stats_20260815_000000/hierarchical_subject_deltas.csv
hierarchical_downstream_stats_20260815_000000,csp_lda,eog,2,A03,9,subject,5,1 2 3 4 5,5,42 43 44 45 46,0,,25,0.7472527472527473,0.5745054945054945,-0.1727472527472527,-0.1794871794871794,0.0408398899723243,-0.1879853479853479,-0.1563369963369963,0.0072782325022826,0.040284381353983,,Subject row aggregates technical/nuisance repeats before inferential testing; within-subject CI is descriptive and not used as n for p-values.,EOG,0,CSP+LDA base2,-17.27472527472527,runs/hierarchical_downstream_stats_20260815_000000/hierarchical_subject_deltas.csv
hierarchical_downstream_stats_20260815_000000,csp_lda,eog,2,A04,9,subject,5,1 2 3 4 5,5,42 43 44 45 46,0,,25,0.6078947368421053,0.4189473684210526,-0.1889473684210526,-0.1885964912280702,0.0406721887980357,-0.2043859649122807,-0.1731578947368421,0.021864815925102,0.0302637935351501,,Subject row aggregates technical/nuisance repeats before inferential testing; within-subject CI is descriptive and not used as n for p-values.,EOG,0,CSP+LDA base2,-18.89473684210526,runs/hierarchical_downstream_stats_20260815_000000/hierarchical_subject_deltas.csv
hierarchical_downstream_stats_20260815_000000,csp_lda,eog,2,A05,9,subject,5,1 2 3 4 5,5,42 43 44 45 46,0,,25,0.2666666666666666,0.2881159420289855,0.0214492753623188,0.0253623188405797,0.0328746534755853,0.0084057971014492,0.0336231884057971,0.022861141704692,0.0234171238353657,,Subject row aggregates technical/nuisance repeats before inferential testing; within-subject CI is descriptive and not used as n for p-values.,EOG,0,CSP+LDA base2,2.14492753623188,runs/hierarchical_downstream_stats_20260815_000000/hierarchical_subject_deltas.csv
hierarchical_downstream_stats_20260815_000000,csp_lda,eog,2,A06,9,subject,5,1 2 3 4 5,5,42 43 44 45 46,0,,25,0.4781395348837209,0.4154418604651163,-0.0626976744186046,-0.0651162790697674,0.0252308612296909,-0.0723720930232558,-0.0528372093023255,0.0168805814237832,0.0133610672441077,,Subject row aggregates technical/nuisance repeats before inferential testing; within-subject CI is descriptive and not used as n for p-values.,EOG,0,CSP+LDA base2,-6.26976744186046,runs/hierarchical_downstream_stats_20260815_000000/hierarchical_subject_deltas.csv
hierarchical_downstream_stats_20260815_000000,csp_lda,eog,2,A07,9,subject,5,1 2 3 4 5,5,42 43 44 45 46,0,,25,0.5740072202166066,0.4789891696750902,-0.0950180505415162,-0.1083032490974729,0.0328354515989839,-0.1074368231046931,-0.0820216606498195,0.0230516086927043,0.0105449774249571,,Subject row aggregates technical/nuisance repeats before inferential testing; within-subject CI is descriptive and not used as n for p-values.,EOG,0,CSP+LDA base2,-9.50180505415162,runs/hierarchical_downstream_stats_20260815_000000/hierarchical_subject_deltas.csv
hierarchical_downstream_stats_20260815_000000,csp_lda,eog,2,A08,9,subject,5,1 2 3 4 5,5,42 43 44 45 46,0,,25,0.7645756457564575,0.6752767527675276,-0.0892988929889299,-0.066420664206642,0.0636910060799753,-0.114690036900369,-0.0664169741697417,0.0274207235470985,0.061087666510408,,Subject row aggregates technical/nuisance repeats before inferential testing; within-subject CI is descriptive and not used as n for p-values.,EOG,0,CSP+LDA base2,-8.92988929889299,runs/hierarchical_downstream_stats_20260815_000000/hierarchical_subject_deltas.csv
hierarchical_downstream_stats_20260815_000000,csp_lda,eog,2,A09,9,subject,5,1 2 3 4 5,5,42 43 44 45 46,0,,25,0.7363636363636363,0.6953030303030303,-0.041060606060606,-0.0227272727272728,0.0562224663082641,-0.0634848484848484,-0.0201515151515151,0.0371884054820273,0.0391212884068453,,Subject row aggregates technical/nuisance repeats before inferential testing; within-subject CI is descriptive and not used as n for p-values.,EOG,0,CSP+LDA base2,-4.1060606060606,runs/hierarchical_downstream_stats_20260815_000000/hierarchical_subject_deltas.csv
hierarchical_downstream_stats_20260815_000000,csp_lda,emg,2,A01,9,subject,5,1 2 3 4 5,5,42 43 44 45 46,0,,25,0.8099644128113879,0.6409964412811388,-0.1689679715302491,-0.1708185053380783,0.0316492643333851,-0.1807829181494662,-0.1565836298932384,0.021900437987117,0.0202603337483038,,Subject row aggregates technical/nuisance repeats before inferential testing; within-subject CI is descriptive and not used as n for p-values.,EMG,0,CSP+LDA base2,-16.89679715302491,runs/hierarchical_downstream_stats_20260815_000000/hierarchical_subject_deltas.csv
hierarchical_downstream_stats_20260815_000000,csp_lda,emg,2,A02,9,subject,5,1 2 3 4 5,5,42 43 44 45 46,0,,25,0.545583038869258,0.3236749116607774,-0.2219081272084805,-0.2226148409893992,0.0355851032744894,-0.2359010600706713,-0.2084805653710247,0.018757893201395,0.0186711587471701,,Subject row aggregates technical/nuisance repeats before inferential testing; within-subject CI is descriptive and not used as n for p-values.,EMG,0,CSP+LDA base2,-22.19081272084805,runs/hierarchical_downstream_stats_20260815_000000/hierarchical_subject_deltas.csv
hierarchical_downstream_stats_20260815_000000,csp_lda,emg,2,A03,9,subject,5,1 2 3 4 5,5,42 43 44 45 46,0,,25,0.7465201465201465,0.6058608058608058,-0.1406593406593406,-0.1465201465201465,0.0594415699371823,-0.1633699633699633,-0.1182417582417582,0.0243362421126345,0.0554482453254631,,Subject row aggregates technical/nuisance repeats before inferential testing; within-subject CI is descriptive and not used as n for p-values.,EMG,0,CSP+LDA base2,-14.06593406593406,runs/hierarchical_downstream_stats_20260815_000000/hierarchical_subject_deltas.csv
hierarchical_downstream_stats_20260815_000000,csp_lda,emg,2,A04,9,subject,5,1 2 3 4 5,5,42 43 44 45 46,0,,25,0.5956140350877193,0.3894736842105263,-0.2061403508771929,-0.2105263157894736,0.0502475405148666,-0.2250877192982456,-0.1870175438596491,0.0425325541136865,0.0201085848883292,,Subject row aggregates technical/nuisance repeats before inferential testing; within-subject CI is descriptive and not used as n for p-values.,EMG,0,CSP+LDA base2,-20.61403508771929,runs/hierarchical_downstream_stats_20260815_000000/hierarchical_subject_deltas.csv
hierarchical_downstream_stats_20260815_000000,csp_lda,emg,2,A05,9,subject,5,1 2 3 4 5,5,42 43 44 45 46,0,,25,0.294927536231884,0.2915942028985507,-0.0033333333333333,-0.0108695652173912,0.0309904417106421,-0.014927536231884,0.008695652173913,0.0235847023567226,0.0104080777445042,,Subject row aggregates technical/nuisance repeats before inferential testing; within-subject CI is descriptive and not used as n for p-values.,EMG,0,CSP+LDA base2,-0.33333333333333004,runs/hierarchical_downstream_stats_20260815_000000/hierarchical_subject_deltas.csv
hierarchical_downstream_stats_20260815_000000,csp_lda,emg,2,A06,9,subject,5,1 2 3 4 5,5,42 43 44 45 46,0,,25,0.4641860465116279,0.348093023255814,-0.1160930232558139,-0.1162790697674418,0.0294312409666165,-0.1272558139534883,-0.1051162790697674,0.0206482294166396,0.0134707181984898,,Subject row aggregates technical/nuisance repeats before inferential testing; within-subject CI is descriptive and not used as n for p-values.,EMG,0,CSP+LDA base2,-11.60930232558139,runs/hierarchical_downstream_stats_20260815_000000/hierarchical_subject_deltas.csv
hierarchical_downstream_stats_20260815_000000,csp_lda,emg,2,A07,9,subject,5,1 2 3 4 5,5,42 43 44 45 46,0,,25,0.5747292418772563,0.4711913357400722,-0.1035379061371841,-0.0938628158844764,0.0493864047401368,-0.1227436823104693,-0.0847653429602888,0.0159875226668431,0.0422940789583717,,Subject row aggregates technical/nuisance repeats before inferential testing; within-subject CI is descriptive and not used as n for p-values.,EMG,0,CSP+LDA base2,-10.35379061371841,runs/hierarchical_downstream_stats_20260815_000000/hierarchical_subject_deltas.csv
hierarchical_downstream_stats_20260815_000000,csp_lda,emg,2,A08,9,subject,5,1 2 3 4 5,5,42 43 44 45 46,0,,25,0.7859778597785978,0.690479704797048,-0.0954981549815498,-0.0885608856088561,0.030676171395005,-0.1074538745387453,-0.0841328413284133,0.0118150348745579,0.0277101870836805,,Subject row aggregates technical/nuisance repeats before inferential testing; within-subject CI is descriptive and not used as n for p-values.,EMG,0,CSP+LDA base2,-9.549815498154981,runs/hierarchical_downstream_stats_20260815_000000/hierarchical_subject_deltas.csv
hierarchical_downstream_stats_20260815_000000,csp_lda,emg,2,A09,9,subject,5,1 2 3 4 5,5,42 43 44 45 46,0,,25,0.7128787878787879,0.6484848484848484,-0.0643939393939394,-0.0643939393939394,0.0704671027149859,-0.091060606060606,-0.0377272727272727,0.0605444762865732,0.0241297095585348,,Subject row aggregates technical/nuisance repeats before inferential testing; within-subject CI is descriptive and not used as n for p-values.,EMG,0,CSP+LDA base2,-6.43939393939394,runs/hierarchical_downstream_stats_20260815_000000/hierarchical_subject_deltas.csv
hierarchical_downstream_stats_20260815_000000,csp_lda,eog_emg_line,2,A01,9,subject,5,1 2 3 4 5,5,42 43 44 45 46,0,,25,0.8092526690391459,0.6384341637010676,-0.1708185053380783,-0.1637010676156584,0.0343804905010425,-0.183914590747331,-0.1572953736654804,0.0258491385015442,0.0205483274494691,,Subject row aggregates technical/nuisance repeats before inferential testing; within-subject CI is descriptive and not used as n for p-values.,EOG+EMG+LINE,0,CSP+LDA base2,-17.08185053380783,runs/hierarchical_downstream_stats_20260815_000000/hierarchical_subject_deltas.csv
hierarchical_downstream_stats_20260815_000000,csp_lda,eog_emg_line,2,A02,9,subject,5,1 2 3 4 5,5,42 43 44 45 46,0,,25,0.5392226148409894,0.3296113074204947,-0.2096113074204947,-0.2049469964664311,0.0303064051482566,-0.2214840989399293,-0.198303886925795,0.020197677091614,0.0151869486470211,,Subject row aggregates technical/nuisance repeats before inferential testing; within-subject CI is descriptive and not used as n for p-values.,EOG+EMG+LINE,0,CSP+LDA base2,-20.96113074204947,runs/hierarchical_downstream_stats_20260815_000000/hierarchical_subject_deltas.csv
hierarchical_downstream_stats_20260815_000000,csp_lda,eog_emg_line,2,A03,9,subject,5,1 2 3 4 5,5,42 43 44 45 46,0,,25,0.7494505494505495,0.6290109890109891,-0.1204395604395604,-0.1208791208791209,0.0546933592021379,-0.1409560439560439,-0.0994871794871794,0.0212744528181627,0.0525142390899445,,Subject row aggregates technical/nuisance repeats before inferential testing; within-subject CI is descriptive and not used as n for p-values.,EOG+EMG+LINE,0,CSP+LDA base2,-12.04395604395604,runs/hierarchical_downstream_stats_20260815_000000/hierarchical_subject_deltas.csv
hierarchical_downstream_stats_20260815_000000,csp_lda,eog_emg_line,2,A04,9,subject,5,1 2 3 4 5,5,42 43 44 45 46,0,,25,0.6052631578947368,0.3810526315789473,-0.2242105263157894,-0.2149122807017544,0.0375019236194836,-0.2389473684210526,-0.2098245614035087,0.0368295718029335,0.0126449734051174,,Subject row aggregates technical/nuisance repeats before inferential testing; within-subject CI is descriptive and not used as n for p-values.,EOG+EMG+LINE,0,CSP+LDA base2,-22.421052631578938,runs/hierarchical_downstream_stats_20260815_000000/hierarchical_subject_deltas.csv
hierarchical_downstream_stats_20260815_000000,csp_lda,eog_emg_line,2,A05,9,subject,5,1 2 3 4 5,5,42 43 44 45 46,0,,25,0.2739130434782609,0.2921739130434783,0.0182608695652173,0.0144927536231884,0.0311762677743463,0.0063768115942028,0.0302898550724637,0.0254315824404072,0.0092430369689381,,Subject row aggregates technical/nuisance repeats before inferential testing; within-subject CI is descriptive and not used as n for p-values.,EOG+EMG+LINE,0,CSP+LDA base2,1.82608695652173,runs/hierarchical_downstream_stats_20260815_000000/hierarchical_subject_deltas.csv
hierarchical_downstream_stats_20260815_000000,csp_lda,eog_emg_line,2,A06,9,subject,5,1 2 3 4 5,5,42 43 44 45 46,0,,25,0.4613953488372093,0.3678139534883721,-0.0935813953488372,-0.0930232558139534,0.0188127892243318,-0.1008372093023255,-0.0863255813953488,0.0092697102648209,0.011629767293047,,Subject row aggregates technical/nuisance repeats before inferential testing; within-subject CI is descriptive and not used as n for p-values.,EOG+EMG+LINE,0,CSP+LDA base2,-9.35813953488372,runs/hierarchical_downstream_stats_20260815_000000/hierarchical_subject_deltas.csv
hierarchical_downstream_stats_20260815_000000,csp_lda,eog_emg_line,2,A07,9,subject,5,1 2 3 4 5,5,42 43 44 45 46,0,,25,0.5610108303249097,0.4394223826714801,-0.1215884476534296,-0.1227436823104693,0.0571827176529967,-0.1439747292418772,-0.099927797833935,0.0479060147612962,0.03456893132258,,Subject row aggregates technical/nuisance repeats before inferential testing; within-subject CI is descriptive and not used as n for p-values.,EOG+EMG+LINE,0,CSP+LDA base2,-12.15884476534296,runs/hierarchical_downstream_stats_20260815_000000/hierarchical_subject_deltas.csv
hierarchical_downstream_stats_20260815_000000,csp_lda,eog_emg_line,2,A08,9,subject,5,1 2 3 4 5,5,42 43 44 45 46,0,,25,0.7800738007380074,0.6962361623616237,-0.0838376383763837,-0.081180811808118,0.0287909596801547,-0.0952029520295203,-0.073210332103321,0.0218467636681941,0.0173046600716471,,Subject row aggregates technical/nuisance repeats before inferential testing; within-subject CI is descriptive and not used as n for p-values.,EOG+EMG+LINE,0,CSP+LDA base2,-8.38376383763837,runs/hierarchical_downstream_stats_20260815_000000/hierarchical_subject_deltas.csv
hierarchical_downstream_stats_20260815_000000,csp_lda,eog_emg_line,2,A09,9,subject,5,1 2 3 4 5,5,42 43 44 45 46,0,,25,0.6840909090909091,0.6786363636363636,-0.0054545454545454,-0.0265151515151514,0.0554019628442091,-0.0257575757575757,0.0166666666666666,0.0276872952402845,0.0316617728565916,,Subject row aggregates technical/nuisance repeats before inferential testing; within-subject CI is descriptive and not used as n for p-values.,EOG+EMG+LINE,0,CSP+LDA base2,-0.5454545454545401,runs/hierarchical_downstream_stats_20260815_000000/hierarchical_subject_deltas.csv
hierarchical_downstream_stats_20260815_000000,csp_lda,eog,4,A01,9,subject,5,1 2 3 4 5,5,42 43 44 45 46,0,,25,0.7864768683274022,0.646405693950178,-0.1400711743772242,-0.1352313167259786,0.0265293679686725,-0.150747330960854,-0.1305338078291814,0.0214079938298795,0.0168984819889909,,Subject row aggregates technical/nuisance repeats before inferential testing; within-subject CI is descriptive and not used as n for p-values.,EOG,1,CSP+LDA base4,-14.00711743772242,runs/hierarchical_downstream_stats_20260815_000000/hierarchical_subject_deltas.csv
hierarchical_downstream_stats_20260815_000000,csp_lda,eog,4,A02,9,subject,5,1 2 3 4 5,5,42 43 44 45 46,0,,25,0.5151943462897527,0.3734275618374558,-0.1417667844522968,-0.1448763250883392,0.0360545257794016,-0.1554770318021201,-0.1277738515901059,0.0244894425674216,0.0254691645984081,,Subject row aggregates technical/nuisance repeats before inferential testing; within-subject CI is descriptive and not used as n for p-values.,EOG,1,CSP+LDA base4,-14.17667844522968,runs/hierarchical_downstream_stats_20260815_000000/hierarchical_subject_deltas.csv
hierarchical_downstream_stats_20260815_000000,csp_lda,eog,4,A03,9,subject,5,1 2 3 4 5,5,42 43 44 45 46,0,,25,0.7472527472527473,0.5935531135531136,-0.1536996336996337,-0.1611721611721611,0.0255860215898905,-0.1630769230769231,-0.1437362637362637,0.0139521496686627,0.0197693634568003,,Subject row aggregates technical/nuisance repeats before inferential testing; within-subject CI is descriptive and not used as n for p-values.,EOG,1,CSP+LDA base4,-15.369963369963369,runs/hierarchical_downstream_stats_20260815_000000/hierarchical_subject_deltas.csv
hierarchical_downstream_stats_20260815_000000,csp_lda,eog,4,A04,9,subject,5,1 2 3 4 5,5,42 43 44 45 46,0,,25,0.6078947368421053,0.5191228070175439,-0.0887719298245613,-0.087719298245614,0.040223546874895,-0.1040350877192982,-0.0740350877192982,0.0114102544150941,0.0336915196748289,,Subject row aggregates technical/nuisance repeats before inferential testing; within-subject CI is descriptive and not used as n for p-values.,EOG,1,CSP+LDA base4,-8.87719298245613,runs/hierarchical_downstream_stats_20260815_000000/hierarchical_subject_deltas.csv
hierarchical_downstream_stats_20260815_000000,csp_lda,eog,4,A05,9,subject,5,1 2 3 4 5,5,42 43 44 45 46,0,,25,0.2666666666666666,0.3001449275362319,0.0334782608695652,0.0398550724637681,0.0309791437001643,0.0213043478260869,0.0455072463768116,0.0268722385049781,0.0135992697828353,,Subject row aggregates technical/nuisance repeats before inferential testing; within-subject CI is descriptive and not used as n for p-values.,EOG,1,CSP+LDA base4,3.34782608695652,runs/hierarchical_downstream_stats_20260815_000000/hierarchical_subject_deltas.csv
hierarchical_downstream_stats_20260815_000000,csp_lda,eog,4,A06,9,subject,5,1 2 3 4 5,5,42 43 44 45 46,0,,25,0.4781395348837209,0.4424186046511628,-0.0357209302325581,-0.0325581395348837,0.0300747221587482,-0.0476279069767441,-0.0245581395348837,0.0282199504434126,0.0091286105490955,,Subject row aggregates technical/nuisance repeats before inferential testing; within-subject CI is descriptive and not used as n for p-values.,EOG,1,CSP+LDA base4,-3.5720930232558104,runs/hierarchical_downstream_stats_20260815_000000/hierarchical_subject_deltas.csv
hierarchical_downstream_stats_20260815_000000,csp_lda,eog,4,A07,9,subject,5,1 2 3 4 5,5,42 43 44 45 46,0,,25,0.5740072202166066,0.4620938628158845,-0.111913357400722,-0.1046931407942238,0.0287111438999762,-0.1231805054151624,-0.1010830324909747,0.0093723862712975,0.0257256631788012,,Subject row aggregates technical/nuisance repeats before inferential testing; within-subject CI is descriptive and not used as n for p-values.,EOG,1,CSP+LDA base4,-11.1913357400722,runs/hierarchical_downstream_stats_20260815_000000/hierarchical_subject_deltas.csv
hierarchical_downstream_stats_20260815_000000,csp_lda,eog,4,A08,9,subject,5,1 2 3 4 5,5,42 43 44 45 46,0,,25,0.7645756457564575,0.7142435424354243,-0.0503321033210332,-0.047970479704797,0.0211944361339843,-0.058450184501845,-0.0419188191881919,0.0199698851445463,0.0074608129630111,,Subject row aggregates technical/nuisance repeats before inferential testing; within-subject CI is descriptive and not used as n for p-values.,EOG,1,CSP+LDA base4,-5.03321033210332,runs/hierarchical_downstream_stats_20260815_000000/hierarchical_subject_deltas.csv
hierarchical_downstream_stats_20260815_000000,csp_lda,eog,4,A09,9,subject,5,1 2 3 4 5,5,42 43 44 45 46,0,,25,0.7363636363636363,0.7292424242424242,-0.0071212121212121,0.0,0.0560268974551068,-0.0284848484848485,0.0143939393939393,0.0433793991214251,0.0225090533770349,,Subject row aggregates technical/nuisance repeats before inferential testing; within-subject CI is descriptive and not used as n for p-values.,EOG,1,CSP+LDA base4,-0.71212121212121,runs/hierarchical_downstream_stats_20260815_000000/hierarchical_subject_deltas.csv
hierarchical_downstream_stats_20260815_000000,csp_lda,emg,4,A01,9,subject,5,1 2 3 4 5,5,42 43 44 45 46,0,,25,0.8099644128113879,0.6187900355871886,-0.1911743772241993,-0.195729537366548,0.0302930390676589,-0.2027046263345196,-0.1795017793594306,0.0192210355758818,0.0135661425021362,,Subject row aggregates technical/nuisance repeats before inferential testing; within-subject CI is descriptive and not used as n for p-values.,EMG,1,CSP+LDA base4,-19.11743772241993,runs/hierarchical_downstream_stats_20260815_000000/hierarchical_subject_deltas.csv
hierarchical_downstream_stats_20260815_000000,csp_lda,emg,4,A02,9,subject,5,1 2 3 4 5,5,42 43 44 45 46,0,,25,0.545583038869258,0.309399293286219,-0.2361837455830388,-0.2402826855123674,0.0353309773065933,-0.2494699646643109,-0.2223321554770318,0.0296668310666489,0.0137528027039867,,Subject row aggregates technical/nuisance repeats before inferential testing; within-subject CI is descriptive and not used as n for p-values.,EMG,1,CSP+LDA base4,-23.61837455830388,runs/hierarchical_downstream_stats_20260815_000000/hierarchical_subject_deltas.csv
hierarchical_downstream_stats_20260815_000000,csp_lda,emg,4,A03,9,subject,5,1 2 3 4 5,5,42 43 44 45 46,0,,25,0.7465201465201465,0.6243223443223443,-0.1221978021978022,-0.1282051282051282,0.0501675510277692,-0.1416849816849816,-0.1021245421245421,0.0266338404405786,0.0334012912700003,,Subject row aggregates technical/nuisance repeats before inferential testing; within-subject CI is descriptive and not used as n for p-values.,EMG,1,CSP+LDA base4,-12.21978021978022,runs/hierarchical_downstream_stats_20260815_000000/hierarchical_subject_deltas.csv
hierarchical_downstream_stats_20260815_000000,csp_lda,emg,4,A04,9,subject,5,1 2 3 4 5,5,42 43 44 45 46,0,,25,0.5956140350877193,0.4294736842105263,-0.1661403508771929,-0.1710526315789473,0.0477499793868601,-0.1842105263157894,-0.147719298245614,0.038499679220642,0.0196792532144667,,Subject row aggregates technical/nuisance repeats before inferential testing; within-subject CI is descriptive and not used as n for p-values.,EMG,1,CSP+LDA base4,-16.61403508771929,runs/hierarchical_downstream_stats_20260815_000000/hierarchical_subject_deltas.csv
hierarchical_downstream_stats_20260815_000000,csp_lda,emg,4,A05,9,subject,5,1 2 3 4 5,5,42 43 44 45 46,0,,25,0.294927536231884,0.3002898550724637,0.0053623188405797,-0.003623188405797,0.0311874943745569,-0.0062318840579709,0.0179710144927536,0.0279272391551778,0.0076276506475018,,Subject row aggregates technical/nuisance repeats before inferential testing; within-subject CI is descriptive and not used as n for p-values.,EMG,1,CSP+LDA base4,0.53623188405797,runs/hierarchical_downstream_stats_20260815_000000/hierarchical_subject_deltas.csv
hierarchical_downstream_stats_20260815_000000,csp_lda,emg,4,A06,9,subject,5,1 2 3 4 5,5,42 43 44 45 46,0,,25,0.4641860465116279,0.3624186046511628,-0.1017674418604651,-0.0976744186046511,0.0379604416795175,-0.1166511627906976,-0.0876279069767441,0.0224473423838402,0.0264143462011699,,Subject row aggregates technical/nuisance repeats before inferential testing; within-subject CI is descriptive and not used as n for p-values.,EMG,1,CSP+LDA base4,-10.17674418604651,runs/hierarchical_downstream_stats_20260815_000000/hierarchical_subject_deltas.csv
hierarchical_downstream_stats_20260815_000000,csp_lda,emg,4,A07,9,subject,5,1 2 3 4 5,5,42 43 44 45 46,0,,25,0.5747292418772563,0.5172563176895307,-0.0574729241877256,-0.0541516245487365,0.0304357324022501,-0.0696028880866426,-0.0457761732851985,0.0077023164494409,0.0193509887217386,,Subject row aggregates technical/nuisance repeats before inferential testing; within-subject CI is descriptive and not used as n for p-values.,EMG,1,CSP+LDA base4,-5.7472924187725605,runs/hierarchical_downstream_stats_20260815_000000/hierarchical_subject_deltas.csv
hierarchical_downstream_stats_20260815_000000,csp_lda,emg,4,A08,9,subject,5,1 2 3 4 5,5,42 43 44 45 46,0,,25,0.7859778597785978,0.7177859778597786,-0.0681918819188191,-0.07380073800738,0.029771379924562,-0.0795571955719557,-0.0569704797047971,0.0181420768344234,0.0232126492604319,,Subject row aggregates technical/nuisance repeats before inferential testing; within-subject CI is descriptive and not used as n for p-values.,EMG,1,CSP+LDA base4,-6.81918819188191,runs/hierarchical_downstream_stats_20260815_000000/hierarchical_subject_deltas.csv
hierarchical_downstream_stats_20260815_000000,csp_lda,emg,4,A09,9,subject,5,1 2 3 4 5,5,42 43 44 45 46,0,,25,0.7128787878787879,0.6515151515151515,-0.0613636363636363,-0.0681818181818182,0.0757891348407015,-0.0901515151515151,-0.0325757575757576,0.0646962600202365,0.0280405386716996,,Subject row aggregates technical/nuisance repeats before inferential testing; within-subject CI is descriptive and not used as n for p-values.,EMG,1,CSP+LDA base4,-6.1363636363636305,runs/hierarchical_downstream_stats_20260815_000000/hierarchical_subject_deltas.csv
hierarchical_downstream_stats_20260815_000000,csp_lda,eog_emg_line,4,A01,9,subject,5,1 2 3 4 5,5,42 43 44 45 46,0,,25,0.8092526690391459,0.6328825622775801,-0.1763701067615658,-0.1814946619217081,0.0268300025978231,-0.1863345195729537,-0.1658362989323843,0.0218297744130321,0.0114256491785246,,Subject row aggregates technical/nuisance repeats before inferential testing; within-subject CI is descriptive and not used as n for p-values.,EOG+EMG+LINE,1,CSP+LDA base4,-17.63701067615658,runs/hierarchical_downstream_stats_20260815_000000/hierarchical_subject_deltas.csv
hierarchical_downstream_stats_20260815_000000,csp_lda,eog_emg_line,4,A02,9,subject,5,1 2 3 4 5,5,42 43 44 45 46,0,,25,0.5392226148409894,0.3119434628975265,-0.2272791519434629,-0.2261484098939929,0.0283552850801766,-0.2380212014134275,-0.216113074204947,0.0260508158687829,0.0095550212190278,,Subject row aggregates technical/nuisance repeats before inferential testing; within-subject CI is descriptive and not used as n for p-values.,EOG+EMG+LINE,1,CSP+LDA base4,-22.72791519434629,runs/hierarchical_downstream_stats_20260815_000000/hierarchical_subject_deltas.csv
hierarchical_downstream_stats_20260815_000000,csp_lda,eog_emg_line,4,A03,9,subject,5,1 2 3 4 5,5,42 43 44 45 46,0,,25,0.7494505494505495,0.6370695970695971,-0.1123809523809523,-0.1172161172161171,0.0386604542834141,-0.1271794871794871,-0.0977289377289377,0.0219266799576704,0.0240957715580936,,Subject row aggregates technical/nuisance repeats before inferential testing; within-subject CI is descriptive and not used as n for p-values.,EOG+EMG+LINE,1,CSP+LDA base4,-11.23809523809523,runs/hierarchical_downstream_stats_20260815_000000/hierarchical_subject_deltas.csv
hierarchical_downstream_stats_20260815_000000,csp_lda,eog_emg_line,4,A04,9,subject,5,1 2 3 4 5,5,42 43 44 45 46,0,,25,0.6052631578947368,0.3992982456140351,-0.2059649122807017,-0.206140350877193,0.0421159221401136,-0.2224561403508771,-0.1903508771929824,0.0327887180410991,0.0170928880111048,,Subject row aggregates technical/nuisance repeats before inferential testing; within-subject CI is descriptive and not used as n for p-values.,EOG+EMG+LINE,1,CSP+LDA base4,-20.59649122807017,runs/hierarchical_downstream_stats_20260815_000000/hierarchical_subject_deltas.csv
hierarchical_downstream_stats_20260815_000000,csp_lda,eog_emg_line,4,A05,9,subject,5,1 2 3 4 5,5,42 43 44 45 46,0,,25,0.2739130434782609,0.2882608695652174,0.0143478260869565,0.0108695652173912,0.0293880561621647,0.0031884057971014,0.0256557971014492,0.0168031588032636,0.0076585667191972,,Subject row aggregates technical/nuisance repeats before inferential testing; within-subject CI is descriptive and not used as n for p-values.,EOG+EMG+LINE,1,CSP+LDA base4,1.43478260869565,runs/hierarchical_downstream_stats_20260815_000000/hierarchical_subject_deltas.csv
hierarchical_downstream_stats_20260815_000000,csp_lda,eog_emg_line,4,A06,9,subject,5,1 2 3 4 5,5,42 43 44 45 46,0,,25,0.4613953488372093,0.3903255813953488,-0.0710697674418604,-0.0744186046511627,0.0277294092438154,-0.0813023255813953,-0.0600930232558139,0.011328231388555,0.0193188497497056,,Subject row aggregates technical/nuisance repeats before inferential testing; within-subject CI is descriptive and not used as n for p-values.,EOG+EMG+LINE,1,CSP+LDA base4,-7.10697674418604,runs/hierarchical_downstream_stats_20260815_000000/hierarchical_subject_deltas.csv
hierarchical_downstream_stats_20260815_000000,csp_lda,eog_emg_line,4,A07,9,subject,5,1 2 3 4 5,5,42 43 44 45 46,0,,25,0.5610108303249097,0.4929963898916967,-0.068014440433213,-0.0722021660649819,0.0535027307149396,-0.087797833935018,-0.0473646209386281,0.0534866511714508,0.0138545402494769,,Subject row aggregates technical/nuisance repeats before inferential testing; within-subject CI is descriptive and not used as n for p-values.,EOG+EMG+LINE,1,CSP+LDA base4,-6.8014440433213,runs/hierarchical_downstream_stats_20260815_000000/hierarchical_subject_deltas.csv
hierarchical_downstream_stats_20260815_000000,csp_lda,eog_emg_line,4,A08,9,subject,5,1 2 3 4 5,5,42 43 44 45 46,0,,25,0.7800738007380074,0.7170479704797048,-0.0630258302583025,-0.0627306273062729,0.0414742200414492,-0.0794095940959409,-0.0475276752767527,0.0358393587312083,0.0234577244941137,,Subject row aggregates technical/nuisance repeats before inferential testing; within-subject CI is descriptive and not used as n for p-values.,EOG+EMG+LINE,1,CSP+LDA base4,-6.302583025830249,runs/hierarchical_downstream_stats_20260815_000000/hierarchical_subject_deltas.csv
hierarchical_downstream_stats_20260815_000000,csp_lda,eog_emg_line,4,A09,9,subject,5,1 2 3 4 5,5,42 43 44 45 46,0,,25,0.6840909090909091,0.6903030303030303,0.0062121212121212,0.0,0.063259465888413,-0.0186363636363636,0.0304545454545454,0.0549083048977122,0.0259540191706623,,Subject row aggregates technical/nuisance repeats before inferential testing; within-subject CI is descriptive and not used as n for p-values.,EOG+EMG+LINE,1,CSP+LDA base4,0.62121212121212,runs/hierarchical_downstream_stats_20260815_000000/hierarchical_subject_deltas.csv
hierarchical_downstream_stats_20260815_000000,csp_lda,eog,6,A01,9,subject,5,1 2 3 4 5,5,42 43 44 45 46,0,,25,0.7864768683274022,0.6725978647686832,-0.1138790035587188,-0.1138790035587188,0.0344877621829338,-0.1271174377224199,-0.1006405693950178,0.01870275209035,0.0324683123927602,,Subject row aggregates technical/nuisance repeats before inferential testing; within-subject CI is descriptive and not used as n for p-values.,EOG,2,CSP+LDA base6,-11.38790035587188,runs/hierarchical_downstream_stats_20260815_000000/hierarchical_subject_deltas.csv
hierarchical_downstream_stats_20260815_000000,csp_lda,eog,6,A02,9,subject,5,1 2 3 4 5,5,42 43 44 45 46,0,,25,0.5151943462897527,0.3674911660777385,-0.1477031802120141,-0.1484098939929328,0.0296342653130957,-0.1590106007067137,-0.1362544169611307,0.015547703180212,0.0232034701899392,,Subject row aggregates technical/nuisance repeats before inferential testing; within-subject CI is descriptive and not used as n for p-values.,EOG,2,CSP+LDA base6,-14.770318021201408,runs/hierarchical_downstream_stats_20260815_000000/hierarchical_subject_deltas.csv
hierarchical_downstream_stats_20260815_000000,csp_lda,eog,6,A03,9,subject,5,1 2 3 4 5,5,42 43 44 45 46,0,,25,0.7472527472527473,0.654065934065934,-0.0931868131868131,-0.0879120879120879,0.0451862842415541,-0.1112087912087912,-0.076043956043956,0.0152127148453244,0.0394905093501096,,Subject row aggregates technical/nuisance repeats before inferential testing; within-subject CI is descriptive and not used as n for p-values.,EOG,2,CSP+LDA base6,-9.31868131868131,runs/hierarchical_downstream_stats_20260815_000000/hierarchical_subject_deltas.csv
hierarchical_downstream_stats_20260815_000000,csp_lda,eog,6,A04,9,subject,5,1 2 3 4 5,5,42 43 44 45 46,0,,25,0.6078947368421053,0.536140350877193,-0.0717543859649122,-0.0657894736842105,0.0431016368935503,-0.0885964912280701,-0.0556140350877192,0.0254869473953752,0.0293853102833604,,Subject row aggregates technical/nuisance repeats before inferential testing; within-subject CI is descriptive and not used as n for p-values.,EOG,2,CSP+LDA base6,-7.17543859649122,runs/hierarchical_downstream_stats_20260815_000000/hierarchical_subject_deltas.csv
hierarchical_downstream_stats_20260815_000000,csp_lda,eog,6,A05,9,subject,5,1 2 3 4 5,5,42 43 44 45 46,0,,25,0.2666666666666666,0.2908695652173913,0.0242028985507246,0.0289855072463768,0.0310926427465125,0.0114492753623188,0.0353623188405797,0.0188447598484303,0.0228496542703177,,Subject row aggregates technical/nuisance repeats before inferential testing; within-subject CI is descriptive and not used as n for p-values.,EOG,2,CSP+LDA base6,2.42028985507246,runs/hierarchical_downstream_stats_20260815_000000/hierarchical_subject_deltas.csv
hierarchical_downstream_stats_20260815_000000,csp_lda,eog,6,A06,9,subject,5,1 2 3 4 5,5,42 43 44 45 46,0,,25,0.4781395348837209,0.4515348837209302,-0.0266046511627906,-0.027906976744186,0.0237361252441942,-0.0357209302325581,-0.0176744186046511,0.0196629247860321,0.0074592819336667,,Subject row aggregates technical/nuisance repeats before inferential testing; within-subject CI is descriptive and not used as n for p-values.,EOG,2,CSP+LDA base6,-2.66046511627906,runs/hierarchical_downstream_stats_20260815_000000/hierarchical_subject_deltas.csv
hierarchical_downstream_stats_20260815_000000,csp_lda,eog,6,A07,9,subject,5,1 2 3 4 5,5,42 43 44 45 46,0,,25,0.5740072202166066,0.4363898916967509,-0.1376173285198556,-0.1371841155234657,0.0188545373043556,-0.1451263537906137,-0.1303971119133574,0.0059011745102389,0.0146696607644191,,Subject row aggregates technical/nuisance repeats before inferential testing; within-subject CI is descriptive and not used as n for p-values.,EOG,2,CSP+LDA base6,-13.761732851985558,runs/hierarchical_downstream_stats_20260815_000000/hierarchical_subject_deltas.csv
hierarchical_downstream_stats_20260815_000000,csp_lda,eog,6,A08,9,subject,5,1 2 3 4 5,5,42 43 44 45 46,0,,25,0.7645756457564575,0.734169741697417,-0.0304059040590406,-0.03690036900369,0.0263150775905548,-0.0398523985239852,-0.0197785977859778,0.0179973960586776,0.0194797603677081,,Subject row aggregates technical/nuisance repeats before inferential testing; within-subject CI is descriptive and not used as n for p-values.,EOG,2,CSP+LDA base6,-3.04059040590406,runs/hierarchical_downstream_stats_20260815_000000/hierarchical_subject_deltas.csv
hierarchical_downstream_stats_20260815_000000,csp_lda,eog,6,A09,9,subject,5,1 2 3 4 5,5,42 43 44 45 46,0,,25,0.7363636363636363,0.7283333333333334,-0.008030303030303,0.0037878787878787,0.048029446667317,-0.0268181818181818,0.0095454545454545,0.0345241827118208,0.0299438945825887,,Subject row aggregates technical/nuisance repeats before inferential testing; within-subject CI is descriptive and not used as n for p-values.,EOG,2,CSP+LDA base6,-0.8030303030303001,runs/hierarchical_downstream_stats_20260815_000000/hierarchical_subject_deltas.csv
hierarchical_downstream_stats_20260815_000000,csp_lda,emg,6,A01,9,subject,5,1 2 3 4 5,5,42 43 44 45 46,0,,25,0.8099644128113879,0.6140925266903915,-0.1958718861209964,-0.1992882562277579,0.030861842473153,-0.2075444839857651,-0.1837722419928825,0.024631887963298,0.0107870867997626,,Subject row aggregates technical/nuisance repeats before inferential testing; within-subject CI is descriptive and not used as n for p-values.,EMG,2,CSP+LDA base6,-19.58718861209964,runs/hierarchical_downstream_stats_20260815_000000/hierarchical_subject_deltas.csv
hierarchical_downstream_stats_20260815_000000,csp_lda,emg,6,A02,9,subject,5,1 2 3 4 5,5,42 43 44 45 46,0,,25,0.545583038869258,0.3191519434628975,-0.2264310954063604,-0.2261484098939928,0.0323039840710932,-0.23886925795053,-0.214416961130742,0.0235591283012439,0.0162820474943708,,Subject row aggregates technical/nuisance repeats before inferential testing; within-subject CI is descriptive and not used as n for p-values.,EMG,2,CSP+LDA base6,-22.64310954063604,runs/hierarchical_downstream_stats_20260815_000000/hierarchical_subject_deltas.csv
hierarchical_downstream_stats_20260815_000000,csp_lda,emg,6,A03,9,subject,5,1 2 3 4 5,5,42 43 44 45 46,0,,25,0.7465201465201465,0.6298901098901099,-0.1166300366300366,-0.1245421245421245,0.0452308032463395,-0.1331868131868131,-0.0983150183150183,0.030415726156774,0.026058351636792,,Subject row aggregates technical/nuisance repeats before inferential testing; within-subject CI is descriptive and not used as n for p-values.,EMG,2,CSP+LDA base6,-11.66300366300366,runs/hierarchical_downstream_stats_20260815_000000/hierarchical_subject_deltas.csv
hierarchical_downstream_stats_20260815_000000,csp_lda,emg,6,A04,9,subject,5,1 2 3 4 5,5,42 43 44 45 46,0,,25,0.5956140350877193,0.4312280701754385,-0.1643859649122807,-0.1666666666666666,0.0596034181624957,-0.1873684210526315,-0.1417543859649122,0.0514172785580708,0.0239234183944562,,Subject row aggregates technical/nuisance repeats before inferential testing; within-subject CI is descriptive and not used as n for p-values.,EMG,2,CSP+LDA base6,-16.43859649122807,runs/hierarchical_downstream_stats_20260815_000000/hierarchical_subject_deltas.csv
hierarchical_downstream_stats_20260815_000000,csp_lda,emg,6,A05,9,subject,5,1 2 3 4 5,5,42 43 44 45 46,0,,25,0.294927536231884,0.302463768115942,0.0075362318840579,0.0072463768115941,0.0349081871556056,-0.0055072463768115,0.021159420289855,0.0315720903870707,0.012567816457205,,Subject row aggregates technical/nuisance repeats before inferential testing; within-subject CI is descriptive and not used as n for p-values.,EMG,2,CSP+LDA base6,0.75362318840579,runs/hierarchical_downstream_stats_20260815_000000/hierarchical_subject_deltas.csv
hierarchical_downstream_stats_20260815_000000,csp_lda,emg,6,A06,9,subject,5,1 2 3 4 5,5,42 43 44 45 46,0,,25,0.4641860465116279,0.3674418604651163,-0.0967441860465116,-0.0976744186046511,0.0323637608451908,-0.1090232558139534,-0.0842790697674418,0.0267835907886287,0.0171400239745937,,Subject row aggregates technical/nuisance repeats before inferential testing; within-subject CI is descriptive and not used as n for p-values.,EMG,2,CSP+LDA base6,-9.67441860465116,runs/hierarchical_downstream_stats_20260815_000000/hierarchical_subject_deltas.csv
hierarchical_downstream_stats_20260815_000000,csp_lda,emg,6,A07,9,subject,5,1 2 3 4 5,5,42 43 44 45 46,0,,25,0.5747292418772563,0.5137906137184115,-0.0609386281588447,-0.0613718411552346,0.0420144853087977,-0.0766787003610108,-0.0447653429602888,0.021796206395821,0.028851971104675,,Subject row aggregates technical/nuisance repeats before inferential testing; within-subject CI is descriptive and not used as n for p-values.,EMG,2,CSP+LDA base6,-6.09386281588447,runs/hierarchical_downstream_stats_20260815_000000/hierarchical_subject_deltas.csv
hierarchical_downstream_stats_20260815_000000,csp_lda,emg,6,A08,9,subject,5,1 2 3 4 5,5,42 43 44 45 46,0,,25,0.7859778597785978,0.7064206642066421,-0.0795571955719557,-0.081180811808118,0.0350889979000875,-0.0929889298892989,-0.0662730627306273,0.0249201827651419,0.0198399115724456,,Subject row aggregates technical/nuisance repeats before inferential testing; within-subject CI is descriptive and not used as n for p-values.,EMG,2,CSP+LDA base6,-7.95571955719557,runs/hierarchical_downstream_stats_20260815_000000/hierarchical_subject_deltas.csv
hierarchical_downstream_stats_20260815_000000,csp_lda,emg,6,A09,9,subject,5,1 2 3 4 5,5,42 43 44 45 46,0,,25,0.7128787878787879,0.6895454545454546,-0.0233333333333333,-0.0113636363636364,0.0630018875342175,-0.0481818181818181,0.0003068181818181,0.0614603614784183,0.0146253330666162,,Subject row aggregates technical/nuisance repeats before inferential testing; within-subject CI is descriptive and not used as n for p-values.,EMG,2,CSP+LDA base6,-2.33333333333333,runs/hierarchical_downstream_stats_20260815_000000/hierarchical_subject_deltas.csv
hierarchical_downstream_stats_20260815_000000,csp_lda,eog_emg_line,6,A01,9,subject,5,1 2 3 4 5,5,42 43 44 45 46,0,,25,0.8092526690391459,0.6241992882562277,-0.1850533807829181,-0.1850533807829182,0.0297211620791638,-0.1961565836298932,-0.1732384341637011,0.026315276223966,0.0112873676349848,,Subject row aggregates technical/nuisance repeats before inferential testing; within-subject CI is descriptive and not used as n for p-values.,EOG+EMG+LINE,2,CSP+LDA base6,-18.50533807829181,runs/hierarchical_downstream_stats_20260815_000000/hierarchical_subject_deltas.csv
hierarchical_downstream_stats_20260815_000000,csp_lda,eog_emg_line,6,A02,9,subject,5,1 2 3 4 5,5,42 43 44 45 46,0,,25,0.5392226148409894,0.3151943462897527,-0.2240282685512367,-0.2261484098939929,0.028451996064031,-0.2347703180212014,-0.2130035335689046,0.0248709036816505,0.0074624424317819,,Subject row aggregates technical/nuisance repeats before inferential testing; within-subject CI is descriptive and not used as n for p-values.,EOG+EMG+LINE,2,CSP+LDA base6,-22.40282685512367,runs/hierarchical_downstream_stats_20260815_000000/hierarchical_subject_deltas.csv
hierarchical_downstream_stats_20260815_000000,csp_lda,eog_emg_line,6,A03,9,subject,5,1 2 3 4 5,5,42 43 44 45 46,0,,25,0.7494505494505495,0.6442490842490842,-0.1052014652014651,-0.1098901098901098,0.0487963785224962,-0.1242490842490842,-0.087032967032967,0.0294027640682335,0.0369531536318317,,Subject row aggregates technical/nuisance repeats before inferential testing; within-subject CI is descriptive and not used as n for p-values.,EOG+EMG+LINE,2,CSP+LDA base6,-10.52014652014651,runs/hierarchical_downstream_stats_20260815_000000/hierarchical_subject_deltas.csv
hierarchical_downstream_stats_20260815_000000,csp_lda,eog_emg_line,6,A04,9,subject,5,1 2 3 4 5,5,42 43 44 45 46,0,,25,0.6052631578947368,0.3943859649122807,-0.2108771929824561,-0.2105263157894736,0.0391662819310127,-0.225438596491228,-0.1957894736842105,0.0331458253351744,0.007860549760428,,Subject row aggregates technical/nuisance repeats before inferential testing; within-subject CI is descriptive and not used as n for p-values.,EOG+EMG+LINE,2,CSP+LDA base6,-21.08771929824561,runs/hierarchical_downstream_stats_20260815_000000/hierarchical_subject_deltas.csv
hierarchical_downstream_stats_20260815_000000,csp_lda,eog_emg_line,6,A05,9,subject,5,1 2 3 4 5,5,42 43 44 45 46,0,,25,0.2739130434782609,0.2905797101449275,0.0166666666666666,0.0144927536231884,0.0299689738977718,0.0047826086956521,0.0279746376811593,0.020133976796304,0.0119948879400339,,Subject row aggregates technical/nuisance repeats before inferential testing; within-subject CI is descriptive and not used as n for p-values.,EOG+EMG+LINE,2,CSP+LDA base6,1.66666666666666,runs/hierarchical_downstream_stats_20260815_000000/hierarchical_subject_deltas.csv
hierarchical_downstream_stats_20260815_000000,csp_lda,eog_emg_line,6,A06,9,subject,5,1 2 3 4 5,5,42 43 44 45 46,0,,25,0.4613953488372093,0.3990697674418604,-0.0623255813953488,-0.0651162790697674,0.026000790436044,-0.0721860465116279,-0.0524651162790697,0.0093718333393534,0.0119490535615489,,Subject row aggregates technical/nuisance repeats before inferential testing; within-subject CI is descriptive and not used as n for p-values.,EOG+EMG+LINE,2,CSP+LDA base6,-6.23255813953488,runs/hierarchical_downstream_stats_20260815_000000/hierarchical_subject_deltas.csv
hierarchical_downstream_stats_20260815_000000,csp_lda,eog_emg_line,6,A07,9,subject,5,1 2 3 4 5,5,42 43 44 45 46,0,,25,0.5610108303249097,0.483898916967509,-0.0771119133574007,-0.0613718411552346,0.0570130480416548,-0.0993501805054151,-0.055884476534296,0.0575501540139798,0.0196570314235213,,Subject row aggregates technical/nuisance repeats before inferential testing; within-subject CI is descriptive and not used as n for p-values.,EOG+EMG+LINE,2,CSP+LDA base6,-7.71119133574007,runs/hierarchical_downstream_stats_20260815_000000/hierarchical_subject_deltas.csv
hierarchical_downstream_stats_20260815_000000,csp_lda,eog_emg_line,6,A08,9,subject,5,1 2 3 4 5,5,42 43 44 45 46,0,,25,0.7800738007380074,0.7000738007380074,-0.08,-0.0885608856088561,0.0333079064070626,-0.0928413284132841,-0.0671586715867158,0.0271642862798784,0.0178164214045832,,Subject row aggregates technical/nuisance repeats before inferential testing; within-subject CI is descriptive and not used as n for p-values.,EOG+EMG+LINE,2,CSP+LDA base6,-8.0,runs/hierarchical_downstream_stats_20260815_000000/hierarchical_subject_deltas.csv
hierarchical_downstream_stats_20260815_000000,csp_lda,eog_emg_line,6,A09,9,subject,5,1 2 3 4 5,5,42 43 44 45 46,0,,25,0.6840909090909091,0.6766666666666666,-0.0074242424242424,-0.0189393939393939,0.0645189665619326,-0.0322727272727272,0.0169696969696969,0.030441916573449,0.0293720630870699,,Subject row aggregates technical/nuisance repeats before inferential testing; within-subject CI is descriptive and not used as n for p-values.,EOG+EMG+LINE,2,CSP+LDA base6,-0.74242424242424,runs/hierarchical_downstream_stats_20260815_000000/hierarchical_subject_deltas.csv
hierarchical_downstream_stats_20260815_000000,csp_lda,eog,8,A01,9,subject,5,1 2 3 4 5,5,42 43 44 45 46,0,,25,0.7864768683274022,0.6885409252669039,-0.0979359430604982,-0.096085409252669,0.0248923841404357,-0.1074733096085409,-0.0886832740213523,0.0196059249955315,0.017812090031347,,Subject row aggregates technical/nuisance repeats before inferential testing; within-subject CI is descriptive and not used as n for p-values.,EOG,3,CSP+LDA base8,-9.79359430604982,runs/hierarchical_downstream_stats_20260815_000000/hierarchical_subject_deltas.csv
hierarchical_downstream_stats_20260815_000000,csp_lda,eog,8,A02,9,subject,5,1 2 3 4 5,5,42 43 44 45 46,0,,25,0.5151943462897527,0.3708833922261484,-0.1443109540636042,-0.1519434628975264,0.0273267738874896,-0.1542049469964664,-0.1334275618374558,0.0212919152018103,0.0173713640002866,,Subject row aggregates technical/nuisance repeats before inferential testing; within-subject CI is descriptive and not used as n for p-values.,EOG,3,CSP+LDA base8,-14.43109540636042,runs/hierarchical_downstream_stats_20260815_000000/hierarchical_subject_deltas.csv
hierarchical_downstream_stats_20260815_000000,csp_lda,eog,8,A03,9,subject,5,1 2 3 4 5,5,42 43 44 45 46,0,,25,0.7472527472527473,0.6868864468864468,-0.0603663003663003,-0.0586080586080586,0.0328841720844005,-0.072967032967033,-0.0479120879120879,0.0119101143222684,0.0220243711518255,,Subject row aggregates technical/nuisance repeats before inferential testing; within-subject CI is descriptive and not used as n for p-values.,EOG,3,CSP+LDA base8,-6.03663003663003,runs/hierarchical_downstream_stats_20260815_000000/hierarchical_subject_deltas.csv
hierarchical_downstream_stats_20260815_000000,csp_lda,eog,8,A04,9,subject,5,1 2 3 4 5,5,42 43 44 45 46,0,,25,0.6078947368421053,0.5245614035087719,-0.0833333333333333,-0.0745614035087719,0.0366081404255816,-0.0975438596491228,-0.0696447368421053,0.0214060251612498,0.0171108852659045,,Subject row aggregates technical/nuisance repeats before inferential testing; within-subject CI is descriptive and not used as n for p-values.,EOG,3,CSP+LDA base8,-8.33333333333333,runs/hierarchical_downstream_stats_20260815_000000/hierarchical_subject_deltas.csv
hierarchical_downstream_stats_20260815_000000,csp_lda,eog,8,A05,9,subject,5,1 2 3 4 5,5,42 43 44 45 46,0,,25,0.2666666666666666,0.2859420289855072,0.0192753623188405,0.0181159420289855,0.0271682763880221,0.0085507246376811,0.0294202898550724,0.0227863698632272,0.0159469689316007,,Subject row aggregates technical/nuisance repeats before inferential testing; within-subject CI is descriptive and not used as n for p-values.,EOG,3,CSP+LDA base8,1.92753623188405,runs/hierarchical_downstream_stats_20260815_000000/hierarchical_subject_deltas.csv
hierarchical_downstream_stats_20260815_000000,csp_lda,eog,8,A06,9,subject,5,1 2 3 4 5,5,42 43 44 45 46,0,,25,0.4781395348837209,0.4426046511627907,-0.0355348837209302,-0.0325581395348837,0.0294740874603556,-0.0468837209302325,-0.0245581395348837,0.0214901841579666,0.0082785471483858,,Subject row aggregates technical/nuisance repeats before inferential testing; within-subject CI is descriptive and not used as n for p-values.,EOG,3,CSP+LDA base8,-3.55348837209302,runs/hierarchical_downstream_stats_20260815_000000/hierarchical_subject_deltas.csv
hierarchical_downstream_stats_20260815_000000,csp_lda,eog,8,A07,9,subject,5,1 2 3 4 5,5,42 43 44 45 46,0,,25,0.5740072202166066,0.4496750902527076,-0.1243321299638989,-0.1155234657039711,0.0465839213937336,-0.1423826714801444,-0.1062815884476534,0.0111901711284097,0.0470434652217013,,Subject row aggregates technical/nuisance repeats before inferential testing; within-subject CI is descriptive and not used as n for p-values.,EOG,3,CSP+LDA base8,-12.43321299638989,runs/hierarchical_downstream_stats_20260815_000000/hierarchical_subject_deltas.csv
hierarchical_downstream_stats_20260815_000000,csp_lda,eog,8,A08,9,subject,5,1 2 3 4 5,5,42 43 44 45 46,0,,25,0.7645756457564575,0.7229520295202952,-0.0416236162361623,-0.047970479704797,0.0215564700167147,-0.0495940959409594,-0.033210332103321,0.0153533917330725,0.0154153472174593,,Subject row aggregates technical/nuisance repeats before inferential testing; within-subject CI is descriptive and not used as n for p-values.,EOG,3,CSP+LDA base8,-4.16236162361623,runs/hierarchical_downstream_stats_20260815_000000/hierarchical_subject_deltas.csv
hierarchical_downstream_stats_20260815_000000,csp_lda,eog,8,A09,9,subject,5,1 2 3 4 5,5,42 43 44 45 46,0,,25,0.7363636363636363,0.7203030303030303,-0.016060606060606,0.0037878787878787,0.0456288744575943,-0.0342424242424242,0.0007613636363635,0.0390331673614884,0.0177376297121494,,Subject row aggregates technical/nuisance repeats before inferential testing; within-subject CI is descriptive and not used as n for p-values.,EOG,3,CSP+LDA base8,-1.6060606060606002,runs/hierarchical_downstream_stats_20260815_000000/hierarchical_subject_deltas.csv
hierarchical_downstream_stats_20260815_000000,csp_lda,emg,8,A01,9,subject,5,1 2 3 4 5,5,42 43 44 45 46,0,,25,0.8099644128113879,0.6219217081850534,-0.1880427046263345,-0.188612099644128,0.0309335721961481,-0.2,-0.1763701067615658,0.0162801178140877,0.0171587828672502,,Subject row aggregates technical/nuisance repeats before inferential testing; within-subject CI is descriptive and not used as n for p-values.,EMG,3,CSP+LDA base8,-18.80427046263345,runs/hierarchical_downstream_stats_20260815_000000/hierarchical_subject_deltas.csv
hierarchical_downstream_stats_20260815_000000,csp_lda,emg,8,A02,9,subject,5,1 2 3 4 5,5,42 43 44 45 46,0,,25,0.545583038869258,0.328339222614841,-0.2172438162544169,-0.2190812720848057,0.0377849619120288,-0.2315229681978798,-0.2029681978798586,0.0314412187718666,0.0204251286582903,,Subject row aggregates technical/nuisance repeats before inferential testing; within-subject CI is descriptive and not used as n for p-values.,EMG,3,CSP+LDA base8,-21.72438162544169,runs/hierarchical_downstream_stats_20260815_000000/hierarchical_subject_deltas.csv
hierarchical_downstream_stats_20260815_000000,csp_lda,emg,8,A03,9,subject,5,1 2 3 4 5,5,42 43 44 45 46,0,,25,0.7465201465201465,0.6275457875457875,-0.118974358974359,-0.1208791208791209,0.0561738859542204,-0.1406593406593407,-0.098021978021978,0.0224706690258529,0.0489873846037252,,Subject row aggregates technical/nuisance repeats before inferential testing; within-subject CI is descriptive and not used as n for p-values.,EMG,3,CSP+LDA base8,-11.8974358974359,runs/hierarchical_downstream_stats_20260815_000000/hierarchical_subject_deltas.csv
hierarchical_downstream_stats_20260815_000000,csp_lda,emg,8,A04,9,subject,5,1 2 3 4 5,5,42 43 44 45 46,0,,25,0.5956140350877193,0.429298245614035,-0.1663157894736842,-0.1622807017543859,0.0501664409386413,-0.1852675438596491,-0.1464912280701754,0.0381684800804645,0.0295367954216368,,Subject row aggregates technical/nuisance repeats before inferential testing; within-subject CI is descriptive and not used as n for p-values.,EMG,3,CSP+LDA base8,-16.631578947368418,runs/hierarchical_downstream_stats_20260815_000000/hierarchical_subject_deltas.csv
hierarchical_downstream_stats_20260815_000000,csp_lda,emg,8,A05,9,subject,5,1 2 3 4 5,5,42 43 44 45 46,0,,25,0.294927536231884,0.2898550724637681,-0.0050724637681159,-0.0036231884057971,0.0247731781361908,-0.0143478260869565,0.0046376811594202,0.0199242421519819,0.008785764965929,,Subject row aggregates technical/nuisance repeats before inferential testing; within-subject CI is descriptive and not used as n for p-values.,EMG,3,CSP+LDA base8,-0.50724637681159,runs/hierarchical_downstream_stats_20260815_000000/hierarchical_subject_deltas.csv
hierarchical_downstream_stats_20260815_000000,csp_lda,emg,8,A06,9,subject,5,1 2 3 4 5,5,42 43 44 45 46,0,,25,0.4641860465116279,0.3711627906976744,-0.0930232558139534,-0.1023255813953488,0.0410120746245311,-0.1084697674418604,-0.0772093023255814,0.0238074118922227,0.0302218227809175,,Subject row aggregates technical/nuisance repeats before inferential testing; within-subject CI is descriptive and not used as n for p-values.,EMG,3,CSP+LDA base8,-9.30232558139534,runs/hierarchical_downstream_stats_20260815_000000/hierarchical_subject_deltas.csv
hierarchical_downstream_stats_20260815_000000,csp_lda,emg,8,A07,9,subject,5,1 2 3 4 5,5,42 43 44 45 46,0,,25,0.5747292418772563,0.5044043321299639,-0.0703249097472924,-0.0685920577617328,0.0421022834955681,-0.0869314079422382,-0.0544404332129963,0.0186303975370994,0.022502300548079,,Subject row aggregates technical/nuisance repeats before inferential testing; within-subject CI is descriptive and not used as n for p-values.,EMG,3,CSP+LDA base8,-7.03249097472924,runs/hierarchical_downstream_stats_20260815_000000/hierarchical_subject_deltas.csv
hierarchical_downstream_stats_20260815_000000,csp_lda,emg,8,A08,9,subject,5,1 2 3 4 5,5,42 43 44 45 46,0,,25,0.7859778597785978,0.6959409594095941,-0.0900369003690037,-0.081180811808118,0.0419919065562399,-0.1067158671586716,-0.0742435424354243,0.0276580512198427,0.0314758200917138,,Subject row aggregates technical/nuisance repeats before inferential testing; within-subject CI is descriptive and not used as n for p-values.,EMG,3,CSP+LDA base8,-9.003690036900371,runs/hierarchical_downstream_stats_20260815_000000/hierarchical_subject_deltas.csv
hierarchical_downstream_stats_20260815_000000,csp_lda,emg,8,A09,9,subject,5,1 2 3 4 5,5,42 43 44 45 46,0,,25,0.7128787878787879,0.6701515151515152,-0.0427272727272727,-0.0113636363636363,0.0736571187028002,-0.0721212121212121,-0.0146931818181818,0.0600079387157003,0.0330983452628197,,Subject row aggregates technical/nuisance repeats before inferential testing; within-subject CI is descriptive and not used as n for p-values.,EMG,3,CSP+LDA base8,-4.27272727272727,runs/hierarchical_downstream_stats_20260815_000000/hierarchical_subject_deltas.csv
hierarchical_downstream_stats_20260815_000000,csp_lda,eog_emg_line,8,A01,9,subject,5,1 2 3 4 5,5,42 43 44 45 46,0,,25,0.8092526690391459,0.6243416370106761,-0.1849110320284697,-0.1886120996441281,0.0369901393884306,-0.1988612099644128,-0.1703914590747331,0.0315158663564186,0.0174369961356485,,Subject row aggregates technical/nuisance repeats before inferential testing; within-subject CI is descriptive and not used as n for p-values.,EOG+EMG+LINE,3,CSP+LDA base8,-18.491103202846972,runs/hierarchical_downstream_stats_20260815_000000/hierarchical_subject_deltas.csv
hierarchical_downstream_stats_20260815_000000,csp_lda,eog_emg_line,8,A02,9,subject,5,1 2 3 4 5,5,42 43 44 45 46,0,,25,0.5392226148409894,0.3096819787985865,-0.2295406360424028,-0.2261484098939929,0.0356067343142349,-0.2428268551236749,-0.2159717314487632,0.0293154212703699,0.017832448771692,,Subject row aggregates technical/nuisance repeats before inferential testing; within-subject CI is descriptive and not used as n for p-values.,EOG+EMG+LINE,3,CSP+LDA base8,-22.95406360424028,runs/hierarchical_downstream_stats_20260815_000000/hierarchical_subject_deltas.csv
hierarchical_downstream_stats_20260815_000000,csp_lda,eog_emg_line,8,A03,9,subject,5,1 2 3 4 5,5,42 43 44 45 46,0,,25,0.7494505494505495,0.6298901098901099,-0.1195604395604395,-0.1245421245421245,0.0391513237095601,-0.1346520146520146,-0.1044688644688644,0.0205023521168783,0.0278455746595986,,Subject row aggregates technical/nuisance repeats before inferential testing; within-subject CI is descriptive and not used as n for p-values.,EOG+EMG+LINE,3,CSP+LDA base8,-11.95604395604395,runs/hierarchical_downstream_stats_20260815_000000/hierarchical_subject_deltas.csv
hierarchical_downstream_stats_20260815_000000,csp_lda,eog_emg_line,8,A04,9,subject,5,1 2 3 4 5,5,42 43 44 45 46,0,,25,0.6052631578947368,0.405438596491228,-0.1998245614035087,-0.1885964912280702,0.0462450727191028,-0.2180701754385964,-0.1826315789473684,0.0405192900418686,0.0158308424925136,,Subject row aggregates technical/nuisance repeats before inferential testing; within-subject CI is descriptive and not used as n for p-values.,EOG+EMG+LINE,3,CSP+LDA base8,-19.98245614035087,runs/hierarchical_downstream_stats_20260815_000000/hierarchical_subject_deltas.csv
hierarchical_downstream_stats_20260815_000000,csp_lda,eog_emg_line,8,A05,9,subject,5,1 2 3 4 5,5,42 43 44 45 46,0,,25,0.2739130434782609,0.2915942028985507,0.0176811594202898,0.0217391304347826,0.0295336160087139,0.0063768115942028,0.0288405797101449,0.0242434356350861,0.0069618035504205,,Subject row aggregates technical/nuisance repeats before inferential testing; within-subject CI is descriptive and not used as n for p-values.,EOG+EMG+LINE,3,CSP+LDA base8,1.76811594202898,runs/hierarchical_downstream_stats_20260815_000000/hierarchical_subject_deltas.csv
hierarchical_downstream_stats_20260815_000000,csp_lda,eog_emg_line,8,A06,9,subject,5,1 2 3 4 5,5,42 43 44 45 46,0,,25,0.4613953488372093,0.4093023255813953,-0.0520930232558139,-0.0465116279069767,0.0289843706912246,-0.0632558139534884,-0.0411162790697674,0.010606283024178,0.019256038646032,,Subject row aggregates technical/nuisance repeats before inferential testing; within-subject CI is descriptive and not used as n for p-values.,EOG+EMG+LINE,3,CSP+LDA base8,-5.20930232558139,runs/hierarchical_downstream_stats_20260815_000000/hierarchical_subject_deltas.csv
hierarchical_downstream_stats_20260815_000000,csp_lda,eog_emg_line,8,A07,9,subject,5,1 2 3 4 5,5,42 43 44 45 46,0,,25,0.5610108303249097,0.4869314079422382,-0.0740794223826714,-0.07942238267148,0.0624604381124717,-0.0983393501805054,-0.0509747292418772,0.0583154864156745,0.0250355219493714,,Subject row aggregates technical/nuisance repeats before inferential testing; within-subject CI is descriptive and not used as n for p-values.,EOG+EMG+LINE,3,CSP+LDA base8,-7.40794223826714,runs/hierarchical_downstream_stats_20260815_000000/hierarchical_subject_deltas.csv
hierarchical_downstream_stats_20260815_000000,csp_lda,eog_emg_line,8,A08,9,subject,5,1 2 3 4 5,5,42 43 44 45 46,0,,25,0.7800738007380074,0.6944649446494465,-0.0856088560885608,-0.0922509225092251,0.0384809107280705,-0.0999261992619926,-0.0704059040590405,0.0267979005983251,0.030925943674918,,Subject row aggregates technical/nuisance repeats before inferential testing; within-subject CI is descriptive and not used as n for p-values.,EOG+EMG+LINE,3,CSP+LDA base8,-8.56088560885608,runs/hierarchical_downstream_stats_20260815_000000/hierarchical_subject_deltas.csv
hierarchical_downstream_stats_20260815_000000,csp_lda,eog_emg_line,8,A09,9,subject,5,1 2 3 4 5,5,42 43 44 45 46,0,,25,0.6840909090909091,0.688939393939394,0.0048484848484848,0.0,0.0522640345575602,-0.0148484848484848,0.0247007575757575,0.0314672202524027,0.0085307201577328,,Subject row aggregates technical/nuisance repeats before inferential testing; within-subject CI is descriptive and not used as n for p-values.,EOG+EMG+LINE,3,CSP+LDA base8,0.48484848484848,runs/hierarchical_downstream_stats_20260815_000000/hierarchical_subject_deltas.csv
hierarchical_downstream_stats_20260815_000000,csp_lda,eog,16,A01,9,subject,5,1 2 3 4 5,5,42 43 44 45 46,0,,25,0.7864768683274022,0.7036298932384342,-0.0828469750889679,-0.0782918149466191,0.0313544472487698,-0.0950889679715302,-0.0710320284697508,0.022779136766354,0.024555675893289,,Subject row aggregates technical/nuisance repeats before inferential testing; within-subject CI is descriptive and not used as n for p-values.,EOG,4,CSP+LDA base16,-8.284697508896791,runs/hierarchical_downstream_stats_20260815_000000/hierarchical_subject_deltas.csv
hierarchical_downstream_stats_20260815_000000,csp_lda,eog,16,A02,9,subject,5,1 2 3 4 5,5,42 43 44 45 46,0,,25,0.5151943462897527,0.3725795053003533,-0.1426148409893992,-0.1413427561837456,0.0332556207658042,-0.1553356890459364,-0.1294699646643109,0.0181379162335178,0.0247924622389637,,Subject row aggregates technical/nuisance repeats before inferential testing; within-subject CI is descriptive and not used as n for p-values.,EOG,4,CSP+LDA base16,-14.261484098939919,runs/hierarchical_downstream_stats_20260815_000000/hierarchical_subject_deltas.csv
hierarchical_downstream_stats_20260815_000000,csp_lda,eog,16,A03,9,subject,5,1 2 3 4 5,5,42 43 44 45 46,0,,25,0.7472527472527473,0.696996336996337,-0.0502564102564102,-0.0512820512820513,0.0249452073456228,-0.0596336996336996,-0.0404395604395604,0.0121111996792294,0.0188037359439186,,Subject row aggregates technical/nuisance repeats before inferential testing; within-subject CI is descriptive and not used as n for p-values.,EOG,4,CSP+LDA base16,-5.02564102564102,runs/hierarchical_downstream_stats_20260815_000000/hierarchical_subject_deltas.csv
hierarchical_downstream_stats_20260815_000000,csp_lda,eog,16,A04,9,subject,5,1 2 3 4 5,5,42 43 44 45 46,0,,25,0.6078947368421053,0.5564912280701755,-0.0514035087719298,-0.057017543859649,0.0397875758904656,-0.0666666666666666,-0.0363157894736842,0.0221097878967026,0.023770149476933,,Subject row aggregates technical/nuisance repeats before inferential testing; within-subject CI is descriptive and not used as n for p-values.,EOG,4,CSP+LDA base16,-5.14035087719298,runs/hierarchical_downstream_stats_20260815_000000/hierarchical_subject_deltas.csv
hierarchical_downstream_stats_20260815_000000,csp_lda,eog,16,A05,9,subject,5,1 2 3 4 5,5,42 43 44 45 46,0,,25,0.2666666666666666,0.28,0.0133333333333333,0.0181159420289854,0.0286384720401656,0.0018840579710144,0.0240579710144927,0.0199676802500532,0.0191693718810888,,Subject row aggregates technical/nuisance repeats before inferential testing; within-subject CI is descriptive and not used as n for p-values.,EOG,4,CSP+LDA base16,1.33333333333333,runs/hierarchical_downstream_stats_20260815_000000/hierarchical_subject_deltas.csv
hierarchical_downstream_stats_20260815_000000,csp_lda,eog,16,A06,9,subject,5,1 2 3 4 5,5,42 43 44 45 46,0,,25,0.4781395348837209,0.4483720930232558,-0.0297674418604651,-0.0372093023255813,0.0302027282771754,-0.0414883720930232,-0.0182325581395348,0.0184411419549758,0.010462531980653,,Subject row aggregates technical/nuisance repeats before inferential testing; within-subject CI is descriptive and not used as n for p-values.,EOG,4,CSP+LDA base16,-2.9767441860465103,runs/hierarchical_downstream_stats_20260815_000000/hierarchical_subject_deltas.csv
hierarchical_downstream_stats_20260815_000000,csp_lda,eog,16,A07,9,subject,5,1 2 3 4 5,5,42 43 44 45 46,0,,25,0.5740072202166066,0.4613718411552346,-0.1126353790613718,-0.0938628158844765,0.0463843895841348,-0.1311227436823104,-0.0954512635379061,0.0114047429595171,0.045881053762649,,Subject row aggregates technical/nuisance repeats before inferential testing; within-subject CI is descriptive and not used as n for p-values.,EOG,4,CSP+LDA base16,-11.26353790613718,runs/hierarchical_downstream_stats_20260815_000000/hierarchical_subject_deltas.csv
hierarchical_downstream_stats_20260815_000000,csp_lda,eog,16,A08,9,subject,5,1 2 3 4 5,5,42 43 44 45 46,0,,25,0.7645756457564575,0.7310701107011071,-0.0335055350553505,-0.0369003690036899,0.0204044916090531,-0.0417712177121771,-0.0259778597785978,0.013523871970851,0.0162830587400993,,Subject row aggregates technical/nuisance repeats before inferential testing; within-subject CI is descriptive and not used as n for p-values.,EOG,4,CSP+LDA base16,-3.35055350553505,runs/hierarchical_downstream_stats_20260815_000000/hierarchical_subject_deltas.csv
hierarchical_downstream_stats_20260815_000000,csp_lda,eog,16,A09,9,subject,5,1 2 3 4 5,5,42 43 44 45 46,0,,25,0.7363636363636363,0.7087878787878787,-0.0275757575757575,-0.0037878787878787,0.0516657965210058,-0.048030303030303,-0.0083333333333333,0.0486609019567764,0.0160223243018314,,Subject row aggregates technical/nuisance repeats before inferential testing; within-subject CI is descriptive and not used as n for p-values.,EOG,4,CSP+LDA base16,-2.75757575757575,runs/hierarchical_downstream_stats_20260815_000000/hierarchical_subject_deltas.csv
hierarchical_downstream_stats_20260815_000000,csp_lda,emg,16,A01,9,subject,5,1 2 3 4 5,5,42 43 44 45 46,0,,25,0.8099644128113879,0.6068327402135232,-0.2031316725978647,-0.2064056939501779,0.0347456854457113,-0.2158007117437722,-0.1896085409252669,0.0219927673930808,0.0215448025869149,,Subject row aggregates technical/nuisance repeats before inferential testing; within-subject CI is descriptive and not used as n for p-values.,EMG,4,CSP+LDA base16,-20.313167259786468,runs/hierarchical_downstream_stats_20260815_000000/hierarchical_subject_deltas.csv
hierarchical_downstream_stats_20260815_000000,csp_lda,emg,16,A02,9,subject,5,1 2 3 4 5,5,42 43 44 45 46,0,,25,0.545583038869258,0.3337102473498233,-0.2118727915194346,-0.2084805653710247,0.0332023881908815,-0.2251590106007067,-0.1998586572438162,0.028208416604293,0.0160254264872363,,Subject row aggregates technical/nuisance repeats before inferential testing; within-subject CI is descriptive and not used as n for p-values.,EMG,4,CSP+LDA base16,-21.18727915194346,runs/hierarchical_downstream_stats_20260815_000000/hierarchical_subject_deltas.csv
hierarchical_downstream_stats_20260815_000000,csp_lda,emg,16,A03,9,subject,5,1 2 3 4 5,5,42 43 44 45 46,0,,25,0.7465201465201465,0.6736996336996337,-0.0728205128205128,-0.0622710622710622,0.0456324601898775,-0.0917252747252747,-0.0565567765567765,0.0134547464862116,0.0350218399071966,,Subject row aggregates technical/nuisance repeats before inferential testing; within-subject CI is descriptive and not used as n for p-values.,EMG,4,CSP+LDA base16,-7.28205128205128,runs/hierarchical_downstream_stats_20260815_000000/hierarchical_subject_deltas.csv
hierarchical_downstream_stats_20260815_000000,csp_lda,emg,16,A04,9,subject,5,1 2 3 4 5,5,42 43 44 45 46,0,,25,0.5956140350877193,0.4235087719298245,-0.1721052631578947,-0.1710526315789473,0.0556556884617486,-0.1940350877192982,-0.1514035087719298,0.0511163465676743,0.0141769149830434,,Subject row aggregates technical/nuisance repeats before inferential testing; within-subject CI is descriptive and not used as n for p-values.,EMG,4,CSP+LDA base16,-17.21052631578947,runs/hierarchical_downstream_stats_20260815_000000/hierarchical_subject_deltas.csv
hierarchical_downstream_stats_20260815_000000,csp_lda,emg,16,A05,9,subject,5,1 2 3 4 5,5,42 43 44 45 46,0,,25,0.294927536231884,0.2884057971014492,-0.0065217391304347,-0.0072463768115941,0.0234343090723819,-0.0157971014492753,0.0023224637681159,0.0165797988241268,0.0081501607820304,,Subject row aggregates technical/nuisance repeats before inferential testing; within-subject CI is descriptive and not used as n for p-values.,EMG,4,CSP+LDA base16,-0.6521739130434699,runs/hierarchical_downstream_stats_20260815_000000/hierarchical_subject_deltas.csv
hierarchical_downstream_stats_20260815_000000,csp_lda,emg,16,A06,9,subject,5,1 2 3 4 5,5,42 43 44 45 46,0,,25,0.4641860465116279,0.3836279069767442,-0.0805581395348837,-0.0837209302325581,0.0350569342999279,-0.093953488372093,-0.0669720930232558,0.0249659584351191,0.0170336732643993,,Subject row aggregates technical/nuisance repeats before inferential testing; within-subject CI is descriptive and not used as n for p-values.,EMG,4,CSP+LDA base16,-8.05581395348837,runs/hierarchical_downstream_stats_20260815_000000/hierarchical_subject_deltas.csv
hierarchical_downstream_stats_20260815_000000,csp_lda,emg,16,A07,9,subject,5,1 2 3 4 5,5,42 43 44 45 46,0,,25,0.5747292418772563,0.516101083032491,-0.0586281588447653,-0.0613718411552346,0.0384788549293077,-0.0735054151624549,-0.0440433212996389,0.0212070434223321,0.0224837591498966,,Subject row aggregates technical/nuisance repeats before inferential testing; within-subject CI is descriptive and not used as n for p-values.,EMG,4,CSP+LDA base16,-5.86281588447653,runs/hierarchical_downstream_stats_20260815_000000/hierarchical_subject_deltas.csv
hierarchical_downstream_stats_20260815_000000,csp_lda,emg,16,A08,9,subject,5,1 2 3 4 5,5,42 43 44 45 46,0,,25,0.7859778597785978,0.691070110701107,-0.0949077490774907,-0.099630996309963,0.036147297110726,-0.1090774907749077,-0.0814760147601476,0.0233704926508603,0.0263035189781334,,Subject row aggregates technical/nuisance repeats before inferential testing; within-subject CI is descriptive and not used as n for p-values.,EMG,4,CSP+LDA base16,-9.490774907749069,runs/hierarchical_downstream_stats_20260815_000000/hierarchical_subject_deltas.csv
hierarchical_downstream_stats_20260815_000000,csp_lda,emg,16,A09,9,subject,5,1 2 3 4 5,5,42 43 44 45 46,0,,25,0.7128787878787879,0.6978787878787879,-0.015,-0.0151515151515151,0.0678344123526899,-0.0427272727272727,0.0089393939393939,0.0496584985980439,0.0290824245834327,,Subject row aggregates technical/nuisance repeats before inferential testing; within-subject CI is descriptive and not used as n for p-values.,EMG,4,CSP+LDA base16,-1.5,runs/hierarchical_downstream_stats_20260815_000000/hierarchical_subject_deltas.csv
hierarchical_downstream_stats_20260815_000000,csp_lda,eog_emg_line,16,A01,9,subject,5,1 2 3 4 5,5,42 43 44 45 46,0,,25,0.8092526690391459,0.6176512455516014,-0.1916014234875445,-0.2028469750889679,0.0331566175606324,-0.2041281138790036,-0.1787900355871886,0.0221293947060088,0.0202403210665478,,Subject row aggregates technical/nuisance repeats before inferential testing; within-subject CI is descriptive and not used as n for p-values.,EOG+EMG+LINE,4,CSP+LDA base16,-19.160142348754448,runs/hierarchical_downstream_stats_20260815_000000/hierarchical_subject_deltas.csv
hierarchical_downstream_stats_20260815_000000,csp_lda,eog_emg_line,16,A02,9,subject,5,1 2 3 4 5,5,42 43 44 45 46,0,,25,0.5392226148409894,0.32,-0.2192226148409894,-0.2120141342756183,0.0320705852060298,-0.2318021201413427,-0.207208480565371,0.0241598972068536,0.0165844509566926,,Subject row aggregates technical/nuisance repeats before inferential testing; within-subject CI is descriptive and not used as n for p-values.,EOG+EMG+LINE,4,CSP+LDA base16,-21.92226148409894,runs/hierarchical_downstream_stats_20260815_000000/hierarchical_subject_deltas.csv
hierarchical_downstream_stats_20260815_000000,csp_lda,eog_emg_line,16,A03,9,subject,5,1 2 3 4 5,5,42 43 44 45 46,0,,25,0.7494505494505495,0.6531868131868132,-0.0962637362637362,-0.0952380952380952,0.0551027448214872,-0.1167765567765567,-0.0751648351648351,0.0413014018372001,0.0304739010129054,,Subject row aggregates technical/nuisance repeats before inferential testing; within-subject CI is descriptive and not used as n for p-values.,EOG+EMG+LINE,4,CSP+LDA base16,-9.62637362637362,runs/hierarchical_downstream_stats_20260815_000000/hierarchical_subject_deltas.csv
hierarchical_downstream_stats_20260815_000000,csp_lda,eog_emg_line,16,A04,9,subject,5,1 2 3 4 5,5,42 43 44 45 46,0,,25,0.6052631578947368,0.4110526315789474,-0.1942105263157894,-0.2017543859649123,0.0335824791753274,-0.2064912280701754,-0.1808771929824561,0.0269842013443318,0.0108609102801973,,Subject row aggregates technical/nuisance repeats before inferential testing; within-subject CI is descriptive and not used as n for p-values.,EOG+EMG+LINE,4,CSP+LDA base16,-19.421052631578938,runs/hierarchical_downstream_stats_20260815_000000/hierarchical_subject_deltas.csv
hierarchical_downstream_stats_20260815_000000,csp_lda,eog_emg_line,16,A05,9,subject,5,1 2 3 4 5,5,42 43 44 45 46,0,,25,0.2739130434782609,0.2853623188405797,0.0114492753623188,0.0144927536231884,0.0349514070412378,-0.002177536231884,0.0243478260869565,0.0282348449478504,0.0105558595563073,,Subject row aggregates technical/nuisance repeats before inferential testing; within-subject CI is descriptive and not used as n for p-values.,EOG+EMG+LINE,4,CSP+LDA base16,1.14492753623188,runs/hierarchical_downstream_stats_20260815_000000/hierarchical_subject_deltas.csv
hierarchical_downstream_stats_20260815_000000,csp_lda,eog_emg_line,16,A06,9,subject,5,1 2 3 4 5,5,42 43 44 45 46,0,,25,0.4613953488372093,0.4148837209302325,-0.0465116279069767,-0.0418604651162791,0.0321121165538108,-0.0593488372093023,-0.0347906976744186,0.0222867880013226,0.0145901275733563,,Subject row aggregates technical/nuisance repeats before inferential testing; within-subject CI is descriptive and not used as n for p-values.,EOG+EMG+LINE,4,CSP+LDA base16,-4.65116279069767,runs/hierarchical_downstream_stats_20260815_000000/hierarchical_subject_deltas.csv
hierarchical_downstream_stats_20260815_000000,csp_lda,eog_emg_line,16,A07,9,subject,5,1 2 3 4 5,5,42 43 44 45 46,0,,25,0.5610108303249097,0.4781227436823104,-0.0828880866425992,-0.0794223826714801,0.0762940966552831,-0.111624548736462,-0.0528519855595667,0.0749606629626653,0.0265356467152973,,Subject row aggregates technical/nuisance repeats before inferential testing; within-subject CI is descriptive and not used as n for p-values.,EOG+EMG+LINE,4,CSP+LDA base16,-8.28880866425992,runs/hierarchical_downstream_stats_20260815_000000/hierarchical_subject_deltas.csv
hierarchical_downstream_stats_20260815_000000,csp_lda,eog_emg_line,16,A08,9,subject,5,1 2 3 4 5,5,42 43 44 45 46,0,,25,0.7800738007380074,0.694760147601476,-0.0853136531365313,-0.081180811808118,0.0370127440178028,-0.0999261992619926,-0.0714391143911439,0.0234170567389689,0.0296886344147407,,Subject row aggregates technical/nuisance repeats before inferential testing; within-subject CI is descriptive and not used as n for p-values.,EOG+EMG+LINE,4,CSP+LDA base16,-8.531365313653131,runs/hierarchical_downstream_stats_20260815_000000/hierarchical_subject_deltas.csv
hierarchical_downstream_stats_20260815_000000,csp_lda,eog_emg_line,16,A09,9,subject,5,1 2 3 4 5,5,42 43 44 45 46,0,,25,0.6840909090909091,0.6968181818181818,0.0127272727272727,0.0151515151515151,0.0572675830087753,-0.0089393939393939,0.0346969696969697,0.0352187184139594,0.0220440226547373,,Subject row aggregates technical/nuisance repeats before inferential testing; within-subject CI is descriptive and not used as n for p-values.,EOG+EMG+LINE,4,CSP+LDA base16,1.27272727272727,runs/hierarchical_downstream_stats_20260815_000000/hierarchical_subject_deltas.csv
hierarchical_downstream_stats_20260815_000000,shallowfbcsp,eog,6,A01,9,subject,3,1 2 3,3,42 43 44,3,501 502 503,27,0.5935152234084619,0.5678133649663899,-0.0257018584420719,-0.0249110320284697,0.0341673128242618,-0.0387504942665085,-0.0131804402267036,0.0206827945126485,0.0099326664192016,0.021790819665409,Subject row aggregates technical/nuisance repeats before inferential testing; within-subject CI is descriptive and not used as n for p-values.,EOG,5,ShallowFBCSPNet base6,-2.57018584420719,runs/hierarchical_downstream_stats_20260815_000000/hierarchical_subject_deltas.csv
hierarchical_downstream_stats_20260815_000000,shallowfbcsp,eog,6,A02,9,subject,3,1 2 3,3,42 43 44,3,501 502 503,27,0.3643502159403219,0.2760109933254809,-0.0883392226148409,-0.0954063604240282,0.0331333237084697,-0.0995942939405837,-0.0753828032979976,0.0209490719622365,0.0086821140115806,0.0163633026966428,Subject row aggregates technical/nuisance repeats before inferential testing; within-subject CI is descriptive and not used as n for p-values.,EOG,5,ShallowFBCSPNet base6,-8.833922261484089,runs/hierarchical_downstream_stats_20260815_000000/hierarchical_subject_deltas.csv
hierarchical_downstream_stats_20260815_000000,shallowfbcsp,eog,6,A03,9,subject,3,1 2 3,3,42 43 44,3,501 502 503,27,0.6695156695156695,0.6183692850359517,-0.0511463844797178,-0.0732600732600732,0.0691244760419484,-0.0758377425044091,-0.0248270248270248,0.013383652101629,0.0034614979845809,0.0662252739662341,Subject row aggregates technical/nuisance repeats before inferential testing; within-subject CI is descriptive and not used as n for p-values.,EOG,5,ShallowFBCSPNet base6,-5.11463844797178,runs/hierarchical_downstream_stats_20260815_000000/hierarchical_subject_deltas.csv
hierarchical_downstream_stats_20260815_000000,shallowfbcsp,eog,6,A04,9,subject,3,1 2 3,3,42 43 44,3,501 502 503,27,0.4283625730994152,0.4251137102014295,-0.0032488628979857,-0.0087719298245614,0.0304012815558273,-0.014294996751137,0.0082846003898635,0.0168063900667674,0.0136307126028578,0.0041446883762745,Subject row aggregates technical/nuisance repeats before inferential testing; within-subject CI is descriptive and not used as n for p-values.,EOG,5,ShallowFBCSPNet base6,-0.32488628979857,runs/hierarchical_downstream_stats_20260815_000000/hierarchical_subject_deltas.csv
hierarchical_downstream_stats_20260815_000000,shallowfbcsp,eog,6,A05,9,subject,3,1 2 3,3,42 43 44,3,501 502 503,27,0.2979066022544283,0.2669082125603865,-0.0309983896940418,-0.0289855072463768,0.0207001177669311,-0.0385131508319914,-0.0233494363929146,0.005707506794991,0.0013945658676077,0.0166376637035199,Subject row aggregates technical/nuisance repeats before inferential testing; within-subject CI is descriptive and not used as n for p-values.,EOG,5,ShallowFBCSPNet base6,-3.09983896940418,runs/hierarchical_downstream_stats_20260815_000000/hierarchical_subject_deltas.csv
hierarchical_downstream_stats_20260815_000000,shallowfbcsp,eog,6,A06,9,subject,3,1 2 3,3,42 43 44,3,501 502 503,27,0.3720930232558139,0.3567614125753661,-0.0153316106804478,-0.0186046511627906,0.0309550336984119,-0.0267011197243755,-0.0039621016365202,0.0129954723256105,0.0101050882866924,0.0171894519167513,Subject row aggregates technical/nuisance repeats before inferential testing; within-subject CI is descriptive and not used as n for p-values.,EOG,5,ShallowFBCSPNet base6,-1.53316106804478,runs/hierarchical_downstream_stats_20260815_000000/hierarchical_subject_deltas.csv
hierarchical_downstream_stats_20260815_000000,shallowfbcsp,eog,6,A07,9,subject,3,1 2 3,3,42 43 44,3,501 502 503,27,0.5098275170477337,0.4346837812541784,-0.0751437357935552,-0.0577617328519855,0.0633495244290131,-0.1000133707714934,-0.0530819628292552,0.0405279972355333,0.0162656960237804,0.0409466642439979,Subject row aggregates technical/nuisance repeats before inferential testing; within-subject CI is descriptive and not used as n for p-values.,EOG,5,ShallowFBCSPNet base6,-7.51437357935552,runs/hierarchical_downstream_stats_20260815_000000/hierarchical_subject_deltas.csv
hierarchical_downstream_stats_20260815_000000,shallowfbcsp,eog,6,A08,9,subject,3,1 2 3,3,42 43 44,3,501 502 503,27,0.6301763017630176,0.6389230558972256,0.008746754134208,0.007380073800738,0.030568738877402,-0.0023233565668989,0.019953532868662,0.0181161198156905,0.011305511470621,0.0179389483922146,Subject row aggregates technical/nuisance repeats before inferential testing; within-subject CI is descriptive and not used as n for p-values.,EOG,5,ShallowFBCSPNet base6,0.8746754134207999,runs/hierarchical_downstream_stats_20260815_000000/hierarchical_subject_deltas.csv
hierarchical_downstream_stats_20260815_000000,shallowfbcsp,eog,6,A09,9,subject,3,1 2 3,3,42 43 44,3,501 502 503,27,0.6527777777777778,0.6582491582491582,0.0054713804713804,0.0113636363636363,0.0224422033741978,-0.0028093434343434,0.0134680134680134,0.0136573911949393,0.0052735539083087,0.0124354265174193,Subject row aggregates technical/nuisance repeats before inferential testing; within-subject CI is descriptive and not used as n for p-values.,EOG,5,ShallowFBCSPNet base6,0.5471380471380399,runs/hierarchical_downstream_stats_20260815_000000/hierarchical_subject_deltas.csv
hierarchical_downstream_stats_20260815_000000,shallowfbcsp,emg,6,A01,9,subject,3,1 2 3,3,42 43 44,3,501 502 503,27,0.6330565440885726,0.5293264795044155,-0.1037300645841571,-0.1067615658362989,0.0338719363334789,-0.1162514827995255,-0.0910768419665216,0.0257180754061854,0.0065730632080093,0.0086750930127345,Subject row aggregates technical/nuisance repeats before inferential testing; within-subject CI is descriptive and not used as n for p-values.,EMG,5,ShallowFBCSPNet base6,-10.37300645841571,runs/hierarchical_downstream_stats_20260815_000000/hierarchical_subject_deltas.csv
hierarchical_downstream_stats_20260815_000000,shallowfbcsp,emg,6,A02,9,subject,3,1 2 3,3,42 43 44,3,501 502 503,27,0.4185316058107577,0.280460672686821,-0.1380709331239366,-0.1378091872791519,0.0348143923795593,-0.1511582253631724,-0.1256380054966627,0.030273257817827,0.0127182626496598,0.0096837119401575,Subject row aggregates technical/nuisance repeats before inferential testing; within-subject CI is descriptive and not used as n for p-values.,EMG,5,ShallowFBCSPNet base6,-13.80709331239366,runs/hierarchical_downstream_stats_20260815_000000/hierarchical_subject_deltas.csv
hierarchical_downstream_stats_20260815_000000,shallowfbcsp,emg,6,A03,9,subject,3,1 2 3,3,42 43 44,3,501 502 503,27,0.7244607244607245,0.6729073395740063,-0.0515533848867182,-0.0549450549450549,0.0409148708612174,-0.0667480667480667,-0.0366300366300366,0.0331807274220077,0.0020885638744187,0.009149214652062,Subject row aggregates technical/nuisance repeats before inferential testing; within-subject CI is descriptive and not used as n for p-values.,EMG,5,ShallowFBCSPNet base6,-5.15533848867182,runs/hierarchical_downstream_stats_20260815_000000/hierarchical_subject_deltas.csv
hierarchical_downstream_stats_20260815_000000,shallowfbcsp,emg,6,A04,9,subject,3,1 2 3,3,42 43 44,3,501 502 503,27,0.4736842105263158,0.3968486029889538,-0.0768356075373619,-0.0745614035087719,0.0366021516086546,-0.0901559454191033,-0.0633528265107212,0.0195195565501462,0.0041446883762745,0.0182948774857713,Subject row aggregates technical/nuisance repeats before inferential testing; within-subject CI is descriptive and not used as n for p-values.,EMG,5,ShallowFBCSPNet base6,-7.683560753736191,runs/hierarchical_downstream_stats_20260815_000000/hierarchical_subject_deltas.csv
hierarchical_downstream_stats_20260815_000000,shallowfbcsp,emg,6,A05,9,subject,3,1 2 3,3,42 43 44,3,501 502 503,27,0.2918679549114332,0.2710681696188942,-0.0207997852925389,-0.0181159420289855,0.0287861137989996,-0.0318035426731078,-0.0106011808910359,0.0229515679173629,0.0068595694681331,0.003951269958222,Subject row aggregates technical/nuisance repeats before inferential testing; within-subject CI is descriptive and not used as n for p-values.,EMG,5,ShallowFBCSPNet base6,-2.07997852925389,runs/hierarchical_downstream_stats_20260815_000000/hierarchical_subject_deltas.csv
hierarchical_downstream_stats_20260815_000000,shallowfbcsp,emg,6,A06,9,subject,3,1 2 3,3,42 43 44,3,501 502 503,27,0.3891472868217054,0.3602067183462532,-0.0289405684754521,-0.027906976744186,0.0402871362634556,-0.0435831180017226,-0.013953488372093,0.025491188537754,0.0064547782929182,0.0230017706297342,Subject row aggregates technical/nuisance repeats before inferential testing; within-subject CI is descriptive and not used as n for p-values.,EMG,5,ShallowFBCSPNet base6,-2.89405684754521,runs/hierarchical_downstream_stats_20260815_000000/hierarchical_subject_deltas.csv
hierarchical_downstream_stats_20260815_000000,shallowfbcsp,emg,6,A07,9,subject,3,1 2 3,3,42 43 44,3,501 502 503,27,0.4721219414360209,0.377991710121674,-0.0941302313143468,-0.1010830324909747,0.0266216831056308,-0.1037571867896777,-0.0843695681240807,0.013521678160285,0.0178593670622718,0.0142403424346241,Subject row aggregates technical/nuisance repeats before inferential testing; within-subject CI is descriptive and not used as n for p-values.,EMG,5,ShallowFBCSPNet base6,-9.413023131434679,runs/hierarchical_downstream_stats_20260815_000000/hierarchical_subject_deltas.csv
hierarchical_downstream_stats_20260815_000000,shallowfbcsp,emg,6,A08,9,subject,3,1 2 3,3,42 43 44,3,501 502 503,27,0.6297662976629766,0.6210195435287686,-0.0087467541342079,-0.003690036900369,0.026513571374135,-0.018723520568539,0.000820008200082,0.0183466336225199,0.0052719151351608,0.0076301898877724,Subject row aggregates technical/nuisance repeats before inferential testing; within-subject CI is descriptive and not used as n for p-values.,EMG,5,ShallowFBCSPNet base6,-0.87467541342079,runs/hierarchical_downstream_stats_20260815_000000/hierarchical_subject_deltas.csv
hierarchical_downstream_stats_20260815_000000,shallowfbcsp,emg,6,A09,9,subject,3,1 2 3,3,42 43 44,3,501 502 503,27,0.6304713804713805,0.6214927048260381,-0.0089786756453423,-0.0113636363636363,0.0273984602562442,-0.0186588103254769,0.0018237934904601,0.0140116332459583,0.0037956647751034,0.0118320150478258,Subject row aggregates technical/nuisance repeats before inferential testing; within-subject CI is descriptive and not used as n for p-values.,EMG,5,ShallowFBCSPNet base6,-0.8978675645342301,runs/hierarchical_downstream_stats_20260815_000000/hierarchical_subject_deltas.csv
hierarchical_downstream_stats_20260815_000000,shallowfbcsp,eog_emg_line,6,A01,9,subject,3,1 2 3,3,42 43 44,3,501 502 503,27,0.6366152629497825,0.5409252669039146,-0.0956899960458679,-0.096085409252669,0.0457800072499548,-0.1128245683405825,-0.0785554237511532,0.0489354796501541,0.0053197406275498,0.0027678924476077,Subject row aggregates technical/nuisance repeats before inferential testing; within-subject CI is descriptive and not used as n for p-values.,EOG+EMG+LINE,5,ShallowFBCSPNet base6,-9.568999604586791,runs/hierarchical_downstream_stats_20260815_000000/hierarchical_subject_deltas.csv
hierarchical_downstream_stats_20260815_000000,shallowfbcsp,eog_emg_line,6,A02,9,subject,3,1 2 3,3,42 43 44,3,501 502 503,27,0.4000785237534354,0.2812459102211752,-0.1188326135322601,-0.1201413427561837,0.0410580934082036,-0.1340138725297736,-0.1039131003795314,0.028000995009979,0.0077965559526797,0.0172051857338873,Subject row aggregates technical/nuisance repeats before inferential testing; within-subject CI is descriptive and not used as n for p-values.,EOG+EMG+LINE,5,ShallowFBCSPNet base6,-11.88326135322601,runs/hierarchical_downstream_stats_20260815_000000/hierarchical_subject_deltas.csv
hierarchical_downstream_stats_20260815_000000,shallowfbcsp,eog_emg_line,6,A03,9,subject,3,1 2 3,3,42 43 44,3,501 502 503,27,0.706959706959707,0.6685660018993352,-0.0383937050603717,-0.0476190476190476,0.0344425799696546,-0.0510107176773843,-0.0255053588386921,0.0142991779926718,0.0118822744754565,0.0210003270536523,Subject row aggregates technical/nuisance repeats before inferential testing; within-subject CI is descriptive and not used as n for p-values.,EOG+EMG+LINE,5,ShallowFBCSPNet base6,-3.83937050603717,runs/hierarchical_downstream_stats_20260815_000000/hierarchical_subject_deltas.csv
hierarchical_downstream_stats_20260815_000000,shallowfbcsp,eog_emg_line,6,A04,9,subject,3,1 2 3,3,42 43 44,3,501 502 503,27,0.476120857699805,0.4010721247563353,-0.0750487329434697,-0.0701754385964912,0.0426855906313174,-0.0904808317089019,-0.0586419753086419,0.0351722233445733,0.0021242197580607,0.0105425475890759,Subject row aggregates technical/nuisance repeats before inferential testing; within-subject CI is descriptive and not used as n for p-values.,EOG+EMG+LINE,5,ShallowFBCSPNet base6,-7.50487329434697,runs/hierarchical_downstream_stats_20260815_000000/hierarchical_subject_deltas.csv
hierarchical_downstream_stats_20260815_000000,shallowfbcsp,eog_emg_line,6,A05,9,subject,3,1 2 3,3,42 43 44,3,501 502 503,27,0.2797906602254428,0.2681159420289855,-0.0116747181964573,-0.0144927536231884,0.032489770337264,-0.0234836285560923,0.000402576489533,0.0277719427230389,0.0054161127403678,0.0208758327897973,Subject row aggregates technical/nuisance repeats before inferential testing; within-subject CI is descriptive and not used as n for p-values.,EOG+EMG+LINE,5,ShallowFBCSPNet base6,-1.16747181964573,runs/hierarchical_downstream_stats_20260815_000000/hierarchical_subject_deltas.csv
hierarchical_downstream_stats_20260815_000000,shallowfbcsp,eog_emg_line,6,A06,9,subject,3,1 2 3,3,42 43 44,3,501 502 503,27,0.3664082687338501,0.3527993109388458,-0.0136089577950043,-0.0093023255813953,0.0354439433774878,-0.0268733850129198,-0.0003445305770887,0.0182666200059418,0.0061655573361492,0.020243187173987,Subject row aggregates technical/nuisance repeats before inferential testing; within-subject CI is descriptive and not used as n for p-values.,EOG+EMG+LINE,5,ShallowFBCSPNet base6,-1.36089577950043,runs/hierarchical_downstream_stats_20260815_000000/hierarchical_subject_deltas.csv
hierarchical_downstream_stats_20260815_000000,shallowfbcsp,eog_emg_line,6,A07,9,subject,3,1 2 3,3,42 43 44,3,501 502 503,27,0.5026073004412355,0.3722422783794625,-0.1303650220617729,-0.1335740072202166,0.0337075654096697,-0.142799839550742,-0.1172616659981281,0.0145071330284999,0.0125250661821066,0.0230881130062706,Subject row aggregates technical/nuisance repeats before inferential testing; within-subject CI is descriptive and not used as n for p-values.,EOG+EMG+LINE,5,ShallowFBCSPNet base6,-13.036502206177289,runs/hierarchical_downstream_stats_20260815_000000/hierarchical_subject_deltas.csv
hierarchical_downstream_stats_20260815_000000,shallowfbcsp,eog_emg_line,6,A08,9,subject,3,1 2 3,3,42 43 44,3,501 502 503,27,0.6346863468634686,0.6211562115621156,-0.013530135301353,-0.0147601476014759,0.0247957976517297,-0.022686893535602,-0.004373377067104,0.0040380720794571,0.0062044878845516,0.012887440463716,Subject row aggregates technical/nuisance repeats before inferential testing; within-subject CI is descriptive and not used as n for p-values.,EOG+EMG+LINE,5,ShallowFBCSPNet base6,-1.3530135301353001,runs/hierarchical_downstream_stats_20260815_000000/hierarchical_subject_deltas.csv
hierarchical_downstream_stats_20260815_000000,shallowfbcsp,eog_emg_line,6,A09,9,subject,3,1 2 3,3,42 43 44,3,501 502 503,27,0.6523569023569024,0.6529180695847362,0.0005611672278338,0.0,0.0223774481363184,-0.0075757575757575,0.0091189674523007,0.0043806102682368,0.0086697612544783,0.0069709642249185,Subject row aggregates technical/nuisance repeats before inferential testing; within-subject CI is descriptive and not used as n for p-values.,EOG+EMG+LINE,5,ShallowFBCSPNet base6,0.05611672278338,runs/hierarchical_downstream_stats_20260815_000000/hierarchical_subject_deltas.csv
hierarchical_downstream_stats_20260815_000000,shallowfbcsp,eog,16,A01,9,subject,3,1 2 3,3,42 43 44,3,501 502 503,27,0.5935152234084619,0.5775668907341505,-0.0159483326743113,-0.0142348754448399,0.0233020399748731,-0.0247792276262027,-0.007512850929221,0.0097205188177104,0.0030200182515854,0.0213242252370679,Subject row aggregates technical/nuisance repeats before inferential testing; within-subject CI is descriptive and not used as n for p-values.,EOG,6,ShallowFBCSPNet base16,-1.59483326743113,runs/hierarchical_downstream_stats_20260815_000000/hierarchical_subject_deltas.csv
hierarchical_downstream_stats_20260815_000000,shallowfbcsp,eog,16,A02,9,subject,3,1 2 3,3,42 43 44,3,501 502 503,27,0.3643502159403219,0.2948566941499804,-0.0694935217903415,-0.0848056537102473,0.0381459297589979,-0.0823190681847925,-0.0543122627928281,0.0251643821891826,0.0027483313702395,0.0221716653372524,Subject row aggregates technical/nuisance repeats before inferential testing; within-subject CI is descriptive and not used as n for p-values.,EOG,6,ShallowFBCSPNet base16,-6.94935217903415,runs/hierarchical_downstream_stats_20260815_000000/hierarchical_subject_deltas.csv
hierarchical_downstream_stats_20260815_000000,shallowfbcsp,eog,16,A03,9,subject,3,1 2 3,3,42 43 44,3,501 502 503,27,0.6695156695156695,0.6318002984669652,-0.0377153710487043,-0.0659340659340659,0.0720942374129371,-0.0632207298873965,-0.0100393433726767,0.0234028183284961,0.0243055699759171,0.0601209083878227,Subject row aggregates technical/nuisance repeats before inferential testing; within-subject CI is descriptive and not used as n for p-values.,EOG,6,ShallowFBCSPNet base16,-3.77153710487043,runs/hierarchical_downstream_stats_20260815_000000/hierarchical_subject_deltas.csv
hierarchical_downstream_stats_20260815_000000,shallowfbcsp,eog,16,A04,9,subject,3,1 2 3,3,42 43 44,3,501 502 503,27,0.4283625730994152,0.4301494476933073,0.0017868745938921,0.0043859649122807,0.0288956736726712,-0.0089343729694606,0.0121832358674464,0.0196287520621401,0.0068284111621129,0.0166430909864758,Subject row aggregates technical/nuisance repeats before inferential testing; within-subject CI is descriptive and not used as n for p-values.,EOG,6,ShallowFBCSPNet base16,0.17868745938921,runs/hierarchical_downstream_stats_20260815_000000/hierarchical_subject_deltas.csv
hierarchical_downstream_stats_20260815_000000,shallowfbcsp,eog,16,A05,9,subject,3,1 2 3,3,42 43 44,3,501 502 503,27,0.2979066022544283,0.2576489533011272,-0.0402576489533011,-0.036231884057971,0.0148143435639373,-0.0457595276435856,-0.0350241545893719,0.0072575508765378,0.0048309178743961,0.0102083110572511,Subject row aggregates technical/nuisance repeats before inferential testing; within-subject CI is descriptive and not used as n for p-values.,EOG,6,ShallowFBCSPNet base16,-4.02576489533011,runs/hierarchical_downstream_stats_20260815_000000/hierarchical_subject_deltas.csv
hierarchical_downstream_stats_20260815_000000,shallowfbcsp,eog,16,A06,9,subject,3,1 2 3,3,42 43 44,3,501 502 503,27,0.3720930232558139,0.3522825150732127,-0.0198105081826012,-0.0186046511627906,0.024665422432311,-0.0287683031869078,-0.0106804478897502,0.0112316439708548,0.006461670743673,0.0117545027453794,Subject row aggregates technical/nuisance repeats before inferential testing; within-subject CI is descriptive and not used as n for p-values.,EOG,6,ShallowFBCSPNet base16,-1.9810508182601199,runs/hierarchical_downstream_stats_20260815_000000/hierarchical_subject_deltas.csv
hierarchical_downstream_stats_20260815_000000,shallowfbcsp,eog,16,A07,9,subject,3,1 2 3,3,42 43 44,3,501 502 503,27,0.5098275170477337,0.4544725230645808,-0.0553549939831528,-0.0433212996389891,0.0516985815223704,-0.0750133707714935,-0.0371707447519721,0.0131333377807821,0.0061752123218373,0.0460907773819628,Subject row aggregates technical/nuisance repeats before inferential testing; within-subject CI is descriptive and not used as n for p-values.,EOG,6,ShallowFBCSPNet base16,-5.53549939831528,runs/hierarchical_downstream_stats_20260815_000000/hierarchical_subject_deltas.csv
hierarchical_downstream_stats_20260815_000000,shallowfbcsp,eog,16,A08,9,subject,3,1 2 3,3,42 43 44,3,501 502 503,27,0.6301763017630176,0.6279896132294657,-0.002186688533552,-0.007380073800738,0.033261688919315,-0.014076807434741,0.009976766434331,0.013723403366166,0.000853491594697,0.0237531243733379,Subject row aggregates technical/nuisance repeats before inferential testing; within-subject CI is descriptive and not used as n for p-values.,EOG,6,ShallowFBCSPNet base16,-0.21866885335519998,runs/hierarchical_downstream_stats_20260815_000000/hierarchical_subject_deltas.csv
hierarchical_downstream_stats_20260815_000000,shallowfbcsp,eog,16,A09,9,subject,3,1 2 3,3,42 43 44,3,501 502 503,27,0.6527777777777778,0.6520763187429854,-0.0007014590347923,-0.0037878787878787,0.0259053469993688,-0.010381593714927,0.0091189674523007,0.0059718845829946,0.0088317007494596,0.0094704763365531,Subject row aggregates technical/nuisance repeats before inferential testing; within-subject CI is descriptive and not used as n for p-values.,EOG,6,ShallowFBCSPNet base16,-0.07014590347923,runs/hierarchical_downstream_stats_20260815_000000/hierarchical_subject_deltas.csv
hierarchical_downstream_stats_20260815_000000,shallowfbcsp,emg,16,A01,9,subject,3,1 2 3,3,42 43 44,3,501 502 503,27,0.6330565440885726,0.5357848952155002,-0.0972716488730723,-0.096085409252669,0.0402744040577253,-0.1120337419269803,-0.0822459470146302,0.0314372150419944,0.0092985180041952,0.0158313493231851,Subject row aggregates technical/nuisance repeats before inferential testing; within-subject CI is descriptive and not used as n for p-values.,EMG,6,ShallowFBCSPNet base16,-9.72716488730723,runs/hierarchical_downstream_stats_20260815_000000/hierarchical_subject_deltas.csv
hierarchical_downstream_stats_20260815_000000,shallowfbcsp,emg,16,A02,9,subject,3,1 2 3,3,42 43 44,3,501 502 503,27,0.4185316058107577,0.2781049600837587,-0.1404266457269991,-0.1413427561837456,0.0411684119112418,-0.1552185577803952,-0.1245910221175239,0.0335690959277761,0.0045165381302806,0.0074735199765838,Subject row aggregates technical/nuisance repeats before inferential testing; within-subject CI is descriptive and not used as n for p-values.,EMG,6,ShallowFBCSPNet base16,-14.042664572699909,runs/hierarchical_downstream_stats_20260815_000000/hierarchical_subject_deltas.csv
hierarchical_downstream_stats_20260815_000000,shallowfbcsp,emg,16,A03,9,subject,3,1 2 3,3,42 43 44,3,501 502 503,27,0.7244607244607245,0.6582553249219916,-0.0662053995387328,-0.0622710622710622,0.0394507878672043,-0.0814000814000814,-0.052096052096052,0.019117469531511,0.013290500502538,0.013965116518744,Subject row aggregates technical/nuisance repeats before inferential testing; within-subject CI is descriptive and not used as n for p-values.,EMG,6,ShallowFBCSPNet base16,-6.620539953873281,runs/hierarchical_downstream_stats_20260815_000000/hierarchical_subject_deltas.csv
hierarchical_downstream_stats_20260815_000000,shallowfbcsp,emg,16,A04,9,subject,3,1 2 3,3,42 43 44,3,501 502 503,27,0.4736842105263158,0.4038336582196231,-0.0698505523066926,-0.0614035087719298,0.0304580146947645,-0.0813840155945419,-0.0588044184535412,0.0133044803310222,0.0039690681360853,0.0074917820387265,Subject row aggregates technical/nuisance repeats before inferential testing; within-subject CI is descriptive and not used as n for p-values.,EMG,6,ShallowFBCSPNet base16,-6.98505523066926,runs/hierarchical_downstream_stats_20260815_000000/hierarchical_subject_deltas.csv
hierarchical_downstream_stats_20260815_000000,shallowfbcsp,emg,16,A05,9,subject,3,1 2 3,3,42 43 44,3,501 502 503,27,0.2918679549114332,0.2769726247987117,-0.0148953301127214,-0.0072463768115942,0.0393878221704689,-0.0297940150295222,-0.0005367686527106,0.0397695857689688,0.0087090610518453,0.0082208445477705,Subject row aggregates technical/nuisance repeats before inferential testing; within-subject CI is descriptive and not used as n for p-values.,EMG,6,ShallowFBCSPNet base16,-1.4895330112721399,runs/hierarchical_downstream_stats_20260815_000000/hierarchical_subject_deltas.csv
hierarchical_downstream_stats_20260815_000000,shallowfbcsp,emg,16,A06,9,subject,3,1 2 3,3,42 43 44,3,501 502 503,27,0.3891472868217054,0.358656330749354,-0.0304909560723514,-0.027906976744186,0.0367216101777581,-0.0439276485788113,-0.0168819982773471,0.0222222222222222,0.0108527131782945,0.0144055399119032,Subject row aggregates technical/nuisance repeats before inferential testing; within-subject CI is descriptive and not used as n for p-values.,EMG,6,ShallowFBCSPNet base16,-3.04909560723514,runs/hierarchical_downstream_stats_20260815_000000/hierarchical_subject_deltas.csv
hierarchical_downstream_stats_20260815_000000,shallowfbcsp,emg,16,A07,9,subject,3,1 2 3,3,42 43 44,3,501 502 503,27,0.4721219414360209,0.3918973124749298,-0.080224628961091,-0.0866425992779783,0.031998698022023,-0.0918572001604492,-0.0681909346169273,0.0121136533257452,0.0056585382991038,0.0240774146786344,Subject row aggregates technical/nuisance repeats before inferential testing; within-subject CI is descriptive and not used as n for p-values.,EMG,6,ShallowFBCSPNet base16,-8.0224628961091,runs/hierarchical_downstream_stats_20260815_000000/hierarchical_subject_deltas.csv
hierarchical_downstream_stats_20260815_000000,shallowfbcsp,emg,16,A08,9,subject,3,1 2 3,3,42 43 44,3,501 502 503,27,0.6297662976629766,0.6102227688943556,-0.019543528768621,-0.0221402214022139,0.0313413412056993,-0.030476971436381,-0.007653409867432,0.0155927385657215,0.0109581857512101,0.0055058731935174,Subject row aggregates technical/nuisance repeats before inferential testing; within-subject CI is descriptive and not used as n for p-values.,EMG,6,ShallowFBCSPNet base16,-1.9543528768621001,runs/hierarchical_downstream_stats_20260815_000000/hierarchical_subject_deltas.csv
hierarchical_downstream_stats_20260815_000000,shallowfbcsp,emg,16,A09,9,subject,3,1 2 3,3,42 43 44,3,501 502 503,27,0.6304713804713805,0.6177048260381593,-0.012766554433221,-0.0189393939393939,0.0377057256925864,-0.0258136924803591,0.0018237934904601,0.0208336876025609,0.0143982049455083,0.0183471434609782,Subject row aggregates technical/nuisance repeats before inferential testing; within-subject CI is descriptive and not used as n for p-values.,EMG,6,ShallowFBCSPNet base16,-1.2766554433221,runs/hierarchical_downstream_stats_20260815_000000/hierarchical_subject_deltas.csv
hierarchical_downstream_stats_20260815_000000,shallowfbcsp,eog_emg_line,16,A01,9,subject,3,1 2 3,3,42 43 44,3,501 502 503,27,0.6366152629497825,0.5409252669039146,-0.0956899960458679,-0.0782918149466191,0.044000474753071,-0.1129563727428495,-0.0805324897851588,0.0465866570671139,0.0086720886514279,0.0020923300206125,Subject row aggregates technical/nuisance repeats before inferential testing; within-subject CI is descriptive and not used as n for p-values.,EOG+EMG+LINE,6,ShallowFBCSPNet base16,-9.568999604586791,runs/hierarchical_downstream_stats_20260815_000000/hierarchical_subject_deltas.csv
hierarchical_downstream_stats_20260815_000000,shallowfbcsp,eog_emg_line,16,A02,9,subject,3,1 2 3,3,42 43 44,3,501 502 503,27,0.4000785237534354,0.2815076560659599,-0.1185708676874754,-0.1236749116607773,0.0376049452394122,-0.1324433974610653,-0.1045674649914932,0.0253566076049745,0.0123409765571273,0.0197834671179334,Subject row aggregates technical/nuisance repeats before inferential testing; within-subject CI is descriptive and not used as n for p-values.,EOG+EMG+LINE,6,ShallowFBCSPNet base16,-11.857086768747541,runs/hierarchical_downstream_stats_20260815_000000/hierarchical_subject_deltas.csv
hierarchical_downstream_stats_20260815_000000,shallowfbcsp,eog_emg_line,16,A03,9,subject,3,1 2 3,3,42 43 44,3,501 502 503,27,0.706959706959707,0.6449599782933116,-0.0619997286663953,-0.0586080586080586,0.0432449994951441,-0.0781440781440781,-0.0462623795957129,0.0188161589446054,0.0253530002540514,0.0303517898614679,Subject row aggregates technical/nuisance repeats before inferential testing; within-subject CI is descriptive and not used as n for p-values.,EOG+EMG+LINE,6,ShallowFBCSPNet base16,-6.19997286663953,runs/hierarchical_downstream_stats_20260815_000000/hierarchical_subject_deltas.csv
hierarchical_downstream_stats_20260815_000000,shallowfbcsp,eog_emg_line,16,A04,9,subject,3,1 2 3,3,42 43 44,3,501 502 503,27,0.476120857699805,0.3978232618583496,-0.0782975958414554,-0.0833333333333333,0.0367299499357264,-0.0916179337231968,-0.0649772579597141,0.024275333129594,0.0078780738485913,0.0126830547731924,Subject row aggregates technical/nuisance repeats before inferential testing; within-subject CI is descriptive and not used as n for p-values.,EOG+EMG+LINE,6,ShallowFBCSPNet base16,-7.82975958414554,runs/hierarchical_downstream_stats_20260815_000000/hierarchical_subject_deltas.csv
hierarchical_downstream_stats_20260815_000000,shallowfbcsp,eog_emg_line,16,A05,9,subject,3,1 2 3,3,42 43 44,3,501 502 503,27,0.2797906602254428,0.2720075147611379,-0.0077831454643048,-0.0072463768115942,0.0336856667530274,-0.0198604401502952,0.0049651100375738,0.0356282088601209,0.0076524838590355,0.0096730119650778,Subject row aggregates technical/nuisance repeats before inferential testing; within-subject CI is descriptive and not used as n for p-values.,EOG+EMG+LINE,6,ShallowFBCSPNet base16,-0.77831454643048,runs/hierarchical_downstream_stats_20260815_000000/hierarchical_subject_deltas.csv
hierarchical_downstream_stats_20260815_000000,shallowfbcsp,eog_emg_line,16,A06,9,subject,3,1 2 3,3,42 43 44,3,501 502 503,27,0.3664082687338501,0.3607235142118863,-0.0056847545219638,-0.0139534883720929,0.0366081431946564,-0.018776916451335,0.0084409991386735,0.026371784645319,0.0109993781156551,0.0187832370494948,Subject row aggregates technical/nuisance repeats before inferential testing; within-subject CI is descriptive and not used as n for p-values.,EOG+EMG+LINE,6,ShallowFBCSPNet base16,-0.56847545219638,runs/hierarchical_downstream_stats_20260815_000000/hierarchical_subject_deltas.csv
hierarchical_downstream_stats_20260815_000000,shallowfbcsp,eog_emg_line,16,A07,9,subject,3,1 2 3,3,42 43 44,3,501 502 503,27,0.5026073004412355,0.3864152961625886,-0.1161920042786468,-0.1083032490974729,0.0290890345115377,-0.1271560369033293,-0.1054953870838347,0.013669611358879,0.0112481491017773,0.0120091562450765,Subject row aggregates technical/nuisance repeats before inferential testing; within-subject CI is descriptive and not used as n for p-values.,EOG+EMG+LINE,6,ShallowFBCSPNet base16,-11.61920042786468,runs/hierarchical_downstream_stats_20260815_000000/hierarchical_subject_deltas.csv
hierarchical_downstream_stats_20260815_000000,shallowfbcsp,eog_emg_line,16,A08,9,subject,3,1 2 3,3,42 43 44,3,501 502 503,27,0.6346863468634686,0.6169195025283586,-0.01776684433511,-0.014760147601476,0.0328462242367644,-0.029520295202952,-0.005330053300533,0.011305511470621,0.0197753496703173,0.0217276385070174,Subject row aggregates technical/nuisance repeats before inferential testing; within-subject CI is descriptive and not used as n for p-values.,EOG+EMG+LINE,6,ShallowFBCSPNet base16,-1.776684433511,runs/hierarchical_downstream_stats_20260815_000000/hierarchical_subject_deltas.csv
hierarchical_downstream_stats_20260815_000000,shallowfbcsp,eog_emg_line,16,A09,9,subject,3,1 2 3,3,42 43 44,3,501 502 503,27,0.6523569023569024,0.6400112233445566,-0.0123456790123456,-0.0189393939393939,0.0261292385940498,-0.0218855218855218,-0.0026655443322109,0.0082079699642593,0.0054117007637446,0.0207228617715743,Subject row aggregates technical/nuisance repeats before inferential testing; within-subject CI is descriptive and not used as n for p-values.,EOG+EMG+LINE,6,ShallowFBCSPNet base16,-1.23456790123456,runs/hierarchical_downstream_stats_20260815_000000/hierarchical_subject_deltas.csv
hierarchical_downstream_stats_20260815_000000,eegconformer,eog,6,A01,9,subject,3,1 2 3,3,42 43 44,3,501 502 503,27,0.6378015025701859,0.6097271648873073,-0.0280743376828786,-0.0142348754448399,0.0475646474229002,-0.0459997363911954,-0.011071569790431,0.0343281522980437,0.0120649634657116,0.0147579735915551,Subject row aggregates technical/nuisance repeats before inferential testing; within-subject CI is descriptive and not used as n for p-values.,EOG,7,EEGConformer base6,-2.80743376828786,runs/hierarchical_downstream_stats_20260815_000000/hierarchical_subject_deltas.csv
hierarchical_downstream_stats_20260815_000000,eegconformer,eog,6,A02,9,subject,3,1 2 3,3,42 43 44,3,501 502 503,27,0.315272870043188,0.2586048946472974,-0.0566679753958905,-0.0494699646643109,0.048672182172173,-0.0748593116084282,-0.0383457662609606,0.0496400149290332,0.0033391835681646,0.0116623856451847,Subject row aggregates technical/nuisance repeats before inferential testing; within-subject CI is descriptive and not used as n for p-values.,EOG,7,EEGConformer base6,-5.666797539589051,runs/hierarchical_downstream_stats_20260815_000000/hierarchical_subject_deltas.csv
hierarchical_downstream_stats_20260815_000000,eegconformer,eog,6,A03,9,subject,3,1 2 3,3,42 43 44,3,501 502 503,27,0.6809116809116809,0.6157916157916158,-0.0651200651200651,-0.043956043956044,0.0692278123270596,-0.0914394247727581,-0.0404253154253154,0.0390614386651394,0.0397362482619745,0.0267167170244628,Subject row aggregates technical/nuisance repeats before inferential testing; within-subject CI is descriptive and not used as n for p-values.,EOG,7,EEGConformer base6,-6.5120065120065105,runs/hierarchical_downstream_stats_20260815_000000/hierarchical_subject_deltas.csv
hierarchical_downstream_stats_20260815_000000,eegconformer,eog,6,A04,9,subject,3,1 2 3,3,42 43 44,3,501 502 503,27,0.4054580896686159,0.383853151397011,-0.0216049382716049,-0.0350877192982456,0.0467332255884286,-0.0376868096166341,-0.0032488628979857,0.0190578419442007,0.0112965163422441,0.0335703605665814,Subject row aggregates technical/nuisance repeats before inferential testing; within-subject CI is descriptive and not used as n for p-values.,EOG,7,EEGConformer base6,-2.16049382716049,runs/hierarchical_downstream_stats_20260815_000000/hierarchical_subject_deltas.csv
hierarchical_downstream_stats_20260815_000000,eegconformer,eog,6,A05,9,subject,3,1 2 3,3,42 43 44,3,501 502 503,27,0.2809983896940419,0.2540257648953301,-0.0269726247987117,-0.036231884057971,0.0284640477674203,-0.0369061996779388,-0.0163714439076757,0.0058477612907946,0.0024487771861103,0.0234325800496863,Subject row aggregates technical/nuisance repeats before inferential testing; within-subject CI is descriptive and not used as n for p-values.,EOG,7,EEGConformer base6,-2.69726247987117,runs/hierarchical_downstream_stats_20260815_000000/hierarchical_subject_deltas.csv
hierarchical_downstream_stats_20260815_000000,eegconformer,eog,6,A06,9,subject,3,1 2 3,3,42 43 44,3,501 502 503,27,0.3100775193798449,0.3400516795865633,0.0299741602067183,0.0232558139534883,0.0317647605668216,0.0186046511627907,0.0422049956933677,0.014553103710934,0.0140678631408952,0.0184388245735517,Subject row aggregates technical/nuisance repeats before inferential testing; within-subject CI is descriptive and not used as n for p-values.,EOG,7,EEGConformer base6,2.99741602067183,runs/hierarchical_downstream_stats_20260815_000000/hierarchical_subject_deltas.csv
hierarchical_downstream_stats_20260815_000000,eegconformer,eog,6,A07,9,subject,3,1 2 3,3,42 43 44,3,501 502 503,27,0.5118331327717609,0.4719882337210857,-0.0398448990506752,-0.0324909747292418,0.1060322931230342,-0.0799572135312207,-0.0021393234389624,0.0234591319451588,0.0227629285497417,0.0439487719959467,Subject row aggregates technical/nuisance repeats before inferential testing; within-subject CI is descriptive and not used as n for p-values.,EOG,7,EEGConformer base6,-3.9844899050675204,runs/hierarchical_downstream_stats_20260815_000000/hierarchical_subject_deltas.csv
hierarchical_downstream_stats_20260815_000000,eegconformer,eog,6,A08,9,subject,3,1 2 3,3,42 43 44,3,501 502 503,27,0.6010660106601066,0.6188328549952167,0.01776684433511,0.03690036900369,0.0835526668834794,-0.0150334836681699,0.045783791171245,0.047029692418211,0.0170353290943574,0.0273732117062062,Subject row aggregates technical/nuisance repeats before inferential testing; within-subject CI is descriptive and not used as n for p-values.,EOG,7,EEGConformer base6,1.776684433511,runs/hierarchical_downstream_stats_20260815_000000/hierarchical_subject_deltas.csv
hierarchical_downstream_stats_20260815_000000,eegconformer,eog,6,A09,9,subject,3,1 2 3,3,42 43 44,3,501 502 503,27,0.6574074074074074,0.6656846240179574,0.0082772166105499,0.0037878787878787,0.043188936315707,-0.0070145903479237,0.0245510662177328,0.0285337808994917,0.0047305598485093,0.019679395404033,Subject row aggregates technical/nuisance repeats before inferential testing; within-subject CI is descriptive and not used as n for p-values.,EOG,7,EEGConformer base6,0.8277216610549899,runs/hierarchical_downstream_stats_20260815_000000/hierarchical_subject_deltas.csv
hierarchical_downstream_stats_20260815_000000,eegconformer,emg,6,A01,9,subject,3,1 2 3,3,42 43 44,3,501 502 503,27,0.6959272439699487,0.5746671938842758,-0.1212600500856728,-0.1138790035587188,0.0778608821079933,-0.1497298009753526,-0.0925233952814024,0.0736067109910222,0.0047174193141355,0.0148863138563284,Subject row aggregates technical/nuisance repeats before inferential testing; within-subject CI is descriptive and not used as n for p-values.,EMG,7,EEGConformer base6,-12.12600500856728,runs/hierarchical_downstream_stats_20260815_000000/hierarchical_subject_deltas.csv
hierarchical_downstream_stats_20260815_000000,eegconformer,emg,6,A02,9,subject,3,1 2 3,3,42 43 44,3,501 502 503,27,0.3474676089517079,0.2699908388954325,-0.0774767700562753,-0.0671378091872791,0.0529575403051817,-0.0969768354927365,-0.0582351786415391,0.0460977460425933,0.003049648003594,0.018789724047554,Subject row aggregates technical/nuisance repeats before inferential testing; within-subject CI is descriptive and not used as n for p-values.,EMG,7,EEGConformer base6,-7.747677005627531,runs/hierarchical_downstream_stats_20260815_000000/hierarchical_subject_deltas.csv
hierarchical_downstream_stats_20260815_000000,eegconformer,emg,6,A03,9,subject,3,1 2 3,3,42 43 44,3,501 502 503,27,0.735042735042735,0.6659883326549993,-0.0690544023877357,-0.0842490842490841,0.0811266972357627,-0.0990367657034323,-0.0392077058743725,0.0467985579429665,0.0101777231493751,0.0292766947687438,Subject row aggregates technical/nuisance repeats before inferential testing; within-subject CI is descriptive and not used as n for p-values.,EMG,7,EEGConformer base6,-6.90544023877357,runs/hierarchical_downstream_stats_20260815_000000/hierarchical_subject_deltas.csv
hierarchical_downstream_stats_20260815_000000,eegconformer,emg,6,A04,9,subject,3,1 2 3,3,42 43 44,3,501 502 503,27,0.4283625730994152,0.3731319038336582,-0.0552306692657569,-0.0614035087719297,0.0667081523920491,-0.0800844704353476,-0.0310266406757634,0.0476346345887282,0.0132328861952022,0.0474297821438385,Subject row aggregates technical/nuisance repeats before inferential testing; within-subject CI is descriptive and not used as n for p-values.,EMG,7,EEGConformer base6,-5.52306692657569,runs/hierarchical_downstream_stats_20260815_000000/hierarchical_subject_deltas.csv
hierarchical_downstream_stats_20260815_000000,eegconformer,emg,6,A05,9,subject,3,1 2 3,3,42 43 44,3,501 502 503,27,0.2677133655394525,0.2703972088030059,0.0026838432635534,0.0108695652173912,0.0360305525625887,-0.0107353730542136,0.0157004830917874,0.0272456360480941,0.0036528871682276,0.0208110370757642,Subject row aggregates technical/nuisance repeats before inferential testing; within-subject CI is descriptive and not used as n for p-values.,EMG,7,EEGConformer base6,0.26838432635534,runs/hierarchical_downstream_stats_20260815_000000/hierarchical_subject_deltas.csv
hierarchical_downstream_stats_20260815_000000,eegconformer,emg,6,A06,9,subject,3,1 2 3,3,42 43 44,3,501 502 503,27,0.4232558139534884,0.3732988802756244,-0.0499569336778639,-0.0465116279069767,0.0470557190988367,-0.0675279931093884,-0.0335917312661498,0.0256183447993402,0.0060562948600334,0.013138546057308,Subject row aggregates technical/nuisance repeats before inferential testing; within-subject CI is descriptive and not used as n for p-values.,EMG,7,EEGConformer base6,-4.99569336778639,runs/hierarchical_downstream_stats_20260815_000000/hierarchical_subject_deltas.csv
hierarchical_downstream_stats_20260815_000000,eegconformer,emg,6,A07,9,subject,3,1 2 3,3,42 43 44,3,501 502 503,27,0.5274769354191737,0.4437759058697686,-0.083701029549405,-0.0938628158844765,0.0871791969041568,-0.1147212194143602,-0.0504078085305522,0.0332819425542258,0.0174492410123788,0.0486870532320692,Subject row aggregates technical/nuisance repeats before inferential testing; within-subject CI is descriptive and not used as n for p-values.,EMG,7,EEGConformer base6,-8.370102954940501,runs/hierarchical_downstream_stats_20260815_000000/hierarchical_subject_deltas.csv
hierarchical_downstream_stats_20260815_000000,eegconformer,emg,6,A08,9,subject,3,1 2 3,3,42 43 44,3,501 502 503,27,0.6937269372693727,0.6309963099630996,-0.062730627306273,-0.081180811808118,0.0614315062556439,-0.084597512641793,-0.038813721470548,0.0287354087215009,0.0043390755409013,0.0312572669988453,Subject row aggregates technical/nuisance repeats before inferential testing; within-subject CI is descriptive and not used as n for p-values.,EMG,7,EEGConformer base6,-6.2730627306273,runs/hierarchical_downstream_stats_20260815_000000/hierarchical_subject_deltas.csv
hierarchical_downstream_stats_20260815_000000,eegconformer,emg,6,A09,9,subject,3,1 2 3,3,42 43 44,3,501 502 503,27,0.6822390572390572,0.6686307519640853,-0.0136083052749719,-0.0113636363636363,0.0558015028685929,-0.0349326599326599,0.0061728395061728,0.0137435857469427,0.0214371206178973,0.0079559185627148,Subject row aggregates technical/nuisance repeats before inferential testing; within-subject CI is descriptive and not used as n for p-values.,EMG,7,EEGConformer base6,-1.3608305274971901,runs/hierarchical_downstream_stats_20260815_000000/hierarchical_subject_deltas.csv
hierarchical_downstream_stats_20260815_000000,eegconformer,eog_emg_line,6,A01,9,subject,3,1 2 3,3,42 43 44,3,501 502 503,27,0.6757611704230921,0.5713720838275999,-0.1043890865954923,-0.0925266903914591,0.0632457688493182,-0.1285092922103598,-0.0823777514168973,0.0226320095235336,0.0094154850927565,0.033231180837404,Subject row aggregates technical/nuisance repeats before inferential testing; within-subject CI is descriptive and not used as n for p-values.,EOG+EMG+LINE,7,EEGConformer base6,-10.43890865954923,runs/hierarchical_downstream_stats_20260815_000000/hierarchical_subject_deltas.csv
hierarchical_downstream_stats_20260815_000000,eegconformer,eog_emg_line,6,A02,9,subject,3,1 2 3,3,42 43 44,3,501 502 503,27,0.3133097762073027,0.2652794136893077,-0.048030362517995,-0.0459363957597173,0.0455612175904451,-0.064912969506609,-0.0308860096845962,0.0197457706714223,0.0035189974243551,0.0092105160632969,Subject row aggregates technical/nuisance repeats before inferential testing; within-subject CI is descriptive and not used as n for p-values.,EOG+EMG+LINE,7,EEGConformer base6,-4.8030362517995,runs/hierarchical_downstream_stats_20260815_000000/hierarchical_subject_deltas.csv
hierarchical_downstream_stats_20260815_000000,eegconformer,eog_emg_line,6,A03,9,subject,3,1 2 3,3,42 43 44,3,501 502 503,27,0.71998371998372,0.6555419888753222,-0.0644417311083977,-0.0842490842490842,0.1125775417882512,-0.1039207705874372,-0.0200752950752951,0.0568408284078412,0.0207703171652493,0.0316240451159049,Subject row aggregates technical/nuisance repeats before inferential testing; within-subject CI is descriptive and not used as n for p-values.,EOG+EMG+LINE,7,EEGConformer base6,-6.4441731108397695,runs/hierarchical_downstream_stats_20260815_000000/hierarchical_subject_deltas.csv
hierarchical_downstream_stats_20260815_000000,eegconformer,eog_emg_line,6,A04,9,subject,3,1 2 3,3,42 43 44,3,501 502 503,27,0.4244639376218324,0.3910006497725796,-0.0334632878492527,-0.0350877192982456,0.0449287406734882,-0.0497116634178037,-0.0165692007797271,0.0286338011293634,0.0119403999128895,0.0221685797390928,Subject row aggregates technical/nuisance repeats before inferential testing; within-subject CI is descriptive and not used as n for p-values.,EOG+EMG+LINE,7,EEGConformer base6,-3.34632878492527,runs/hierarchical_downstream_stats_20260815_000000/hierarchical_subject_deltas.csv
hierarchical_downstream_stats_20260815_000000,eegconformer,eog_emg_line,6,A05,9,subject,3,1 2 3,3,42 43 44,3,501 502 503,27,0.2777777777777778,0.2681159420289855,-0.0096618357487922,-0.0108695652173912,0.0389322575666599,-0.0241545893719806,0.0046967257112184,0.0197754816277216,0.0064788554506566,0.0374352844968363,Subject row aggregates technical/nuisance repeats before inferential testing; within-subject CI is descriptive and not used as n for p-values.,EOG+EMG+LINE,7,EEGConformer base6,-0.96618357487922,runs/hierarchical_downstream_stats_20260815_000000/hierarchical_subject_deltas.csv
hierarchical_downstream_stats_20260815_000000,eegconformer,eog_emg_line,6,A06,9,subject,3,1 2 3,3,42 43 44,3,501 502 503,27,0.4263565891472868,0.3614125753660637,-0.064944013781223,-0.0604651162790697,0.0442280467270296,-0.0814814814814814,-0.048578811369509,0.0140330141977028,0.0147475588119376,0.0231714423186633,Subject row aggregates technical/nuisance repeats before inferential testing; within-subject CI is descriptive and not used as n for p-values.,EOG+EMG+LINE,7,EEGConformer base6,-6.4944013781223,runs/hierarchical_downstream_stats_20260815_000000/hierarchical_subject_deltas.csv
hierarchical_downstream_stats_20260815_000000,eegconformer,eog_emg_line,6,A07,9,subject,3,1 2 3,3,42 43 44,3,501 502 503,27,0.5230645808263137,0.4487230913223693,-0.0743414895039443,-0.0866425992779783,0.084006334477332,-0.1026875250701965,-0.0410482684850915,0.0361508177567047,0.0085687765583698,0.0653625620679912,Subject row aggregates technical/nuisance repeats before inferential testing; within-subject CI is descriptive and not used as n for p-values.,EOG+EMG+LINE,7,EEGConformer base6,-7.43414895039443,runs/hierarchical_downstream_stats_20260815_000000/hierarchical_subject_deltas.csv
hierarchical_downstream_stats_20260815_000000,eegconformer,eog_emg_line,6,A08,9,subject,3,1 2 3,3,42 43 44,3,501 502 503,27,0.6736367363673637,0.6274429410960777,-0.046193795271286,-0.055350553505535,0.0929937189876566,-0.078447451141178,-0.010113434467678,0.0455258430473701,0.0094775117931315,0.0592797496178604,Subject row aggregates technical/nuisance repeats before inferential testing; within-subject CI is descriptive and not used as n for p-values.,EOG+EMG+LINE,7,EEGConformer base6,-4.619379527128601,runs/hierarchical_downstream_stats_20260815_000000/hierarchical_subject_deltas.csv
hierarchical_downstream_stats_20260815_000000,eegconformer,eog_emg_line,6,A09,9,subject,3,1 2 3,3,42 43 44,3,501 502 503,27,0.6687710437710438,0.6978114478114478,0.029040404040404,0.0,0.0739065830559173,0.0036475869809203,0.0579405162738496,0.0271325950526703,0.0175762735840244,0.0598354013553801,Subject row aggregates technical/nuisance repeats before inferential testing; within-subject CI is descriptive and not used as n for p-values.,EOG+EMG+LINE,7,EEGConformer base6,2.9040404040404,runs/hierarchical_downstream_stats_20260815_000000/hierarchical_subject_deltas.csv
hierarchical_downstream_stats_20260815_000000,eegconformer,eog,16,A01,9,subject,3,1 2 3,3,42 43 44,3,501 502 503,27,0.6378015025701859,0.6250164755502834,-0.0127850270199024,-0.0142348754448398,0.0589920501194422,-0.0354553842098326,0.0083069724528798,0.0398119118869235,0.0096640584050736,0.0278628396187664,Subject row aggregates technical/nuisance repeats before inferential testing; within-subject CI is descriptive and not used as n for p-values.,EOG,8,EEGConformer base16,-1.27850270199024,runs/hierarchical_downstream_stats_20260815_000000/hierarchical_subject_deltas.csv
hierarchical_downstream_stats_20260815_000000,eegconformer,eog,16,A02,9,subject,3,1 2 3,3,42 43 44,3,501 502 503,27,0.315272870043188,0.2724774244208873,-0.0427954456223007,-0.0282685512367491,0.0502819752534432,-0.0617720193691925,-0.0246041094097631,0.0517363687790471,0.0061329011981991,0.0078228735159683,Subject row aggregates technical/nuisance repeats before inferential testing; within-subject CI is descriptive and not used as n for p-values.,EOG,8,EEGConformer base16,-4.27954456223007,runs/hierarchical_downstream_stats_20260815_000000/hierarchical_subject_deltas.csv
hierarchical_downstream_stats_20260815_000000,eegconformer,eog,16,A03,9,subject,3,1 2 3,3,42 43 44,3,501 502 503,27,0.6809116809116809,0.6330212996879664,-0.0478903812237145,-0.0402930402930402,0.0627739454788264,-0.0705467372134038,-0.024013024013024,0.0454991748241776,0.0278916560322528,0.0137800344742618,Subject row aggregates technical/nuisance repeats before inferential testing; within-subject CI is descriptive and not used as n for p-values.,EOG,8,EEGConformer base16,-4.78903812237145,runs/hierarchical_downstream_stats_20260815_000000/hierarchical_subject_deltas.csv
hierarchical_downstream_stats_20260815_000000,eegconformer,eog,16,A04,9,subject,3,1 2 3,3,42 43 44,3,501 502 503,27,0.4054580896686159,0.3789798570500325,-0.0264782326185834,-0.0263157894736842,0.0366851591179557,-0.0394736842105263,-0.0125081221572449,0.0201068919962982,0.0057109798022244,0.0209853659104407,Subject row aggregates technical/nuisance repeats before inferential testing; within-subject CI is descriptive and not used as n for p-values.,EOG,8,EEGConformer base16,-2.64782326185834,runs/hierarchical_downstream_stats_20260815_000000/hierarchical_subject_deltas.csv
hierarchical_downstream_stats_20260815_000000,eegconformer,eog,16,A05,9,subject,3,1 2 3,3,42 43 44,3,501 502 503,27,0.2809983896940419,0.2542941492216855,-0.0267042404723564,-0.0326086956521738,0.0281934018033276,-0.037037037037037,-0.0159688674181427,0.0048365059825389,0.0058662085331171,0.0241053353614942,Subject row aggregates technical/nuisance repeats before inferential testing; within-subject CI is descriptive and not used as n for p-values.,EOG,8,EEGConformer base16,-2.67042404723564,runs/hierarchical_downstream_stats_20260815_000000/hierarchical_subject_deltas.csv
hierarchical_downstream_stats_20260815_000000,eegconformer,eog,16,A06,9,subject,3,1 2 3,3,42 43 44,3,501 502 503,27,0.3100775193798449,0.3540051679586563,0.0439276485788113,0.0418604651162791,0.0318954623693444,0.032213608957795,0.0556416881998277,0.0201417832247081,0.0044755834820901,0.0088310116230672,Subject row aggregates technical/nuisance repeats before inferential testing; within-subject CI is descriptive and not used as n for p-values.,EOG,8,EEGConformer base16,4.392764857881129,runs/hierarchical_downstream_stats_20260815_000000/hierarchical_subject_deltas.csv
hierarchical_downstream_stats_20260815_000000,eegconformer,eog,16,A07,9,subject,3,1 2 3,3,42 43 44,3,501 502 503,27,0.5118331327717609,0.4806792351918705,-0.0311538975798903,-0.0108303249097473,0.0953261498119185,-0.0665864420377055,0.0042786468779248,0.0176554949487835,0.0264416936980518,0.0626758390149471,Subject row aggregates technical/nuisance repeats before inferential testing; within-subject CI is descriptive and not used as n for p-values.,EOG,8,EEGConformer base16,-3.1153897579890297,runs/hierarchical_downstream_stats_20260815_000000/hierarchical_subject_deltas.csv
hierarchical_downstream_stats_20260815_000000,eegconformer,eog,16,A08,9,subject,3,1 2 3,3,42 43 44,3,501 502 503,27,0.6010660106601066,0.6211562115621156,0.020090200902009,0.0184501845018449,0.0655902079546857,-0.0038267049337159,0.04510045100451,0.0262017963241828,0.0234348817752246,0.0240438653733427,Subject row aggregates technical/nuisance repeats before inferential testing; within-subject CI is descriptive and not used as n for p-values.,EOG,8,EEGConformer base16,2.0090200902009,runs/hierarchical_downstream_stats_20260815_000000/hierarchical_subject_deltas.csv
hierarchical_downstream_stats_20260815_000000,eegconformer,eog,16,A09,9,subject,3,1 2 3,3,42 43 44,3,501 502 503,27,0.6574074074074074,0.6510942760942761,-0.0063131313131313,0.0075757575757575,0.057781270440128,-0.0273569023569023,0.0143132716049381,0.015993265993266,0.006681190179456,0.020862009648811,Subject row aggregates technical/nuisance repeats before inferential testing; within-subject CI is descriptive and not used as n for p-values.,EOG,8,EEGConformer base16,-0.63131313131313,runs/hierarchical_downstream_stats_20260815_000000/hierarchical_subject_deltas.csv
hierarchical_downstream_stats_20260815_000000,eegconformer,emg,16,A01,9,subject,3,1 2 3,3,42 43 44,3,501 502 503,27,0.6959272439699487,0.575721629102412,-0.1202056148675365,-0.1316725978647687,0.0783125506555789,-0.1490707789640174,-0.0908132331619876,0.0589006429816982,0.016341619865379,0.038015232168356,Subject row aggregates technical/nuisance repeats before inferential testing; within-subject CI is descriptive and not used as n for p-values.,EMG,8,EEGConformer base16,-12.02056148675365,runs/hierarchical_downstream_stats_20260815_000000/hierarchical_subject_deltas.csv
hierarchical_downstream_stats_20260815_000000,eegconformer,emg,16,A02,9,subject,3,1 2 3,3,42 43 44,3,501 502 503,27,0.3474676089517079,0.2655411595340924,-0.0819264494176155,-0.0742049469964664,0.0446216287908828,-0.0985473105614448,-0.0650438424290014,0.0416200585479407,0.0049090431444866,0.0137715381734651,Subject row aggregates technical/nuisance repeats before inferential testing; within-subject CI is descriptive and not used as n for p-values.,EMG,8,EEGConformer base16,-8.19264494176155,runs/hierarchical_downstream_stats_20260815_000000/hierarchical_subject_deltas.csv
hierarchical_downstream_stats_20260815_000000,eegconformer,emg,16,A03,9,subject,3,1 2 3,3,42 43 44,3,501 502 503,27,0.735042735042735,0.6570343237009904,-0.0780084113417446,-0.1098901098901099,0.09190032308443,-0.1107041107041107,-0.0427350427350427,0.0340042283974695,0.0189258836177103,0.0177236099197008,Subject row aggregates technical/nuisance repeats before inferential testing; within-subject CI is descriptive and not used as n for p-values.,EMG,8,EEGConformer base16,-7.80084113417446,runs/hierarchical_downstream_stats_20260815_000000/hierarchical_subject_deltas.csv
hierarchical_downstream_stats_20260815_000000,eegconformer,emg,16,A04,9,subject,3,1 2 3,3,42 43 44,3,501 502 503,27,0.4283625730994152,0.3806042884990253,-0.0477582846003898,-0.0526315789473684,0.079305804002061,-0.0768356075373619,-0.0190017868745939,0.0478774818355366,0.0231827483280044,0.0540891767180144,Subject row aggregates technical/nuisance repeats before inferential testing; within-subject CI is descriptive and not used as n for p-values.,EMG,8,EEGConformer base16,-4.77582846003898,runs/hierarchical_downstream_stats_20260815_000000/hierarchical_subject_deltas.csv
hierarchical_downstream_stats_20260815_000000,eegconformer,emg,16,A05,9,subject,3,1 2 3,3,42 43 44,3,501 502 503,27,0.2677133655394525,0.2659688674181428,-0.0017444981213097,0.003623188405797,0.0349316641209574,-0.014626945786366,0.0111379495437466,0.0191819706114646,0.0109315146829931,0.0175771245215619,Subject row aggregates technical/nuisance repeats before inferential testing; within-subject CI is descriptive and not used as n for p-values.,EMG,8,EEGConformer base16,-0.17444981213097,runs/hierarchical_downstream_stats_20260815_000000/hierarchical_subject_deltas.csv
hierarchical_downstream_stats_20260815_000000,eegconformer,emg,16,A06,9,subject,3,1 2 3,3,42 43 44,3,501 502 503,27,0.4232558139534884,0.3681309216192937,-0.0551248923341946,-0.0744186046511627,0.0554505717619774,-0.0752799310938845,-0.0342807924203273,0.0456197385217348,0.0289236446148183,0.0128091723996701,Subject row aggregates technical/nuisance repeats before inferential testing; within-subject CI is descriptive and not used as n for p-values.,EMG,8,EEGConformer base16,-5.51248923341946,runs/hierarchical_downstream_stats_20260815_000000/hierarchical_subject_deltas.csv
hierarchical_downstream_stats_20260815_000000,eegconformer,emg,16,A07,9,subject,3,1 2 3,3,42 43 44,3,501 502 503,27,0.5274769354191737,0.4602219548067923,-0.0672549806123813,-0.075812274368231,0.0971285231227586,-0.103088648215002,-0.0312842626019521,0.0508435783097403,0.0219019604005276,0.0476346753187655,Subject row aggregates technical/nuisance repeats before inferential testing; within-subject CI is descriptive and not used as n for p-values.,EMG,8,EEGConformer base16,-6.72549806123813,runs/hierarchical_downstream_stats_20260815_000000/hierarchical_subject_deltas.csv
hierarchical_downstream_stats_20260815_000000,eegconformer,emg,16,A08,9,subject,3,1 2 3,3,42 43 44,3,501 502 503,27,0.6937269372693727,0.6402897362306956,-0.053437201038677,-0.059040590405904,0.0625330441841237,-0.075850758507585,-0.029383627169605,0.0182915752447506,0.0157429473135226,0.0328549497363766,Subject row aggregates technical/nuisance repeats before inferential testing; within-subject CI is descriptive and not used as n for p-values.,EMG,8,EEGConformer base16,-5.3437201038677005,runs/hierarchical_downstream_stats_20260815_000000/hierarchical_subject_deltas.csv
hierarchical_downstream_stats_20260815_000000,eegconformer,emg,16,A09,9,subject,3,1 2 3,3,42 43 44,3,501 502 503,27,0.6822390572390572,0.6748035914702581,-0.0074354657687991,-0.0227272727272728,0.0533569018093849,-0.0265151515151515,0.0133277216610549,0.0270879466550518,0.0170925863193244,0.0143241988332365,Subject row aggregates technical/nuisance repeats before inferential testing; within-subject CI is descriptive and not used as n for p-values.,EMG,8,EEGConformer base16,-0.74354657687991,runs/hierarchical_downstream_stats_20260815_000000/hierarchical_subject_deltas.csv
hierarchical_downstream_stats_20260815_000000,eegconformer,eog_emg_line,16,A01,9,subject,3,1 2 3,3,42 43 44,3,501 502 503,27,0.6757611704230921,0.5848161328588375,-0.0909450375642546,-0.0889679715302491,0.0665140961749759,-0.1154606563859233,-0.0666897324370634,0.033642670259242,0.0205728897419194,0.0312526554214558,Subject row aggregates technical/nuisance repeats before inferential testing; within-subject CI is descriptive and not used as n for p-values.,EOG+EMG+LINE,8,EEGConformer base16,-9.094503756425459,runs/hierarchical_downstream_stats_20260815_000000/hierarchical_subject_deltas.csv
hierarchical_downstream_stats_20260815_000000,eegconformer,eog_emg_line,16,A02,9,subject,3,1 2 3,3,42 43 44,3,501 502 503,27,0.3133097762073027,0.2654102866117,-0.0478994895956026,-0.0353356890459363,0.0539672586934015,-0.0679230467216333,-0.0286611700039261,0.0187637269656042,0.0066975744441429,0.0176678445229682,Subject row aggregates technical/nuisance repeats before inferential testing; within-subject CI is descriptive and not used as n for p-values.,EOG+EMG+LINE,8,EEGConformer base16,-4.78994895956026,runs/hierarchical_downstream_stats_20260815_000000/hierarchical_subject_deltas.csv
hierarchical_downstream_stats_20260815_000000,eegconformer,eog_emg_line,16,A03,9,subject,3,1 2 3,3,42 43 44,3,501 502 503,27,0.71998371998372,0.658390991724325,-0.0615927282593949,-0.0915750915750915,0.1160481622183717,-0.1012074345407678,-0.0160086826753493,0.0707974059049742,0.0175640049909343,0.0400628454730178,Subject row aggregates technical/nuisance repeats before inferential testing; within-subject CI is descriptive and not used as n for p-values.,EOG+EMG+LINE,8,EEGConformer base16,-6.15927282593949,runs/hierarchical_downstream_stats_20260815_000000/hierarchical_subject_deltas.csv
hierarchical_downstream_stats_20260815_000000,eegconformer,eog_emg_line,16,A04,9,subject,3,1 2 3,3,42 43 44,3,501 502 503,27,0.4244639376218324,0.3825536062378167,-0.0419103313840155,-0.0526315789473684,0.0427029201904444,-0.0571799870045484,-0.025666016894087,0.0338930527278559,0.0042484395161215,0.0240870923123925,Subject row aggregates technical/nuisance repeats before inferential testing; within-subject CI is descriptive and not used as n for p-values.,EOG+EMG+LINE,8,EEGConformer base16,-4.19103313840155,runs/hierarchical_downstream_stats_20260815_000000/hierarchical_subject_deltas.csv
hierarchical_downstream_stats_20260815_000000,eegconformer,eog_emg_line,16,A05,9,subject,3,1 2 3,3,42 43 44,3,501 502 503,27,0.2777777777777778,0.262614063338701,-0.0151637144390767,-0.0144927536231884,0.0346947782796706,-0.0280461621041331,-0.0022812667740204,0.0153525453042979,0.0106079732549499,0.0280256084041931,Subject row aggregates technical/nuisance repeats before inferential testing; within-subject CI is descriptive and not used as n for p-values.,EOG+EMG+LINE,8,EEGConformer base16,-1.51637144390767,runs/hierarchical_downstream_stats_20260815_000000/hierarchical_subject_deltas.csv
hierarchical_downstream_stats_20260815_000000,eegconformer,eog_emg_line,16,A06,9,subject,3,1 2 3,3,42 43 44,3,501 502 503,27,0.4263565891472868,0.3781223083548665,-0.0482342807924203,-0.0511627906976744,0.0490564657915564,-0.0661498708010335,-0.0291128337639965,0.018230030625531,0.0186142189963687,0.0341724142629146,Subject row aggregates technical/nuisance repeats before inferential testing; within-subject CI is descriptive and not used as n for p-values.,EOG+EMG+LINE,8,EEGConformer base16,-4.82342807924203,runs/hierarchical_downstream_stats_20260815_000000/hierarchical_subject_deltas.csv
hierarchical_downstream_stats_20260815_000000,eegconformer,eog_emg_line,16,A07,9,subject,3,1 2 3,3,42 43 44,3,501 502 503,27,0.5230645808263137,0.4504612916165262,-0.0726032892097874,-0.0866425992779782,0.0725853020722888,-0.098412220885145,-0.0453269153630164,0.0209392428979353,0.0290336689598035,0.0348377240956334,Subject row aggregates technical/nuisance repeats before inferential testing; within-subject CI is descriptive and not used as n for p-values.,EOG+EMG+LINE,8,EEGConformer base16,-7.26032892097874,runs/hierarchical_downstream_stats_20260815_000000/hierarchical_subject_deltas.csv
hierarchical_downstream_stats_20260815_000000,eegconformer,eog_emg_line,16,A08,9,subject,3,1 2 3,3,42 43 44,3,501 502 503,27,0.6736367363673637,0.6214295476288096,-0.052207188738554,-0.07380073800738,0.0778461479695381,-0.0788574552412191,-0.0221368047013804,0.0391598634200637,0.0333198234904547,0.0427866994191326,Subject row aggregates technical/nuisance repeats before inferential testing; within-subject CI is descriptive and not used as n for p-values.,EOG+EMG+LINE,8,EEGConformer base16,-5.220718873855399,runs/hierarchical_downstream_stats_20260815_000000/hierarchical_subject_deltas.csv
hierarchical_downstream_stats_20260815_000000,eegconformer,eog_emg_line,16,A09,9,subject,3,1 2 3,3,42 43 44,3,501 502 503,27,0.6687710437710438,0.6930415263748597,0.0242704826038159,0.0075757575757575,0.0766141785397338,-0.002665544332211,0.0531741021324354,0.04342433697453,0.0042157629633324,0.0513025098294796,Subject row aggregates technical/nuisance repeats before inferential testing; within-subject CI is descriptive and not used as n for p-values.,EOG+EMG+LINE,8,EEGConformer base16,2.42704826038159,runs/hierarchical_downstream_stats_20260815_000000/hierarchical_subject_deltas.csv
hierarchical_downstream_stats_20260815_000000,eegnet,eog,6,A01,9,subject,3,1 2 3,3,42 43 44,3,501 502 503,27,0.4820086990905496,0.4714643469091867,-0.0105443521813628,-0.0177935943060498,0.0389273129430697,-0.0245156188216686,0.0042210359826017,0.0065253163540195,0.0269645522181546,0.030385989197113,Subject row aggregates technical/nuisance repeats before inferential testing; within-subject CI is descriptive and not used as n for p-values.,EOG,9,EEGNet base6,-1.05443521813628,runs/hierarchical_downstream_stats_20260815_000000/hierarchical_subject_deltas.csv
hierarchical_downstream_stats_20260815_000000,eegnet,eog,6,A02,9,subject,3,1 2 3,3,42 43 44,3,501 502 503,27,0.2854338437377307,0.2719539327313179,-0.0134799110064127,-0.0212014134275618,0.0221548123813439,-0.0217249051171312,-0.0052349168956942,0.00158674985643,0.0029986753664152,0.0175115599357966,Subject row aggregates technical/nuisance repeats before inferential testing; within-subject CI is descriptive and not used as n for p-values.,EOG,9,EEGNet base6,-1.34799110064127,runs/hierarchical_downstream_stats_20260815_000000/hierarchical_subject_deltas.csv
hierarchical_downstream_stats_20260815_000000,eegnet,eog,6,A03,9,subject,3,1 2 3,3,42 43 44,3,501 502 503,27,0.6133496133496134,0.6278659611992945,0.0145163478496811,0.0146520146520147,0.0613314949505555,-0.008411341744675,0.0366300366300366,0.0087702055942987,0.0235861330222679,0.0577888028550641,Subject row aggregates technical/nuisance repeats before inferential testing; within-subject CI is descriptive and not used as n for p-values.,EOG,9,EEGNet base6,1.45163478496811,runs/hierarchical_downstream_stats_20260815_000000/hierarchical_subject_deltas.csv
hierarchical_downstream_stats_20260815_000000,eegnet,eog,6,A04,9,subject,3,1 2 3,3,42 43 44,3,501 502 503,27,0.398635477582846,0.4056205328135153,0.0069850552306692,0.0087719298245613,0.0289979126487707,-0.0038986354775828,0.0175438596491228,0.0040578284589983,0.0023030290576279,0.0236660206048301,Subject row aggregates technical/nuisance repeats before inferential testing; within-subject CI is descriptive and not used as n for p-values.,EOG,9,EEGNet base6,0.69850552306692,runs/hierarchical_downstream_stats_20260815_000000/hierarchical_subject_deltas.csv
hierarchical_downstream_stats_20260815_000000,eegnet,eog,6,A05,9,subject,3,1 2 3,3,42 43 44,3,501 502 503,27,0.2890499194847021,0.2536231884057971,-0.035426731078905,-0.036231884057971,0.0113838451394525,-0.0395866881374127,-0.0311325818572195,0.0032952305844897,0.0006972829338038,0.0043545305259227,Subject row aggregates technical/nuisance repeats before inferential testing; within-subject CI is descriptive and not used as n for p-values.,EOG,9,EEGNet base6,-3.5426731078905,runs/hierarchical_downstream_stats_20260815_000000/hierarchical_subject_deltas.csv
hierarchical_downstream_stats_20260815_000000,eegnet,eog,6,A06,9,subject,3,1 2 3,3,42 43 44,3,501 502 503,27,0.2677002583979328,0.2768303186907838,0.0091300602928509,0.0093023255813953,0.0244584046202818,0.0006847545219638,0.0186046511627907,0.0088962972152801,0.0140044369245151,0.0087143082652484,Subject row aggregates technical/nuisance repeats before inferential testing; within-subject CI is descriptive and not used as n for p-values.,EOG,9,EEGNet base6,0.91300602928509,runs/hierarchical_downstream_stats_20260815_000000/hierarchical_subject_deltas.csv
hierarchical_downstream_stats_20260815_000000,eegnet,eog,6,A07,9,subject,3,1 2 3,3,42 43 44,3,501 502 503,27,0.3381468110709988,0.4444444444444444,0.1062976333734456,0.0794223826714801,0.0720794105973851,0.0810268752507019,0.1346436689396978,0.0160449257922182,0.0207501278080666,0.0670979632223857,Subject row aggregates technical/nuisance repeats before inferential testing; within-subject CI is descriptive and not used as n for p-values.,EOG,9,EEGNet base6,10.62976333734456,runs/hierarchical_downstream_stats_20260815_000000/hierarchical_subject_deltas.csv
hierarchical_downstream_stats_20260815_000000,eegnet,eog,6,A08,9,subject,3,1 2 3,3,42 43 44,3,501 502 503,27,0.4235342353423534,0.4413010796774634,0.01776684433511,0.018450184501845,0.0397170386156582,0.003006696733634,0.032390323903239,0.0272778575934625,0.0137356472972554,0.0119488823257588,Subject row aggregates technical/nuisance repeats before inferential testing; within-subject CI is descriptive and not used as n for p-values.,EOG,9,EEGNet base6,1.776684433511,runs/hierarchical_downstream_stats_20260815_000000/hierarchical_subject_deltas.csv
hierarchical_downstream_stats_20260815_000000,eegnet,eog,6,A09,9,subject,3,1 2 3,3,42 43 44,3,501 502 503,27,0.4175084175084175,0.3988496071829405,-0.0186588103254769,-0.0151515151515151,0.0305736374135757,-0.0303030303030303,-0.0072951739618406,0.0148285188122601,0.0140998500665008,0.0208591791746579,Subject row aggregates technical/nuisance repeats before inferential testing; within-subject CI is descriptive and not used as n for p-values.,EOG,9,EEGNet base6,-1.86588103254769,runs/hierarchical_downstream_stats_20260815_000000/hierarchical_subject_deltas.csv
hierarchical_downstream_stats_20260815_000000,eegnet,emg,6,A01,9,subject,3,1 2 3,3,42 43 44,3,501 502 503,27,0.55001977066034,0.5775668907341506,0.0275471200738104,0.0142348754448398,0.0495533855930138,0.0092263081586924,0.045871227098985,0.0272873314192908,0.0080777927750333,0.0434996463223977,Subject row aggregates technical/nuisance repeats before inferential testing; within-subject CI is descriptive and not used as n for p-values.,EMG,9,EEGNet base6,2.75471200738104,runs/hierarchical_downstream_stats_20260815_000000/hierarchical_subject_deltas.csv
hierarchical_downstream_stats_20260815_000000,eegnet,emg,6,A02,9,subject,3,1 2 3,3,42 43 44,3,501 502 503,27,0.2893600314095014,0.2689438555162937,-0.0204161758932076,-0.0212014134275618,0.0330220159455269,-0.0329799764428739,-0.0085067399555032,0.018428004244525,0.0071646201770297,0.0267413446468124,Subject row aggregates technical/nuisance repeats before inferential testing; within-subject CI is descriptive and not used as n for p-values.,EMG,9,EEGNet base6,-2.0416175893207598,runs/hierarchical_downstream_stats_20260815_000000/hierarchical_subject_deltas.csv
hierarchical_downstream_stats_20260815_000000,eegnet,emg,6,A03,9,subject,3,1 2 3,3,42 43 44,3,501 502 503,27,0.7134717134717135,0.6672093338760006,-0.0462623795957129,-0.043956043956044,0.0292007928657278,-0.0569800569800569,-0.0354090354090354,0.0085792493576244,0.0087038474738002,0.0204892806597537,Subject row aggregates technical/nuisance repeats before inferential testing; within-subject CI is descriptive and not used as n for p-values.,EMG,9,EEGNet base6,-4.626237959571291,runs/hierarchical_downstream_stats_20260815_000000/hierarchical_subject_deltas.csv
hierarchical_downstream_stats_20260815_000000,eegnet,emg,6,A04,9,subject,3,1 2 3,3,42 43 44,3,501 502 503,27,0.4473684210526316,0.383853151397011,-0.0635152696556205,-0.0657894736842105,0.0463268676043361,-0.0802469135802469,-0.046133853151397,0.0242018480468728,0.0157636823183341,0.0124467919132491,Subject row aggregates technical/nuisance repeats before inferential testing; within-subject CI is descriptive and not used as n for p-values.,EMG,9,EEGNet base6,-6.3515269655620505,runs/hierarchical_downstream_stats_20260815_000000/hierarchical_subject_deltas.csv
hierarchical_downstream_stats_20260815_000000,eegnet,emg,6,A05,9,subject,3,1 2 3,3,42 43 44,3,501 502 503,27,0.2801932367149758,0.2728126677402039,-0.0073805689747718,0.0,0.0424616549507481,-0.0244263285024154,0.0073805689747718,0.031638346041237,0.001815317935919,0.0255923840885482,Subject row aggregates technical/nuisance repeats before inferential testing; within-subject CI is descriptive and not used as n for p-values.,EMG,9,EEGNet base6,-0.7380568974771801,runs/hierarchical_downstream_stats_20260815_000000/hierarchical_subject_deltas.csv
hierarchical_downstream_stats_20260815_000000,eegnet,emg,6,A06,9,subject,3,1 2 3,3,42 43 44,3,501 502 503,27,0.296640826873385,0.3250645994832041,0.0284237726098191,0.0093023255813953,0.0560717560310856,0.0082687338501291,0.0492678725236864,0.0387114255918397,0.0076478804066918,0.0295026624830844,Subject row aggregates technical/nuisance repeats before inferential testing; within-subject CI is descriptive and not used as n for p-values.,EMG,9,EEGNet base6,2.8423772609819102,runs/hierarchical_downstream_stats_20260815_000000/hierarchical_subject_deltas.csv
hierarchical_downstream_stats_20260815_000000,eegnet,emg,6,A07,9,subject,3,1 2 3,3,42 43 44,3,501 502 503,27,0.385880465302848,0.3952400053483086,0.0093595400454606,0.0108303249097472,0.0609395499210638,-0.0129696483487097,0.0320898515844364,0.0541476626937351,0.0214604006460211,0.024268226514767,Subject row aggregates technical/nuisance repeats before inferential testing; within-subject CI is descriptive and not used as n for p-values.,EMG,9,EEGNet base6,0.93595400454606,runs/hierarchical_downstream_stats_20260815_000000/hierarchical_subject_deltas.csv
hierarchical_downstream_stats_20260815_000000,eegnet,emg,6,A08,9,subject,3,1 2 3,3,42 43 44,3,501 502 503,27,0.5707257072570726,0.5196118627852945,-0.051113844471778,-0.059040590405904,0.0646441686943517,-0.075030750307503,-0.026650266502665,0.0573571166445886,0.0047520400849292,0.0379344278143971,Subject row aggregates technical/nuisance repeats before inferential testing; within-subject CI is descriptive and not used as n for p-values.,EMG,9,EEGNet base6,-5.1113844471778,runs/hierarchical_downstream_stats_20260815_000000/hierarchical_subject_deltas.csv
hierarchical_downstream_stats_20260815_000000,eegnet,emg,6,A09,9,subject,3,1 2 3,3,42 43 44,3,501 502 503,27,0.5526094276094276,0.5395622895622896,-0.013047138047138,-0.0113636363636363,0.052173537412839,-0.0325476992143658,0.0060360549943882,0.0274151154789331,0.0115798118621191,0.0306170597297528,Subject row aggregates technical/nuisance repeats before inferential testing; within-subject CI is descriptive and not used as n for p-values.,EMG,9,EEGNet base6,-1.3047138047138,runs/hierarchical_downstream_stats_20260815_000000/hierarchical_subject_deltas.csv
hierarchical_downstream_stats_20260815_000000,eegnet,eog_emg_line,6,A01,9,subject,3,1 2 3,3,42 43 44,3,501 502 503,27,0.56425464610518,0.5923289837880585,0.0280743376828786,0.0213523131672598,0.0401936937480372,0.0135758534335046,0.0432318439435877,0.0168364324682038,0.0145767564975616,0.0136460529274317,Subject row aggregates technical/nuisance repeats before inferential testing; within-subject CI is descriptive and not used as n for p-values.,EOG+EMG+LINE,9,EEGNet base6,2.80743376828786,runs/hierarchical_downstream_stats_20260815_000000/hierarchical_subject_deltas.csv
hierarchical_downstream_stats_20260815_000000,eegnet,eog_emg_line,6,A02,9,subject,3,1 2 3,3,42 43 44,3,501 502 503,27,0.2952493129171574,0.2669807616804083,-0.0282685512367491,-0.0212014134275618,0.034704888750282,-0.0412249705535924,-0.0153121319199057,0.0123409765571273,0.0059414000590583,0.034588354125225,Subject row aggregates technical/nuisance repeats before inferential testing; within-subject CI is descriptive and not used as n for p-values.,EOG+EMG+LINE,9,EEGNet base6,-2.82685512367491,runs/hierarchical_downstream_stats_20260815_000000/hierarchical_subject_deltas.csv
hierarchical_downstream_stats_20260815_000000,eegnet,eog_emg_line,6,A03,9,subject,3,1 2 3,3,42 43 44,3,501 502 503,27,0.7134717134717135,0.673992673992674,-0.0394790394790394,-0.0293040293040293,0.0462594262313261,-0.0565730565730565,-0.0223850223850223,0.0347097621215411,0.0167167706779917,0.0131190569485439,Subject row aggregates technical/nuisance repeats before inferential testing; within-subject CI is descriptive and not used as n for p-values.,EOG+EMG+LINE,9,EEGNet base6,-3.94790394790394,runs/hierarchical_downstream_stats_20260815_000000/hierarchical_subject_deltas.csv
hierarchical_downstream_stats_20260815_000000,eegnet,eog_emg_line,6,A04,9,subject,3,1 2 3,3,42 43 44,3,501 502 503,27,0.4405458089668616,0.4122807017543859,-0.0282651072124756,-0.0394736842105263,0.0590864814168701,-0.0503573749187784,-0.0063352826510721,0.0496239214601474,0.0122996388539219,0.0312651363203614,Subject row aggregates technical/nuisance repeats before inferential testing; within-subject CI is descriptive and not used as n for p-values.,EOG+EMG+LINE,9,EEGNet base6,-2.82651072124756,runs/hierarchical_downstream_stats_20260815_000000/hierarchical_subject_deltas.csv
hierarchical_downstream_stats_20260815_000000,eegnet,eog_emg_line,6,A05,9,subject,3,1 2 3,3,42 43 44,3,501 502 503,27,0.2693236714975845,0.2576489533011272,-0.0116747181964573,-0.0144927536231883,0.025744322812983,-0.0213365539452495,-0.0021470746108427,0.0108546447364837,0.0048975543722207,0.0199224525469543,Subject row aggregates technical/nuisance repeats before inferential testing; within-subject CI is descriptive and not used as n for p-values.,EOG+EMG+LINE,9,EEGNet base6,-1.16747181964573,runs/hierarchical_downstream_stats_20260815_000000/hierarchical_subject_deltas.csv
hierarchical_downstream_stats_20260815_000000,eegnet,eog_emg_line,6,A06,9,subject,3,1 2 3,3,42 43 44,3,501 502 503,27,0.2630490956072351,0.331266149870801,0.0682170542635658,0.0697674418604651,0.0376759645434712,0.0540913006029285,0.0823428079242032,0.014470284237726,0.0095711933733602,0.0324842276585379,Subject row aggregates technical/nuisance repeats before inferential testing; within-subject CI is descriptive and not used as n for p-values.,EOG+EMG+LINE,9,EEGNet base6,6.821705426356579,runs/hierarchical_downstream_stats_20260815_000000/hierarchical_subject_deltas.csv
hierarchical_downstream_stats_20260815_000000,eegnet,eog_emg_line,6,A07,9,subject,3,1 2 3,3,42 43 44,3,501 502 503,27,0.3910950661853189,0.4008557293755849,0.009760663190266,0.0108303249097472,0.0521601292957966,-0.0093595400454606,0.0287471587110576,0.024268226514767,0.0092982156174428,0.0317301676613369,Subject row aggregates technical/nuisance repeats before inferential testing; within-subject CI is descriptive and not used as n for p-values.,EOG+EMG+LINE,9,EEGNet base6,0.9760663190266,runs/hierarchical_downstream_stats_20260815_000000/hierarchical_subject_deltas.csv
hierarchical_downstream_stats_20260815_000000,eegnet,eog_emg_line,6,A08,9,subject,3,1 2 3,3,42 43 44,3,501 502 503,27,0.5621156211562116,0.5321853218532185,-0.029930299302993,-0.033210332103321,0.0626749459289715,-0.052890528905289,-0.006560065600656,0.0185727784385504,0.0100764294607991,0.0241971901265756,Subject row aggregates technical/nuisance repeats before inferential testing; within-subject CI is descriptive and not used as n for p-values.,EOG+EMG+LINE,9,EEGNet base6,-2.9930299302992998,runs/hierarchical_downstream_stats_20260815_000000/hierarchical_subject_deltas.csv
hierarchical_downstream_stats_20260815_000000,eegnet,eog_emg_line,6,A09,9,subject,3,1 2 3,3,42 43 44,3,501 502 503,27,0.5563973063973064,0.5486812570145904,-0.007716049382716,0.0189393939393939,0.0867561106854682,-0.0411054994388327,0.0227272727272727,0.0312053889007564,0.0178430001072779,0.044110341036118,Subject row aggregates technical/nuisance repeats before inferential testing; within-subject CI is descriptive and not used as n for p-values.,EOG+EMG+LINE,9,EEGNet base6,-0.7716049382716,runs/hierarchical_downstream_stats_20260815_000000/hierarchical_subject_deltas.csv
hierarchical_downstream_stats_20260815_000000,eegnet,eog,16,A01,9,subject,3,1 2 3,3,42 43 44,3,501 502 503,27,0.4820086990905496,0.4673784104389086,-0.0146302886516409,-0.0106761565836299,0.0337080281413817,-0.0271517068670093,-0.0023724792408066,0.0154818283514842,0.0117098401699967,0.0250050007967771,Subject row aggregates technical/nuisance repeats before inferential testing; within-subject CI is descriptive and not used as n for p-values.,EOG,10,EEGNet base16,-1.46302886516409,runs/hierarchical_downstream_stats_20260815_000000/hierarchical_subject_deltas.csv
hierarchical_downstream_stats_20260815_000000,eegnet,eog,16,A02,9,subject,3,1 2 3,3,42 43 44,3,501 502 503,27,0.2854338437377307,0.2839942415914147,-0.0014396021463159,0.0070671378091872,0.0327581124652822,-0.0137416568511975,0.0104698337913885,0.0071358753462717,0.0057880760077204,0.0206352196997158,Subject row aggregates technical/nuisance repeats before inferential testing; within-subject CI is descriptive and not used as n for p-values.,EOG,10,EEGNet base16,-0.14396021463159,runs/hierarchical_downstream_stats_20260815_000000/hierarchical_subject_deltas.csv
hierarchical_downstream_stats_20260815_000000,eegnet,eog,16,A03,9,subject,3,1 2 3,3,42 43 44,3,501 502 503,27,0.6133496133496134,0.6315289648622981,0.0181793515126848,0.0183150183150182,0.0563956306900733,-0.0028490028490028,0.0385293718627051,0.004015370665296,0.0196473448172841,0.0470333539799565,Subject row aggregates technical/nuisance repeats before inferential testing; within-subject CI is descriptive and not used as n for p-values.,EOG,10,EEGNet base16,1.81793515126848,runs/hierarchical_downstream_stats_20260815_000000/hierarchical_subject_deltas.csv
hierarchical_downstream_stats_20260815_000000,eegnet,eog,16,A04,9,subject,3,1 2 3,3,42 43 44,3,501 502 503,27,0.398635477582846,0.4119558154645873,0.0133203378817413,0.0087719298245613,0.022773302492264,0.0047108512020792,0.0220922677063027,0.0053458358258298,0.00858493194394,0.0156578676882403,Subject row aggregates technical/nuisance repeats before inferential testing; within-subject CI is descriptive and not used as n for p-values.,EOG,10,EEGNet base16,1.33203378817413,runs/hierarchical_downstream_stats_20260815_000000/hierarchical_subject_deltas.csv
hierarchical_downstream_stats_20260815_000000,eegnet,eog,16,A05,9,subject,3,1 2 3,3,42 43 44,3,501 502 503,27,0.2890499194847021,0.2533548040794418,-0.0356951154052603,-0.0398550724637681,0.0083293155759599,-0.038647342995169,-0.0324745034889962,0.0012941023565476,0.0006149457454315,0.0040324689214483,Subject row aggregates technical/nuisance repeats before inferential testing; within-subject CI is descriptive and not used as n for p-values.,EOG,10,EEGNet base16,-3.5695115405260296,runs/hierarchical_downstream_stats_20260815_000000/hierarchical_subject_deltas.csv
hierarchical_downstream_stats_20260815_000000,eegnet,eog,16,A06,9,subject,3,1 2 3,3,42 43 44,3,501 502 503,27,0.2677002583979328,0.2699397071490095,0.0022394487510766,0.0,0.0155534884988985,-0.0032730404823428,0.0080964685615848,0.0079447735108356,0.0077576780356228,0.0075305746750712,Subject row aggregates technical/nuisance repeats before inferential testing; within-subject CI is descriptive and not used as n for p-values.,EOG,10,EEGNet base16,0.22394487510766,runs/hierarchical_downstream_stats_20260815_000000/hierarchical_subject_deltas.csv
hierarchical_downstream_stats_20260815_000000,eegnet,eog,16,A07,9,subject,3,1 2 3,3,42 43 44,3,501 502 503,27,0.3381468110709988,0.4386950127022329,0.1005482016312341,0.0830324909747292,0.0666927718763356,0.0763471052279716,0.1262200828987832,0.0227699959533427,0.0100387695385457,0.0684856345631243,Subject row aggregates technical/nuisance repeats before inferential testing; within-subject CI is descriptive and not used as n for p-values.,EOG,10,EEGNet base16,10.05482016312341,runs/hierarchical_downstream_stats_20260815_000000/hierarchical_subject_deltas.csv
hierarchical_downstream_stats_20260815_000000,eegnet,eog,16,A08,9,subject,3,1 2 3,3,42 43 44,3,501 502 503,27,0.4235342353423534,0.4184775181085144,-0.005056717233839,0.0,0.0449396031315161,-0.022413557468908,0.0114835315019816,0.0214316219539211,0.0148075257409122,0.0201584190979825,Subject row aggregates technical/nuisance repeats before inferential testing; within-subject CI is descriptive and not used as n for p-values.,EOG,10,EEGNet base16,-0.5056717233839,runs/hierarchical_downstream_stats_20260815_000000/hierarchical_subject_deltas.csv
hierarchical_downstream_stats_20260815_000000,eegnet,eog,16,A09,9,subject,3,1 2 3,3,42 43 44,3,501 502 503,27,0.4175084175084175,0.4095117845117845,-0.0079966329966329,0.0,0.027118781171846,-0.0180976430976431,0.0018237934904601,0.0160761189013335,0.010885957202338,0.0004208754208754,Subject row aggregates technical/nuisance repeats before inferential testing; within-subject CI is descriptive and not used as n for p-values.,EOG,10,EEGNet base16,-0.79966329966329,runs/hierarchical_downstream_stats_20260815_000000/hierarchical_subject_deltas.csv
hierarchical_downstream_stats_20260815_000000,eegnet,emg,16,A01,9,subject,3,1 2 3,3,42 43 44,3,501 502 503,27,0.55001977066034,0.5817846316066957,0.0317648609463556,0.0355871886120996,0.0409808823112343,0.0168709634901805,0.0469223672070647,0.0198863099644574,0.0121895915070386,0.0337779480195585,Subject row aggregates technical/nuisance repeats before inferential testing; within-subject CI is descriptive and not used as n for p-values.,EMG,10,EEGNet base16,3.1764860946355595,runs/hierarchical_downstream_stats_20260815_000000/hierarchical_subject_deltas.csv
hierarchical_downstream_stats_20260815_000000,eegnet,emg,16,A02,9,subject,3,1 2 3,3,42 43 44,3,501 502 503,27,0.2893600314095014,0.2720848056537102,-0.0172752257557911,-0.0212014134275618,0.0372585455716328,-0.0312786284517733,-0.0036644418269859,0.0214938605310891,0.0047764134513531,0.0323094473677911,Subject row aggregates technical/nuisance repeats before inferential testing; within-subject CI is descriptive and not used as n for p-values.,EMG,10,EEGNet base16,-1.7275225755791102,runs/hierarchical_downstream_stats_20260815_000000/hierarchical_subject_deltas.csv
hierarchical_downstream_stats_20260815_000000,eegnet,emg,16,A03,9,subject,3,1 2 3,3,42 43 44,3,501 502 503,27,0.7134717134717135,0.6612399945733279,-0.0522317188983855,-0.0512820512820512,0.0421899426474619,-0.0683760683760683,-0.0374440374440374,0.0190567193044886,0.0180615267840375,0.0083045372094982,Subject row aggregates technical/nuisance repeats before inferential testing; within-subject CI is descriptive and not used as n for p-values.,EMG,10,EEGNet base16,-5.22317188983855,runs/hierarchical_downstream_stats_20260815_000000/hierarchical_subject_deltas.csv
hierarchical_downstream_stats_20260815_000000,eegnet,emg,16,A04,9,subject,3,1 2 3,3,42 43 44,3,501 502 503,27,0.4473684210526316,0.3875893437296946,-0.0597790773229369,-0.0657894736842105,0.0334942699396217,-0.0721247563352826,-0.0475958414554905,0.0046060581152559,0.0078023456520616,0.0078023456520616,Subject row aggregates technical/nuisance repeats before inferential testing; within-subject CI is descriptive and not used as n for p-values.,EMG,10,EEGNet base16,-5.97790773229369,runs/hierarchical_downstream_stats_20260815_000000/hierarchical_subject_deltas.csv
hierarchical_downstream_stats_20260815_000000,eegnet,emg,16,A05,9,subject,3,1 2 3,3,42 43 44,3,501 502 503,27,0.2801932367149758,0.2716049382716049,-0.0085882984433709,0.003623188405797,0.0381084298244757,-0.0234836285560923,0.0044283413848631,0.0198627067804654,0.0093319048044625,0.0212274018617612,Subject row aggregates technical/nuisance repeats before inferential testing; within-subject CI is descriptive and not used as n for p-values.,EMG,10,EEGNet base16,-0.85882984433709,runs/hierarchical_downstream_stats_20260815_000000/hierarchical_subject_deltas.csv
hierarchical_downstream_stats_20260815_000000,eegnet,emg,16,A06,9,subject,3,1 2 3,3,42 43 44,3,501 502 503,27,0.296640826873385,0.3254091300602929,0.0287683031869078,0.0232558139534883,0.0404047631889959,0.0141257536606373,0.0439276485788113,0.0277646544726814,0.0033624842887068,0.0235373900209477,Subject row aggregates technical/nuisance repeats before inferential testing; within-subject CI is descriptive and not used as n for p-values.,EMG,10,EEGNet base16,2.87683031869078,runs/hierarchical_downstream_stats_20260815_000000/hierarchical_subject_deltas.csv
hierarchical_downstream_stats_20260815_000000,eegnet,emg,16,A07,9,subject,3,1 2 3,3,42 43 44,3,501 502 503,27,0.385880465302848,0.4029950528145474,0.0171145875116994,0.0361010830324909,0.056370290950734,-0.0037438160181842,0.037972991041583,0.0328194567672295,0.0037054168901059,0.0437616588198762,Subject row aggregates technical/nuisance repeats before inferential testing; within-subject CI is descriptive and not used as n for p-values.,EMG,10,EEGNet base16,1.71145875116994,runs/hierarchical_downstream_stats_20260815_000000/hierarchical_subject_deltas.csv
hierarchical_downstream_stats_20260815_000000,eegnet,emg,16,A08,9,subject,3,1 2 3,3,42 43 44,3,501 502 503,27,0.5707257072570726,0.5283586169195025,-0.04236709033757,-0.047970479704797,0.0872284232423663,-0.0747574142408091,-0.010386770534372,0.0670332671295531,0.0218395346239586,0.0379033951848247,Subject row aggregates technical/nuisance repeats before inferential testing; within-subject CI is descriptive and not used as n for p-values.,EMG,10,EEGNet base16,-4.236709033757,runs/hierarchical_downstream_stats_20260815_000000/hierarchical_subject_deltas.csv
hierarchical_downstream_stats_20260815_000000,eegnet,emg,16,A09,9,subject,3,1 2 3,3,42 43 44,3,501 502 503,27,0.5526094276094276,0.5482603815937149,-0.0043490460157126,0.0,0.0634503722055311,-0.0286230359147025,0.01837822671156,0.0447343916003159,0.0178975179884582,0.0142994450149126,Subject row aggregates technical/nuisance repeats before inferential testing; within-subject CI is descriptive and not used as n for p-values.,EMG,10,EEGNet base16,-0.43490460157126,runs/hierarchical_downstream_stats_20260815_000000/hierarchical_subject_deltas.csv
hierarchical_downstream_stats_20260815_000000,eegnet,eog_emg_line,16,A01,9,subject,3,1 2 3,3,42 43 44,3,501 502 503,27,0.56425464610518,0.5985237906946093,0.0342691445894292,0.0249110320284697,0.0507917460603603,0.0162119414788453,0.0536476868327401,0.0071757783518208,0.0063553781211236,0.0104042023840073,Subject row aggregates technical/nuisance repeats before inferential testing; within-subject CI is descriptive and not used as n for p-values.,EOG+EMG+LINE,10,EEGNet base16,3.42691445894292,runs/hierarchical_downstream_stats_20260815_000000/hierarchical_subject_deltas.csv
hierarchical_downstream_stats_20260815_000000,eegnet,eog_emg_line,16,A02,9,subject,3,1 2 3,3,42 43 44,3,501 502 503,27,0.2952493129171574,0.274571391179165,-0.0206779217379924,-0.0176678445229682,0.0396606250071383,-0.0353356890459363,-0.0061510273524407,0.0080686102037944,0.0083962910259628,0.036967373022929,Subject row aggregates technical/nuisance repeats before inferential testing; within-subject CI is descriptive and not used as n for p-values.,EOG+EMG+LINE,10,EEGNet base16,-2.06779217379924,runs/hierarchical_downstream_stats_20260815_000000/hierarchical_subject_deltas.csv
hierarchical_downstream_stats_20260815_000000,eegnet,eog_emg_line,16,A03,9,subject,3,1 2 3,3,42 43 44,3,501 502 503,27,0.7134717134717135,0.6666666666666666,-0.0468050468050468,-0.0366300366300366,0.0546751455772542,-0.067697734364401,-0.0269976936643603,0.0180324606567975,0.0177360672116409,0.0095189381876487,Subject row aggregates technical/nuisance repeats before inferential testing; within-subject CI is descriptive and not used as n for p-values.,EOG+EMG+LINE,10,EEGNet base16,-4.68050468050468,runs/hierarchical_downstream_stats_20260815_000000/hierarchical_subject_deltas.csv
hierarchical_downstream_stats_20260815_000000,eegnet,eog_emg_line,16,A04,9,subject,3,1 2 3,3,42 43 44,3,501 502 503,27,0.4405458089668616,0.3981481481481481,-0.0423976608187134,-0.0394736842105263,0.0670592708416224,-0.0662768031189083,-0.0170565302144249,0.0579676262894346,0.007502341285741,0.0329118791518577,Subject row aggregates technical/nuisance repeats before inferential testing; within-subject CI is descriptive and not used as n for p-values.,EOG+EMG+LINE,10,EEGNet base16,-4.23976608187134,runs/hierarchical_downstream_stats_20260815_000000/hierarchical_subject_deltas.csv
hierarchical_downstream_stats_20260815_000000,eegnet,eog_emg_line,16,A05,9,subject,3,1 2 3,3,42 43 44,3,501 502 503,27,0.2693236714975845,0.2584541062801932,-0.0108695652173913,-0.0144927536231884,0.0333739028963609,-0.0230810520665593,0.0014761137949543,0.0017547902349197,0.0110323587810344,0.0247739958812647,Subject row aggregates technical/nuisance repeats before inferential testing; within-subject CI is descriptive and not used as n for p-values.,EOG+EMG+LINE,10,EEGNet base16,-1.0869565217391302,runs/hierarchical_downstream_stats_20260815_000000/hierarchical_subject_deltas.csv
hierarchical_downstream_stats_20260815_000000,eegnet,eog_emg_line,16,A06,9,subject,3,1 2 3,3,42 43 44,3,501 502 503,27,0.2630490956072351,0.3259259259259259,0.0628768303186907,0.0651162790697674,0.0313703702493957,0.0516795865633075,0.0745908699397071,0.0080781216797197,0.0007894187243679,0.0282320682686809,Subject row aggregates technical/nuisance repeats before inferential testing; within-subject CI is descriptive and not used as n for p-values.,EOG+EMG+LINE,10,EEGNet base16,6.2876830318690695,runs/hierarchical_downstream_stats_20260815_000000/hierarchical_subject_deltas.csv
hierarchical_downstream_stats_20260815_000000,eegnet,eog_emg_line,16,A07,9,subject,3,1 2 3,3,42 43 44,3,501 502 503,27,0.3910950661853189,0.3892231581762267,-0.0018719080090921,0.0,0.0478345414534069,-0.0197887418104024,0.0157808530552212,0.0164476794380872,0.0166373450469936,0.0387085566698609,Subject row aggregates technical/nuisance repeats before inferential testing; within-subject CI is descriptive and not used as n for p-values.,EOG+EMG+LINE,10,EEGNet base16,-0.18719080090921,runs/hierarchical_downstream_stats_20260815_000000/hierarchical_subject_deltas.csv
hierarchical_downstream_stats_20260815_000000,eegnet,eog_emg_line,16,A08,9,subject,3,1 2 3,3,42 43 44,3,501 502 503,27,0.5621156211562116,0.5550088834221676,-0.007106737734044,0.007380073800738,0.0639536643042259,-0.031570315703157,0.016126827934946,0.0366405442616339,0.0201875848992459,0.0168368139168621,Subject row aggregates technical/nuisance repeats before inferential testing; within-subject CI is descriptive and not used as n for p-values.,EOG+EMG+LINE,10,EEGNet base16,-0.7106737734044,runs/hierarchical_downstream_stats_20260815_000000/hierarchical_subject_deltas.csv
hierarchical_downstream_stats_20260815_000000,eegnet,eog_emg_line,16,A09,9,subject,3,1 2 3,3,42 43 44,3,501 502 503,27,0.5563973063973064,0.5782828282828283,0.0218855218855218,0.0265151515151514,0.0652481168871313,-0.0036475869809203,0.0446127946127946,0.0379091722505895,0.010885957202338,0.0309651064426202,Subject row aggregates technical/nuisance repeats before inferential testing; within-subject CI is descriptive and not used as n for p-values.,EOG+EMG+LINE,10,EEGNet base16,2.18855218855218,runs/hierarchical_downstream_stats_20260815_000000/hierarchical_subject_deltas.csv
hierarchical_downstream_stats_20260815_000000,deep4net,eog,6,A01,9,subject,3,1 2 3,3,42 43 44,3,501 502 503,27,0.5231316725978647,0.5124555160142349,-0.0106761565836298,-0.0177935943060498,0.0533351388029895,-0.0299195993146171,0.0090945037564254,0.0430056173662179,0.0120649634657116,0.0213523131672598,Subject row aggregates technical/nuisance repeats before inferential testing; within-subject CI is descriptive and not used as n for p-values.,EOG,11,Deep4Net base6,-1.06761565836298,runs/hierarchical_downstream_stats_20260815_000000/hierarchical_subject_deltas.csv
hierarchical_downstream_stats_20260815_000000,deep4net,eog,6,A02,9,subject,3,1 2 3,3,42 43 44,3,501 502 503,27,0.2701217118178249,0.2519303756052872,-0.0181913362125376,-0.0141342756183745,0.0278182347918076,-0.0285302970815338,-0.0082449941107184,0.0129107315326669,0.0012620927576224,0.0117807440287583,Subject row aggregates technical/nuisance repeats before inferential testing; within-subject CI is descriptive and not used as n for p-values.,EOG,11,Deep4Net base6,-1.81913362125376,runs/hierarchical_downstream_stats_20260815_000000/hierarchical_subject_deltas.csv
hierarchical_downstream_stats_20260815_000000,deep4net,eog,6,A03,9,subject,3,1 2 3,3,42 43 44,3,501 502 503,27,0.4704924704924705,0.5196038529371863,0.0491113824447157,0.0439560439560439,0.0364925464079122,0.0359517026183692,0.0624067290733957,0.0258512014982263,0.0099055348453516,0.0108091625489307,Subject row aggregates technical/nuisance repeats before inferential testing; within-subject CI is descriptive and not used as n for p-values.,EOG,11,Deep4Net base6,4.911138244471569,runs/hierarchical_downstream_stats_20260815_000000/hierarchical_subject_deltas.csv
hierarchical_downstream_stats_20260815_000000,deep4net,eog,6,A04,9,subject,3,1 2 3,3,42 43 44,3,501 502 503,27,0.3123781676413255,0.3140025990903184,0.0016244314489928,0.0,0.0304876899202067,-0.0094217024041585,0.0133203378817413,0.0049777626530359,0.0078931323023108,0.0064895985560228,Subject row aggregates technical/nuisance repeats before inferential testing; within-subject CI is descriptive and not used as n for p-values.,EOG,11,Deep4Net base6,0.16244314489928,runs/hierarchical_downstream_stats_20260815_000000/hierarchical_subject_deltas.csv
hierarchical_downstream_stats_20260815_000000,deep4net,eog,6,A05,9,subject,3,1 2 3,3,42 43 44,3,501 502 503,27,0.2753623188405797,0.2489264626945786,-0.026435856146001,-0.0253623188405797,0.0137715925469921,-0.0315351583467525,-0.0212023617820719,0.0092709207994717,0.0008380297904453,0.0105004831773964,Subject row aggregates technical/nuisance repeats before inferential testing; within-subject CI is descriptive and not used as n for p-values.,EOG,11,Deep4Net base6,-2.6435856146001,runs/hierarchical_downstream_stats_20260815_000000/hierarchical_subject_deltas.csv
hierarchical_downstream_stats_20260815_000000,deep4net,eog,6,A06,9,subject,3,1 2 3,3,42 43 44,3,501 502 503,27,0.283204134366925,0.2818260120585702,-0.0013781223083548,0.0,0.0280204851639876,-0.0115417743324719,0.0089621016365201,0.0170333701264194,0.0113968819342105,0.0085596956064116,Subject row aggregates technical/nuisance repeats before inferential testing; within-subject CI is descriptive and not used as n for p-values.,EOG,11,Deep4Net base6,-0.13781223083548,runs/hierarchical_downstream_stats_20260815_000000/hierarchical_subject_deltas.csv
hierarchical_downstream_stats_20260815_000000,deep4net,eog,6,A07,9,subject,3,1 2 3,3,42 43 44,3,501 502 503,27,0.3196951464099478,0.403529883674288,0.0838347372643401,0.0794223826714801,0.0296065002322975,0.0728707046396577,0.0947987698890226,0.0117563986279605,0.0094583442619748,0.022286713811615,Subject row aggregates technical/nuisance repeats before inferential testing; within-subject CI is descriptive and not used as n for p-values.,EOG,11,Deep4Net base6,8.38347372643401,runs/hierarchical_downstream_stats_20260815_000000/hierarchical_subject_deltas.csv
hierarchical_downstream_stats_20260815_000000,deep4net,eog,6,A08,9,subject,3,1 2 3,3,42 43 44,3,501 502 503,27,0.4128741287412874,0.4315976493098264,0.018723520568539,0.025830258302583,0.0486848910014957,-0.000273336066694,0.036217028836955,0.0183466336225199,0.0047520400849292,0.0373539012617503,Subject row aggregates technical/nuisance repeats before inferential testing; within-subject CI is descriptive and not used as n for p-values.,EOG,11,Deep4Net base6,1.8723520568539,runs/hierarchical_downstream_stats_20260815_000000/hierarchical_subject_deltas.csv
hierarchical_downstream_stats_20260815_000000,deep4net,eog,6,A09,9,subject,3,1 2 3,3,42 43 44,3,501 502 503,27,0.6414141414141414,0.648989898989899,0.0075757575757575,0.0151515151515151,0.0261800334473285,-0.0022481762065095,0.0169753086419753,0.0165805686898924,0.0032871421194893,0.0056622996831118,Subject row aggregates technical/nuisance repeats before inferential testing; within-subject CI is descriptive and not used as n for p-values.,EOG,11,Deep4Net base6,0.75757575757575,runs/hierarchical_downstream_stats_20260815_000000/hierarchical_subject_deltas.csv
hierarchical_downstream_stats_20260815_000000,deep4net,emg,6,A01,9,subject,3,1 2 3,3,42 43 44,3,501 502 503,27,0.5848161328588375,0.5440885725583234,-0.040727560300514,-0.0462633451957295,0.0382310198187971,-0.0548306313430868,-0.0264926848556741,0.0287239867515444,0.0112744779987214,0.0300123573098393,Subject row aggregates technical/nuisance repeats before inferential testing; within-subject CI is descriptive and not used as n for p-values.,EMG,11,Deep4Net base6,-4.0727560300514,runs/hierarchical_downstream_stats_20260815_000000/hierarchical_subject_deltas.csv
hierarchical_downstream_stats_20260815_000000,deep4net,emg,6,A02,9,subject,3,1 2 3,3,42 43 44,3,501 502 503,27,0.2673733804475854,0.2624002093966758,-0.0049731710509095,-0.0176678445229681,0.0360921909510206,-0.018063735113205,0.0087684858002879,0.0258781142138459,0.0016346022767696,0.0195890142568435,Subject row aggregates technical/nuisance repeats before inferential testing; within-subject CI is descriptive and not used as n for p-values.,EMG,11,Deep4Net base6,-0.49731710509095,runs/hierarchical_downstream_stats_20260815_000000/hierarchical_subject_deltas.csv
hierarchical_downstream_stats_20260815_000000,deep4net,emg,6,A03,9,subject,3,1 2 3,3,42 43 44,3,501 502 503,27,0.5754985754985755,0.595034595034595,0.0195360195360195,0.0183150183150183,0.0689414628066648,-0.0059693393026726,0.0455840455840455,0.0522341855092768,0.0118030118030118,0.0437539634983703,Subject row aggregates technical/nuisance repeats before inferential testing; within-subject CI is descriptive and not used as n for p-values.,EMG,11,Deep4Net base6,1.9536019536019502,runs/hierarchical_downstream_stats_20260815_000000/hierarchical_subject_deltas.csv
hierarchical_downstream_stats_20260815_000000,deep4net,emg,6,A04,9,subject,3,1 2 3,3,42 43 44,3,501 502 503,27,0.3791423001949318,0.3565627030539311,-0.0225795971410006,-0.0263157894736841,0.0327245644101494,-0.0346003898635477,-0.0107212475633528,0.0188888620664723,0.0043678783819846,0.0226717329631238,Subject row aggregates technical/nuisance repeats before inferential testing; within-subject CI is descriptive and not used as n for p-values.,EMG,11,Deep4Net base6,-2.25795971410006,runs/hierarchical_downstream_stats_20260815_000000/hierarchical_subject_deltas.csv
hierarchical_downstream_stats_20260815_000000,deep4net,emg,6,A05,9,subject,3,1 2 3,3,42 43 44,3,501 502 503,27,0.2479871175523349,0.2528180354267311,0.0048309178743961,0.0072463768115942,0.0226044789252972,-0.003623188405797,0.0131508319914117,0.0155500868887503,0.0070537099307307,0.006984441051891,Subject row aggregates technical/nuisance repeats before inferential testing; within-subject CI is descriptive and not used as n for p-values.,EMG,11,Deep4Net base6,0.48309178743961,runs/hierarchical_downstream_stats_20260815_000000/hierarchical_subject_deltas.csv
hierarchical_downstream_stats_20260815_000000,deep4net,emg,6,A06,9,subject,3,1 2 3,3,42 43 44,3,501 502 503,27,0.2811369509043928,0.3023255813953488,0.021188630490956,0.0186046511627906,0.0309958235851915,0.0099913867355727,0.0332472006890611,0.0228970314386312,0.0141624698770488,0.0039017232223621,Subject row aggregates technical/nuisance repeats before inferential testing; within-subject CI is descriptive and not used as n for p-values.,EMG,11,Deep4Net base6,2.1188630490956,runs/hierarchical_downstream_stats_20260815_000000/hierarchical_subject_deltas.csv
hierarchical_downstream_stats_20260815_000000,deep4net,emg,6,A07,9,subject,3,1 2 3,3,42 43 44,3,501 502 503,27,0.4825511432009627,0.4025939296697419,-0.0799572135312207,-0.0794223826714801,0.0436980711961313,-0.0961358470383741,-0.0636448723091322,0.0419213668779371,0.0105391878052887,0.0097046382198818,Subject row aggregates technical/nuisance repeats before inferential testing; within-subject CI is descriptive and not used as n for p-values.,EMG,11,Deep4Net base6,-7.995721353122071,runs/hierarchical_downstream_stats_20260815_000000/hierarchical_subject_deltas.csv
hierarchical_downstream_stats_20260815_000000,deep4net,emg,6,A08,9,subject,3,1 2 3,3,42 43 44,3,501 502 503,27,0.5510455104551045,0.5427087604209375,-0.008336750034167,-0.003690036900369,0.0537042771359901,-0.0278836955036216,0.0118935356020226,0.0289984318788149,0.0076191662510681,0.0504160576469097,Subject row aggregates technical/nuisance repeats before inferential testing; within-subject CI is descriptive and not used as n for p-values.,EMG,11,Deep4Net base6,-0.8336750034167,runs/hierarchical_downstream_stats_20260815_000000/hierarchical_subject_deltas.csv
hierarchical_downstream_stats_20260815_000000,deep4net,emg,6,A09,9,subject,3,1 2 3,3,42 43 44,3,501 502 503,27,0.6582491582491582,0.6394500561167228,-0.0187991021324354,-0.0189393939393939,0.0251365180498974,-0.0283389450056116,-0.0096766273849607,0.0146361406910717,0.0096557052792198,0.0074855901077183,Subject row aggregates technical/nuisance repeats before inferential testing; within-subject CI is descriptive and not used as n for p-values.,EMG,11,Deep4Net base6,-1.8799102132435401,runs/hierarchical_downstream_stats_20260815_000000/hierarchical_subject_deltas.csv
hierarchical_downstream_stats_20260815_000000,deep4net,eog_emg_line,6,A01,9,subject,3,1 2 3,3,42 43 44,3,501 502 503,27,0.5709766706207987,0.5369711348359035,-0.0340055357848952,-0.0320284697508896,0.0272874783374571,-0.0438908659549229,-0.0237247924080664,0.0166965538400295,0.0116697149571955,0.008228015834988,Subject row aggregates technical/nuisance repeats before inferential testing; within-subject CI is descriptive and not used as n for p-values.,EOG+EMG+LINE,11,Deep4Net base6,-3.4005535784895202,runs/hierarchical_downstream_stats_20260815_000000/hierarchical_subject_deltas.csv
hierarchical_downstream_stats_20260815_000000,deep4net,eog_emg_line,6,A02,9,subject,3,1 2 3,3,42 43 44,3,501 502 503,27,0.2520612485276796,0.2748331370239497,0.0227718884962701,0.0212014134275618,0.0253360232814656,0.0137416568511974,0.0321947389085198,0.018365159895605,0.003745344332222,0.0013600713055114,Subject row aggregates technical/nuisance repeats before inferential testing; within-subject CI is descriptive and not used as n for p-values.,EOG+EMG+LINE,11,Deep4Net base6,2.27718884962701,runs/hierarchical_downstream_stats_20260815_000000/hierarchical_subject_deltas.csv
hierarchical_downstream_stats_20260815_000000,deep4net,eog_emg_line,6,A03,9,subject,3,1 2 3,3,42 43 44,3,501 502 503,27,0.5759055759055759,0.5826889160222494,0.0067833401166734,0.0,0.0457137043770034,-0.0101750101750101,0.0234703568036901,0.0235122741347333,0.010786150704274,0.0221294970517208,Subject row aggregates technical/nuisance repeats before inferential testing; within-subject CI is descriptive and not used as n for p-values.,EOG+EMG+LINE,11,Deep4Net base6,0.67833401166734,runs/hierarchical_downstream_stats_20260815_000000/hierarchical_subject_deltas.csv
hierarchical_downstream_stats_20260815_000000,deep4net,eog_emg_line,6,A04,9,subject,3,1 2 3,3,42 43 44,3,501 502 503,27,0.3689083820662768,0.3729694606887589,0.0040610786224821,0.0131578947368421,0.0365931665455271,-0.0097506497725796,0.0168940870695256,0.0266312642847433,0.0024528376982686,0.020306692615987,Subject row aggregates technical/nuisance repeats before inferential testing; within-subject CI is descriptive and not used as n for p-values.,EOG+EMG+LINE,11,Deep4Net base6,0.40610786224821,runs/hierarchical_downstream_stats_20260815_000000/hierarchical_subject_deltas.csv
hierarchical_downstream_stats_20260815_000000,deep4net,eog_emg_line,6,A05,9,subject,3,1 2 3,3,42 43 44,3,501 502 503,27,0.2419484702093397,0.2662372517444981,0.0242887815351583,0.0217391304347825,0.0271844055331046,0.014224369296833,0.0343531937734836,0.0185418415989435,0.0082928151129792,0.0078922790942204,Subject row aggregates technical/nuisance repeats before inferential testing; within-subject CI is descriptive and not used as n for p-values.,EOG+EMG+LINE,11,Deep4Net base6,2.42887815351583,runs/hierarchical_downstream_stats_20260815_000000/hierarchical_subject_deltas.csv
hierarchical_downstream_stats_20260815_000000,deep4net,eog_emg_line,6,A06,9,subject,3,1 2 3,3,42 43 44,3,501 502 503,27,0.2909560723514212,0.2825150732127476,-0.0084409991386735,-0.0093023255813953,0.023717669179786,-0.0170542635658914,0.000516795865633,0.016636760487752,0.0043031855286121,0.0034409964436586,Subject row aggregates technical/nuisance repeats before inferential testing; within-subject CI is descriptive and not used as n for p-values.,EOG+EMG+LINE,11,Deep4Net base6,-0.84409991386735,runs/hierarchical_downstream_stats_20260815_000000/hierarchical_subject_deltas.csv
hierarchical_downstream_stats_20260815_000000,deep4net,eog_emg_line,6,A07,9,subject,3,1 2 3,3,42 43 44,3,501 502 503,27,0.4271961492178098,0.3967107902125952,-0.0304853590052145,-0.0252707581227436,0.0608248928866685,-0.0536201363818692,-0.0081528279181709,0.0531681125051418,0.0053965599867924,0.0159392831819538,Subject row aggregates technical/nuisance repeats before inferential testing; within-subject CI is descriptive and not used as n for p-values.,EOG+EMG+LINE,11,Deep4Net base6,-3.04853590052145,runs/hierarchical_downstream_stats_20260815_000000/hierarchical_subject_deltas.csv
hierarchical_downstream_stats_20260815_000000,deep4net,eog_emg_line,6,A08,9,subject,3,1 2 3,3,42 43 44,3,501 502 503,27,0.5584255842558425,0.5617056170561706,0.0032800328003279,-0.007380073800738,0.0670510762916723,-0.01913352466858,0.029656963236299,0.0397873014971976,0.0021695377704506,0.0519201840697883,Subject row aggregates technical/nuisance repeats before inferential testing; within-subject CI is descriptive and not used as n for p-values.,EOG+EMG+LINE,11,Deep4Net base6,0.32800328003279,runs/hierarchical_downstream_stats_20260815_000000/hierarchical_subject_deltas.csv
hierarchical_downstream_stats_20260815_000000,deep4net,eog_emg_line,6,A09,9,subject,3,1 2 3,3,42 43 44,3,501 502 503,27,0.6725589225589226,0.6697530864197531,-0.0028058361391694,0.0,0.0211577462573552,-0.0109427609427609,0.0047699214365881,0.0127403191168435,0.0096005118467596,0.0129403507941641,Subject row aggregates technical/nuisance repeats before inferential testing; within-subject CI is descriptive and not used as n for p-values.,EOG+EMG+LINE,11,Deep4Net base6,-0.28058361391694,runs/hierarchical_downstream_stats_20260815_000000/hierarchical_subject_deltas.csv
hierarchical_downstream_stats_20260815_000000,deep4net,eog,16,A01,9,subject,3,1 2 3,3,42 43 44,3,501 502 503,27,0.5231316725978647,0.5244497166205351,0.0013180440226703,0.00711743772242,0.0414679517600191,-0.0142348754448398,0.0164755502833794,0.0311708354902127,0.0029940204801899,0.0122535569182828,Subject row aggregates technical/nuisance repeats before inferential testing; within-subject CI is descriptive and not used as n for p-values.,EOG,12,Deep4Net base16,0.13180440226703,runs/hierarchical_downstream_stats_20260815_000000/hierarchical_subject_deltas.csv
hierarchical_downstream_stats_20260815_000000,deep4net,eog,16,A02,9,subject,3,1 2 3,3,42 43 44,3,501 502 503,27,0.2701217118178249,0.2483968067006936,-0.0217249051171312,-0.0212014134275618,0.0222125407106549,-0.029708153383065,-0.0136107839288051,0.0052283691546756,0.0025241855152448,0.008532874394819,Subject row aggregates technical/nuisance repeats before inferential testing; within-subject CI is descriptive and not used as n for p-values.,EOG,12,Deep4Net base16,-2.17249051171312,runs/hierarchical_downstream_stats_20260815_000000/hierarchical_subject_deltas.csv
hierarchical_downstream_stats_20260815_000000,deep4net,eog,16,A03,9,subject,3,1 2 3,3,42 43 44,3,501 502 503,27,0.4704924704924705,0.5453805453805454,0.0748880748880748,0.0622710622710622,0.0482898472556106,0.0573870573870573,0.0927960927960927,0.0387228323720514,0.0140989076725183,0.0061590337608553,Subject row aggregates technical/nuisance repeats before inferential testing; within-subject CI is descriptive and not used as n for p-values.,EOG,12,Deep4Net base16,7.488807488807479,runs/hierarchical_downstream_stats_20260815_000000/hierarchical_subject_deltas.csv
hierarchical_downstream_stats_20260815_000000,deep4net,eog,16,A04,9,subject,3,1 2 3,3,42 43 44,3,501 502 503,27,0.3123781676413255,0.3143274853801169,0.0019493177387914,0.0,0.0292031935021025,-0.0086094866796621,0.0126705653021442,0.0065924703988638,0.0049458535892262,0.0063726592741822,Subject row aggregates technical/nuisance repeats before inferential testing; within-subject CI is descriptive and not used as n for p-values.,EOG,12,Deep4Net base16,0.19493177387913999,runs/hierarchical_downstream_stats_20260815_000000/hierarchical_subject_deltas.csv
hierarchical_downstream_stats_20260815_000000,deep4net,eog,16,A05,9,subject,3,1 2 3,3,42 43 44,3,501 502 503,27,0.2753623188405797,0.2529522275899087,-0.0224100912506709,-0.0253623188405797,0.0131036114268994,-0.0272410091250671,-0.0174449812130971,0.0089326029203664,0.001902502264997,0.0069300865988595,Subject row aggregates technical/nuisance repeats before inferential testing; within-subject CI is descriptive and not used as n for p-values.,EOG,12,Deep4Net base16,-2.24100912506709,runs/hierarchical_downstream_stats_20260815_000000/hierarchical_subject_deltas.csv
hierarchical_downstream_stats_20260815_000000,deep4net,eog,16,A06,9,subject,3,1 2 3,3,42 43 44,3,501 502 503,27,0.283204134366925,0.2959517657192075,0.0127476313522825,0.0093023255813953,0.0299100061228483,0.002411714039621,0.0242894056847545,0.019748996364946,0.0074593058034835,0.0168124214435341,Subject row aggregates technical/nuisance repeats before inferential testing; within-subject CI is descriptive and not used as n for p-values.,EOG,12,Deep4Net base16,1.27476313522825,runs/hierarchical_downstream_stats_20260815_000000/hierarchical_subject_deltas.csv
hierarchical_downstream_stats_20260815_000000,deep4net,eog,16,A07,9,subject,3,1 2 3,3,42 43 44,3,501 502 503,27,0.3196951464099478,0.3926995587645407,0.0730044123545928,0.0685920577617328,0.0350203884929029,0.059901056290948,0.0859740607033025,0.004863359668264,0.0094838270497688,0.0247301446318465,Subject row aggregates technical/nuisance repeats before inferential testing; within-subject CI is descriptive and not used as n for p-values.,EOG,12,Deep4Net base16,7.300441235459281,runs/hierarchical_downstream_stats_20260815_000000/hierarchical_subject_deltas.csv
hierarchical_downstream_stats_20260815_000000,deep4net,eog,16,A08,9,subject,3,1 2 3,3,42 43 44,3,501 502 503,27,0.4128741287412874,0.4272242722427224,0.014350143501435,0.011070110701107,0.0462398052866497,-0.002870028700287,0.032116987836545,0.0229712092297358,0.0107777281083189,0.0332179239041067,Subject row aggregates technical/nuisance repeats before inferential testing; within-subject CI is descriptive and not used as n for p-values.,EOG,12,Deep4Net base16,1.4350143501435,runs/hierarchical_downstream_stats_20260815_000000/hierarchical_subject_deltas.csv
hierarchical_downstream_stats_20260815_000000,deep4net,eog,16,A09,9,subject,3,1 2 3,3,42 43 44,3,501 502 503,27,0.6414141414141414,0.654040404040404,0.0126262626262626,0.0151515151515151,0.0216070054096298,0.0046296296296296,0.0204826038159371,0.0207769276888846,0.0051028432882921,0.0040587755728084,Subject row aggregates technical/nuisance repeats before inferential testing; within-subject CI is descriptive and not used as n for p-values.,EOG,12,Deep4Net base16,1.26262626262626,runs/hierarchical_downstream_stats_20260815_000000/hierarchical_subject_deltas.csv
hierarchical_downstream_stats_20260815_000000,deep4net,emg,16,A01,9,subject,3,1 2 3,3,42 43 44,3,501 502 503,27,0.5848161328588375,0.5378937656517728,-0.0469223672070647,-0.0462633451957295,0.0433278395899811,-0.0627421905891656,-0.0308422301304863,0.0380282540177702,0.0120865427415231,0.0299741294191031,Subject row aggregates technical/nuisance repeats before inferential testing; within-subject CI is descriptive and not used as n for p-values.,EMG,12,Deep4Net base16,-4.69223672070647,runs/hierarchical_downstream_stats_20260815_000000/hierarchical_subject_deltas.csv
hierarchical_downstream_stats_20260815_000000,deep4net,emg,16,A02,9,subject,3,1 2 3,3,42 43 44,3,501 502 503,27,0.2673733804475854,0.2605679884831828,-0.0068053919644025,-0.0141342756183745,0.0292524797152051,-0.0172752257557911,0.0041879335165554,0.0192516693397208,0.0075146589294362,0.023361091588532,Subject row aggregates technical/nuisance repeats before inferential testing; within-subject CI is descriptive and not used as n for p-values.,EMG,12,Deep4Net base16,-0.68053919644025,runs/hierarchical_downstream_stats_20260815_000000/hierarchical_subject_deltas.csv
hierarchical_downstream_stats_20260815_000000,deep4net,emg,16,A03,9,subject,3,1 2 3,3,42 43 44,3,501 502 503,27,0.5754985754985755,0.5813322479989147,0.0058336725003391,0.0073260073260073,0.0606016530731131,-0.0164156830823497,0.0291683625016958,0.0411338970476493,0.0133836521016291,0.044350596120933,Subject row aggregates technical/nuisance repeats before inferential testing; within-subject CI is descriptive and not used as n for p-values.,EMG,12,Deep4Net base16,0.58336725003391,runs/hierarchical_downstream_stats_20260815_000000/hierarchical_subject_deltas.csv
hierarchical_downstream_stats_20260815_000000,deep4net,emg,16,A04,9,subject,3,1 2 3,3,42 43 44,3,501 502 503,27,0.3791423001949318,0.3632228719948018,-0.0159194282001299,-0.0087719298245613,0.0368796028119152,-0.0297270955165691,-0.0021117608836907,0.0121962243955139,0.0078931323023108,0.0306836998390428,Subject row aggregates technical/nuisance repeats before inferential testing; within-subject CI is descriptive and not used as n for p-values.,EMG,12,Deep4Net base16,-1.5919428200129901,runs/hierarchical_downstream_stats_20260815_000000/hierarchical_subject_deltas.csv
hierarchical_downstream_stats_20260815_000000,deep4net,emg,16,A05,9,subject,3,1 2 3,3,42 43 44,3,501 502 503,27,0.2479871175523349,0.2580515297906602,0.0100644122383252,0.0108695652173912,0.0210148131038256,0.0021470746108427,0.0178475577026301,0.0150414989470768,0.0031442228969028,0.0075207494735384,Subject row aggregates technical/nuisance repeats before inferential testing; within-subject CI is descriptive and not used as n for p-values.,EMG,12,Deep4Net base16,1.00644122383252,runs/hierarchical_downstream_stats_20260815_000000/hierarchical_subject_deltas.csv
hierarchical_downstream_stats_20260815_000000,deep4net,emg,16,A06,9,subject,3,1 2 3,3,42 43 44,3,501 502 503,27,0.2811369509043928,0.2869939707149009,0.0058570198105081,0.0139534883720929,0.0297426269721541,-0.0051679586563307,0.0165374677002583,0.0252243680347541,0.0040141878372888,0.0007894187243679,Subject row aggregates technical/nuisance repeats before inferential testing; within-subject CI is descriptive and not used as n for p-values.,EMG,12,Deep4Net base16,0.58570198105081,runs/hierarchical_downstream_stats_20260815_000000/hierarchical_subject_deltas.csv
hierarchical_downstream_stats_20260815_000000,deep4net,emg,16,A07,9,subject,3,1 2 3,3,42 43 44,3,501 502 503,27,0.4825511432009627,0.3995186522262334,-0.0830324909747292,-0.0866425992779783,0.0419337159738886,-0.0981448054552747,-0.0675223960422516,0.0383466173831809,0.0088701742428784,0.0063041450643809,Subject row aggregates technical/nuisance repeats before inferential testing; within-subject CI is descriptive and not used as n for p-values.,EMG,12,Deep4Net base16,-8.30324909747292,runs/hierarchical_downstream_stats_20260815_000000/hierarchical_subject_deltas.csv
hierarchical_downstream_stats_20260815_000000,deep4net,emg,16,A08,9,subject,3,1 2 3,3,42 43 44,3,501 502 503,27,0.5510455104551045,0.5443487768211015,-0.006696733634003,-0.0036900369003689,0.0496658535677845,-0.025146918135848,0.011343446767801,0.0281273968981017,0.0105358556086964,0.0471884855465188,Subject row aggregates technical/nuisance repeats before inferential testing; within-subject CI is descriptive and not used as n for p-values.,EMG,12,Deep4Net base16,-0.6696733634003,runs/hierarchical_downstream_stats_20260815_000000/hierarchical_subject_deltas.csv
hierarchical_downstream_stats_20260815_000000,deep4net,emg,16,A09,9,subject,3,1 2 3,3,42 43 44,3,501 502 503,27,0.6582491582491582,0.6428170594837261,-0.015432098765432,-0.0189393939393939,0.0366485223486078,-0.0283389450056116,-0.0012626262626262,0.0322219466216735,0.0121569144673905,0.0093196429182055,Subject row aggregates technical/nuisance repeats before inferential testing; within-subject CI is descriptive and not used as n for p-values.,EMG,12,Deep4Net base16,-1.5432098765432,runs/hierarchical_downstream_stats_20260815_000000/hierarchical_subject_deltas.csv
hierarchical_downstream_stats_20260815_000000,deep4net,eog_emg_line,16,A01,9,subject,3,1 2 3,3,42 43 44,3,501 502 503,27,0.5709766706207987,0.5332806115724266,-0.0376960590483722,-0.0284697508896797,0.0302814477358956,-0.0490312376433372,-0.0264926848556741,0.0181732414579091,0.0144167749190724,0.0096559656820309,Subject row aggregates technical/nuisance repeats before inferential testing; within-subject CI is descriptive and not used as n for p-values.,EOG+EMG+LINE,12,Deep4Net base16,-3.7696059048372197,runs/hierarchical_downstream_stats_20260815_000000/hierarchical_subject_deltas.csv
hierarchical_downstream_stats_20260815_000000,deep4net,eog_emg_line,16,A02,9,subject,3,1 2 3,3,42 43 44,3,501 502 503,27,0.2520612485276796,0.2804606726868211,0.0283994241591414,0.0318021201413427,0.0273793535478777,0.0180604632901452,0.0380840204161759,0.0148591204963085,0.0072430802785089,0.0065029489589346,Subject row aggregates technical/nuisance repeats before inferential testing; within-subject CI is descriptive and not used as n for p-values.,EOG+EMG+LINE,12,Deep4Net base16,2.83994241591414,runs/hierarchical_downstream_stats_20260815_000000/hierarchical_subject_deltas.csv
hierarchical_downstream_stats_20260815_000000,deep4net,eog_emg_line,16,A03,9,subject,3,1 2 3,3,42 43 44,3,501 502 503,27,0.5759055759055759,0.5832315832315832,0.0073260073260073,0.0183150183150182,0.0503682214854291,-0.0120743454076787,0.0249660832994165,0.0143088285154635,0.0138559581038251,0.0205887502970154,Subject row aggregates technical/nuisance repeats before inferential testing; within-subject CI is descriptive and not used as n for p-values.,EOG+EMG+LINE,12,Deep4Net base16,0.73260073260073,runs/hierarchical_downstream_stats_20260815_000000/hierarchical_subject_deltas.csv
hierarchical_downstream_stats_20260815_000000,deep4net,eog_emg_line,16,A04,9,subject,3,1 2 3,3,42 43 44,3,501 502 503,27,0.3689083820662768,0.3635477582846004,-0.0053606237816764,0.0,0.0406070123702617,-0.0209551656920078,0.0092592592592592,0.029655107287761,0.0078428250192159,0.0162215565078881,Subject row aggregates technical/nuisance repeats before inferential testing; within-subject CI is descriptive and not used as n for p-values.,EOG+EMG+LINE,12,Deep4Net base16,-0.53606237816764,runs/hierarchical_downstream_stats_20260815_000000/hierarchical_subject_deltas.csv
hierarchical_downstream_stats_20260815_000000,deep4net,eog_emg_line,16,A05,9,subject,3,1 2 3,3,42 43 44,3,501 502 503,27,0.2419484702093397,0.2623456790123457,0.0203972088030059,0.0181159420289855,0.0212493162460919,0.012614063338701,0.0281803542673107,0.0142919378782279,0.008599822850248,0.0074811378769545,Subject row aggregates technical/nuisance repeats before inferential testing; within-subject CI is descriptive and not used as n for p-values.,EOG+EMG+LINE,12,Deep4Net base16,2.03972088030059,runs/hierarchical_downstream_stats_20260815_000000/hierarchical_subject_deltas.csv
hierarchical_downstream_stats_20260815_000000,deep4net,eog_emg_line,16,A06,9,subject,3,1 2 3,3,42 43 44,3,501 502 503,27,0.2909560723514212,0.2907838070628768,-0.0001722652885443,0.0,0.0246616739827922,-0.0094788975021533,0.0087855297157622,0.0041772112499507,0.0033624842887068,0.0099720624554048,Subject row aggregates technical/nuisance repeats before inferential testing; within-subject CI is descriptive and not used as n for p-values.,EOG+EMG+LINE,12,Deep4Net base16,-0.01722652885443,runs/hierarchical_downstream_stats_20260815_000000/hierarchical_subject_deltas.csv
hierarchical_downstream_stats_20260815_000000,deep4net,eog_emg_line,16,A07,9,subject,3,1 2 3,3,42 43 44,3,501 502 503,27,0.4271961492178098,0.3992512367963631,-0.0279449124214467,-0.0036101083032491,0.0634329922041047,-0.0521493515175825,-0.0054820163123412,0.0480834954351588,0.0037270650794936,0.0179492336162559,Subject row aggregates technical/nuisance repeats before inferential testing; within-subject CI is descriptive and not used as n for p-values.,EOG+EMG+LINE,12,Deep4Net base16,-2.79449124214467,runs/hierarchical_downstream_stats_20260815_000000/hierarchical_subject_deltas.csv
hierarchical_downstream_stats_20260815_000000,deep4net,eog_emg_line,16,A08,9,subject,3,1 2 3,3,42 43 44,3,501 502 503,27,0.5584255842558425,0.5685390187235205,0.010113434467678,-0.0110701107011069,0.0609229501487153,-0.011343446767801,0.0338970889708896,0.0296604269703576,0.0101291206580225,0.0520759010584701,Subject row aggregates technical/nuisance repeats before inferential testing; within-subject CI is descriptive and not used as n for p-values.,EOG+EMG+LINE,12,Deep4Net base16,1.0113434467678,runs/hierarchical_downstream_stats_20260815_000000/hierarchical_subject_deltas.csv
hierarchical_downstream_stats_20260815_000000,deep4net,eog_emg_line,16,A09,9,subject,3,1 2 3,3,42 43 44,3,501 502 503,27,0.6725589225589226,0.6741021324354658,0.0015432098765432,0.0075757575757575,0.0283509361894098,-0.0092592592592592,0.0119248035914702,0.0175426476232778,0.0058972641854612,0.020317140663328,Subject row aggregates technical/nuisance repeats before inferential testing; within-subject CI is descriptive and not used as n for p-values.,EOG+EMG+LINE,12,Deep4Net base16,0.15432098765432,runs/hierarchical_downstream_stats_20260815_000000/hierarchical_subject_deltas.csv
