task,task_label,base,base_label,seed,epoch,train_loss,val_SDR,budget,lr,source_file,aggregation
emg,EMG,4,base4,42,1,0.1310396167494001,2.129108287669994,extended,0.001,results\manuscript_figure_data\supp_s1_seed_histories.csv,individual matched extended-training seed trajectory (no aggregation)
emg,EMG,4,base4,42,2,0.0839262042726789,5.865368224956371,extended,0.001,results\manuscript_figure_data\supp_s1_seed_histories.csv,individual matched extended-training seed trajectory (no aggregation)
emg,EMG,4,base4,42,3,0.06884183475659,6.280032581753201,extended,0.001,results\manuscript_figure_data\supp_s1_seed_histories.csv,individual matched extended-training seed trajectory (no aggregation)
emg,EMG,4,base4,42,4,0.0670651826120558,6.4442310686464666,extended,0.001,results\manuscript_figure_data\supp_s1_seed_histories.csv,individual matched extended-training seed trajectory (no aggregation)
emg,EMG,4,base4,42,5,0.0662414448956648,6.494819464506926,extended,0.001,results\manuscript_figure_data\supp_s1_seed_histories.csv,individual matched extended-training seed trajectory (no aggregation)
emg,EMG,4,base4,42,6,0.0657269179111435,6.526381298347756,extended,0.001,results\manuscript_figure_data\supp_s1_seed_histories.csv,individual matched extended-training seed trajectory (no aggregation)
emg,EMG,4,base4,42,7,0.0654175133222625,6.607250195962411,extended,0.001,results\manuscript_figure_data\supp_s1_seed_histories.csv,individual matched extended-training seed trajectory (no aggregation)
emg,EMG,4,base4,42,8,0.0651867847889661,6.6095029336434825,extended,0.001,results\manuscript_figure_data\supp_s1_seed_histories.csv,individual matched extended-training seed trajectory (no aggregation)
emg,EMG,4,base4,42,9,0.0650253433201994,6.645519115306713,extended,0.001,results\manuscript_figure_data\supp_s1_seed_histories.csv,individual matched extended-training seed trajectory (no aggregation)
emg,EMG,4,base4,42,10,0.0649188025366692,6.682754163388853,extended,0.001,results\manuscript_figure_data\supp_s1_seed_histories.csv,individual matched extended-training seed trajectory (no aggregation)
emg,EMG,4,base4,42,11,0.0647714184685832,6.68582441188671,extended,0.001,results\manuscript_figure_data\supp_s1_seed_histories.csv,individual matched extended-training seed trajectory (no aggregation)
emg,EMG,4,base4,42,12,0.0646678287003721,6.701508875246401,extended,0.001,results\manuscript_figure_data\supp_s1_seed_histories.csv,individual matched extended-training seed trajectory (no aggregation)
emg,EMG,4,base4,42,13,0.0646009600588253,6.708811530360469,extended,0.001,results\manuscript_figure_data\supp_s1_seed_histories.csv,individual matched extended-training seed trajectory (no aggregation)
emg,EMG,4,base4,42,14,0.0644948749847355,6.711356233667444,extended,0.001,results\manuscript_figure_data\supp_s1_seed_histories.csv,individual matched extended-training seed trajectory (no aggregation)
emg,EMG,4,base4,42,15,0.0643954695690245,6.717787177474411,extended,0.001,results\manuscript_figure_data\supp_s1_seed_histories.csv,individual matched extended-training seed trajectory (no aggregation)
emg,EMG,4,base4,42,16,0.0643418535235382,6.719453352468985,extended,0.001,results\manuscript_figure_data\supp_s1_seed_histories.csv,individual matched extended-training seed trajectory (no aggregation)
emg,EMG,4,base4,42,17,0.0642644916261945,6.668670460029885,extended,0.001,results\manuscript_figure_data\supp_s1_seed_histories.csv,individual matched extended-training seed trajectory (no aggregation)
emg,EMG,4,base4,42,18,0.0641971741758641,6.762178315056695,extended,0.001,results\manuscript_figure_data\supp_s1_seed_histories.csv,individual matched extended-training seed trajectory (no aggregation)
emg,EMG,4,base4,42,19,0.0641904556680293,6.768590097074156,extended,0.001,results\manuscript_figure_data\supp_s1_seed_histories.csv,individual matched extended-training seed trajectory (no aggregation)
emg,EMG,4,base4,42,20,0.064067933140766,6.774473313932066,extended,0.001,results\manuscript_figure_data\supp_s1_seed_histories.csv,individual matched extended-training seed trajectory (no aggregation)
emg,EMG,4,base4,42,21,0.0640598925806227,6.781924459669325,extended,0.001,results\manuscript_figure_data\supp_s1_seed_histories.csv,individual matched extended-training seed trajectory (no aggregation)
emg,EMG,4,base4,42,22,0.0640119421872354,6.782040136831778,extended,0.001,results\manuscript_figure_data\supp_s1_seed_histories.csv,individual matched extended-training seed trajectory (no aggregation)
emg,EMG,4,base4,42,23,0.0639522310701154,6.810595865602847,extended,0.001,results\manuscript_figure_data\supp_s1_seed_histories.csv,individual matched extended-training seed trajectory (no aggregation)
emg,EMG,4,base4,42,24,0.0638931665569543,6.794265058305529,extended,0.001,results\manuscript_figure_data\supp_s1_seed_histories.csv,individual matched extended-training seed trajectory (no aggregation)
emg,EMG,4,base4,42,25,0.0638619375725587,6.8225362212569625,extended,0.001,results\manuscript_figure_data\supp_s1_seed_histories.csv,individual matched extended-training seed trajectory (no aggregation)
emg,EMG,4,base4,42,26,0.0638377171187173,6.792446383723506,extended,0.001,results\manuscript_figure_data\supp_s1_seed_histories.csv,individual matched extended-training seed trajectory (no aggregation)
emg,EMG,4,base4,42,27,0.0638270648285037,6.809022514908402,extended,0.001,results\manuscript_figure_data\supp_s1_seed_histories.csv,individual matched extended-training seed trajectory (no aggregation)
emg,EMG,4,base4,42,28,0.0637645929874408,6.814621413195575,extended,0.001,results\manuscript_figure_data\supp_s1_seed_histories.csv,individual matched extended-training seed trajectory (no aggregation)
emg,EMG,4,base4,42,29,0.0637145455394472,6.823916788454409,extended,0.001,results\manuscript_figure_data\supp_s1_seed_histories.csv,individual matched extended-training seed trajectory (no aggregation)
emg,EMG,4,base4,42,30,0.0637141276860521,6.806727338720251,extended,0.001,results\manuscript_figure_data\supp_s1_seed_histories.csv,individual matched extended-training seed trajectory (no aggregation)
emg,EMG,4,base4,42,31,0.0636688145321039,6.8425262062637895,extended,0.001,results\manuscript_figure_data\supp_s1_seed_histories.csv,individual matched extended-training seed trajectory (no aggregation)
emg,EMG,4,base4,42,32,0.0636453767085359,6.828869219179507,extended,0.001,results\manuscript_figure_data\supp_s1_seed_histories.csv,individual matched extended-training seed trajectory (no aggregation)
emg,EMG,4,base4,42,33,0.0636233231141453,6.821405322463424,extended,0.001,results\manuscript_figure_data\supp_s1_seed_histories.csv,individual matched extended-training seed trajectory (no aggregation)
emg,EMG,4,base4,42,34,0.0636215932667255,6.85348982281155,extended,0.001,results\manuscript_figure_data\supp_s1_seed_histories.csv,individual matched extended-training seed trajectory (no aggregation)
emg,EMG,4,base4,42,35,0.0635933915596632,6.81180637854117,extended,0.001,results\manuscript_figure_data\supp_s1_seed_histories.csv,individual matched extended-training seed trajectory (no aggregation)
emg,EMG,4,base4,42,36,0.0635718476204645,6.84919747599849,extended,0.001,results\manuscript_figure_data\supp_s1_seed_histories.csv,individual matched extended-training seed trajectory (no aggregation)
emg,EMG,4,base4,42,37,0.0635652074856417,6.870126053139016,extended,0.001,results\manuscript_figure_data\supp_s1_seed_histories.csv,individual matched extended-training seed trajectory (no aggregation)
emg,EMG,4,base4,42,38,0.0635044017185767,6.832314367647524,extended,0.001,results\manuscript_figure_data\supp_s1_seed_histories.csv,individual matched extended-training seed trajectory (no aggregation)
emg,EMG,4,base4,42,39,0.063498311028594,6.864977907251428,extended,0.001,results\manuscript_figure_data\supp_s1_seed_histories.csv,individual matched extended-training seed trajectory (no aggregation)
emg,EMG,4,base4,42,40,0.0635020573401735,6.840897560119629,extended,0.001,results\manuscript_figure_data\supp_s1_seed_histories.csv,individual matched extended-training seed trajectory (no aggregation)
emg,EMG,4,base4,42,41,0.063436657864423,6.855655087365045,extended,0.001,results\manuscript_figure_data\supp_s1_seed_histories.csv,individual matched extended-training seed trajectory (no aggregation)
emg,EMG,4,base4,42,42,0.0634334241173097,6.865145806913023,extended,0.001,results\manuscript_figure_data\supp_s1_seed_histories.csv,individual matched extended-training seed trajectory (no aggregation)
emg,EMG,4,base4,42,43,0.0634263006704194,6.879309442308214,extended,0.001,results\manuscript_figure_data\supp_s1_seed_histories.csv,individual matched extended-training seed trajectory (no aggregation)
emg,EMG,4,base4,42,44,0.0634110997475329,6.873998200451887,extended,0.001,results\manuscript_figure_data\supp_s1_seed_histories.csv,individual matched extended-training seed trajectory (no aggregation)
emg,EMG,4,base4,42,45,0.0634019809642008,6.856415059831408,extended,0.001,results\manuscript_figure_data\supp_s1_seed_histories.csv,individual matched extended-training seed trajectory (no aggregation)
emg,EMG,4,base4,42,46,0.0633907477947927,6.830975285282841,extended,0.001,results\manuscript_figure_data\supp_s1_seed_histories.csv,individual matched extended-training seed trajectory (no aggregation)
emg,EMG,4,base4,42,47,0.0633733093028976,6.889894944650155,extended,0.001,results\manuscript_figure_data\supp_s1_seed_histories.csv,individual matched extended-training seed trajectory (no aggregation)
emg,EMG,4,base4,42,48,0.0633653119206428,6.886084221027516,extended,0.001,results\manuscript_figure_data\supp_s1_seed_histories.csv,individual matched extended-training seed trajectory (no aggregation)
emg,EMG,4,base4,42,49,0.0633368045269023,6.890585369533962,extended,0.001,results\manuscript_figure_data\supp_s1_seed_histories.csv,individual matched extended-training seed trajectory (no aggregation)
emg,EMG,4,base4,42,50,0.0633624698257162,6.891016324361165,extended,0.001,results\manuscript_figure_data\supp_s1_seed_histories.csv,individual matched extended-training seed trajectory (no aggregation)
emg,EMG,4,base4,42,51,0.0633543848636604,6.8780203395419655,extended,0.001,results\manuscript_figure_data\supp_s1_seed_histories.csv,individual matched extended-training seed trajectory (no aggregation)
emg,EMG,4,base4,42,52,0.0633229601241293,6.895158485130027,extended,0.001,results\manuscript_figure_data\supp_s1_seed_histories.csv,individual matched extended-training seed trajectory (no aggregation)
emg,EMG,4,base4,42,53,0.0633172132784412,6.8974151611328125,extended,0.001,results\manuscript_figure_data\supp_s1_seed_histories.csv,individual matched extended-training seed trajectory (no aggregation)
emg,EMG,4,base4,42,54,0.0633238397716056,6.864217811160618,extended,0.001,results\manuscript_figure_data\supp_s1_seed_histories.csv,individual matched extended-training seed trajectory (no aggregation)
emg,EMG,4,base4,42,55,0.0632999248447872,6.844215181138781,extended,0.001,results\manuscript_figure_data\supp_s1_seed_histories.csv,individual matched extended-training seed trajectory (no aggregation)
emg,EMG,4,base4,42,56,0.063279684242748,6.857175191243489,extended,0.001,results\manuscript_figure_data\supp_s1_seed_histories.csv,individual matched extended-training seed trajectory (no aggregation)
emg,EMG,4,base4,42,57,0.0632674649357795,6.900942413895218,extended,0.001,results\manuscript_figure_data\supp_s1_seed_histories.csv,individual matched extended-training seed trajectory (no aggregation)
emg,EMG,4,base4,42,58,0.0632643441891386,6.899291762599239,extended,0.001,results\manuscript_figure_data\supp_s1_seed_histories.csv,individual matched extended-training seed trajectory (no aggregation)
emg,EMG,4,base4,42,59,0.0632764965650581,6.899234082963732,extended,0.001,results\manuscript_figure_data\supp_s1_seed_histories.csv,individual matched extended-training seed trajectory (no aggregation)
emg,EMG,4,base4,42,60,0.06326090585263,6.9013122982449,extended,0.001,results\manuscript_figure_data\supp_s1_seed_histories.csv,individual matched extended-training seed trajectory (no aggregation)
emg,EMG,4,base4,42,61,0.0632774426113991,6.897593568872522,extended,0.001,results\manuscript_figure_data\supp_s1_seed_histories.csv,individual matched extended-training seed trajectory (no aggregation)
emg,EMG,4,base4,42,62,0.0632592484354972,6.906952575401023,extended,0.001,results\manuscript_figure_data\supp_s1_seed_histories.csv,individual matched extended-training seed trajectory (no aggregation)
emg,EMG,4,base4,42,63,0.0632340359368494,6.894725269741482,extended,0.001,results\manuscript_figure_data\supp_s1_seed_histories.csv,individual matched extended-training seed trajectory (no aggregation)
emg,EMG,4,base4,42,64,0.0632360878977037,6.9016191871077925,extended,0.001,results\manuscript_figure_data\supp_s1_seed_histories.csv,individual matched extended-training seed trajectory (no aggregation)
emg,EMG,4,base4,42,65,0.0632193774162303,6.908307993853533,extended,0.001,results\manuscript_figure_data\supp_s1_seed_histories.csv,individual matched extended-training seed trajectory (no aggregation)
emg,EMG,4,base4,42,66,0.063245763150709,6.907561284524423,extended,0.001,results\manuscript_figure_data\supp_s1_seed_histories.csv,individual matched extended-training seed trajectory (no aggregation)
emg,EMG,4,base4,42,67,0.0632410880533002,6.906255368833189,extended,0.001,results\manuscript_figure_data\supp_s1_seed_histories.csv,individual matched extended-training seed trajectory (no aggregation)
emg,EMG,4,base4,42,68,0.0632252247737986,6.907836084012632,extended,0.001,results\manuscript_figure_data\supp_s1_seed_histories.csv,individual matched extended-training seed trajectory (no aggregation)
emg,EMG,4,base4,42,69,0.0632367426973013,6.907640510135227,extended,0.001,results\manuscript_figure_data\supp_s1_seed_histories.csv,individual matched extended-training seed trajectory (no aggregation)
emg,EMG,4,base4,42,70,0.0632326001035315,6.906804367348,extended,0.001,results\manuscript_figure_data\supp_s1_seed_histories.csv,individual matched extended-training seed trajectory (no aggregation)
emg,EMG,4,base4,42,71,0.0632207604746023,6.908494260576036,extended,0.001,results\manuscript_figure_data\supp_s1_seed_histories.csv,individual matched extended-training seed trajectory (no aggregation)
emg,EMG,4,base4,42,72,0.0632503344899132,6.906868245866564,extended,0.001,results\manuscript_figure_data\supp_s1_seed_histories.csv,individual matched extended-training seed trajectory (no aggregation)
emg,EMG,4,base4,42,73,0.0632138387255725,6.907931009928386,extended,0.001,results\manuscript_figure_data\supp_s1_seed_histories.csv,individual matched extended-training seed trajectory (no aggregation)
emg,EMG,4,base4,42,74,0.0632192106119224,6.907053276344582,extended,0.001,results\manuscript_figure_data\supp_s1_seed_histories.csv,individual matched extended-training seed trajectory (no aggregation)
emg,EMG,4,base4,42,75,0.0632129662980636,6.9082335189536765,extended,0.001,results\manuscript_figure_data\supp_s1_seed_histories.csv,individual matched extended-training seed trajectory (no aggregation)
emg,EMG,4,base4,43,1,0.1403271940847238,2.094235067014341,extended,0.001,results\manuscript_figure_data\supp_s1_seed_histories.csv,individual matched extended-training seed trajectory (no aggregation)
emg,EMG,4,base4,43,2,0.08412371384246,5.795553066112377,extended,0.001,results\manuscript_figure_data\supp_s1_seed_histories.csv,individual matched extended-training seed trajectory (no aggregation)
emg,EMG,4,base4,43,3,0.0691287490938391,6.251897935514097,extended,0.001,results\manuscript_figure_data\supp_s1_seed_histories.csv,individual matched extended-training seed trajectory (no aggregation)
emg,EMG,4,base4,43,4,0.0674913827152479,6.363851847472014,extended,0.001,results\manuscript_figure_data\supp_s1_seed_histories.csv,individual matched extended-training seed trajectory (no aggregation)
emg,EMG,4,base4,43,5,0.0666045265183562,6.484951213554099,extended,0.001,results\manuscript_figure_data\supp_s1_seed_histories.csv,individual matched extended-training seed trajectory (no aggregation)
emg,EMG,4,base4,43,6,0.0660299830138683,6.570998509724935,extended,0.001,results\manuscript_figure_data\supp_s1_seed_histories.csv,individual matched extended-training seed trajectory (no aggregation)
emg,EMG,4,base4,43,7,0.0655810588882083,6.625875773253264,extended,0.001,results\manuscript_figure_data\supp_s1_seed_histories.csv,individual matched extended-training seed trajectory (no aggregation)
emg,EMG,4,base4,43,8,0.0651635713875293,6.647970358530681,extended,0.001,results\manuscript_figure_data\supp_s1_seed_histories.csv,individual matched extended-training seed trajectory (no aggregation)
emg,EMG,4,base4,43,9,0.0648901720132146,6.703620345504196,extended,0.001,results\manuscript_figure_data\supp_s1_seed_histories.csv,individual matched extended-training seed trajectory (no aggregation)
emg,EMG,4,base4,43,10,0.0646719130554369,6.719059361351861,extended,0.001,results\manuscript_figure_data\supp_s1_seed_histories.csv,individual matched extended-training seed trajectory (no aggregation)
emg,EMG,4,base4,43,11,0.0645348828818116,6.752476780502884,extended,0.001,results\manuscript_figure_data\supp_s1_seed_histories.csv,individual matched extended-training seed trajectory (no aggregation)
emg,EMG,4,base4,43,12,0.0643635735980102,6.697101840266475,extended,0.001,results\manuscript_figure_data\supp_s1_seed_histories.csv,individual matched extended-training seed trajectory (no aggregation)
emg,EMG,4,base4,43,13,0.0642520052159116,6.75041025656241,extended,0.001,results\manuscript_figure_data\supp_s1_seed_histories.csv,individual matched extended-training seed trajectory (no aggregation)
emg,EMG,4,base4,43,14,0.0641045848883333,6.762314390253137,extended,0.001,results\manuscript_figure_data\supp_s1_seed_histories.csv,individual matched extended-training seed trajectory (no aggregation)
emg,EMG,4,base4,43,15,0.0640485529743489,6.819992842497649,extended,0.001,results\manuscript_figure_data\supp_s1_seed_histories.csv,individual matched extended-training seed trajectory (no aggregation)
emg,EMG,4,base4,43,16,0.0639648878148623,6.8364512125651045,extended,0.001,results\manuscript_figure_data\supp_s1_seed_histories.csv,individual matched extended-training seed trajectory (no aggregation)
emg,EMG,4,base4,43,17,0.0638710832844177,6.832345185456453,extended,0.001,results\manuscript_figure_data\supp_s1_seed_histories.csv,individual matched extended-training seed trajectory (no aggregation)
emg,EMG,4,base4,43,18,0.0637938880317268,6.829796720434119,extended,0.001,results\manuscript_figure_data\supp_s1_seed_histories.csv,individual matched extended-training seed trajectory (no aggregation)
emg,EMG,4,base4,43,19,0.0637415652828557,6.8430735623395,extended,0.001,results\manuscript_figure_data\supp_s1_seed_histories.csv,individual matched extended-training seed trajectory (no aggregation)
emg,EMG,4,base4,43,20,0.0636427947985274,6.878371115084048,extended,0.001,results\manuscript_figure_data\supp_s1_seed_histories.csv,individual matched extended-training seed trajectory (no aggregation)
emg,EMG,4,base4,43,21,0.0635837704652831,6.8858200179206,extended,0.001,results\manuscript_figure_data\supp_s1_seed_histories.csv,individual matched extended-training seed trajectory (no aggregation)
emg,EMG,4,base4,43,22,0.0635294567438818,6.87333850507383,extended,0.001,results\manuscript_figure_data\supp_s1_seed_histories.csv,individual matched extended-training seed trajectory (no aggregation)
emg,EMG,4,base4,43,23,0.0634827304631471,6.885817739698622,extended,0.001,results\manuscript_figure_data\supp_s1_seed_histories.csv,individual matched extended-training seed trajectory (no aggregation)
emg,EMG,4,base4,43,24,0.0634513496110836,6.895501878526476,extended,0.001,results\manuscript_figure_data\supp_s1_seed_histories.csv,individual matched extended-training seed trajectory (no aggregation)
emg,EMG,4,base4,43,25,0.0634139795565889,6.923361425046568,extended,0.001,results\manuscript_figure_data\supp_s1_seed_histories.csv,individual matched extended-training seed trajectory (no aggregation)
emg,EMG,4,base4,43,26,0.0633784319141081,6.893853788022642,extended,0.001,results\manuscript_figure_data\supp_s1_seed_histories.csv,individual matched extended-training seed trajectory (no aggregation)
emg,EMG,4,base4,43,27,0.0633531880875428,6.916927125718859,extended,0.001,results\manuscript_figure_data\supp_s1_seed_histories.csv,individual matched extended-training seed trajectory (no aggregation)
emg,EMG,4,base4,43,28,0.0633176337927579,6.929184330834283,extended,0.001,results\manuscript_figure_data\supp_s1_seed_histories.csv,individual matched extended-training seed trajectory (no aggregation)
emg,EMG,4,base4,43,29,0.0632406237579527,6.935393298113787,extended,0.001,results\manuscript_figure_data\supp_s1_seed_histories.csv,individual matched extended-training seed trajectory (no aggregation)
emg,EMG,4,base4,43,30,0.0632209351374989,6.938983422738534,extended,0.001,results\manuscript_figure_data\supp_s1_seed_histories.csv,individual matched extended-training seed trajectory (no aggregation)
emg,EMG,4,base4,43,31,0.0632159480204184,6.923334845790157,extended,0.001,results\manuscript_figure_data\supp_s1_seed_histories.csv,individual matched extended-training seed trajectory (no aggregation)
emg,EMG,4,base4,43,32,0.0631974317488216,6.948339850814254,extended,0.001,results\manuscript_figure_data\supp_s1_seed_histories.csv,individual matched extended-training seed trajectory (no aggregation)
emg,EMG,4,base4,43,33,0.0631595086483728,6.952783672897904,extended,0.001,results\manuscript_figure_data\supp_s1_seed_histories.csv,individual matched extended-training seed trajectory (no aggregation)
emg,EMG,4,base4,43,34,0.0631135801119463,6.952905495961507,extended,0.001,results\manuscript_figure_data\supp_s1_seed_histories.csv,individual matched extended-training seed trajectory (no aggregation)
emg,EMG,4,base4,43,35,0.0631002973410345,6.935036606258816,extended,0.001,results\manuscript_figure_data\supp_s1_seed_histories.csv,individual matched extended-training seed trajectory (no aggregation)
emg,EMG,4,base4,43,36,0.0630845628146614,6.947352585969148,extended,0.001,results\manuscript_figure_data\supp_s1_seed_histories.csv,individual matched extended-training seed trajectory (no aggregation)
emg,EMG,4,base4,43,37,0.063099345671279,6.954493716911033,extended,0.001,results\manuscript_figure_data\supp_s1_seed_histories.csv,individual matched extended-training seed trajectory (no aggregation)
emg,EMG,4,base4,43,38,0.0630508355086758,6.953754018854212,extended,0.001,results\manuscript_figure_data\supp_s1_seed_histories.csv,individual matched extended-training seed trajectory (no aggregation)
emg,EMG,4,base4,43,39,0.0630406378280548,6.961816134276213,extended,0.001,results\manuscript_figure_data\supp_s1_seed_histories.csv,individual matched extended-training seed trajectory (no aggregation)
emg,EMG,4,base4,43,40,0.0630047713894219,6.972854367008916,extended,0.001,results\manuscript_figure_data\supp_s1_seed_histories.csv,individual matched extended-training seed trajectory (no aggregation)
emg,EMG,4,base4,43,41,0.0630006682482503,6.953309023821795,extended,0.001,results\manuscript_figure_data\supp_s1_seed_histories.csv,individual matched extended-training seed trajectory (no aggregation)
emg,EMG,4,base4,43,42,0.0629905161935658,6.968933882536711,extended,0.001,results\manuscript_figure_data\supp_s1_seed_histories.csv,individual matched extended-training seed trajectory (no aggregation)
emg,EMG,4,base4,43,43,0.0629615433868907,6.966000486303259,extended,0.001,results\manuscript_figure_data\supp_s1_seed_histories.csv,individual matched extended-training seed trajectory (no aggregation)
emg,EMG,4,base4,43,44,0.0629549357685304,6.977778470074689,extended,0.001,results\manuscript_figure_data\supp_s1_seed_histories.csv,individual matched extended-training seed trajectory (no aggregation)
emg,EMG,4,base4,43,45,0.0629690456603254,6.972046322292751,extended,0.001,results\manuscript_figure_data\supp_s1_seed_histories.csv,individual matched extended-training seed trajectory (no aggregation)
emg,EMG,4,base4,43,46,0.0629369615089325,6.975527145244457,extended,0.001,results\manuscript_figure_data\supp_s1_seed_histories.csv,individual matched extended-training seed trajectory (no aggregation)
emg,EMG,4,base4,43,47,0.0629052769570123,6.976778666178386,extended,0.001,results\manuscript_figure_data\supp_s1_seed_histories.csv,individual matched extended-training seed trajectory (no aggregation)
emg,EMG,4,base4,43,48,0.0628679652831384,6.977268660510028,extended,0.001,results\manuscript_figure_data\supp_s1_seed_histories.csv,individual matched extended-training seed trajectory (no aggregation)
emg,EMG,4,base4,43,49,0.0628559955351409,6.984559147446244,extended,0.001,results\manuscript_figure_data\supp_s1_seed_histories.csv,individual matched extended-training seed trajectory (no aggregation)
emg,EMG,4,base4,43,50,0.0628868691800605,6.976179988295944,extended,0.001,results\manuscript_figure_data\supp_s1_seed_histories.csv,individual matched extended-training seed trajectory (no aggregation)
emg,EMG,4,base4,43,51,0.0628494291610661,6.980835755666097,extended,0.001,results\manuscript_figure_data\supp_s1_seed_histories.csv,individual matched extended-training seed trajectory (no aggregation)
emg,EMG,4,base4,43,52,0.0628553943797236,6.988373615123607,extended,0.001,results\manuscript_figure_data\supp_s1_seed_histories.csv,individual matched extended-training seed trajectory (no aggregation)
emg,EMG,4,base4,43,53,0.062865520800863,6.963993355079934,extended,0.001,results\manuscript_figure_data\supp_s1_seed_histories.csv,individual matched extended-training seed trajectory (no aggregation)
emg,EMG,4,base4,43,54,0.0628354563776935,6.989120218488905,extended,0.001,results\manuscript_figure_data\supp_s1_seed_histories.csv,individual matched extended-training seed trajectory (no aggregation)
emg,EMG,4,base4,43,55,0.0628357410076118,6.990196122063531,extended,0.001,results\manuscript_figure_data\supp_s1_seed_histories.csv,individual matched extended-training seed trajectory (no aggregation)
emg,EMG,4,base4,43,56,0.0628273906452315,6.987898544028953,extended,0.001,results\manuscript_figure_data\supp_s1_seed_histories.csv,individual matched extended-training seed trajectory (no aggregation)
emg,EMG,4,base4,43,57,0.0628005784537111,6.990695441210711,extended,0.001,results\manuscript_figure_data\supp_s1_seed_histories.csv,individual matched extended-training seed trajectory (no aggregation)
emg,EMG,4,base4,43,58,0.0628042206345569,6.994908491770427,extended,0.001,results\manuscript_figure_data\supp_s1_seed_histories.csv,individual matched extended-training seed trajectory (no aggregation)
emg,EMG,4,base4,43,59,0.0628066160494373,6.993397853992604,extended,0.001,results\manuscript_figure_data\supp_s1_seed_histories.csv,individual matched extended-training seed trajectory (no aggregation)
emg,EMG,4,base4,43,60,0.0628209489974237,6.994116871445267,extended,0.001,results\manuscript_figure_data\supp_s1_seed_histories.csv,individual matched extended-training seed trajectory (no aggregation)
emg,EMG,4,base4,43,61,0.0627924237755083,6.992749885276512,extended,0.001,results\manuscript_figure_data\supp_s1_seed_histories.csv,individual matched extended-training seed trajectory (no aggregation)
emg,EMG,4,base4,43,62,0.0627787241978304,6.996710229803015,extended,0.001,results\manuscript_figure_data\supp_s1_seed_histories.csv,individual matched extended-training seed trajectory (no aggregation)
emg,EMG,4,base4,43,63,0.0627641530796176,6.997945114418313,extended,0.001,results\manuscript_figure_data\supp_s1_seed_histories.csv,individual matched extended-training seed trajectory (no aggregation)
emg,EMG,4,base4,43,64,0.0627867161163261,6.996826189535636,extended,0.001,results\manuscript_figure_data\supp_s1_seed_histories.csv,individual matched extended-training seed trajectory (no aggregation)
emg,EMG,4,base4,43,65,0.0627689600168239,6.996419111887614,extended,0.001,results\manuscript_figure_data\supp_s1_seed_histories.csv,individual matched extended-training seed trajectory (no aggregation)
emg,EMG,4,base4,43,66,0.0627684426981778,6.994098998882152,extended,0.001,results\manuscript_figure_data\supp_s1_seed_histories.csv,individual matched extended-training seed trajectory (no aggregation)
emg,EMG,4,base4,43,67,0.06277526826376,6.99784896991871,extended,0.001,results\manuscript_figure_data\supp_s1_seed_histories.csv,individual matched extended-training seed trajectory (no aggregation)
emg,EMG,4,base4,43,68,0.0627589189580508,6.998048128905119,extended,0.001,results\manuscript_figure_data\supp_s1_seed_histories.csv,individual matched extended-training seed trajectory (no aggregation)
emg,EMG,4,base4,43,69,0.0627422197943642,6.998541884952122,extended,0.001,results\manuscript_figure_data\supp_s1_seed_histories.csv,individual matched extended-training seed trajectory (no aggregation)
emg,EMG,4,base4,43,70,0.0627642374485731,6.999543225323713,extended,0.001,results\manuscript_figure_data\supp_s1_seed_histories.csv,individual matched extended-training seed trajectory (no aggregation)
emg,EMG,4,base4,43,71,0.062745022454432,6.998494307200114,extended,0.001,results\manuscript_figure_data\supp_s1_seed_histories.csv,individual matched extended-training seed trajectory (no aggregation)
emg,EMG,4,base4,43,72,0.0627889328769275,6.998882311361808,extended,0.001,results\manuscript_figure_data\supp_s1_seed_histories.csv,individual matched extended-training seed trajectory (no aggregation)
emg,EMG,4,base4,43,73,0.0627608238586357,6.999270333184136,extended,0.001,results\manuscript_figure_data\supp_s1_seed_histories.csv,individual matched extended-training seed trajectory (no aggregation)
emg,EMG,4,base4,43,74,0.0627761205924408,6.995104454181813,extended,0.001,results\manuscript_figure_data\supp_s1_seed_histories.csv,individual matched extended-training seed trajectory (no aggregation)
emg,EMG,4,base4,43,75,0.0627421472931192,6.998963709230776,extended,0.001,results\manuscript_figure_data\supp_s1_seed_histories.csv,individual matched extended-training seed trajectory (no aggregation)
emg,EMG,6,base6,42,1,0.1341663744123209,2.784103693785491,extended,0.001,results\manuscript_figure_data\supp_s1_seed_histories.csv,individual matched extended-training seed trajectory (no aggregation)
emg,EMG,6,base6,42,2,0.0754352842768033,6.117980462533456,extended,0.001,results\manuscript_figure_data\supp_s1_seed_histories.csv,individual matched extended-training seed trajectory (no aggregation)
emg,EMG,6,base6,42,3,0.0672798285526888,6.464368096104375,extended,0.001,results\manuscript_figure_data\supp_s1_seed_histories.csv,individual matched extended-training seed trajectory (no aggregation)
emg,EMG,6,base6,42,4,0.0656768663298516,6.6058164879127785,extended,0.001,results\manuscript_figure_data\supp_s1_seed_histories.csv,individual matched extended-training seed trajectory (no aggregation)
emg,EMG,6,base6,42,5,0.0649121782254605,6.649806888015182,extended,0.001,results\manuscript_figure_data\supp_s1_seed_histories.csv,individual matched extended-training seed trajectory (no aggregation)
emg,EMG,6,base6,42,6,0.0645271343844277,6.7346445719401045,extended,0.001,results\manuscript_figure_data\supp_s1_seed_histories.csv,individual matched extended-training seed trajectory (no aggregation)
emg,EMG,6,base6,42,7,0.0642479410128934,6.745827692526358,extended,0.001,results\manuscript_figure_data\supp_s1_seed_histories.csv,individual matched extended-training seed trajectory (no aggregation)
emg,EMG,6,base6,42,8,0.0639366574408043,6.81251135578862,extended,0.001,results\manuscript_figure_data\supp_s1_seed_histories.csv,individual matched extended-training seed trajectory (no aggregation)
emg,EMG,6,base6,42,9,0.0637985711119004,6.76060696001406,extended,0.001,results\manuscript_figure_data\supp_s1_seed_histories.csv,individual matched extended-training seed trajectory (no aggregation)
emg,EMG,6,base6,42,10,0.0636751390284016,6.83456097708808,extended,0.001,results\manuscript_figure_data\supp_s1_seed_histories.csv,individual matched extended-training seed trajectory (no aggregation)
emg,EMG,6,base6,42,11,0.0635475685376496,6.886445257398817,extended,0.001,results\manuscript_figure_data\supp_s1_seed_histories.csv,individual matched extended-training seed trajectory (no aggregation)
emg,EMG,6,base6,42,12,0.063417361978264,6.886020589757849,extended,0.001,results\manuscript_figure_data\supp_s1_seed_histories.csv,individual matched extended-training seed trajectory (no aggregation)
emg,EMG,6,base6,42,13,0.0633209974460658,6.904365327623156,extended,0.001,results\manuscript_figure_data\supp_s1_seed_histories.csv,individual matched extended-training seed trajectory (no aggregation)
emg,EMG,6,base6,42,14,0.0632216219213746,6.923637990598325,extended,0.001,results\manuscript_figure_data\supp_s1_seed_histories.csv,individual matched extended-training seed trajectory (no aggregation)
emg,EMG,6,base6,42,15,0.0631745357066392,6.8326670328776045,extended,0.001,results\manuscript_figure_data\supp_s1_seed_histories.csv,individual matched extended-training seed trajectory (no aggregation)
emg,EMG,6,base6,42,16,0.0631389807022753,6.906343407101101,extended,0.001,results\manuscript_figure_data\supp_s1_seed_histories.csv,individual matched extended-training seed trajectory (no aggregation)
emg,EMG,6,base6,42,17,0.0630345400245416,6.934506610587791,extended,0.001,results\manuscript_figure_data\supp_s1_seed_histories.csv,individual matched extended-training seed trajectory (no aggregation)
emg,EMG,6,base6,42,18,0.0630167868343137,6.943173143598768,extended,0.001,results\manuscript_figure_data\supp_s1_seed_histories.csv,individual matched extended-training seed trajectory (no aggregation)
emg,EMG,6,base6,42,19,0.0629264970975262,6.945199772163674,extended,0.001,results\manuscript_figure_data\supp_s1_seed_histories.csv,individual matched extended-training seed trajectory (no aggregation)
emg,EMG,6,base6,42,20,0.0628990857906284,6.899648242526585,extended,0.001,results\manuscript_figure_data\supp_s1_seed_histories.csv,individual matched extended-training seed trajectory (no aggregation)
emg,EMG,6,base6,42,21,0.0628209908093724,6.973135541986536,extended,0.001,results\manuscript_figure_data\supp_s1_seed_histories.csv,individual matched extended-training seed trajectory (no aggregation)
emg,EMG,6,base6,42,22,0.0627795759765874,6.958584008393465,extended,0.001,results\manuscript_figure_data\supp_s1_seed_histories.csv,individual matched extended-training seed trajectory (no aggregation)
emg,EMG,6,base6,42,23,0.0627344087653216,6.946923132295962,extended,0.001,results\manuscript_figure_data\supp_s1_seed_histories.csv,individual matched extended-training seed trajectory (no aggregation)
emg,EMG,6,base6,42,24,0.0627127727582341,6.964501292617233,extended,0.001,results\manuscript_figure_data\supp_s1_seed_histories.csv,individual matched extended-training seed trajectory (no aggregation)
emg,EMG,6,base6,42,25,0.0626586252025195,6.953572591145833,extended,0.001,results\manuscript_figure_data\supp_s1_seed_histories.csv,individual matched extended-training seed trajectory (no aggregation)
emg,EMG,6,base6,42,26,0.062640102704366,6.9641225249679,extended,0.001,results\manuscript_figure_data\supp_s1_seed_histories.csv,individual matched extended-training seed trajectory (no aggregation)
emg,EMG,6,base6,42,27,0.0626095203771477,6.928418442055031,extended,0.001,results\manuscript_figure_data\supp_s1_seed_histories.csv,individual matched extended-training seed trajectory (no aggregation)
emg,EMG,6,base6,42,28,0.0625760475971869,7.002594135425709,extended,0.001,results\manuscript_figure_data\supp_s1_seed_histories.csv,individual matched extended-training seed trajectory (no aggregation)
emg,EMG,6,base6,42,29,0.0625247314394939,7.000051056897199,extended,0.001,results\manuscript_figure_data\supp_s1_seed_histories.csv,individual matched extended-training seed trajectory (no aggregation)
emg,EMG,6,base6,42,30,0.0624716012605599,7.026524437798394,extended,0.001,results\manuscript_figure_data\supp_s1_seed_histories.csv,individual matched extended-training seed trajectory (no aggregation)
emg,EMG,6,base6,42,31,0.0624647142809061,6.954579017780445,extended,0.001,results\manuscript_figure_data\supp_s1_seed_histories.csv,individual matched extended-training seed trajectory (no aggregation)
emg,EMG,6,base6,42,32,0.06242099540929,7.007978227403429,extended,0.001,results\manuscript_figure_data\supp_s1_seed_histories.csv,individual matched extended-training seed trajectory (no aggregation)
emg,EMG,6,base6,42,33,0.0623972295118229,7.006816899334943,extended,0.001,results\manuscript_figure_data\supp_s1_seed_histories.csv,individual matched extended-training seed trajectory (no aggregation)
emg,EMG,6,base6,42,34,0.0623867934658413,7.025047425870542,extended,0.001,results\manuscript_figure_data\supp_s1_seed_histories.csv,individual matched extended-training seed trajectory (no aggregation)
emg,EMG,6,base6,42,35,0.062347081250378,7.048404464015254,extended,0.001,results\manuscript_figure_data\supp_s1_seed_histories.csv,individual matched extended-training seed trajectory (no aggregation)
emg,EMG,6,base6,42,36,0.0623219942230553,6.998329339204012,extended,0.001,results\manuscript_figure_data\supp_s1_seed_histories.csv,individual matched extended-training seed trajectory (no aggregation)
emg,EMG,6,base6,42,37,0.0623187833243892,7.000670521347611,extended,0.001,results\manuscript_figure_data\supp_s1_seed_histories.csv,individual matched extended-training seed trajectory (no aggregation)
emg,EMG,6,base6,42,38,0.0622877939293781,7.045000394185384,extended,0.001,results\manuscript_figure_data\supp_s1_seed_histories.csv,individual matched extended-training seed trajectory (no aggregation)
emg,EMG,6,base6,42,39,0.062248462278928,7.05124205130118,extended,0.001,results\manuscript_figure_data\supp_s1_seed_histories.csv,individual matched extended-training seed trajectory (no aggregation)
emg,EMG,6,base6,42,40,0.0622487799397536,7.050955118956389,extended,0.001,results\manuscript_figure_data\supp_s1_seed_histories.csv,individual matched extended-training seed trajectory (no aggregation)
emg,EMG,6,base6,42,41,0.0621863226982809,7.034409999847412,extended,0.001,results\manuscript_figure_data\supp_s1_seed_histories.csv,individual matched extended-training seed trajectory (no aggregation)
emg,EMG,6,base6,42,42,0.0622081897443249,7.045633810537833,extended,0.001,results\manuscript_figure_data\supp_s1_seed_histories.csv,individual matched extended-training seed trajectory (no aggregation)
emg,EMG,6,base6,42,43,0.0621848348350752,7.025973867487024,extended,0.001,results\manuscript_figure_data\supp_s1_seed_histories.csv,individual matched extended-training seed trajectory (no aggregation)
emg,EMG,6,base6,42,44,0.0621459706021206,7.046257266291866,extended,0.001,results\manuscript_figure_data\supp_s1_seed_histories.csv,individual matched extended-training seed trajectory (no aggregation)
emg,EMG,6,base6,42,45,0.0621412543846028,7.056657208336724,extended,0.001,results\manuscript_figure_data\supp_s1_seed_histories.csv,individual matched extended-training seed trajectory (no aggregation)
emg,EMG,6,base6,42,46,0.0621277867151158,7.062217129601373,extended,0.001,results\manuscript_figure_data\supp_s1_seed_histories.csv,individual matched extended-training seed trajectory (no aggregation)
emg,EMG,6,base6,42,47,0.0620962092741614,7.058079772525364,extended,0.001,results\manuscript_figure_data\supp_s1_seed_histories.csv,individual matched extended-training seed trajectory (no aggregation)
emg,EMG,6,base6,42,48,0.0620791420163143,7.07085113172178,extended,0.001,results\manuscript_figure_data\supp_s1_seed_histories.csv,individual matched extended-training seed trajectory (no aggregation)
emg,EMG,6,base6,42,49,0.0620594411733604,7.069145926722774,extended,0.001,results\manuscript_figure_data\supp_s1_seed_histories.csv,individual matched extended-training seed trajectory (no aggregation)
emg,EMG,6,base6,42,50,0.0620632001509269,7.0609766289039895,extended,0.001,results\manuscript_figure_data\supp_s1_seed_histories.csv,individual matched extended-training seed trajectory (no aggregation)
emg,EMG,6,base6,42,51,0.0620576120203449,7.052076004169606,extended,0.001,results\manuscript_figure_data\supp_s1_seed_histories.csv,individual matched extended-training seed trajectory (no aggregation)
emg,EMG,6,base6,42,52,0.0620410690704981,7.071145463872839,extended,0.001,results\manuscript_figure_data\supp_s1_seed_histories.csv,individual matched extended-training seed trajectory (no aggregation)
emg,EMG,6,base6,42,53,0.0620114234231767,7.056711973967375,extended,0.001,results\manuscript_figure_data\supp_s1_seed_histories.csv,individual matched extended-training seed trajectory (no aggregation)
emg,EMG,6,base6,42,54,0.0619936737276258,7.067655086517334,extended,0.001,results\manuscript_figure_data\supp_s1_seed_histories.csv,individual matched extended-training seed trajectory (no aggregation)
emg,EMG,6,base6,42,55,0.0619665644885528,7.048332585228814,extended,0.001,results\manuscript_figure_data\supp_s1_seed_histories.csv,individual matched extended-training seed trajectory (no aggregation)
emg,EMG,6,base6,42,56,0.0619860824374925,7.070985158284505,extended,0.001,results\manuscript_figure_data\supp_s1_seed_histories.csv,individual matched extended-training seed trajectory (no aggregation)
emg,EMG,6,base6,42,57,0.0619880930121455,7.071892120220043,extended,0.001,results\manuscript_figure_data\supp_s1_seed_histories.csv,individual matched extended-training seed trajectory (no aggregation)
emg,EMG,6,base6,42,58,0.0619570359587669,7.078285835407399,extended,0.001,results\manuscript_figure_data\supp_s1_seed_histories.csv,individual matched extended-training seed trajectory (no aggregation)
emg,EMG,6,base6,42,59,0.0619581291008563,7.076364040374756,extended,0.001,results\manuscript_figure_data\supp_s1_seed_histories.csv,individual matched extended-training seed trajectory (no aggregation)
emg,EMG,6,base6,42,60,0.0619465776674804,7.079499544920744,extended,0.001,results\manuscript_figure_data\supp_s1_seed_histories.csv,individual matched extended-training seed trajectory (no aggregation)
emg,EMG,6,base6,42,61,0.0619369824549981,7.08273407264992,extended,0.001,results\manuscript_figure_data\supp_s1_seed_histories.csv,individual matched extended-training seed trajectory (no aggregation)
emg,EMG,6,base6,42,62,0.0619497756163279,7.077351163934778,extended,0.001,results\manuscript_figure_data\supp_s1_seed_histories.csv,individual matched extended-training seed trajectory (no aggregation)
emg,EMG,6,base6,42,63,0.0619361813934076,7.080218827282941,extended,0.001,results\manuscript_figure_data\supp_s1_seed_histories.csv,individual matched extended-training seed trajectory (no aggregation)
emg,EMG,6,base6,42,64,0.0619175634568645,7.082867869624385,extended,0.001,results\manuscript_figure_data\supp_s1_seed_histories.csv,individual matched extended-training seed trajectory (no aggregation)
emg,EMG,6,base6,42,65,0.061931471686278,7.084205203586155,extended,0.001,results\manuscript_figure_data\supp_s1_seed_histories.csv,individual matched extended-training seed trajectory (no aggregation)
emg,EMG,6,base6,42,66,0.061913625860498,7.08353183887623,extended,0.001,results\manuscript_figure_data\supp_s1_seed_histories.csv,individual matched extended-training seed trajectory (no aggregation)
emg,EMG,6,base6,42,67,0.0619028647740681,7.083123542644359,extended,0.001,results\manuscript_figure_data\supp_s1_seed_histories.csv,individual matched extended-training seed trajectory (no aggregation)
emg,EMG,6,base6,42,68,0.0619137227535247,7.083275636037191,extended,0.001,results\manuscript_figure_data\supp_s1_seed_histories.csv,individual matched extended-training seed trajectory (no aggregation)
emg,EMG,6,base6,42,69,0.0619046168490534,7.083930686668113,extended,0.001,results\manuscript_figure_data\supp_s1_seed_histories.csv,individual matched extended-training seed trajectory (no aggregation)
emg,EMG,6,base6,42,70,0.0619050790156636,7.081500388957836,extended,0.001,results\manuscript_figure_data\supp_s1_seed_histories.csv,individual matched extended-training seed trajectory (no aggregation)
emg,EMG,6,base6,42,71,0.0618931258895567,7.084258220813893,extended,0.001,results\manuscript_figure_data\supp_s1_seed_histories.csv,individual matched extended-training seed trajectory (no aggregation)
emg,EMG,6,base6,42,72,0.0618852771286453,7.083538638220893,extended,0.001,results\manuscript_figure_data\supp_s1_seed_histories.csv,individual matched extended-training seed trajectory (no aggregation)
emg,EMG,6,base6,42,73,0.06189843721333,7.084546972204138,extended,0.001,results\manuscript_figure_data\supp_s1_seed_histories.csv,individual matched extended-training seed trajectory (no aggregation)
emg,EMG,6,base6,42,74,0.0618961095809936,7.085711320241292,extended,0.001,results\manuscript_figure_data\supp_s1_seed_histories.csv,individual matched extended-training seed trajectory (no aggregation)
emg,EMG,6,base6,42,75,0.0618891685668911,7.083737214406331,extended,0.001,results\manuscript_figure_data\supp_s1_seed_histories.csv,individual matched extended-training seed trajectory (no aggregation)
emg,EMG,6,base6,43,1,0.139201000581185,2.9675059141936124,extended,0.001,results\manuscript_figure_data\supp_s1_seed_histories.csv,individual matched extended-training seed trajectory (no aggregation)
emg,EMG,6,base6,43,2,0.0784039221349216,5.902186199470803,extended,0.001,results\manuscript_figure_data\supp_s1_seed_histories.csv,individual matched extended-training seed trajectory (no aggregation)
emg,EMG,6,base6,43,3,0.0685403856138388,6.344317241951272,extended,0.001,results\manuscript_figure_data\supp_s1_seed_histories.csv,individual matched extended-training seed trajectory (no aggregation)
emg,EMG,6,base6,43,4,0.0664468699977511,6.484920219138816,extended,0.001,results\manuscript_figure_data\supp_s1_seed_histories.csv,individual matched extended-training seed trajectory (no aggregation)
emg,EMG,6,base6,43,5,0.0655538448975199,6.615578633767587,extended,0.001,results\manuscript_figure_data\supp_s1_seed_histories.csv,individual matched extended-training seed trajectory (no aggregation)
emg,EMG,6,base6,43,6,0.0649357653622116,6.664631949530707,extended,0.001,results\manuscript_figure_data\supp_s1_seed_histories.csv,individual matched extended-training seed trajectory (no aggregation)
emg,EMG,6,base6,43,7,0.0645384043277729,6.745441736998381,extended,0.001,results\manuscript_figure_data\supp_s1_seed_histories.csv,individual matched extended-training seed trajectory (no aggregation)
emg,EMG,6,base6,43,8,0.0642755057130541,6.747590877391674,extended,0.001,results\manuscript_figure_data\supp_s1_seed_histories.csv,individual matched extended-training seed trajectory (no aggregation)
emg,EMG,6,base6,43,9,0.0640218820245493,6.785877545674642,extended,0.001,results\manuscript_figure_data\supp_s1_seed_histories.csv,individual matched extended-training seed trajectory (no aggregation)
emg,EMG,6,base6,43,10,0.0638427202545461,6.827312239894161,extended,0.001,results\manuscript_figure_data\supp_s1_seed_histories.csv,individual matched extended-training seed trajectory (no aggregation)
emg,EMG,6,base6,43,11,0.0637241492491392,6.807847111313431,extended,0.001,results\manuscript_figure_data\supp_s1_seed_histories.csv,individual matched extended-training seed trajectory (no aggregation)
emg,EMG,6,base6,43,12,0.0636016269524892,6.711554015124285,extended,0.001,results\manuscript_figure_data\supp_s1_seed_histories.csv,individual matched extended-training seed trajectory (no aggregation)
emg,EMG,6,base6,43,13,0.0634906780152093,6.81203881016484,extended,0.001,results\manuscript_figure_data\supp_s1_seed_histories.csv,individual matched extended-training seed trajectory (no aggregation)
emg,EMG,6,base6,43,14,0.063400026446297,6.860366962574147,extended,0.001,results\manuscript_figure_data\supp_s1_seed_histories.csv,individual matched extended-training seed trajectory (no aggregation)
emg,EMG,6,base6,43,15,0.0633215324154922,6.886858763518156,extended,0.001,results\manuscript_figure_data\supp_s1_seed_histories.csv,individual matched extended-training seed trajectory (no aggregation)
emg,EMG,6,base6,43,16,0.0632833520216601,6.903119546395761,extended,0.001,results\manuscript_figure_data\supp_s1_seed_histories.csv,individual matched extended-training seed trajectory (no aggregation)
emg,EMG,6,base6,43,17,0.0631307949267682,6.820905491157815,extended,0.001,results\manuscript_figure_data\supp_s1_seed_histories.csv,individual matched extended-training seed trajectory (no aggregation)
emg,EMG,6,base6,43,18,0.0631130945824441,6.824914261146828,extended,0.001,results\manuscript_figure_data\supp_s1_seed_histories.csv,individual matched extended-training seed trajectory (no aggregation)
emg,EMG,6,base6,43,19,0.0629871079077323,6.895592300980179,extended,0.001,results\manuscript_figure_data\supp_s1_seed_histories.csv,individual matched extended-training seed trajectory (no aggregation)
emg,EMG,6,base6,43,20,0.0629664969408796,6.824697847719546,extended,0.001,results\manuscript_figure_data\supp_s1_seed_histories.csv,individual matched extended-training seed trajectory (no aggregation)
emg,EMG,6,base6,43,21,0.0628903350837173,6.912479365313494,extended,0.001,results\manuscript_figure_data\supp_s1_seed_histories.csv,individual matched extended-training seed trajectory (no aggregation)
emg,EMG,6,base6,43,22,0.0629109577941043,6.937194347381592,extended,0.001,results\manuscript_figure_data\supp_s1_seed_histories.csv,individual matched extended-training seed trajectory (no aggregation)
emg,EMG,6,base6,43,23,0.0627910344551006,6.963851310588695,extended,0.001,results\manuscript_figure_data\supp_s1_seed_histories.csv,individual matched extended-training seed trajectory (no aggregation)
emg,EMG,6,base6,43,24,0.0627493483679635,6.952009006782815,extended,0.001,results\manuscript_figure_data\supp_s1_seed_histories.csv,individual matched extended-training seed trajectory (no aggregation)
emg,EMG,6,base6,43,25,0.0627540495424043,6.955286644123219,extended,0.001,results\manuscript_figure_data\supp_s1_seed_histories.csv,individual matched extended-training seed trajectory (no aggregation)
emg,EMG,6,base6,43,26,0.0626851674524091,6.965078512827556,extended,0.001,results\manuscript_figure_data\supp_s1_seed_histories.csv,individual matched extended-training seed trajectory (no aggregation)
emg,EMG,6,base6,43,27,0.0626242467690081,6.979862301437943,extended,0.001,results\manuscript_figure_data\supp_s1_seed_histories.csv,individual matched extended-training seed trajectory (no aggregation)
emg,EMG,6,base6,43,28,0.0625822510392893,6.983681131292273,extended,0.001,results\manuscript_figure_data\supp_s1_seed_histories.csv,individual matched extended-training seed trajectory (no aggregation)
emg,EMG,6,base6,43,29,0.0625319251169761,6.981073785711218,extended,0.001,results\manuscript_figure_data\supp_s1_seed_histories.csv,individual matched extended-training seed trajectory (no aggregation)
emg,EMG,6,base6,43,30,0.0625177264745746,6.98469297974198,extended,0.001,results\manuscript_figure_data\supp_s1_seed_histories.csv,individual matched extended-training seed trajectory (no aggregation)
emg,EMG,6,base6,43,31,0.0625220788554066,6.96492717884205,extended,0.001,results\manuscript_figure_data\supp_s1_seed_histories.csv,individual matched extended-training seed trajectory (no aggregation)
emg,EMG,6,base6,43,32,0.0624904966425328,6.964637049922237,extended,0.001,results\manuscript_figure_data\supp_s1_seed_histories.csv,individual matched extended-training seed trajectory (no aggregation)
emg,EMG,6,base6,43,33,0.0624751194601967,6.969587749905056,extended,0.001,results\manuscript_figure_data\supp_s1_seed_histories.csv,individual matched extended-training seed trajectory (no aggregation)
emg,EMG,6,base6,43,34,0.0624105933876264,7.001577394979972,extended,0.001,results\manuscript_figure_data\supp_s1_seed_histories.csv,individual matched extended-training seed trajectory (no aggregation)
emg,EMG,6,base6,43,35,0.0623744158872536,7.003140820397271,extended,0.001,results\manuscript_figure_data\supp_s1_seed_histories.csv,individual matched extended-training seed trajectory (no aggregation)
emg,EMG,6,base6,43,36,0.0623322423724901,6.869794527689616,extended,0.001,results\manuscript_figure_data\supp_s1_seed_histories.csv,individual matched extended-training seed trajectory (no aggregation)
emg,EMG,6,base6,43,37,0.0623310995421239,7.003071573045519,extended,0.001,results\manuscript_figure_data\supp_s1_seed_histories.csv,individual matched extended-training seed trajectory (no aggregation)
emg,EMG,6,base6,43,38,0.0622928202152252,6.999863712875931,extended,0.001,results\manuscript_figure_data\supp_s1_seed_histories.csv,individual matched extended-training seed trajectory (no aggregation)
emg,EMG,6,base6,43,39,0.0622848767432428,7.024959140353733,extended,0.001,results\manuscript_figure_data\supp_s1_seed_histories.csv,individual matched extended-training seed trajectory (no aggregation)
emg,EMG,6,base6,43,40,0.0622428875771306,7.023119802828188,extended,0.001,results\manuscript_figure_data\supp_s1_seed_histories.csv,individual matched extended-training seed trajectory (no aggregation)
emg,EMG,6,base6,43,41,0.0622268062794492,7.01087706177323,extended,0.001,results\manuscript_figure_data\supp_s1_seed_histories.csv,individual matched extended-training seed trajectory (no aggregation)
emg,EMG,6,base6,43,42,0.0622160845214412,7.035185902206986,extended,0.001,results\manuscript_figure_data\supp_s1_seed_histories.csv,individual matched extended-training seed trajectory (no aggregation)
emg,EMG,6,base6,43,43,0.0621701622293109,7.020974176901358,extended,0.001,results\manuscript_figure_data\supp_s1_seed_histories.csv,individual matched extended-training seed trajectory (no aggregation)
emg,EMG,6,base6,43,44,0.0621820891364699,6.9814746821368185,extended,0.001,results\manuscript_figure_data\supp_s1_seed_histories.csv,individual matched extended-training seed trajectory (no aggregation)
emg,EMG,6,base6,43,45,0.0621332765335128,7.042214517240171,extended,0.001,results\manuscript_figure_data\supp_s1_seed_histories.csv,individual matched extended-training seed trajectory (no aggregation)
emg,EMG,6,base6,43,46,0.0621305758044833,7.0034617494653775,extended,0.001,results\manuscript_figure_data\supp_s1_seed_histories.csv,individual matched extended-training seed trajectory (no aggregation)
emg,EMG,6,base6,43,47,0.0620908513133015,7.043979733078568,extended,0.001,results\manuscript_figure_data\supp_s1_seed_histories.csv,individual matched extended-training seed trajectory (no aggregation)
emg,EMG,6,base6,43,48,0.0620627322367259,7.038596135598642,extended,0.001,results\manuscript_figure_data\supp_s1_seed_histories.csv,individual matched extended-training seed trajectory (no aggregation)
emg,EMG,6,base6,43,49,0.0620417128538801,7.053735468122694,extended,0.001,results\manuscript_figure_data\supp_s1_seed_histories.csv,individual matched extended-training seed trajectory (no aggregation)
emg,EMG,6,base6,43,50,0.0620251140778973,7.045115188316062,extended,0.001,results\manuscript_figure_data\supp_s1_seed_histories.csv,individual matched extended-training seed trajectory (no aggregation)
emg,EMG,6,base6,43,51,0.0619915670759621,7.046454871142352,extended,0.001,results\manuscript_figure_data\supp_s1_seed_histories.csv,individual matched extended-training seed trajectory (no aggregation)
emg,EMG,6,base6,43,52,0.0620045269529024,7.046978244075069,extended,0.001,results\manuscript_figure_data\supp_s1_seed_histories.csv,individual matched extended-training seed trajectory (no aggregation)
emg,EMG,6,base6,43,53,0.0619862261272612,7.058087013385914,extended,0.001,results\manuscript_figure_data\supp_s1_seed_histories.csv,individual matched extended-training seed trajectory (no aggregation)
emg,EMG,6,base6,43,54,0.0619516103040604,7.0567973808006,extended,0.001,results\manuscript_figure_data\supp_s1_seed_histories.csv,individual matched extended-training seed trajectory (no aggregation)
emg,EMG,6,base6,43,55,0.0619449251464435,7.065608731022588,extended,0.001,results\manuscript_figure_data\supp_s1_seed_histories.csv,individual matched extended-training seed trajectory (no aggregation)
emg,EMG,6,base6,43,56,0.0619364014338879,7.063388365286368,extended,0.001,results\manuscript_figure_data\supp_s1_seed_histories.csv,individual matched extended-training seed trajectory (no aggregation)
emg,EMG,6,base6,43,57,0.0619228257309822,7.063344708195439,extended,0.001,results\manuscript_figure_data\supp_s1_seed_histories.csv,individual matched extended-training seed trajectory (no aggregation)
emg,EMG,6,base6,43,58,0.0619113300882634,7.062280354676424,extended,0.001,results\manuscript_figure_data\supp_s1_seed_histories.csv,individual matched extended-training seed trajectory (no aggregation)
emg,EMG,6,base6,43,59,0.0618992532470396,7.0602282947964135,extended,0.001,results\manuscript_figure_data\supp_s1_seed_histories.csv,individual matched extended-training seed trajectory (no aggregation)
emg,EMG,6,base6,43,60,0.0619056146059717,7.062047852410211,extended,0.001,results\manuscript_figure_data\supp_s1_seed_histories.csv,individual matched extended-training seed trajectory (no aggregation)
emg,EMG,6,base6,43,61,0.0618801938458567,7.065087053510878,extended,0.001,results\manuscript_figure_data\supp_s1_seed_histories.csv,individual matched extended-training seed trajectory (no aggregation)
emg,EMG,6,base6,43,62,0.0618767493005309,7.065039175528067,extended,0.001,results\manuscript_figure_data\supp_s1_seed_histories.csv,individual matched extended-training seed trajectory (no aggregation)
emg,EMG,6,base6,43,63,0.0618678757654769,7.068148771921794,extended,0.001,results\manuscript_figure_data\supp_s1_seed_histories.csv,individual matched extended-training seed trajectory (no aggregation)
emg,EMG,6,base6,43,64,0.0618609709576481,7.069755483556677,extended,0.001,results\manuscript_figure_data\supp_s1_seed_histories.csv,individual matched extended-training seed trajectory (no aggregation)
emg,EMG,6,base6,43,65,0.0618559287594897,7.068030110111943,extended,0.001,results\manuscript_figure_data\supp_s1_seed_histories.csv,individual matched extended-training seed trajectory (no aggregation)
emg,EMG,6,base6,43,66,0.0618473995654355,7.071725810015643,extended,0.001,results\manuscript_figure_data\supp_s1_seed_histories.csv,individual matched extended-training seed trajectory (no aggregation)
emg,EMG,6,base6,43,67,0.0618530558156115,7.06999413172404,extended,0.001,results\manuscript_figure_data\supp_s1_seed_histories.csv,individual matched extended-training seed trajectory (no aggregation)
emg,EMG,6,base6,43,68,0.0618411852135544,7.070860827410662,extended,0.001,results\manuscript_figure_data\supp_s1_seed_histories.csv,individual matched extended-training seed trajectory (no aggregation)
emg,EMG,6,base6,43,69,0.0618277029444774,7.06992408964369,extended,0.001,results\manuscript_figure_data\supp_s1_seed_histories.csv,individual matched extended-training seed trajectory (no aggregation)
emg,EMG,6,base6,43,70,0.0618324375223545,7.071202401761656,extended,0.001,results\manuscript_figure_data\supp_s1_seed_histories.csv,individual matched extended-training seed trajectory (no aggregation)
emg,EMG,6,base6,43,71,0.0618180872961169,7.069035494769061,extended,0.001,results\manuscript_figure_data\supp_s1_seed_histories.csv,individual matched extended-training seed trajectory (no aggregation)
emg,EMG,6,base6,43,72,0.0618251451778979,7.071420616573757,extended,0.001,results\manuscript_figure_data\supp_s1_seed_histories.csv,individual matched extended-training seed trajectory (no aggregation)
emg,EMG,6,base6,43,73,0.0618140148797205,7.070836632340042,extended,0.001,results\manuscript_figure_data\supp_s1_seed_histories.csv,individual matched extended-training seed trajectory (no aggregation)
emg,EMG,6,base6,43,74,0.0618337891463722,7.072237509268302,extended,0.001,results\manuscript_figure_data\supp_s1_seed_histories.csv,individual matched extended-training seed trajectory (no aggregation)
emg,EMG,6,base6,43,75,0.0618194999261981,7.072288601486771,extended,0.001,results\manuscript_figure_data\supp_s1_seed_histories.csv,individual matched extended-training seed trajectory (no aggregation)
emg,EMG,16,base16,42,1,0.0823992442871843,6.07771831088596,extended,0.001,results\manuscript_figure_data\supp_s1_seed_histories.csv,individual matched extended-training seed trajectory (no aggregation)
emg,EMG,16,base16,42,2,0.0665021196894702,6.652456389533149,extended,0.001,results\manuscript_figure_data\supp_s1_seed_histories.csv,individual matched extended-training seed trajectory (no aggregation)
emg,EMG,16,base16,42,3,0.0642842779379515,6.829775121476915,extended,0.001,results\manuscript_figure_data\supp_s1_seed_histories.csv,individual matched extended-training seed trajectory (no aggregation)
emg,EMG,16,base16,42,4,0.0632997427490495,6.887881384955512,extended,0.001,results\manuscript_figure_data\supp_s1_seed_histories.csv,individual matched extended-training seed trajectory (no aggregation)
emg,EMG,16,base16,42,5,0.062715172430589,6.923914626792625,extended,0.001,results\manuscript_figure_data\supp_s1_seed_histories.csv,individual matched extended-training seed trajectory (no aggregation)
emg,EMG,16,base16,42,6,0.0622628025178398,6.915266849376537,extended,0.001,results\manuscript_figure_data\supp_s1_seed_histories.csv,individual matched extended-training seed trajectory (no aggregation)
emg,EMG,16,base16,42,7,0.0618782331013963,6.927079907170048,extended,0.001,results\manuscript_figure_data\supp_s1_seed_histories.csv,individual matched extended-training seed trajectory (no aggregation)
emg,EMG,16,base16,42,8,0.0614632602426267,6.938687677736636,extended,0.001,results\manuscript_figure_data\supp_s1_seed_histories.csv,individual matched extended-training seed trajectory (no aggregation)
emg,EMG,16,base16,42,9,0.0611477656378632,6.971200907671893,extended,0.001,results\manuscript_figure_data\supp_s1_seed_histories.csv,individual matched extended-training seed trajectory (no aggregation)
emg,EMG,16,base16,42,10,0.060803366470195,6.982733814804642,extended,0.001,results\manuscript_figure_data\supp_s1_seed_histories.csv,individual matched extended-training seed trajectory (no aggregation)
emg,EMG,16,base16,42,11,0.0605475846323229,6.913015171333596,extended,0.001,results\manuscript_figure_data\supp_s1_seed_histories.csv,individual matched extended-training seed trajectory (no aggregation)
emg,EMG,16,base16,42,12,0.0602306412444228,6.975541415037932,extended,0.001,results\manuscript_figure_data\supp_s1_seed_histories.csv,individual matched extended-training seed trajectory (no aggregation)
emg,EMG,16,base16,42,13,0.0599552690450634,6.886218088644522,extended,0.001,results\manuscript_figure_data\supp_s1_seed_histories.csv,individual matched extended-training seed trajectory (no aggregation)
emg,EMG,16,base16,42,14,0.059600611758374,6.952981330730297,extended,0.001,results\manuscript_figure_data\supp_s1_seed_histories.csv,individual matched extended-training seed trajectory (no aggregation)
emg,EMG,16,base16,42,15,0.0593424744549251,6.991957876417372,extended,0.001,results\manuscript_figure_data\supp_s1_seed_histories.csv,individual matched extended-training seed trajectory (no aggregation)
emg,EMG,16,base16,42,16,0.0591171497035594,6.963155552192971,extended,0.001,results\manuscript_figure_data\supp_s1_seed_histories.csv,individual matched extended-training seed trajectory (no aggregation)
emg,EMG,16,base16,42,17,0.0588797732655491,6.8641721760785135,extended,0.001,results\manuscript_figure_data\supp_s1_seed_histories.csv,individual matched extended-training seed trajectory (no aggregation)
emg,EMG,16,base16,42,18,0.0586631978728941,6.881140673602069,extended,0.001,results\manuscript_figure_data\supp_s1_seed_histories.csv,individual matched extended-training seed trajectory (no aggregation)
emg,EMG,16,base16,42,19,0.0584184737255175,6.93779072938142,extended,0.001,results\manuscript_figure_data\supp_s1_seed_histories.csv,individual matched extended-training seed trajectory (no aggregation)
emg,EMG,16,base16,42,20,0.0582166538706847,6.87523693508572,extended,0.001,results\manuscript_figure_data\supp_s1_seed_histories.csv,individual matched extended-training seed trajectory (no aggregation)
emg,EMG,16,base16,42,21,0.058019407767625,6.817192519152606,extended,0.001,results\manuscript_figure_data\supp_s1_seed_histories.csv,individual matched extended-training seed trajectory (no aggregation)
emg,EMG,16,base16,42,22,0.0578570206960042,6.896464648070158,extended,0.001,results\manuscript_figure_data\supp_s1_seed_histories.csv,individual matched extended-training seed trajectory (no aggregation)
emg,EMG,16,base16,42,23,0.0576699584545124,6.834084740391484,extended,0.001,results\manuscript_figure_data\supp_s1_seed_histories.csv,individual matched extended-training seed trajectory (no aggregation)
emg,EMG,16,base16,42,24,0.0574743828603199,6.896701212282534,extended,0.001,results\manuscript_figure_data\supp_s1_seed_histories.csv,individual matched extended-training seed trajectory (no aggregation)
emg,EMG,16,base16,42,25,0.0573295971644776,6.825612492031521,extended,0.001,results\manuscript_figure_data\supp_s1_seed_histories.csv,individual matched extended-training seed trajectory (no aggregation)
emg,EMG,16,base16,42,26,0.0571970357958759,6.772626241048177,extended,0.001,results\manuscript_figure_data\supp_s1_seed_histories.csv,individual matched extended-training seed trajectory (no aggregation)
emg,EMG,16,base16,42,27,0.0570856805713403,6.875245959670456,extended,0.001,results\manuscript_figure_data\supp_s1_seed_histories.csv,individual matched extended-training seed trajectory (no aggregation)
emg,EMG,16,base16,42,28,0.0569774543068238,6.863670084211561,extended,0.001,results\manuscript_figure_data\supp_s1_seed_histories.csv,individual matched extended-training seed trajectory (no aggregation)
emg,EMG,16,base16,42,29,0.0568068272833313,6.791915540341978,extended,0.001,results\manuscript_figure_data\supp_s1_seed_histories.csv,individual matched extended-training seed trajectory (no aggregation)
emg,EMG,16,base16,42,30,0.056694315799645,6.7205081162629305,extended,0.001,results\manuscript_figure_data\supp_s1_seed_histories.csv,individual matched extended-training seed trajectory (no aggregation)
emg,EMG,16,base16,42,31,0.0565954581612632,6.874228018301505,extended,0.001,results\manuscript_figure_data\supp_s1_seed_histories.csv,individual matched extended-training seed trajectory (no aggregation)
emg,EMG,16,base16,42,32,0.0564970558775322,6.8478356820565685,extended,0.001,results\manuscript_figure_data\supp_s1_seed_histories.csv,individual matched extended-training seed trajectory (no aggregation)
emg,EMG,16,base16,42,33,0.0563700578752018,6.761789745754665,extended,0.001,results\manuscript_figure_data\supp_s1_seed_histories.csv,individual matched extended-training seed trajectory (no aggregation)
emg,EMG,16,base16,42,34,0.056293639753546,6.793551339043511,extended,0.001,results\manuscript_figure_data\supp_s1_seed_histories.csv,individual matched extended-training seed trajectory (no aggregation)
emg,EMG,16,base16,42,35,0.0561731385510592,6.781435825206615,extended,0.001,results\manuscript_figure_data\supp_s1_seed_histories.csv,individual matched extended-training seed trajectory (no aggregation)
emg,EMG,16,base16,42,36,0.0560943990236236,6.748642338646783,extended,0.001,results\manuscript_figure_data\supp_s1_seed_histories.csv,individual matched extended-training seed trajectory (no aggregation)
emg,EMG,16,base16,42,37,0.0560142094358092,6.770783088825367,extended,0.001,results\manuscript_figure_data\supp_s1_seed_histories.csv,individual matched extended-training seed trajectory (no aggregation)
emg,EMG,16,base16,42,38,0.0559618771963176,6.706854608323839,extended,0.001,results\manuscript_figure_data\supp_s1_seed_histories.csv,individual matched extended-training seed trajectory (no aggregation)
emg,EMG,16,base16,42,39,0.0558553704903239,6.69218670880353,extended,0.001,results\manuscript_figure_data\supp_s1_seed_histories.csv,individual matched extended-training seed trajectory (no aggregation)
emg,EMG,16,base16,42,40,0.0557990993240049,6.675092520537199,extended,0.001,results\manuscript_figure_data\supp_s1_seed_histories.csv,individual matched extended-training seed trajectory (no aggregation)
emg,EMG,16,base16,42,41,0.055737645356428,6.700224187639025,extended,0.001,results\manuscript_figure_data\supp_s1_seed_histories.csv,individual matched extended-training seed trajectory (no aggregation)
emg,EMG,16,base16,42,42,0.0556639157767806,6.781419771688956,extended,0.001,results\manuscript_figure_data\supp_s1_seed_histories.csv,individual matched extended-training seed trajectory (no aggregation)
emg,EMG,16,base16,42,43,0.0555808635162455,6.70418100003843,extended,0.001,results\manuscript_figure_data\supp_s1_seed_histories.csv,individual matched extended-training seed trajectory (no aggregation)
emg,EMG,16,base16,42,44,0.0555210309546618,6.773741916373924,extended,0.001,results\manuscript_figure_data\supp_s1_seed_histories.csv,individual matched extended-training seed trajectory (no aggregation)
emg,EMG,16,base16,42,45,0.0554747300666003,6.765414944401494,extended,0.001,results\manuscript_figure_data\supp_s1_seed_histories.csv,individual matched extended-training seed trajectory (no aggregation)
emg,EMG,16,base16,42,46,0.0554321048515183,6.7423220033998845,extended,0.001,results\manuscript_figure_data\supp_s1_seed_histories.csv,individual matched extended-training seed trajectory (no aggregation)
emg,EMG,16,base16,42,47,0.0553843724585714,6.770806188936587,extended,0.001,results\manuscript_figure_data\supp_s1_seed_histories.csv,individual matched extended-training seed trajectory (no aggregation)
emg,EMG,16,base16,42,48,0.0553274623162689,6.75396384133233,extended,0.001,results\manuscript_figure_data\supp_s1_seed_histories.csv,individual matched extended-training seed trajectory (no aggregation)
emg,EMG,16,base16,42,49,0.0552886264842181,6.713568828724049,extended,0.001,results\manuscript_figure_data\supp_s1_seed_histories.csv,individual matched extended-training seed trajectory (no aggregation)
emg,EMG,16,base16,42,50,0.05522311927662,6.701056286140725,extended,0.001,results\manuscript_figure_data\supp_s1_seed_histories.csv,individual matched extended-training seed trajectory (no aggregation)
emg,EMG,16,base16,42,51,0.055175715844546,6.7353943718804254,extended,0.001,results\manuscript_figure_data\supp_s1_seed_histories.csv,individual matched extended-training seed trajectory (no aggregation)
emg,EMG,16,base16,42,52,0.05514886648882,6.745892736646864,extended,0.001,results\manuscript_figure_data\supp_s1_seed_histories.csv,individual matched extended-training seed trajectory (no aggregation)
emg,EMG,16,base16,42,53,0.0550754968254339,6.743745998099998,extended,0.001,results\manuscript_figure_data\supp_s1_seed_histories.csv,individual matched extended-training seed trajectory (no aggregation)
emg,EMG,16,base16,42,54,0.055058699970444,6.735314457504837,extended,0.001,results\manuscript_figure_data\supp_s1_seed_histories.csv,individual matched extended-training seed trajectory (no aggregation)
emg,EMG,16,base16,42,55,0.055030673174631,6.77452474170261,extended,0.001,results\manuscript_figure_data\supp_s1_seed_histories.csv,individual matched extended-training seed trajectory (no aggregation)
emg,EMG,16,base16,42,56,0.0549865188520579,6.71404684914483,extended,0.001,results\manuscript_figure_data\supp_s1_seed_histories.csv,individual matched extended-training seed trajectory (no aggregation)
emg,EMG,16,base16,42,57,0.0549694438597985,6.698637697431776,extended,0.001,results\manuscript_figure_data\supp_s1_seed_histories.csv,individual matched extended-training seed trajectory (no aggregation)
emg,EMG,16,base16,42,58,0.0549336738352264,6.692631774478489,extended,0.001,results\manuscript_figure_data\supp_s1_seed_histories.csv,individual matched extended-training seed trajectory (no aggregation)
emg,EMG,16,base16,42,59,0.0548887573005188,6.713194334948504,extended,0.001,results\manuscript_figure_data\supp_s1_seed_histories.csv,individual matched extended-training seed trajectory (no aggregation)
emg,EMG,16,base16,42,60,0.054871462001687,6.70884586263586,extended,0.001,results\manuscript_figure_data\supp_s1_seed_histories.csv,individual matched extended-training seed trajectory (no aggregation)
emg,EMG,16,base16,42,61,0.0548892392998649,6.723218794222231,extended,0.001,results\manuscript_figure_data\supp_s1_seed_histories.csv,individual matched extended-training seed trajectory (no aggregation)
emg,EMG,16,base16,42,62,0.0548482573990311,6.704929016254567,extended,0.001,results\manuscript_figure_data\supp_s1_seed_histories.csv,individual matched extended-training seed trajectory (no aggregation)
emg,EMG,16,base16,42,63,0.0548049978911876,6.71152349754616,extended,0.001,results\manuscript_figure_data\supp_s1_seed_histories.csv,individual matched extended-training seed trajectory (no aggregation)
emg,EMG,16,base16,42,64,0.0547982939297244,6.710213202017325,extended,0.001,results\manuscript_figure_data\supp_s1_seed_histories.csv,individual matched extended-training seed trajectory (no aggregation)
emg,EMG,16,base16,42,65,0.0547774627627361,6.708576802854185,extended,0.001,results\manuscript_figure_data\supp_s1_seed_histories.csv,individual matched extended-training seed trajectory (no aggregation)
emg,EMG,16,base16,42,66,0.0547643005493141,6.715671221415202,extended,0.001,results\manuscript_figure_data\supp_s1_seed_histories.csv,individual matched extended-training seed trajectory (no aggregation)
emg,EMG,16,base16,42,67,0.0547605259432679,6.713954007184064,extended,0.001,results\manuscript_figure_data\supp_s1_seed_histories.csv,individual matched extended-training seed trajectory (no aggregation)
emg,EMG,16,base16,42,68,0.0547194887662217,6.693564220711037,extended,0.001,results\manuscript_figure_data\supp_s1_seed_histories.csv,individual matched extended-training seed trajectory (no aggregation)
emg,EMG,16,base16,42,69,0.0547209977571453,6.706623995745623,extended,0.001,results\manuscript_figure_data\supp_s1_seed_histories.csv,individual matched extended-training seed trajectory (no aggregation)
emg,EMG,16,base16,42,70,0.0547328027763537,6.687941586529767,extended,0.001,results\manuscript_figure_data\supp_s1_seed_histories.csv,individual matched extended-training seed trajectory (no aggregation)
emg,EMG,16,base16,42,71,0.0547183357888743,6.704365094502767,extended,0.001,results\manuscript_figure_data\supp_s1_seed_histories.csv,individual matched extended-training seed trajectory (no aggregation)
emg,EMG,16,base16,42,72,0.0547079112912927,6.702983273400201,extended,0.001,results\manuscript_figure_data\supp_s1_seed_histories.csv,individual matched extended-training seed trajectory (no aggregation)
emg,EMG,16,base16,42,73,0.0547174439721164,6.705924087100559,extended,0.001,results\manuscript_figure_data\supp_s1_seed_histories.csv,individual matched extended-training seed trajectory (no aggregation)
emg,EMG,16,base16,42,74,0.0547268571598189,6.698928144243029,extended,0.001,results\manuscript_figure_data\supp_s1_seed_histories.csv,individual matched extended-training seed trajectory (no aggregation)
emg,EMG,16,base16,42,75,0.0546902179008438,6.695668079234936,extended,0.001,results\manuscript_figure_data\supp_s1_seed_histories.csv,individual matched extended-training seed trajectory (no aggregation)
emg,EMG,16,base16,43,1,0.0927822642383121,5.636375003390842,extended,0.001,results\manuscript_figure_data\supp_s1_seed_histories.csv,individual matched extended-training seed trajectory (no aggregation)
emg,EMG,16,base16,43,2,0.0669238920367899,6.627568315576624,extended,0.001,results\manuscript_figure_data\supp_s1_seed_histories.csv,individual matched extended-training seed trajectory (no aggregation)
emg,EMG,16,base16,43,3,0.0642627617078168,6.818995952606201,extended,0.001,results\manuscript_figure_data\supp_s1_seed_histories.csv,individual matched extended-training seed trajectory (no aggregation)
emg,EMG,16,base16,43,4,0.0633557919590246,6.861650466918945,extended,0.001,results\manuscript_figure_data\supp_s1_seed_histories.csv,individual matched extended-training seed trajectory (no aggregation)
emg,EMG,16,base16,43,5,0.0627589772322348,6.944233770723696,extended,0.001,results\manuscript_figure_data\supp_s1_seed_histories.csv,individual matched extended-training seed trajectory (no aggregation)
emg,EMG,16,base16,43,6,0.0623653924536137,6.944615010861997,extended,0.001,results\manuscript_figure_data\supp_s1_seed_histories.csv,individual matched extended-training seed trajectory (no aggregation)
emg,EMG,16,base16,43,7,0.0620043651688666,6.811693986256917,extended,0.001,results\manuscript_figure_data\supp_s1_seed_histories.csv,individual matched extended-training seed trajectory (no aggregation)
emg,EMG,16,base16,43,8,0.0616609885933853,6.965836878176089,extended,0.001,results\manuscript_figure_data\supp_s1_seed_histories.csv,individual matched extended-training seed trajectory (no aggregation)
emg,EMG,16,base16,43,9,0.0614315909998757,6.984083740799515,extended,0.001,results\manuscript_figure_data\supp_s1_seed_histories.csv,individual matched extended-training seed trajectory (no aggregation)
emg,EMG,16,base16,43,10,0.0610962542572191,6.998154675519025,extended,0.001,results\manuscript_figure_data\supp_s1_seed_histories.csv,individual matched extended-training seed trajectory (no aggregation)
emg,EMG,16,base16,43,11,0.0608273423143795,6.904844213415076,extended,0.001,results\manuscript_figure_data\supp_s1_seed_histories.csv,individual matched extended-training seed trajectory (no aggregation)
emg,EMG,16,base16,43,12,0.0605342660986241,6.995665550231934,extended,0.001,results\manuscript_figure_data\supp_s1_seed_histories.csv,individual matched extended-training seed trajectory (no aggregation)
emg,EMG,16,base16,43,13,0.0602763701585077,7.02086192590219,extended,0.001,results\manuscript_figure_data\supp_s1_seed_histories.csv,individual matched extended-training seed trajectory (no aggregation)
emg,EMG,16,base16,43,14,0.0600540359637567,7.049474822150336,extended,0.001,results\manuscript_figure_data\supp_s1_seed_histories.csv,individual matched extended-training seed trajectory (no aggregation)
emg,EMG,16,base16,43,15,0.0598080302455595,6.956992378941289,extended,0.001,results\manuscript_figure_data\supp_s1_seed_histories.csv,individual matched extended-training seed trajectory (no aggregation)
emg,EMG,16,base16,43,16,0.0595290777761311,7.052454754158303,extended,0.001,results\manuscript_figure_data\supp_s1_seed_histories.csv,individual matched extended-training seed trajectory (no aggregation)
emg,EMG,16,base16,43,17,0.0592808180799086,7.007392512427436,extended,0.001,results\manuscript_figure_data\supp_s1_seed_histories.csv,individual matched extended-training seed trajectory (no aggregation)
emg,EMG,16,base16,43,18,0.0590916254335925,6.940815537064164,extended,0.001,results\manuscript_figure_data\supp_s1_seed_histories.csv,individual matched extended-training seed trajectory (no aggregation)
emg,EMG,16,base16,43,19,0.0588318614555256,6.978343133573179,extended,0.001,results\manuscript_figure_data\supp_s1_seed_histories.csv,individual matched extended-training seed trajectory (no aggregation)
emg,EMG,16,base16,43,20,0.0586041682887645,6.930035944338198,extended,0.001,results\manuscript_figure_data\supp_s1_seed_histories.csv,individual matched extended-training seed trajectory (no aggregation)
emg,EMG,16,base16,43,21,0.0584532520245938,6.839205318027073,extended,0.001,results\manuscript_figure_data\supp_s1_seed_histories.csv,individual matched extended-training seed trajectory (no aggregation)
emg,EMG,16,base16,43,22,0.0582640710863329,6.964996037659822,extended,0.001,results\manuscript_figure_data\supp_s1_seed_histories.csv,individual matched extended-training seed trajectory (no aggregation)
emg,EMG,16,base16,43,23,0.0580397971861419,6.949603628229212,extended,0.001,results\manuscript_figure_data\supp_s1_seed_histories.csv,individual matched extended-training seed trajectory (no aggregation)
emg,EMG,16,base16,43,24,0.0578909067703144,6.936102902447736,extended,0.001,results\manuscript_figure_data\supp_s1_seed_histories.csv,individual matched extended-training seed trajectory (no aggregation)
emg,EMG,16,base16,43,25,0.0576929550440538,6.990988537117287,extended,0.001,results\manuscript_figure_data\supp_s1_seed_histories.csv,individual matched extended-training seed trajectory (no aggregation)
emg,EMG,16,base16,43,26,0.0575749421048732,6.937744228928177,extended,0.001,results\manuscript_figure_data\supp_s1_seed_histories.csv,individual matched extended-training seed trajectory (no aggregation)
emg,EMG,16,base16,43,27,0.0574224419537044,6.941306679337113,extended,0.001,results\manuscript_figure_data\supp_s1_seed_histories.csv,individual matched extended-training seed trajectory (no aggregation)
emg,EMG,16,base16,43,28,0.0572628095036461,6.807561185624865,extended,0.001,results\manuscript_figure_data\supp_s1_seed_histories.csv,individual matched extended-training seed trajectory (no aggregation)
emg,EMG,16,base16,43,29,0.0571718547670614,6.912403742472331,extended,0.001,results\manuscript_figure_data\supp_s1_seed_histories.csv,individual matched extended-training seed trajectory (no aggregation)
emg,EMG,16,base16,43,30,0.0570359392535118,6.902855837786639,extended,0.001,results\manuscript_figure_data\supp_s1_seed_histories.csv,individual matched extended-training seed trajectory (no aggregation)
emg,EMG,16,base16,43,31,0.0569246672271263,6.946968537789804,extended,0.001,results\manuscript_figure_data\supp_s1_seed_histories.csv,individual matched extended-training seed trajectory (no aggregation)
emg,EMG,16,base16,43,32,0.0568456660601354,6.694643444485134,extended,0.001,results\manuscript_figure_data\supp_s1_seed_histories.csv,individual matched extended-training seed trajectory (no aggregation)
emg,EMG,16,base16,43,33,0.0567316153929347,6.828316176379168,extended,0.001,results\manuscript_figure_data\supp_s1_seed_histories.csv,individual matched extended-training seed trajectory (no aggregation)
emg,EMG,16,base16,43,34,0.0566351593782504,6.806190473062021,extended,0.001,results\manuscript_figure_data\supp_s1_seed_histories.csv,individual matched extended-training seed trajectory (no aggregation)
emg,EMG,16,base16,43,35,0.0565074259503966,6.887572800671613,extended,0.001,results\manuscript_figure_data\supp_s1_seed_histories.csv,individual matched extended-training seed trajectory (no aggregation)
emg,EMG,16,base16,43,36,0.0564414564342725,6.862038259153013,extended,0.001,results\manuscript_figure_data\supp_s1_seed_histories.csv,individual matched extended-training seed trajectory (no aggregation)
emg,EMG,16,base16,43,37,0.0563490422886042,6.782227940029568,extended,0.001,results\manuscript_figure_data\supp_s1_seed_histories.csv,individual matched extended-training seed trajectory (no aggregation)
emg,EMG,16,base16,43,38,0.0563134580673206,6.859272232762089,extended,0.001,results\manuscript_figure_data\supp_s1_seed_histories.csv,individual matched extended-training seed trajectory (no aggregation)
emg,EMG,16,base16,43,39,0.0561531471532015,6.766494521388301,extended,0.001,results\manuscript_figure_data\supp_s1_seed_histories.csv,individual matched extended-training seed trajectory (no aggregation)
emg,EMG,16,base16,43,40,0.0561288375584852,6.789933151668972,extended,0.001,results\manuscript_figure_data\supp_s1_seed_histories.csv,individual matched extended-training seed trajectory (no aggregation)
emg,EMG,16,base16,43,41,0.0560469738961685,6.861160596211751,extended,0.001,results\manuscript_figure_data\supp_s1_seed_histories.csv,individual matched extended-training seed trajectory (no aggregation)
emg,EMG,16,base16,43,42,0.0559804300112383,6.79904478567618,extended,0.001,results\manuscript_figure_data\supp_s1_seed_histories.csv,individual matched extended-training seed trajectory (no aggregation)
emg,EMG,16,base16,43,43,0.0559361820774418,6.8326417251869485,extended,0.001,results\manuscript_figure_data\supp_s1_seed_histories.csv,individual matched extended-training seed trajectory (no aggregation)
emg,EMG,16,base16,43,44,0.0558843946527867,6.807759037724248,extended,0.001,results\manuscript_figure_data\supp_s1_seed_histories.csv,individual matched extended-training seed trajectory (no aggregation)
emg,EMG,16,base16,43,45,0.0558250752588113,6.832728880423087,extended,0.001,results\manuscript_figure_data\supp_s1_seed_histories.csv,individual matched extended-training seed trajectory (no aggregation)
emg,EMG,16,base16,43,46,0.055733715654129,6.87535536730731,extended,0.001,results\manuscript_figure_data\supp_s1_seed_histories.csv,individual matched extended-training seed trajectory (no aggregation)
emg,EMG,16,base16,43,47,0.0557169150915883,6.860308240961145,extended,0.001,results\manuscript_figure_data\supp_s1_seed_histories.csv,individual matched extended-training seed trajectory (no aggregation)
emg,EMG,16,base16,43,48,0.055638735191453,6.850437694125706,extended,0.001,results\manuscript_figure_data\supp_s1_seed_histories.csv,individual matched extended-training seed trajectory (no aggregation)
emg,EMG,16,base16,43,49,0.0555947429722263,6.838645140329997,extended,0.001,results\manuscript_figure_data\supp_s1_seed_histories.csv,individual matched extended-training seed trajectory (no aggregation)
emg,EMG,16,base16,43,50,0.0555520737809794,6.801426534299497,extended,0.001,results\manuscript_figure_data\supp_s1_seed_histories.csv,individual matched extended-training seed trajectory (no aggregation)
emg,EMG,16,base16,43,51,0.0555163512804678,6.843520623666269,extended,0.001,results\manuscript_figure_data\supp_s1_seed_histories.csv,individual matched extended-training seed trajectory (no aggregation)
emg,EMG,16,base16,43,52,0.0554709336055176,6.848986837599012,extended,0.001,results\manuscript_figure_data\supp_s1_seed_histories.csv,individual matched extended-training seed trajectory (no aggregation)
emg,EMG,16,base16,43,53,0.0554091480693646,6.832513120439318,extended,0.001,results\manuscript_figure_data\supp_s1_seed_histories.csv,individual matched extended-training seed trajectory (no aggregation)
emg,EMG,16,base16,43,54,0.0553906780268464,6.8436932740388094,extended,0.001,results\manuscript_figure_data\supp_s1_seed_histories.csv,individual matched extended-training seed trajectory (no aggregation)
emg,EMG,16,base16,43,55,0.0553405478241897,6.795712312062581,extended,0.001,results\manuscript_figure_data\supp_s1_seed_histories.csv,individual matched extended-training seed trajectory (no aggregation)
emg,EMG,16,base16,43,56,0.0553434129272188,6.827856381734212,extended,0.001,results\manuscript_figure_data\supp_s1_seed_histories.csv,individual matched extended-training seed trajectory (no aggregation)
emg,EMG,16,base16,43,57,0.0553020147518033,6.806938436296251,extended,0.001,results\manuscript_figure_data\supp_s1_seed_histories.csv,individual matched extended-training seed trajectory (no aggregation)
emg,EMG,16,base16,43,58,0.0552552599814676,6.804508809690122,extended,0.001,results\manuscript_figure_data\supp_s1_seed_histories.csv,individual matched extended-training seed trajectory (no aggregation)
emg,EMG,16,base16,43,59,0.0552390013599679,6.7669651243421765,extended,0.001,results\manuscript_figure_data\supp_s1_seed_histories.csv,individual matched extended-training seed trajectory (no aggregation)
emg,EMG,16,base16,43,60,0.055198580416895,6.797484768761529,extended,0.001,results\manuscript_figure_data\supp_s1_seed_histories.csv,individual matched extended-training seed trajectory (no aggregation)
emg,EMG,16,base16,43,61,0.0551650864027795,6.803954813215468,extended,0.001,results\manuscript_figure_data\supp_s1_seed_histories.csv,individual matched extended-training seed trajectory (no aggregation)
emg,EMG,16,base16,43,62,0.0551612402356806,6.801302344710739,extended,0.001,results\manuscript_figure_data\supp_s1_seed_histories.csv,individual matched extended-training seed trajectory (no aggregation)
emg,EMG,16,base16,43,63,0.0551435667134466,6.798643147503888,extended,0.001,results\manuscript_figure_data\supp_s1_seed_histories.csv,individual matched extended-training seed trajectory (no aggregation)
emg,EMG,16,base16,43,64,0.0551159419296752,6.799858693723325,extended,0.001,results\manuscript_figure_data\supp_s1_seed_histories.csv,individual matched extended-training seed trajectory (no aggregation)
emg,EMG,16,base16,43,65,0.0551090640148946,6.779499689737956,extended,0.001,results\manuscript_figure_data\supp_s1_seed_histories.csv,individual matched extended-training seed trajectory (no aggregation)
emg,EMG,16,base16,43,66,0.0550984993399608,6.80810131850066,extended,0.001,results\manuscript_figure_data\supp_s1_seed_histories.csv,individual matched extended-training seed trajectory (no aggregation)
emg,EMG,16,base16,43,67,0.0550823775785309,6.801566053319861,extended,0.001,results\manuscript_figure_data\supp_s1_seed_histories.csv,individual matched extended-training seed trajectory (no aggregation)
emg,EMG,16,base16,43,68,0.0550500462984754,6.800181989316587,extended,0.001,results\manuscript_figure_data\supp_s1_seed_histories.csv,individual matched extended-training seed trajectory (no aggregation)
emg,EMG,16,base16,43,69,0.0550533436593555,6.804654068417019,extended,0.001,results\manuscript_figure_data\supp_s1_seed_histories.csv,individual matched extended-training seed trajectory (no aggregation)
emg,EMG,16,base16,43,70,0.0550408766205821,6.798049838454635,extended,0.001,results\manuscript_figure_data\supp_s1_seed_histories.csv,individual matched extended-training seed trajectory (no aggregation)
emg,EMG,16,base16,43,71,0.0550558647584347,6.799455165863037,extended,0.001,results\manuscript_figure_data\supp_s1_seed_histories.csv,individual matched extended-training seed trajectory (no aggregation)
emg,EMG,16,base16,43,72,0.0550414655002809,6.801754739549425,extended,0.001,results\manuscript_figure_data\supp_s1_seed_histories.csv,individual matched extended-training seed trajectory (no aggregation)
emg,EMG,16,base16,43,73,0.0550339355355217,6.800740436271385,extended,0.001,results\manuscript_figure_data\supp_s1_seed_histories.csv,individual matched extended-training seed trajectory (no aggregation)
emg,EMG,16,base16,43,74,0.0550299381748551,6.798820760515001,extended,0.001,results\manuscript_figure_data\supp_s1_seed_histories.csv,individual matched extended-training seed trajectory (no aggregation)
emg,EMG,16,base16,43,75,0.055029378068589,6.804966096524839,extended,0.001,results\manuscript_figure_data\supp_s1_seed_histories.csv,individual matched extended-training seed trajectory (no aggregation)
eog,EOG,4,base4,42,1,0.1365737184603637,0.946679392031261,extended,0.001,results\manuscript_figure_data\supp_s1_seed_histories.csv,individual matched extended-training seed trajectory (no aggregation)
eog,EOG,4,base4,42,2,0.0957553606027754,4.088119728224618,extended,0.001,results\manuscript_figure_data\supp_s1_seed_histories.csv,individual matched extended-training seed trajectory (no aggregation)
eog,EOG,4,base4,42,3,0.067565643655084,6.293416636330741,extended,0.001,results\manuscript_figure_data\supp_s1_seed_histories.csv,individual matched extended-training seed trajectory (no aggregation)
eog,EOG,4,base4,42,4,0.0571932886318068,7.002922705241612,extended,0.001,results\manuscript_figure_data\supp_s1_seed_histories.csv,individual matched extended-training seed trajectory (no aggregation)
eog,EOG,4,base4,42,5,0.0544632041008672,7.303983892713274,extended,0.001,results\manuscript_figure_data\supp_s1_seed_histories.csv,individual matched extended-training seed trajectory (no aggregation)
eog,EOG,4,base4,42,6,0.0533119137529457,7.42283684866769,extended,0.001,results\manuscript_figure_data\supp_s1_seed_histories.csv,individual matched extended-training seed trajectory (no aggregation)
eog,EOG,4,base4,42,7,0.0527646141213791,7.4809370040893555,extended,0.001,results\manuscript_figure_data\supp_s1_seed_histories.csv,individual matched extended-training seed trajectory (no aggregation)
eog,EOG,4,base4,42,8,0.0522402127699874,7.519600902284894,extended,0.001,results\manuscript_figure_data\supp_s1_seed_histories.csv,individual matched extended-training seed trajectory (no aggregation)
eog,EOG,4,base4,42,9,0.0518289948596018,7.624343906130109,extended,0.001,results\manuscript_figure_data\supp_s1_seed_histories.csv,individual matched extended-training seed trajectory (no aggregation)
eog,EOG,4,base4,42,10,0.0515149272630147,7.680873325892857,extended,0.001,results\manuscript_figure_data\supp_s1_seed_histories.csv,individual matched extended-training seed trajectory (no aggregation)
eog,EOG,4,base4,42,11,0.0513406541094044,7.710172823497227,extended,0.001,results\manuscript_figure_data\supp_s1_seed_histories.csv,individual matched extended-training seed trajectory (no aggregation)
eog,EOG,4,base4,42,12,0.0510207888818232,7.727236645562308,extended,0.001,results\manuscript_figure_data\supp_s1_seed_histories.csv,individual matched extended-training seed trajectory (no aggregation)
eog,EOG,4,base4,42,13,0.0508728640449938,7.744639907564435,extended,0.001,results\manuscript_figure_data\supp_s1_seed_histories.csv,individual matched extended-training seed trajectory (no aggregation)
eog,EOG,4,base4,42,14,0.0507253084296935,7.801259960447039,extended,0.001,results\manuscript_figure_data\supp_s1_seed_histories.csv,individual matched extended-training seed trajectory (no aggregation)
eog,EOG,4,base4,42,15,0.0505163215936344,7.784234796251569,extended,0.001,results\manuscript_figure_data\supp_s1_seed_histories.csv,individual matched extended-training seed trajectory (no aggregation)
eog,EOG,4,base4,42,16,0.0503633577620314,7.841904061181203,extended,0.001,results\manuscript_figure_data\supp_s1_seed_histories.csv,individual matched extended-training seed trajectory (no aggregation)
eog,EOG,4,base4,42,17,0.0502156688718595,7.858226946422032,extended,0.001,results\manuscript_figure_data\supp_s1_seed_histories.csv,individual matched extended-training seed trajectory (no aggregation)
eog,EOG,4,base4,42,18,0.0500093074602501,7.859423773629325,extended,0.001,results\manuscript_figure_data\supp_s1_seed_histories.csv,individual matched extended-training seed trajectory (no aggregation)
eog,EOG,4,base4,42,19,0.0500200235537279,7.906910146985735,extended,0.001,results\manuscript_figure_data\supp_s1_seed_histories.csv,individual matched extended-training seed trajectory (no aggregation)
eog,EOG,4,base4,42,20,0.049823694905945,7.906784023557391,extended,0.001,results\manuscript_figure_data\supp_s1_seed_histories.csv,individual matched extended-training seed trajectory (no aggregation)
eog,EOG,4,base4,42,21,0.0497974899258012,7.916343075888498,extended,0.001,results\manuscript_figure_data\supp_s1_seed_histories.csv,individual matched extended-training seed trajectory (no aggregation)
eog,EOG,4,base4,42,22,0.0496842083738786,7.888264179229736,extended,0.001,results\manuscript_figure_data\supp_s1_seed_histories.csv,individual matched extended-training seed trajectory (no aggregation)
eog,EOG,4,base4,42,23,0.0495693326414188,7.833336659840175,extended,0.001,results\manuscript_figure_data\supp_s1_seed_histories.csv,individual matched extended-training seed trajectory (no aggregation)
eog,EOG,4,base4,42,24,0.0495761106504458,7.989764077322824,extended,0.001,results\manuscript_figure_data\supp_s1_seed_histories.csv,individual matched extended-training seed trajectory (no aggregation)
eog,EOG,4,base4,42,25,0.0494317284602428,7.9646561826978415,extended,0.001,results\manuscript_figure_data\supp_s1_seed_histories.csv,individual matched extended-training seed trajectory (no aggregation)
eog,EOG,4,base4,42,26,0.0492965082211472,7.983004059110369,extended,0.001,results\manuscript_figure_data\supp_s1_seed_histories.csv,individual matched extended-training seed trajectory (no aggregation)
eog,EOG,4,base4,42,27,0.0492449168846986,7.998029027666364,extended,0.001,results\manuscript_figure_data\supp_s1_seed_histories.csv,individual matched extended-training seed trajectory (no aggregation)
eog,EOG,4,base4,42,28,0.0492113727345087,8.008428130831037,extended,0.001,results\manuscript_figure_data\supp_s1_seed_histories.csv,individual matched extended-training seed trajectory (no aggregation)
eog,EOG,4,base4,42,29,0.0491306510553738,7.998939888817923,extended,0.001,results\manuscript_figure_data\supp_s1_seed_histories.csv,individual matched extended-training seed trajectory (no aggregation)
eog,EOG,4,base4,42,30,0.0490070267049508,8.021985496793475,extended,0.001,results\manuscript_figure_data\supp_s1_seed_histories.csv,individual matched extended-training seed trajectory (no aggregation)
eog,EOG,4,base4,42,31,0.0489787821457764,8.039344446999687,extended,0.001,results\manuscript_figure_data\supp_s1_seed_histories.csv,individual matched extended-training seed trajectory (no aggregation)
eog,EOG,4,base4,42,32,0.0489582694788402,8.050568342208862,extended,0.001,results\manuscript_figure_data\supp_s1_seed_histories.csv,individual matched extended-training seed trajectory (no aggregation)
eog,EOG,4,base4,42,33,0.0488616822757453,8.022830145699638,extended,0.001,results\manuscript_figure_data\supp_s1_seed_histories.csv,individual matched extended-training seed trajectory (no aggregation)
eog,EOG,4,base4,42,34,0.048808053623293,8.031640223094396,extended,0.001,results\manuscript_figure_data\supp_s1_seed_histories.csv,individual matched extended-training seed trajectory (no aggregation)
eog,EOG,4,base4,42,35,0.0488388814798025,8.020598888397217,extended,0.001,results\manuscript_figure_data\supp_s1_seed_histories.csv,individual matched extended-training seed trajectory (no aggregation)
eog,EOG,4,base4,42,36,0.0487611144432954,8.083658967699323,extended,0.001,results\manuscript_figure_data\supp_s1_seed_histories.csv,individual matched extended-training seed trajectory (no aggregation)
eog,EOG,4,base4,42,37,0.0487067557035762,8.0529123374394,extended,0.001,results\manuscript_figure_data\supp_s1_seed_histories.csv,individual matched extended-training seed trajectory (no aggregation)
eog,EOG,4,base4,42,38,0.0486619948435609,8.056322506495885,extended,0.001,results\manuscript_figure_data\supp_s1_seed_histories.csv,individual matched extended-training seed trajectory (no aggregation)
eog,EOG,4,base4,42,39,0.0486177969898018,8.090784209115165,extended,0.001,results\manuscript_figure_data\supp_s1_seed_histories.csv,individual matched extended-training seed trajectory (no aggregation)
eog,EOG,4,base4,42,40,0.0485881824986399,8.089436190468925,extended,0.001,results\manuscript_figure_data\supp_s1_seed_histories.csv,individual matched extended-training seed trajectory (no aggregation)
eog,EOG,4,base4,42,41,0.0485639503904592,8.034571204866682,extended,0.001,results\manuscript_figure_data\supp_s1_seed_histories.csv,individual matched extended-training seed trajectory (no aggregation)
eog,EOG,4,base4,42,42,0.0485246006712735,8.086520569665092,extended,0.001,results\manuscript_figure_data\supp_s1_seed_histories.csv,individual matched extended-training seed trajectory (no aggregation)
eog,EOG,4,base4,42,43,0.0484657278545549,8.08908840588161,extended,0.001,results\manuscript_figure_data\supp_s1_seed_histories.csv,individual matched extended-training seed trajectory (no aggregation)
eog,EOG,4,base4,42,44,0.0484444376464202,8.089828559330531,extended,0.001,results\manuscript_figure_data\supp_s1_seed_histories.csv,individual matched extended-training seed trajectory (no aggregation)
eog,EOG,4,base4,42,45,0.0484178016118914,8.117826598031181,extended,0.001,results\manuscript_figure_data\supp_s1_seed_histories.csv,individual matched extended-training seed trajectory (no aggregation)
eog,EOG,4,base4,42,46,0.0483691701056244,8.107740913118635,extended,0.001,results\manuscript_figure_data\supp_s1_seed_histories.csv,individual matched extended-training seed trajectory (no aggregation)
eog,EOG,4,base4,42,47,0.0483594144059118,8.09801891871861,extended,0.001,results\manuscript_figure_data\supp_s1_seed_histories.csv,individual matched extended-training seed trajectory (no aggregation)
eog,EOG,4,base4,42,48,0.0484052674374847,8.101680823734828,extended,0.001,results\manuscript_figure_data\supp_s1_seed_histories.csv,individual matched extended-training seed trajectory (no aggregation)
eog,EOG,4,base4,42,49,0.048330077814443,8.101143632616315,extended,0.001,results\manuscript_figure_data\supp_s1_seed_histories.csv,individual matched extended-training seed trajectory (no aggregation)
eog,EOG,4,base4,42,50,0.0482768324839177,8.131062814167567,extended,0.001,results\manuscript_figure_data\supp_s1_seed_histories.csv,individual matched extended-training seed trajectory (no aggregation)
eog,EOG,4,base4,42,51,0.0483120211582874,8.138331004551478,extended,0.001,results\manuscript_figure_data\supp_s1_seed_histories.csv,individual matched extended-training seed trajectory (no aggregation)
eog,EOG,4,base4,42,52,0.048240415926013,8.126077107020787,extended,0.001,results\manuscript_figure_data\supp_s1_seed_histories.csv,individual matched extended-training seed trajectory (no aggregation)
eog,EOG,4,base4,42,53,0.0482678884100691,8.126726320811681,extended,0.001,results\manuscript_figure_data\supp_s1_seed_histories.csv,individual matched extended-training seed trajectory (no aggregation)
eog,EOG,4,base4,42,54,0.0482204949535499,8.143967594419207,extended,0.001,results\manuscript_figure_data\supp_s1_seed_histories.csv,individual matched extended-training seed trajectory (no aggregation)
eog,EOG,4,base4,42,55,0.048209438466023,8.130177191325597,extended,0.001,results\manuscript_figure_data\supp_s1_seed_histories.csv,individual matched extended-training seed trajectory (no aggregation)
eog,EOG,4,base4,42,56,0.048174691012251,8.149715764181954,extended,0.001,results\manuscript_figure_data\supp_s1_seed_histories.csv,individual matched extended-training seed trajectory (no aggregation)
eog,EOG,4,base4,42,57,0.0481547525970735,8.139509848185948,extended,0.001,results\manuscript_figure_data\supp_s1_seed_histories.csv,individual matched extended-training seed trajectory (no aggregation)
eog,EOG,4,base4,42,58,0.0481333279303301,8.141336849757604,extended,0.001,results\manuscript_figure_data\supp_s1_seed_histories.csv,individual matched extended-training seed trajectory (no aggregation)
eog,EOG,4,base4,42,59,0.0481353796600738,8.13615049634661,extended,0.001,results\manuscript_figure_data\supp_s1_seed_histories.csv,individual matched extended-training seed trajectory (no aggregation)
eog,EOG,4,base4,42,60,0.0481281494982888,8.148575748716082,extended,0.001,results\manuscript_figure_data\supp_s1_seed_histories.csv,individual matched extended-training seed trajectory (no aggregation)
eog,EOG,4,base4,42,61,0.0480745182346517,8.150978428976876,extended,0.001,results\manuscript_figure_data\supp_s1_seed_histories.csv,individual matched extended-training seed trajectory (no aggregation)
eog,EOG,4,base4,42,62,0.0481300413190761,8.14913020815168,extended,0.001,results\manuscript_figure_data\supp_s1_seed_histories.csv,individual matched extended-training seed trajectory (no aggregation)
eog,EOG,4,base4,42,63,0.0480789610088985,8.15614264351981,extended,0.001,results\manuscript_figure_data\supp_s1_seed_histories.csv,individual matched extended-training seed trajectory (no aggregation)
eog,EOG,4,base4,42,64,0.0480875557062224,8.153178862163,extended,0.001,results\manuscript_figure_data\supp_s1_seed_histories.csv,individual matched extended-training seed trajectory (no aggregation)
eog,EOG,4,base4,42,65,0.0480429129413912,8.154362542288643,extended,0.001,results\manuscript_figure_data\supp_s1_seed_histories.csv,individual matched extended-training seed trajectory (no aggregation)
eog,EOG,4,base4,42,66,0.0480010369531462,8.150617531367711,extended,0.001,results\manuscript_figure_data\supp_s1_seed_histories.csv,individual matched extended-training seed trajectory (no aggregation)
eog,EOG,4,base4,42,67,0.0481094419259891,8.154249600001744,extended,0.001,results\manuscript_figure_data\supp_s1_seed_histories.csv,individual matched extended-training seed trajectory (no aggregation)
eog,EOG,4,base4,42,68,0.0480808612899245,8.152480568204608,extended,0.001,results\manuscript_figure_data\supp_s1_seed_histories.csv,individual matched extended-training seed trajectory (no aggregation)
eog,EOG,4,base4,42,69,0.0480972754412165,8.155622959136963,extended,0.001,results\manuscript_figure_data\supp_s1_seed_histories.csv,individual matched extended-training seed trajectory (no aggregation)
eog,EOG,4,base4,42,70,0.0480282580323308,8.156620809010096,extended,0.001,results\manuscript_figure_data\supp_s1_seed_histories.csv,individual matched extended-training seed trajectory (no aggregation)
eog,EOG,4,base4,42,71,0.0480212416047247,8.15297862461635,extended,0.001,results\manuscript_figure_data\supp_s1_seed_histories.csv,individual matched extended-training seed trajectory (no aggregation)
eog,EOG,4,base4,42,72,0.048058869125687,8.158129317419869,extended,0.001,results\manuscript_figure_data\supp_s1_seed_histories.csv,individual matched extended-training seed trajectory (no aggregation)
eog,EOG,4,base4,42,73,0.0480079699621022,8.153366940362114,extended,0.001,results\manuscript_figure_data\supp_s1_seed_histories.csv,individual matched extended-training seed trajectory (no aggregation)
eog,EOG,4,base4,42,74,0.0480193506543324,8.15576696395874,extended,0.001,results\manuscript_figure_data\supp_s1_seed_histories.csv,individual matched extended-training seed trajectory (no aggregation)
eog,EOG,4,base4,42,75,0.0480718589344314,8.155715193067278,extended,0.001,results\manuscript_figure_data\supp_s1_seed_histories.csv,individual matched extended-training seed trajectory (no aggregation)
eog,EOG,4,base4,43,1,0.1489626244406834,0.7469752388341087,extended,0.001,results\manuscript_figure_data\supp_s1_seed_histories.csv,individual matched extended-training seed trajectory (no aggregation)
eog,EOG,4,base4,43,2,0.1028185977696258,3.998627781867981,extended,0.001,results\manuscript_figure_data\supp_s1_seed_histories.csv,individual matched extended-training seed trajectory (no aggregation)
eog,EOG,4,base4,43,3,0.0672687862381756,6.501671620777676,extended,0.001,results\manuscript_figure_data\supp_s1_seed_histories.csv,individual matched extended-training seed trajectory (no aggregation)
eog,EOG,4,base4,43,4,0.056741813006245,6.992068461009434,extended,0.001,results\manuscript_figure_data\supp_s1_seed_histories.csv,individual matched extended-training seed trajectory (no aggregation)
eog,EOG,4,base4,43,5,0.0546599531494011,7.220659153802054,extended,0.001,results\manuscript_figure_data\supp_s1_seed_histories.csv,individual matched extended-training seed trajectory (no aggregation)
eog,EOG,4,base4,43,6,0.0534743241547981,7.340493985584804,extended,0.001,results\manuscript_figure_data\supp_s1_seed_histories.csv,individual matched extended-training seed trajectory (no aggregation)
eog,EOG,4,base4,43,7,0.0526370360542123,7.453541994094849,extended,0.001,results\manuscript_figure_data\supp_s1_seed_histories.csv,individual matched extended-training seed trajectory (no aggregation)
eog,EOG,4,base4,43,8,0.0521058637265847,7.537132399422782,extended,0.001,results\manuscript_figure_data\supp_s1_seed_histories.csv,individual matched extended-training seed trajectory (no aggregation)
eog,EOG,4,base4,43,9,0.0515372410904024,7.631839854376657,extended,0.001,results\manuscript_figure_data\supp_s1_seed_histories.csv,individual matched extended-training seed trajectory (no aggregation)
eog,EOG,4,base4,43,10,0.0512731122984507,7.586994205202375,extended,0.001,results\manuscript_figure_data\supp_s1_seed_histories.csv,individual matched extended-training seed trajectory (no aggregation)
eog,EOG,4,base4,43,11,0.0509481937319875,7.734891244343349,extended,0.001,results\manuscript_figure_data\supp_s1_seed_histories.csv,individual matched extended-training seed trajectory (no aggregation)
eog,EOG,4,base4,43,12,0.0506887648637606,7.756262302398682,extended,0.001,results\manuscript_figure_data\supp_s1_seed_histories.csv,individual matched extended-training seed trajectory (no aggregation)
eog,EOG,4,base4,43,13,0.0504733270782733,7.715315614427839,extended,0.001,results\manuscript_figure_data\supp_s1_seed_histories.csv,individual matched extended-training seed trajectory (no aggregation)
eog,EOG,4,base4,43,14,0.0502355442356283,7.821481806891305,extended,0.001,results\manuscript_figure_data\supp_s1_seed_histories.csv,individual matched extended-training seed trajectory (no aggregation)
eog,EOG,4,base4,43,15,0.0501256125204474,7.835082530975342,extended,0.001,results\manuscript_figure_data\supp_s1_seed_histories.csv,individual matched extended-training seed trajectory (no aggregation)
eog,EOG,4,base4,43,16,0.0500038346954595,7.892768348966326,extended,0.001,results\manuscript_figure_data\supp_s1_seed_histories.csv,individual matched extended-training seed trajectory (no aggregation)
eog,EOG,4,base4,43,17,0.0497623646509981,7.884821687425886,extended,0.001,results\manuscript_figure_data\supp_s1_seed_histories.csv,individual matched extended-training seed trajectory (no aggregation)
eog,EOG,4,base4,43,18,0.0497326846016901,7.900332621165684,extended,0.001,results\manuscript_figure_data\supp_s1_seed_histories.csv,individual matched extended-training seed trajectory (no aggregation)
eog,EOG,4,base4,43,19,0.0495311674252848,7.940847090312412,extended,0.001,results\manuscript_figure_data\supp_s1_seed_histories.csv,individual matched extended-training seed trajectory (no aggregation)
eog,EOG,4,base4,43,20,0.0494948276710287,7.862388406481061,extended,0.001,results\manuscript_figure_data\supp_s1_seed_histories.csv,individual matched extended-training seed trajectory (no aggregation)
eog,EOG,4,base4,43,21,0.0493397361067968,7.945774861744472,extended,0.001,results\manuscript_figure_data\supp_s1_seed_histories.csv,individual matched extended-training seed trajectory (no aggregation)
eog,EOG,4,base4,43,22,0.0492724266912892,7.994652577808925,extended,0.001,results\manuscript_figure_data\supp_s1_seed_histories.csv,individual matched extended-training seed trajectory (no aggregation)
eog,EOG,4,base4,43,23,0.0491553369526551,7.996731792177472,extended,0.001,results\manuscript_figure_data\supp_s1_seed_histories.csv,individual matched extended-training seed trajectory (no aggregation)
eog,EOG,4,base4,43,24,0.0491226245866757,7.973193781716483,extended,0.001,results\manuscript_figure_data\supp_s1_seed_histories.csv,individual matched extended-training seed trajectory (no aggregation)
eog,EOG,4,base4,43,25,0.0490724810303371,7.968945128577096,extended,0.001,results\manuscript_figure_data\supp_s1_seed_histories.csv,individual matched extended-training seed trajectory (no aggregation)
eog,EOG,4,base4,43,26,0.0489629397743216,8.019115482057844,extended,0.001,results\manuscript_figure_data\supp_s1_seed_histories.csv,individual matched extended-training seed trajectory (no aggregation)
eog,EOG,4,base4,43,27,0.0488792805471152,8.03448554447719,extended,0.001,results\manuscript_figure_data\supp_s1_seed_histories.csv,individual matched extended-training seed trajectory (no aggregation)
eog,EOG,4,base4,43,28,0.0488245451701021,8.048825434276036,extended,0.001,results\manuscript_figure_data\supp_s1_seed_histories.csv,individual matched extended-training seed trajectory (no aggregation)
eog,EOG,4,base4,43,29,0.0487368205718905,8.075146538870674,extended,0.001,results\manuscript_figure_data\supp_s1_seed_histories.csv,individual matched extended-training seed trajectory (no aggregation)
eog,EOG,4,base4,43,30,0.0486874451564851,8.034898519515991,extended,0.001,results\manuscript_figure_data\supp_s1_seed_histories.csv,individual matched extended-training seed trajectory (no aggregation)
eog,EOG,4,base4,43,31,0.0486196337668138,8.078328098569598,extended,0.001,results\manuscript_figure_data\supp_s1_seed_histories.csv,individual matched extended-training seed trajectory (no aggregation)
eog,EOG,4,base4,43,32,0.0486043465680608,7.997055734906878,extended,0.001,results\manuscript_figure_data\supp_s1_seed_histories.csv,individual matched extended-training seed trajectory (no aggregation)
eog,EOG,4,base4,43,33,0.0485463790317005,8.139074087142944,extended,0.001,results\manuscript_figure_data\supp_s1_seed_histories.csv,individual matched extended-training seed trajectory (no aggregation)
eog,EOG,4,base4,43,34,0.0484516169423254,8.092168978282384,extended,0.001,results\manuscript_figure_data\supp_s1_seed_histories.csv,individual matched extended-training seed trajectory (no aggregation)
eog,EOG,4,base4,43,35,0.0483789440836304,8.13608796255929,extended,0.001,results\manuscript_figure_data\supp_s1_seed_histories.csv,individual matched extended-training seed trajectory (no aggregation)
eog,EOG,4,base4,43,36,0.0483425734129464,8.146651915141515,extended,0.001,results\manuscript_figure_data\supp_s1_seed_histories.csv,individual matched extended-training seed trajectory (no aggregation)
eog,EOG,4,base4,43,37,0.0483529076119449,8.123640707560948,extended,0.001,results\manuscript_figure_data\supp_s1_seed_histories.csv,individual matched extended-training seed trajectory (no aggregation)
eog,EOG,4,base4,43,38,0.0482665103660008,8.151445559092931,extended,0.001,results\manuscript_figure_data\supp_s1_seed_histories.csv,individual matched extended-training seed trajectory (no aggregation)
eog,EOG,4,base4,43,39,0.0482252505477343,8.172054154532296,extended,0.001,results\manuscript_figure_data\supp_s1_seed_histories.csv,individual matched extended-training seed trajectory (no aggregation)
eog,EOG,4,base4,43,40,0.0482185670984125,8.123133284705025,extended,0.001,results\manuscript_figure_data\supp_s1_seed_histories.csv,individual matched extended-training seed trajectory (no aggregation)
eog,EOG,4,base4,43,41,0.048204956941794,8.12407388005938,extended,0.001,results\manuscript_figure_data\supp_s1_seed_histories.csv,individual matched extended-training seed trajectory (no aggregation)
eog,EOG,4,base4,43,42,0.0481286768531687,8.191704886300224,extended,0.001,results\manuscript_figure_data\supp_s1_seed_histories.csv,individual matched extended-training seed trajectory (no aggregation)
eog,EOG,4,base4,43,43,0.0480626283613877,8.139697313308716,extended,0.001,results\manuscript_figure_data\supp_s1_seed_histories.csv,individual matched extended-training seed trajectory (no aggregation)
eog,EOG,4,base4,43,44,0.0480684941268969,8.180696896144322,extended,0.001,results\manuscript_figure_data\supp_s1_seed_histories.csv,individual matched extended-training seed trajectory (no aggregation)
eog,EOG,4,base4,43,45,0.0480454749662742,8.17805552482605,extended,0.001,results\manuscript_figure_data\supp_s1_seed_histories.csv,individual matched extended-training seed trajectory (no aggregation)
eog,EOG,4,base4,43,46,0.0479903287628543,8.171164853232247,extended,0.001,results\manuscript_figure_data\supp_s1_seed_histories.csv,individual matched extended-training seed trajectory (no aggregation)
eog,EOG,4,base4,43,47,0.0479733961695265,8.187482050486974,extended,0.001,results\manuscript_figure_data\supp_s1_seed_histories.csv,individual matched extended-training seed trajectory (no aggregation)
eog,EOG,4,base4,43,48,0.0479775061047522,8.202068158558436,extended,0.001,results\manuscript_figure_data\supp_s1_seed_histories.csv,individual matched extended-training seed trajectory (no aggregation)
eog,EOG,4,base4,43,49,0.0479503706376129,8.202215875898089,extended,0.001,results\manuscript_figure_data\supp_s1_seed_histories.csv,individual matched extended-training seed trajectory (no aggregation)
eog,EOG,4,base4,43,50,0.0478650192234003,8.20963532584054,extended,0.001,results\manuscript_figure_data\supp_s1_seed_histories.csv,individual matched extended-training seed trajectory (no aggregation)
eog,EOG,4,base4,43,51,0.0478570550749792,8.196762527738299,extended,0.001,results\manuscript_figure_data\supp_s1_seed_histories.csv,individual matched extended-training seed trajectory (no aggregation)
eog,EOG,4,base4,43,52,0.0478733582335097,8.20374482018607,extended,0.001,results\manuscript_figure_data\supp_s1_seed_histories.csv,individual matched extended-training seed trajectory (no aggregation)
eog,EOG,4,base4,43,53,0.0478109226118181,8.214498690196447,extended,0.001,results\manuscript_figure_data\supp_s1_seed_histories.csv,individual matched extended-training seed trajectory (no aggregation)
eog,EOG,4,base4,43,54,0.0477854215374616,8.213132960455757,extended,0.001,results\manuscript_figure_data\supp_s1_seed_histories.csv,individual matched extended-training seed trajectory (no aggregation)
eog,EOG,4,base4,43,55,0.0478008509935619,8.211223329816546,extended,0.001,results\manuscript_figure_data\supp_s1_seed_histories.csv,individual matched extended-training seed trajectory (no aggregation)
eog,EOG,4,base4,43,56,0.0477730858827305,8.212970222745623,extended,0.001,results\manuscript_figure_data\supp_s1_seed_histories.csv,individual matched extended-training seed trajectory (no aggregation)
eog,EOG,4,base4,43,57,0.0477215417565029,8.216786691120692,extended,0.001,results\manuscript_figure_data\supp_s1_seed_histories.csv,individual matched extended-training seed trajectory (no aggregation)
eog,EOG,4,base4,43,58,0.0477531451697104,8.225135156086512,extended,0.001,results\manuscript_figure_data\supp_s1_seed_histories.csv,individual matched extended-training seed trajectory (no aggregation)
eog,EOG,4,base4,43,59,0.0477470486102817,8.223726238523211,extended,0.001,results\manuscript_figure_data\supp_s1_seed_histories.csv,individual matched extended-training seed trajectory (no aggregation)
eog,EOG,4,base4,43,60,0.047711461852087,8.235604115894862,extended,0.001,results\manuscript_figure_data\supp_s1_seed_histories.csv,individual matched extended-training seed trajectory (no aggregation)
eog,EOG,4,base4,43,61,0.0477173878141095,8.22056930405753,extended,0.001,results\manuscript_figure_data\supp_s1_seed_histories.csv,individual matched extended-training seed trajectory (no aggregation)
eog,EOG,4,base4,43,62,0.0476870857457691,8.232100112097603,extended,0.001,results\manuscript_figure_data\supp_s1_seed_histories.csv,individual matched extended-training seed trajectory (no aggregation)
eog,EOG,4,base4,43,63,0.0476520833707301,8.227423633847918,extended,0.001,results\manuscript_figure_data\supp_s1_seed_histories.csv,individual matched extended-training seed trajectory (no aggregation)
eog,EOG,4,base4,43,64,0.0476866862344964,8.220987558364868,extended,0.001,results\manuscript_figure_data\supp_s1_seed_histories.csv,individual matched extended-training seed trajectory (no aggregation)
eog,EOG,4,base4,43,65,0.0476774070934157,8.232975108282906,extended,0.001,results\manuscript_figure_data\supp_s1_seed_histories.csv,individual matched extended-training seed trajectory (no aggregation)
eog,EOG,4,base4,43,66,0.0476442304239651,8.236743824822563,extended,0.001,results\manuscript_figure_data\supp_s1_seed_histories.csv,individual matched extended-training seed trajectory (no aggregation)
eog,EOG,4,base4,43,67,0.0476398427283095,8.22976657322475,extended,0.001,results\manuscript_figure_data\supp_s1_seed_histories.csv,individual matched extended-training seed trajectory (no aggregation)
eog,EOG,4,base4,43,68,0.0476371640705059,8.234569890158516,extended,0.001,results\manuscript_figure_data\supp_s1_seed_histories.csv,individual matched extended-training seed trajectory (no aggregation)
eog,EOG,4,base4,43,69,0.0476497490411606,8.233966316495623,extended,0.001,results\manuscript_figure_data\supp_s1_seed_histories.csv,individual matched extended-training seed trajectory (no aggregation)
eog,EOG,4,base4,43,70,0.0476767771711973,8.23502949305943,extended,0.001,results\manuscript_figure_data\supp_s1_seed_histories.csv,individual matched extended-training seed trajectory (no aggregation)
eog,EOG,4,base4,43,71,0.047620627855029,8.234917095729283,extended,0.001,results\manuscript_figure_data\supp_s1_seed_histories.csv,individual matched extended-training seed trajectory (no aggregation)
eog,EOG,4,base4,43,72,0.0476142085183446,8.235805818012782,extended,0.001,results\manuscript_figure_data\supp_s1_seed_histories.csv,individual matched extended-training seed trajectory (no aggregation)
eog,EOG,4,base4,43,73,0.0476618015738291,8.236347709383283,extended,0.001,results\manuscript_figure_data\supp_s1_seed_histories.csv,individual matched extended-training seed trajectory (no aggregation)
eog,EOG,4,base4,43,74,0.0476276415321871,8.234198468072075,extended,0.001,results\manuscript_figure_data\supp_s1_seed_histories.csv,individual matched extended-training seed trajectory (no aggregation)
eog,EOG,4,base4,43,75,0.0476241093999314,8.23498603275844,extended,0.001,results\manuscript_figure_data\supp_s1_seed_histories.csv,individual matched extended-training seed trajectory (no aggregation)
eog,EOG,6,base6,42,1,0.149715549129749,1.02171214563506,extended,0.001,results\manuscript_figure_data\supp_s1_seed_histories.csv,individual matched extended-training seed trajectory (no aggregation)
eog,EOG,6,base6,42,2,0.0969244613547191,4.765881265912737,extended,0.001,results\manuscript_figure_data\supp_s1_seed_histories.csv,individual matched extended-training seed trajectory (no aggregation)
eog,EOG,6,base6,42,3,0.0600667131072449,6.955245971679688,extended,0.001,results\manuscript_figure_data\supp_s1_seed_histories.csv,individual matched extended-training seed trajectory (no aggregation)
eog,EOG,6,base6,42,4,0.0539609529426164,7.35897159576416,extended,0.001,results\manuscript_figure_data\supp_s1_seed_histories.csv,individual matched extended-training seed trajectory (no aggregation)
eog,EOG,6,base6,42,5,0.0523600878768435,7.470790726797921,extended,0.001,results\manuscript_figure_data\supp_s1_seed_histories.csv,individual matched extended-training seed trajectory (no aggregation)
eog,EOG,6,base6,42,6,0.051491771624467,7.624756744929722,extended,0.001,results\manuscript_figure_data\supp_s1_seed_histories.csv,individual matched extended-training seed trajectory (no aggregation)
eog,EOG,6,base6,42,7,0.0507924864851982,7.693275213241577,extended,0.001,results\manuscript_figure_data\supp_s1_seed_histories.csv,individual matched extended-training seed trajectory (no aggregation)
eog,EOG,6,base6,42,8,0.0502354533663976,7.806945187704904,extended,0.001,results\manuscript_figure_data\supp_s1_seed_histories.csv,individual matched extended-training seed trajectory (no aggregation)
eog,EOG,6,base6,42,9,0.0498166120149821,7.865992409842355,extended,0.001,results\manuscript_figure_data\supp_s1_seed_histories.csv,individual matched extended-training seed trajectory (no aggregation)
eog,EOG,6,base6,42,10,0.0494272588430164,7.857641935348511,extended,0.001,results\manuscript_figure_data\supp_s1_seed_histories.csv,individual matched extended-training seed trajectory (no aggregation)
eog,EOG,6,base6,42,11,0.0491310136967173,7.990049362182617,extended,0.001,results\manuscript_figure_data\supp_s1_seed_histories.csv,individual matched extended-training seed trajectory (no aggregation)
eog,EOG,6,base6,42,12,0.0488118623322415,8.047972100121635,extended,0.001,results\manuscript_figure_data\supp_s1_seed_histories.csv,individual matched extended-training seed trajectory (no aggregation)
eog,EOG,6,base6,42,13,0.0485783559487801,7.947074379239764,extended,0.001,results\manuscript_figure_data\supp_s1_seed_histories.csv,individual matched extended-training seed trajectory (no aggregation)
eog,EOG,6,base6,42,14,0.0483620731490794,8.08814651625497,extended,0.001,results\manuscript_figure_data\supp_s1_seed_histories.csv,individual matched extended-training seed trajectory (no aggregation)
eog,EOG,6,base6,42,15,0.0480757591741107,8.112047944750104,extended,0.001,results\manuscript_figure_data\supp_s1_seed_histories.csv,individual matched extended-training seed trajectory (no aggregation)
eog,EOG,6,base6,42,16,0.0480205844217371,8.136450835636683,extended,0.001,results\manuscript_figure_data\supp_s1_seed_histories.csv,individual matched extended-training seed trajectory (no aggregation)
eog,EOG,6,base6,42,17,0.0476764516783094,8.138230425970894,extended,0.001,results\manuscript_figure_data\supp_s1_seed_histories.csv,individual matched extended-training seed trajectory (no aggregation)
eog,EOG,6,base6,42,18,0.0475150912860843,8.166681391852242,extended,0.001,results\manuscript_figure_data\supp_s1_seed_histories.csv,individual matched extended-training seed trajectory (no aggregation)
eog,EOG,6,base6,42,19,0.0473817521793262,8.009501831872123,extended,0.001,results\manuscript_figure_data\supp_s1_seed_histories.csv,individual matched extended-training seed trajectory (no aggregation)
eog,EOG,6,base6,42,20,0.047240658863404,8.222789628165108,extended,0.001,results\manuscript_figure_data\supp_s1_seed_histories.csv,individual matched extended-training seed trajectory (no aggregation)
eog,EOG,6,base6,42,21,0.0470882303246827,8.272886071886335,extended,0.001,results\manuscript_figure_data\supp_s1_seed_histories.csv,individual matched extended-training seed trajectory (no aggregation)
eog,EOG,6,base6,42,22,0.0470043695836423,8.172841480800084,extended,0.001,results\manuscript_figure_data\supp_s1_seed_histories.csv,individual matched extended-training seed trajectory (no aggregation)
eog,EOG,6,base6,42,23,0.046856161137329,8.298022542681013,extended,0.001,results\manuscript_figure_data\supp_s1_seed_histories.csv,individual matched extended-training seed trajectory (no aggregation)
eog,EOG,6,base6,42,24,0.0467388494479879,8.263602427073888,extended,0.001,results\manuscript_figure_data\supp_s1_seed_histories.csv,individual matched extended-training seed trajectory (no aggregation)
eog,EOG,6,base6,42,25,0.046685766776867,8.367349352155413,extended,0.001,results\manuscript_figure_data\supp_s1_seed_histories.csv,individual matched extended-training seed trajectory (no aggregation)
eog,EOG,6,base6,42,26,0.046521711467861,8.30906435421535,extended,0.001,results\manuscript_figure_data\supp_s1_seed_histories.csv,individual matched extended-training seed trajectory (no aggregation)
eog,EOG,6,base6,42,27,0.0464295565942737,8.358647414616176,extended,0.001,results\manuscript_figure_data\supp_s1_seed_histories.csv,individual matched extended-training seed trajectory (no aggregation)
eog,EOG,6,base6,42,28,0.0464595372779904,8.370117051260811,extended,0.001,results\manuscript_figure_data\supp_s1_seed_histories.csv,individual matched extended-training seed trajectory (no aggregation)
eog,EOG,6,base6,42,29,0.046334109016668,8.329639843532018,extended,0.001,results\manuscript_figure_data\supp_s1_seed_histories.csv,individual matched extended-training seed trajectory (no aggregation)
eog,EOG,6,base6,42,30,0.0461726178563086,8.377365793500628,extended,0.001,results\manuscript_figure_data\supp_s1_seed_histories.csv,individual matched extended-training seed trajectory (no aggregation)
eog,EOG,6,base6,42,31,0.0461240347439997,8.413186856678553,extended,0.001,results\manuscript_figure_data\supp_s1_seed_histories.csv,individual matched extended-training seed trajectory (no aggregation)
eog,EOG,6,base6,42,32,0.0460234902033181,8.397357497896467,extended,0.001,results\manuscript_figure_data\supp_s1_seed_histories.csv,individual matched extended-training seed trajectory (no aggregation)
eog,EOG,6,base6,42,33,0.0460263437060552,8.445005825587682,extended,0.001,results\manuscript_figure_data\supp_s1_seed_histories.csv,individual matched extended-training seed trajectory (no aggregation)
eog,EOG,6,base6,42,34,0.0458634931280791,8.40086569104876,extended,0.001,results\manuscript_figure_data\supp_s1_seed_histories.csv,individual matched extended-training seed trajectory (no aggregation)
eog,EOG,6,base6,42,35,0.045904732439841,8.423062597002302,extended,0.001,results\manuscript_figure_data\supp_s1_seed_histories.csv,individual matched extended-training seed trajectory (no aggregation)
eog,EOG,6,base6,42,36,0.0458243060682978,8.382832969938006,extended,0.001,results\manuscript_figure_data\supp_s1_seed_histories.csv,individual matched extended-training seed trajectory (no aggregation)
eog,EOG,6,base6,42,37,0.045703211607777,8.418380839484078,extended,0.001,results\manuscript_figure_data\supp_s1_seed_histories.csv,individual matched extended-training seed trajectory (no aggregation)
eog,EOG,6,base6,42,38,0.0457488902470218,8.413958719798497,extended,0.001,results\manuscript_figure_data\supp_s1_seed_histories.csv,individual matched extended-training seed trajectory (no aggregation)
eog,EOG,6,base6,42,39,0.0456300116030969,8.43697476387024,extended,0.001,results\manuscript_figure_data\supp_s1_seed_histories.csv,individual matched extended-training seed trajectory (no aggregation)
eog,EOG,6,base6,42,40,0.0455841170710938,8.393283094678607,extended,0.001,results\manuscript_figure_data\supp_s1_seed_histories.csv,individual matched extended-training seed trajectory (no aggregation)
eog,EOG,6,base6,42,41,0.0455693424305069,8.44343536240714,extended,0.001,results\manuscript_figure_data\supp_s1_seed_histories.csv,individual matched extended-training seed trajectory (no aggregation)
eog,EOG,6,base6,42,42,0.0454961296136134,8.467748131070818,extended,0.001,results\manuscript_figure_data\supp_s1_seed_histories.csv,individual matched extended-training seed trajectory (no aggregation)
eog,EOG,6,base6,42,43,0.0455253707053505,8.470668826784406,extended,0.001,results\manuscript_figure_data\supp_s1_seed_histories.csv,individual matched extended-training seed trajectory (no aggregation)
eog,EOG,6,base6,42,44,0.0454087474635828,8.409285613468715,extended,0.001,results\manuscript_figure_data\supp_s1_seed_histories.csv,individual matched extended-training seed trajectory (no aggregation)
eog,EOG,6,base6,42,45,0.0453767390382067,8.452653953007289,extended,0.001,results\manuscript_figure_data\supp_s1_seed_histories.csv,individual matched extended-training seed trajectory (no aggregation)
eog,EOG,6,base6,42,46,0.0453367118732394,8.478627443313599,extended,0.001,results\manuscript_figure_data\supp_s1_seed_histories.csv,individual matched extended-training seed trajectory (no aggregation)
eog,EOG,6,base6,42,47,0.0453274761822736,8.492572716304235,extended,0.001,results\manuscript_figure_data\supp_s1_seed_histories.csv,individual matched extended-training seed trajectory (no aggregation)
eog,EOG,6,base6,42,48,0.0452458170529837,8.497288737978254,extended,0.001,results\manuscript_figure_data\supp_s1_seed_histories.csv,individual matched extended-training seed trajectory (no aggregation)
eog,EOG,6,base6,42,49,0.045237630536066,8.471034390585762,extended,0.001,results\manuscript_figure_data\supp_s1_seed_histories.csv,individual matched extended-training seed trajectory (no aggregation)
eog,EOG,6,base6,42,50,0.0451764515557578,8.506441082273211,extended,0.001,results\manuscript_figure_data\supp_s1_seed_histories.csv,individual matched extended-training seed trajectory (no aggregation)
eog,EOG,6,base6,42,51,0.0451474574472859,8.483602046966553,extended,0.001,results\manuscript_figure_data\supp_s1_seed_histories.csv,individual matched extended-training seed trajectory (no aggregation)
eog,EOG,6,base6,42,52,0.0451598903773544,8.517547913960048,extended,0.001,results\manuscript_figure_data\supp_s1_seed_histories.csv,individual matched extended-training seed trajectory (no aggregation)
eog,EOG,6,base6,42,53,0.0451455434836516,8.457451343536377,extended,0.001,results\manuscript_figure_data\supp_s1_seed_histories.csv,individual matched extended-training seed trajectory (no aggregation)
eog,EOG,6,base6,42,54,0.0450709969083839,8.485485213143486,extended,0.001,results\manuscript_figure_data\supp_s1_seed_histories.csv,individual matched extended-training seed trajectory (no aggregation)
eog,EOG,6,base6,42,55,0.0450490627472645,8.496600661958967,extended,0.001,results\manuscript_figure_data\supp_s1_seed_histories.csv,individual matched extended-training seed trajectory (no aggregation)
eog,EOG,6,base6,42,56,0.0450553443526553,8.48710002217974,extended,0.001,results\manuscript_figure_data\supp_s1_seed_histories.csv,individual matched extended-training seed trajectory (no aggregation)
eog,EOG,6,base6,42,57,0.0450350473695826,8.517007555280413,extended,0.001,results\manuscript_figure_data\supp_s1_seed_histories.csv,individual matched extended-training seed trajectory (no aggregation)
eog,EOG,6,base6,42,58,0.0449554950834434,8.514323779514857,extended,0.001,results\manuscript_figure_data\supp_s1_seed_histories.csv,individual matched extended-training seed trajectory (no aggregation)
eog,EOG,6,base6,42,59,0.0449549428700843,8.520495210375104,extended,0.001,results\manuscript_figure_data\supp_s1_seed_histories.csv,individual matched extended-training seed trajectory (no aggregation)
eog,EOG,6,base6,42,60,0.0449329815178274,8.504076208387103,extended,0.001,results\manuscript_figure_data\supp_s1_seed_histories.csv,individual matched extended-training seed trajectory (no aggregation)
eog,EOG,6,base6,42,61,0.0449338216578291,8.516954932894025,extended,0.001,results\manuscript_figure_data\supp_s1_seed_histories.csv,individual matched extended-training seed trajectory (no aggregation)
eog,EOG,6,base6,42,62,0.0449006115652133,8.513550554003034,extended,0.001,results\manuscript_figure_data\supp_s1_seed_histories.csv,individual matched extended-training seed trajectory (no aggregation)
eog,EOG,6,base6,42,63,0.044895121914761,8.489878143583026,extended,0.001,results\manuscript_figure_data\supp_s1_seed_histories.csv,individual matched extended-training seed trajectory (no aggregation)
eog,EOG,6,base6,42,64,0.044880208428775,8.518867458615984,extended,0.001,results\manuscript_figure_data\supp_s1_seed_histories.csv,individual matched extended-training seed trajectory (no aggregation)
eog,EOG,6,base6,42,65,0.0448932188484713,8.518236603055682,extended,0.001,results\manuscript_figure_data\supp_s1_seed_histories.csv,individual matched extended-training seed trajectory (no aggregation)
eog,EOG,6,base6,42,66,0.0448420894132039,8.51843912260873,extended,0.001,results\manuscript_figure_data\supp_s1_seed_histories.csv,individual matched extended-training seed trajectory (no aggregation)
eog,EOG,6,base6,42,67,0.044922991124826,8.51138458933149,extended,0.001,results\manuscript_figure_data\supp_s1_seed_histories.csv,individual matched extended-training seed trajectory (no aggregation)
eog,EOG,6,base6,42,68,0.0448471985966245,8.52376195362636,extended,0.001,results\manuscript_figure_data\supp_s1_seed_histories.csv,individual matched extended-training seed trajectory (no aggregation)
eog,EOG,6,base6,42,69,0.0448106217467896,8.522937434060234,extended,0.001,results\manuscript_figure_data\supp_s1_seed_histories.csv,individual matched extended-training seed trajectory (no aggregation)
eog,EOG,6,base6,42,70,0.044870824457329,8.5238117149898,extended,0.001,results\manuscript_figure_data\supp_s1_seed_histories.csv,individual matched extended-training seed trajectory (no aggregation)
eog,EOG,6,base6,42,71,0.0448550519959948,8.520643574850899,extended,0.001,results\manuscript_figure_data\supp_s1_seed_histories.csv,individual matched extended-training seed trajectory (no aggregation)
eog,EOG,6,base6,42,72,0.0448127510809452,8.52124844278608,extended,0.001,results\manuscript_figure_data\supp_s1_seed_histories.csv,individual matched extended-training seed trajectory (no aggregation)
eog,EOG,6,base6,42,73,0.0448158762165319,8.522524084363665,extended,0.001,results\manuscript_figure_data\supp_s1_seed_histories.csv,individual matched extended-training seed trajectory (no aggregation)
eog,EOG,6,base6,42,74,0.0448071361632547,8.522277968270439,extended,0.001,results\manuscript_figure_data\supp_s1_seed_histories.csv,individual matched extended-training seed trajectory (no aggregation)
eog,EOG,6,base6,42,75,0.0448041284961678,8.523133448192052,extended,0.001,results\manuscript_figure_data\supp_s1_seed_histories.csv,individual matched extended-training seed trajectory (no aggregation)
eog,EOG,6,base6,43,1,0.153703065119057,0.134769262080746,extended,0.001,results\manuscript_figure_data\supp_s1_seed_histories.csv,individual matched extended-training seed trajectory (no aggregation)
eog,EOG,6,base6,43,2,0.0942979987675898,4.969997916902814,extended,0.001,results\manuscript_figure_data\supp_s1_seed_histories.csv,individual matched extended-training seed trajectory (no aggregation)
eog,EOG,6,base6,43,3,0.060643216194672,7.08821998323713,extended,0.001,results\manuscript_figure_data\supp_s1_seed_histories.csv,individual matched extended-training seed trajectory (no aggregation)
eog,EOG,6,base6,43,4,0.0538394520424793,7.346813031605312,extended,0.001,results\manuscript_figure_data\supp_s1_seed_histories.csv,individual matched extended-training seed trajectory (no aggregation)
eog,EOG,6,base6,43,5,0.0523025625011074,7.554773569107056,extended,0.001,results\manuscript_figure_data\supp_s1_seed_histories.csv,individual matched extended-training seed trajectory (no aggregation)
eog,EOG,6,base6,43,6,0.0513456798393592,7.707383394241333,extended,0.001,results\manuscript_figure_data\supp_s1_seed_histories.csv,individual matched extended-training seed trajectory (no aggregation)
eog,EOG,6,base6,43,7,0.0506448915976787,7.809138536453247,extended,0.001,results\manuscript_figure_data\supp_s1_seed_histories.csv,individual matched extended-training seed trajectory (no aggregation)
eog,EOG,6,base6,43,8,0.0500929932170939,7.860741206577846,extended,0.001,results\manuscript_figure_data\supp_s1_seed_histories.csv,individual matched extended-training seed trajectory (no aggregation)
eog,EOG,6,base6,43,9,0.0495589923496558,7.991206680025373,extended,0.001,results\manuscript_figure_data\supp_s1_seed_histories.csv,individual matched extended-training seed trajectory (no aggregation)
eog,EOG,6,base6,43,10,0.0491753464965062,7.998304980141776,extended,0.001,results\manuscript_figure_data\supp_s1_seed_histories.csv,individual matched extended-training seed trajectory (no aggregation)
eog,EOG,6,base6,43,11,0.0488299627170384,7.99985636983599,extended,0.001,results\manuscript_figure_data\supp_s1_seed_histories.csv,individual matched extended-training seed trajectory (no aggregation)
eog,EOG,6,base6,43,12,0.0485709138980535,8.055866003036499,extended,0.001,results\manuscript_figure_data\supp_s1_seed_histories.csv,individual matched extended-training seed trajectory (no aggregation)
eog,EOG,6,base6,43,13,0.0483897219055166,8.134106363568987,extended,0.001,results\manuscript_figure_data\supp_s1_seed_histories.csv,individual matched extended-training seed trajectory (no aggregation)
eog,EOG,6,base6,43,14,0.0482198882186524,8.071062939507621,extended,0.001,results\manuscript_figure_data\supp_s1_seed_histories.csv,individual matched extended-training seed trajectory (no aggregation)
eog,EOG,6,base6,43,15,0.0479718829705336,8.206298828125,extended,0.001,results\manuscript_figure_data\supp_s1_seed_histories.csv,individual matched extended-training seed trajectory (no aggregation)
eog,EOG,6,base6,43,16,0.0477530531515584,8.214201756886073,extended,0.001,results\manuscript_figure_data\supp_s1_seed_histories.csv,individual matched extended-training seed trajectory (no aggregation)
eog,EOG,6,base6,43,17,0.0476911443625098,8.245820931025914,extended,0.001,results\manuscript_figure_data\supp_s1_seed_histories.csv,individual matched extended-training seed trajectory (no aggregation)
eog,EOG,6,base6,43,18,0.0475052112243442,8.244884014129639,extended,0.001,results\manuscript_figure_data\supp_s1_seed_histories.csv,individual matched extended-training seed trajectory (no aggregation)
eog,EOG,6,base6,43,19,0.0473533061759494,8.286455767495292,extended,0.001,results\manuscript_figure_data\supp_s1_seed_histories.csv,individual matched extended-training seed trajectory (no aggregation)
eog,EOG,6,base6,43,20,0.0472079440951347,8.285307679857526,extended,0.001,results\manuscript_figure_data\supp_s1_seed_histories.csv,individual matched extended-training seed trajectory (no aggregation)
eog,EOG,6,base6,43,21,0.0471539309718341,8.251131057739258,extended,0.001,results\manuscript_figure_data\supp_s1_seed_histories.csv,individual matched extended-training seed trajectory (no aggregation)
eog,EOG,6,base6,43,22,0.046968382617859,8.330609798431396,extended,0.001,results\manuscript_figure_data\supp_s1_seed_histories.csv,individual matched extended-training seed trajectory (no aggregation)
eog,EOG,6,base6,43,23,0.0469418699705155,8.223369087491717,extended,0.001,results\manuscript_figure_data\supp_s1_seed_histories.csv,individual matched extended-training seed trajectory (no aggregation)
eog,EOG,6,base6,43,24,0.0468454340768751,8.331833600997925,extended,0.001,results\manuscript_figure_data\supp_s1_seed_histories.csv,individual matched extended-training seed trajectory (no aggregation)
eog,EOG,6,base6,43,25,0.046730672052809,8.368230853761945,extended,0.001,results\manuscript_figure_data\supp_s1_seed_histories.csv,individual matched extended-training seed trajectory (no aggregation)
eog,EOG,6,base6,43,26,0.0465907385903541,8.273075137819562,extended,0.001,results\manuscript_figure_data\supp_s1_seed_histories.csv,individual matched extended-training seed trajectory (no aggregation)
eog,EOG,6,base6,43,27,0.0464920633098232,8.321523530142647,extended,0.001,results\manuscript_figure_data\supp_s1_seed_histories.csv,individual matched extended-training seed trajectory (no aggregation)
eog,EOG,6,base6,43,28,0.0464672012446082,8.297888823917933,extended,0.001,results\manuscript_figure_data\supp_s1_seed_histories.csv,individual matched extended-training seed trajectory (no aggregation)
eog,EOG,6,base6,43,29,0.0463218252374747,8.370370762688774,extended,0.001,results\manuscript_figure_data\supp_s1_seed_histories.csv,individual matched extended-training seed trajectory (no aggregation)
eog,EOG,6,base6,43,30,0.046272159423505,8.399496350969587,extended,0.001,results\manuscript_figure_data\supp_s1_seed_histories.csv,individual matched extended-training seed trajectory (no aggregation)
eog,EOG,6,base6,43,31,0.0462018728395488,8.31738315309797,extended,0.001,results\manuscript_figure_data\supp_s1_seed_histories.csv,individual matched extended-training seed trajectory (no aggregation)
eog,EOG,6,base6,43,32,0.0461311296464126,8.385871921266828,extended,0.001,results\manuscript_figure_data\supp_s1_seed_histories.csv,individual matched extended-training seed trajectory (no aggregation)
eog,EOG,6,base6,43,33,0.0461164805864062,8.329441547393799,extended,0.001,results\manuscript_figure_data\supp_s1_seed_histories.csv,individual matched extended-training seed trajectory (no aggregation)
eog,EOG,6,base6,43,34,0.0460255992746798,8.394546168191093,extended,0.001,results\manuscript_figure_data\supp_s1_seed_histories.csv,individual matched extended-training seed trajectory (no aggregation)
eog,EOG,6,base6,43,35,0.0458622931668134,8.382752316338676,extended,0.001,results\manuscript_figure_data\supp_s1_seed_histories.csv,individual matched extended-training seed trajectory (no aggregation)
eog,EOG,6,base6,43,36,0.0458467829032479,8.451021841594152,extended,0.001,results\manuscript_figure_data\supp_s1_seed_histories.csv,individual matched extended-training seed trajectory (no aggregation)
eog,EOG,6,base6,43,37,0.0457745065268512,8.355662107467651,extended,0.001,results\manuscript_figure_data\supp_s1_seed_histories.csv,individual matched extended-training seed trajectory (no aggregation)
eog,EOG,6,base6,43,38,0.0457259186795938,8.426155396870204,extended,0.001,results\manuscript_figure_data\supp_s1_seed_histories.csv,individual matched extended-training seed trajectory (no aggregation)
eog,EOG,6,base6,43,39,0.0456838147523247,8.44269517489842,extended,0.001,results\manuscript_figure_data\supp_s1_seed_histories.csv,individual matched extended-training seed trajectory (no aggregation)
eog,EOG,6,base6,43,40,0.0456207688097084,8.439756972449166,extended,0.001,results\manuscript_figure_data\supp_s1_seed_histories.csv,individual matched extended-training seed trajectory (no aggregation)
eog,EOG,6,base6,43,41,0.0455456577311052,8.423022202083043,extended,0.001,results\manuscript_figure_data\supp_s1_seed_histories.csv,individual matched extended-training seed trajectory (no aggregation)
eog,EOG,6,base6,43,42,0.0455475645226852,8.450924737112862,extended,0.001,results\manuscript_figure_data\supp_s1_seed_histories.csv,individual matched extended-training seed trajectory (no aggregation)
eog,EOG,6,base6,43,43,0.045440725494768,8.436522381646293,extended,0.001,results\manuscript_figure_data\supp_s1_seed_histories.csv,individual matched extended-training seed trajectory (no aggregation)
eog,EOG,6,base6,43,44,0.0454576129668226,8.48673973764692,extended,0.001,results\manuscript_figure_data\supp_s1_seed_histories.csv,individual matched extended-training seed trajectory (no aggregation)
eog,EOG,6,base6,43,45,0.0453849933414815,8.46660498210362,extended,0.001,results\manuscript_figure_data\supp_s1_seed_histories.csv,individual matched extended-training seed trajectory (no aggregation)
eog,EOG,6,base6,43,46,0.0453451239965229,8.48379761832101,extended,0.001,results\manuscript_figure_data\supp_s1_seed_histories.csv,individual matched extended-training seed trajectory (no aggregation)
eog,EOG,6,base6,43,47,0.0453755369879932,8.493525096348353,extended,0.001,results\manuscript_figure_data\supp_s1_seed_histories.csv,individual matched extended-training seed trajectory (no aggregation)
eog,EOG,6,base6,43,48,0.0453048382894458,8.47850319317409,extended,0.001,results\manuscript_figure_data\supp_s1_seed_histories.csv,individual matched extended-training seed trajectory (no aggregation)
eog,EOG,6,base6,43,49,0.0452565400399894,8.496865034103394,extended,0.001,results\manuscript_figure_data\supp_s1_seed_histories.csv,individual matched extended-training seed trajectory (no aggregation)
eog,EOG,6,base6,43,50,0.0452127773836951,8.491843496050153,extended,0.001,results\manuscript_figure_data\supp_s1_seed_histories.csv,individual matched extended-training seed trajectory (no aggregation)
eog,EOG,6,base6,43,51,0.0452357725562336,8.494837760925293,extended,0.001,results\manuscript_figure_data\supp_s1_seed_histories.csv,individual matched extended-training seed trajectory (no aggregation)
eog,EOG,6,base6,43,52,0.0451228369688876,8.50033528464181,extended,0.001,results\manuscript_figure_data\supp_s1_seed_histories.csv,individual matched extended-training seed trajectory (no aggregation)
eog,EOG,6,base6,43,53,0.0451144232788932,8.510795933859688,extended,0.001,results\manuscript_figure_data\supp_s1_seed_histories.csv,individual matched extended-training seed trajectory (no aggregation)
eog,EOG,6,base6,43,54,0.0451136641900673,8.482775722231183,extended,0.001,results\manuscript_figure_data\supp_s1_seed_histories.csv,individual matched extended-training seed trajectory (no aggregation)
eog,EOG,6,base6,43,55,0.0450489571161359,8.496278183800834,extended,0.001,results\manuscript_figure_data\supp_s1_seed_histories.csv,individual matched extended-training seed trajectory (no aggregation)
eog,EOG,6,base6,43,56,0.0450462717040676,8.507957220077515,extended,0.001,results\manuscript_figure_data\supp_s1_seed_histories.csv,individual matched extended-training seed trajectory (no aggregation)
eog,EOG,6,base6,43,57,0.0450321751359467,8.514722347259521,extended,0.001,results\manuscript_figure_data\supp_s1_seed_histories.csv,individual matched extended-training seed trajectory (no aggregation)
eog,EOG,6,base6,43,58,0.0449695457295279,8.50349075453622,extended,0.001,results\manuscript_figure_data\supp_s1_seed_histories.csv,individual matched extended-training seed trajectory (no aggregation)
eog,EOG,6,base6,43,59,0.0449933730344348,8.504283700670515,extended,0.001,results\manuscript_figure_data\supp_s1_seed_histories.csv,individual matched extended-training seed trajectory (no aggregation)
eog,EOG,6,base6,43,60,0.0450049449002074,8.504844256809779,extended,0.001,results\manuscript_figure_data\supp_s1_seed_histories.csv,individual matched extended-training seed trajectory (no aggregation)
eog,EOG,6,base6,43,61,0.0449691947166607,8.51137638092041,extended,0.001,results\manuscript_figure_data\supp_s1_seed_histories.csv,individual matched extended-training seed trajectory (no aggregation)
eog,EOG,6,base6,43,62,0.0449460493487732,8.511694022587367,extended,0.001,results\manuscript_figure_data\supp_s1_seed_histories.csv,individual matched extended-training seed trajectory (no aggregation)
eog,EOG,6,base6,43,63,0.0449346132994255,8.511007990155901,extended,0.001,results\manuscript_figure_data\supp_s1_seed_histories.csv,individual matched extended-training seed trajectory (no aggregation)
eog,EOG,6,base6,43,64,0.044916470091198,8.51753646986825,extended,0.001,results\manuscript_figure_data\supp_s1_seed_histories.csv,individual matched extended-training seed trajectory (no aggregation)
eog,EOG,6,base6,43,65,0.0448562010217492,8.518018995012556,extended,0.001,results\manuscript_figure_data\supp_s1_seed_histories.csv,individual matched extended-training seed trajectory (no aggregation)
eog,EOG,6,base6,43,66,0.0448801131031223,8.5251944065094,extended,0.001,results\manuscript_figure_data\supp_s1_seed_histories.csv,individual matched extended-training seed trajectory (no aggregation)
eog,EOG,6,base6,43,67,0.0448808072256707,8.515713282993861,extended,0.001,results\manuscript_figure_data\supp_s1_seed_histories.csv,individual matched extended-training seed trajectory (no aggregation)
eog,EOG,6,base6,43,68,0.0449122825167446,8.516827889851161,extended,0.001,results\manuscript_figure_data\supp_s1_seed_histories.csv,individual matched extended-training seed trajectory (no aggregation)
eog,EOG,6,base6,43,69,0.0448549790568997,8.524288313729423,extended,0.001,results\manuscript_figure_data\supp_s1_seed_histories.csv,individual matched extended-training seed trajectory (no aggregation)
eog,EOG,6,base6,43,70,0.0448231125407129,8.525973967143468,extended,0.001,results\manuscript_figure_data\supp_s1_seed_histories.csv,individual matched extended-training seed trajectory (no aggregation)
eog,EOG,6,base6,43,71,0.0448466970054345,8.5203035899571,extended,0.001,results\manuscript_figure_data\supp_s1_seed_histories.csv,individual matched extended-training seed trajectory (no aggregation)
eog,EOG,6,base6,43,72,0.0448526931212884,8.515567098345075,extended,0.001,results\manuscript_figure_data\supp_s1_seed_histories.csv,individual matched extended-training seed trajectory (no aggregation)
eog,EOG,6,base6,43,73,0.0448168045449479,8.519056626728602,extended,0.001,results\manuscript_figure_data\supp_s1_seed_histories.csv,individual matched extended-training seed trajectory (no aggregation)
eog,EOG,6,base6,43,74,0.044867979519278,8.524427379880633,extended,0.001,results\manuscript_figure_data\supp_s1_seed_histories.csv,individual matched extended-training seed trajectory (no aggregation)
eog,EOG,6,base6,43,75,0.0448789398803889,8.514266763414655,extended,0.001,results\manuscript_figure_data\supp_s1_seed_histories.csv,individual matched extended-training seed trajectory (no aggregation)
eog,EOG,16,base16,42,1,0.0784160508730701,6.678812640053885,extended,0.001,results\manuscript_figure_data\supp_s1_seed_histories.csv,individual matched extended-training seed trajectory (no aggregation)
eog,EOG,16,base16,42,2,0.0535821419940373,7.672337804521833,extended,0.001,results\manuscript_figure_data\supp_s1_seed_histories.csv,individual matched extended-training seed trajectory (no aggregation)
eog,EOG,16,base16,42,3,0.050373076034762,7.751271826880319,extended,0.001,results\manuscript_figure_data\supp_s1_seed_histories.csv,individual matched extended-training seed trajectory (no aggregation)
eog,EOG,16,base16,42,4,0.0484814735425409,8.119546617780413,extended,0.001,results\manuscript_figure_data\supp_s1_seed_histories.csv,individual matched extended-training seed trajectory (no aggregation)
eog,EOG,16,base16,42,5,0.0474112044636891,8.217391899653844,extended,0.001,results\manuscript_figure_data\supp_s1_seed_histories.csv,individual matched extended-training seed trajectory (no aggregation)
eog,EOG,16,base16,42,6,0.0463260883273922,8.189300094332014,extended,0.001,results\manuscript_figure_data\supp_s1_seed_histories.csv,individual matched extended-training seed trajectory (no aggregation)
eog,EOG,16,base16,42,7,0.045592304353959,8.387385027749199,extended,0.001,results\manuscript_figure_data\supp_s1_seed_histories.csv,individual matched extended-training seed trajectory (no aggregation)
eog,EOG,16,base16,42,8,0.045001593636018,8.5018869468144,extended,0.001,results\manuscript_figure_data\supp_s1_seed_histories.csv,individual matched extended-training seed trajectory (no aggregation)
eog,EOG,16,base16,42,9,0.0441749943681409,8.48201939037868,extended,0.001,results\manuscript_figure_data\supp_s1_seed_histories.csv,individual matched extended-training seed trajectory (no aggregation)
eog,EOG,16,base16,42,10,0.0436417019673597,8.538874558040074,extended,0.001,results\manuscript_figure_data\supp_s1_seed_histories.csv,individual matched extended-training seed trajectory (no aggregation)
eog,EOG,16,base16,42,11,0.0430878635809243,8.659850256783622,extended,0.001,results\manuscript_figure_data\supp_s1_seed_histories.csv,individual matched extended-training seed trajectory (no aggregation)
eog,EOG,16,base16,42,12,0.0426072002362425,8.632266317095075,extended,0.001,results\manuscript_figure_data\supp_s1_seed_histories.csv,individual matched extended-training seed trajectory (no aggregation)
eog,EOG,16,base16,42,13,0.0418252585647262,8.36748811176845,extended,0.001,results\manuscript_figure_data\supp_s1_seed_histories.csv,individual matched extended-training seed trajectory (no aggregation)
eog,EOG,16,base16,42,14,0.0412627905259065,8.476514407566615,extended,0.001,results\manuscript_figure_data\supp_s1_seed_histories.csv,individual matched extended-training seed trajectory (no aggregation)
eog,EOG,16,base16,42,15,0.0406897237576613,8.601972920554024,extended,0.001,results\manuscript_figure_data\supp_s1_seed_histories.csv,individual matched extended-training seed trajectory (no aggregation)
eog,EOG,16,base16,42,16,0.0401518806188463,8.620621374675206,extended,0.001,results\manuscript_figure_data\supp_s1_seed_histories.csv,individual matched extended-training seed trajectory (no aggregation)
eog,EOG,16,base16,42,17,0.0395407711164416,8.341776302882604,extended,0.001,results\manuscript_figure_data\supp_s1_seed_histories.csv,individual matched extended-training seed trajectory (no aggregation)
eog,EOG,16,base16,42,18,0.0391729975067009,8.687085560389928,extended,0.001,results\manuscript_figure_data\supp_s1_seed_histories.csv,individual matched extended-training seed trajectory (no aggregation)
eog,EOG,16,base16,42,19,0.0386257326561156,8.814893654414586,extended,0.001,results\manuscript_figure_data\supp_s1_seed_histories.csv,individual matched extended-training seed trajectory (no aggregation)
eog,EOG,16,base16,42,20,0.0381825433991779,8.817293439592634,extended,0.001,results\manuscript_figure_data\supp_s1_seed_histories.csv,individual matched extended-training seed trajectory (no aggregation)
eog,EOG,16,base16,42,21,0.0378611463113365,8.726946490151542,extended,0.001,results\manuscript_figure_data\supp_s1_seed_histories.csv,individual matched extended-training seed trajectory (no aggregation)
eog,EOG,16,base16,42,22,0.0372516178639135,8.749853304454259,extended,0.001,results\manuscript_figure_data\supp_s1_seed_histories.csv,individual matched extended-training seed trajectory (no aggregation)
eog,EOG,16,base16,42,23,0.0369608244188478,8.784180232456752,extended,0.001,results\manuscript_figure_data\supp_s1_seed_histories.csv,individual matched extended-training seed trajectory (no aggregation)
eog,EOG,16,base16,42,24,0.0365077166635299,8.71163524900164,extended,0.001,results\manuscript_figure_data\supp_s1_seed_histories.csv,individual matched extended-training seed trajectory (no aggregation)
eog,EOG,16,base16,42,25,0.0363081777555363,8.844959259033203,extended,0.001,results\manuscript_figure_data\supp_s1_seed_histories.csv,individual matched extended-training seed trajectory (no aggregation)
eog,EOG,16,base16,42,26,0.0359106640392374,8.674622808183942,extended,0.001,results\manuscript_figure_data\supp_s1_seed_histories.csv,individual matched extended-training seed trajectory (no aggregation)
eog,EOG,16,base16,42,27,0.0356444851538845,8.489624091557094,extended,0.001,results\manuscript_figure_data\supp_s1_seed_histories.csv,individual matched extended-training seed trajectory (no aggregation)
eog,EOG,16,base16,42,28,0.0354523438716603,8.842586857931954,extended,0.001,results\manuscript_figure_data\supp_s1_seed_histories.csv,individual matched extended-training seed trajectory (no aggregation)
eog,EOG,16,base16,42,29,0.0351114985402499,8.808620589120048,extended,0.001,results\manuscript_figure_data\supp_s1_seed_histories.csv,individual matched extended-training seed trajectory (no aggregation)
eog,EOG,16,base16,42,30,0.0349170164179022,8.658010278429304,extended,0.001,results\manuscript_figure_data\supp_s1_seed_histories.csv,individual matched extended-training seed trajectory (no aggregation)
eog,EOG,16,base16,42,31,0.0345510398951646,8.696643080030169,extended,0.001,results\manuscript_figure_data\supp_s1_seed_histories.csv,individual matched extended-training seed trajectory (no aggregation)
eog,EOG,16,base16,42,32,0.0343723309826906,8.726394857679095,extended,0.001,results\manuscript_figure_data\supp_s1_seed_histories.csv,individual matched extended-training seed trajectory (no aggregation)
eog,EOG,16,base16,42,33,0.0341324899867873,8.395091874258858,extended,0.001,results\manuscript_figure_data\supp_s1_seed_histories.csv,individual matched extended-training seed trajectory (no aggregation)
eog,EOG,16,base16,42,34,0.0340533948320651,8.829177856445312,extended,0.001,results\manuscript_figure_data\supp_s1_seed_histories.csv,individual matched extended-training seed trajectory (no aggregation)
eog,EOG,16,base16,42,35,0.0338081840739071,8.811711720057897,extended,0.001,results\manuscript_figure_data\supp_s1_seed_histories.csv,individual matched extended-training seed trajectory (no aggregation)
eog,EOG,16,base16,42,36,0.0336136631319456,8.847325461251396,extended,0.001,results\manuscript_figure_data\supp_s1_seed_histories.csv,individual matched extended-training seed trajectory (no aggregation)
eog,EOG,16,base16,42,37,0.0335191811704747,8.88688257762364,extended,0.001,results\manuscript_figure_data\supp_s1_seed_histories.csv,individual matched extended-training seed trajectory (no aggregation)
eog,EOG,16,base16,42,38,0.0333326005629289,8.788365772792272,extended,0.001,results\manuscript_figure_data\supp_s1_seed_histories.csv,individual matched extended-training seed trajectory (no aggregation)
eog,EOG,16,base16,42,39,0.0331794867796875,8.822996275765556,extended,0.001,results\manuscript_figure_data\supp_s1_seed_histories.csv,individual matched extended-training seed trajectory (no aggregation)
eog,EOG,16,base16,42,40,0.0328994869802878,8.838275636945452,extended,0.001,results\manuscript_figure_data\supp_s1_seed_histories.csv,individual matched extended-training seed trajectory (no aggregation)
eog,EOG,16,base16,42,41,0.0329297053688597,8.848921571459089,extended,0.001,results\manuscript_figure_data\supp_s1_seed_histories.csv,individual matched extended-training seed trajectory (no aggregation)
eog,EOG,16,base16,42,42,0.0327273330120282,8.825223582131523,extended,0.001,results\manuscript_figure_data\supp_s1_seed_histories.csv,individual matched extended-training seed trajectory (no aggregation)
eog,EOG,16,base16,42,43,0.0326024352738233,8.832085813794817,extended,0.001,results\manuscript_figure_data\supp_s1_seed_histories.csv,individual matched extended-training seed trajectory (no aggregation)
eog,EOG,16,base16,42,44,0.0324933220780341,8.863223484584264,extended,0.001,results\manuscript_figure_data\supp_s1_seed_histories.csv,individual matched extended-training seed trajectory (no aggregation)
eog,EOG,16,base16,42,45,0.0322538129114937,8.795215879167829,extended,0.001,results\manuscript_figure_data\supp_s1_seed_histories.csv,individual matched extended-training seed trajectory (no aggregation)
eog,EOG,16,base16,42,46,0.0323133761254705,8.78493663242885,extended,0.001,results\manuscript_figure_data\supp_s1_seed_histories.csv,individual matched extended-training seed trajectory (no aggregation)
eog,EOG,16,base16,42,47,0.0320991189610735,8.848778929029192,extended,0.001,results\manuscript_figure_data\supp_s1_seed_histories.csv,individual matched extended-training seed trajectory (no aggregation)
eog,EOG,16,base16,42,48,0.03202413496013,8.665265968867711,extended,0.001,results\manuscript_figure_data\supp_s1_seed_histories.csv,individual matched extended-training seed trajectory (no aggregation)
eog,EOG,16,base16,42,49,0.032073004884976,8.882055486951556,extended,0.001,results\manuscript_figure_data\supp_s1_seed_histories.csv,individual matched extended-training seed trajectory (no aggregation)
eog,EOG,16,base16,42,50,0.031823684940132,8.809989111764091,extended,0.001,results\manuscript_figure_data\supp_s1_seed_histories.csv,individual matched extended-training seed trajectory (no aggregation)
eog,EOG,16,base16,42,51,0.031767844039703,8.847050053732735,extended,0.001,results\manuscript_figure_data\supp_s1_seed_histories.csv,individual matched extended-training seed trajectory (no aggregation)
eog,EOG,16,base16,42,52,0.0317505710697341,8.839009489331927,extended,0.001,results\manuscript_figure_data\supp_s1_seed_histories.csv,individual matched extended-training seed trajectory (no aggregation)
eog,EOG,16,base16,42,53,0.0316058435938625,8.884331907544817,extended,0.001,results\manuscript_figure_data\supp_s1_seed_histories.csv,individual matched extended-training seed trajectory (no aggregation)
eog,EOG,16,base16,42,54,0.0315067893781951,8.769095352717809,extended,0.001,results\manuscript_figure_data\supp_s1_seed_histories.csv,individual matched extended-training seed trajectory (no aggregation)
eog,EOG,16,base16,42,55,0.0314589825711239,8.836712292262487,extended,0.001,results\manuscript_figure_data\supp_s1_seed_histories.csv,individual matched extended-training seed trajectory (no aggregation)
eog,EOG,16,base16,42,56,0.0314060831703593,8.879070213862828,extended,0.001,results\manuscript_figure_data\supp_s1_seed_histories.csv,individual matched extended-training seed trajectory (no aggregation)
eog,EOG,16,base16,42,57,0.0313565533468934,8.859558718545097,extended,0.001,results\manuscript_figure_data\supp_s1_seed_histories.csv,individual matched extended-training seed trajectory (no aggregation)
eog,EOG,16,base16,42,58,0.0313076156530981,8.817787647247314,extended,0.001,results\manuscript_figure_data\supp_s1_seed_histories.csv,individual matched extended-training seed trajectory (no aggregation)
eog,EOG,16,base16,42,59,0.0312623156182398,8.872676508767265,extended,0.001,results\manuscript_figure_data\supp_s1_seed_histories.csv,individual matched extended-training seed trajectory (no aggregation)
eog,EOG,16,base16,42,60,0.0312042190023114,8.834823948996407,extended,0.001,results\manuscript_figure_data\supp_s1_seed_histories.csv,individual matched extended-training seed trajectory (no aggregation)
eog,EOG,16,base16,42,61,0.0311756041423182,8.79671219417027,extended,0.001,results\manuscript_figure_data\supp_s1_seed_histories.csv,individual matched extended-training seed trajectory (no aggregation)
eog,EOG,16,base16,42,62,0.0311316466568229,8.847639969417028,extended,0.001,results\manuscript_figure_data\supp_s1_seed_histories.csv,individual matched extended-training seed trajectory (no aggregation)
eog,EOG,16,base16,42,63,0.0310915465353526,8.836850847516741,extended,0.001,results\manuscript_figure_data\supp_s1_seed_histories.csv,individual matched extended-training seed trajectory (no aggregation)
eog,EOG,16,base16,42,64,0.0310770131682402,8.83689260482788,extended,0.001,results\manuscript_figure_data\supp_s1_seed_histories.csv,individual matched extended-training seed trajectory (no aggregation)
eog,EOG,16,base16,42,65,0.0309932592942892,8.868982178824288,extended,0.001,results\manuscript_figure_data\supp_s1_seed_histories.csv,individual matched extended-training seed trajectory (no aggregation)
eog,EOG,16,base16,42,66,0.0309777345299442,8.839702469961983,extended,0.001,results\manuscript_figure_data\supp_s1_seed_histories.csv,individual matched extended-training seed trajectory (no aggregation)
eog,EOG,16,base16,42,67,0.0309786588197278,8.854526383536202,extended,0.001,results\manuscript_figure_data\supp_s1_seed_histories.csv,individual matched extended-training seed trajectory (no aggregation)
eog,EOG,16,base16,42,68,0.0309176355704804,8.860501561846052,extended,0.001,results\manuscript_figure_data\supp_s1_seed_histories.csv,individual matched extended-training seed trajectory (no aggregation)
eog,EOG,16,base16,42,69,0.0309160936310469,8.840481758117676,extended,0.001,results\manuscript_figure_data\supp_s1_seed_histories.csv,individual matched extended-training seed trajectory (no aggregation)
eog,EOG,16,base16,42,70,0.0308921660914599,8.853965350559779,extended,0.001,results\manuscript_figure_data\supp_s1_seed_histories.csv,individual matched extended-training seed trajectory (no aggregation)
eog,EOG,16,base16,42,71,0.030898245765227,8.857784407479423,extended,0.001,results\manuscript_figure_data\supp_s1_seed_histories.csv,individual matched extended-training seed trajectory (no aggregation)
eog,EOG,16,base16,42,72,0.0309243170178939,8.825469902583531,extended,0.001,results\manuscript_figure_data\supp_s1_seed_histories.csv,individual matched extended-training seed trajectory (no aggregation)
eog,EOG,16,base16,42,73,0.0308816258699815,8.865692206791469,extended,0.001,results\manuscript_figure_data\supp_s1_seed_histories.csv,individual matched extended-training seed trajectory (no aggregation)
eog,EOG,16,base16,42,74,0.0308678999160216,8.86432593209403,extended,0.001,results\manuscript_figure_data\supp_s1_seed_histories.csv,individual matched extended-training seed trajectory (no aggregation)
eog,EOG,16,base16,42,75,0.0308381724301899,8.86289392198835,extended,0.001,results\manuscript_figure_data\supp_s1_seed_histories.csv,individual matched extended-training seed trajectory (no aggregation)
eog,EOG,16,base16,43,1,0.1000420974097519,4.906002691813877,extended,0.001,results\manuscript_figure_data\supp_s1_seed_histories.csv,individual matched extended-training seed trajectory (no aggregation)
eog,EOG,16,base16,43,2,0.0580617736015364,7.455875430788312,extended,0.001,results\manuscript_figure_data\supp_s1_seed_histories.csv,individual matched extended-training seed trajectory (no aggregation)
eog,EOG,16,base16,43,3,0.0506518510666406,7.9611270768301825,extended,0.001,results\manuscript_figure_data\supp_s1_seed_histories.csv,individual matched extended-training seed trajectory (no aggregation)
eog,EOG,16,base16,43,4,0.0486313835761257,8.111523219517299,extended,0.001,results\manuscript_figure_data\supp_s1_seed_histories.csv,individual matched extended-training seed trajectory (no aggregation)
eog,EOG,16,base16,43,5,0.0473544419717008,8.154322794505529,extended,0.001,results\manuscript_figure_data\supp_s1_seed_histories.csv,individual matched extended-training seed trajectory (no aggregation)
eog,EOG,16,base16,43,6,0.0465234450856658,8.296340942382812,extended,0.001,results\manuscript_figure_data\supp_s1_seed_histories.csv,individual matched extended-training seed trajectory (no aggregation)
eog,EOG,16,base16,43,7,0.0456314536734162,8.336431435176305,extended,0.001,results\manuscript_figure_data\supp_s1_seed_histories.csv,individual matched extended-training seed trajectory (no aggregation)
eog,EOG,16,base16,43,8,0.0448273949533979,8.54812901360648,extended,0.001,results\manuscript_figure_data\supp_s1_seed_histories.csv,individual matched extended-training seed trajectory (no aggregation)
eog,EOG,16,base16,43,9,0.0441394377604266,8.551617894853864,extended,0.001,results\manuscript_figure_data\supp_s1_seed_histories.csv,individual matched extended-training seed trajectory (no aggregation)
eog,EOG,16,base16,43,10,0.0434278075313456,8.644149030957903,extended,0.001,results\manuscript_figure_data\supp_s1_seed_histories.csv,individual matched extended-training seed trajectory (no aggregation)
eog,EOG,16,base16,43,11,0.0428921118657165,8.626019273485456,extended,0.001,results\manuscript_figure_data\supp_s1_seed_histories.csv,individual matched extended-training seed trajectory (no aggregation)
eog,EOG,16,base16,43,12,0.0422763926125018,8.51521600995745,extended,0.001,results\manuscript_figure_data\supp_s1_seed_histories.csv,individual matched extended-training seed trajectory (no aggregation)
eog,EOG,16,base16,43,13,0.0416363053302341,8.7306889465877,extended,0.001,results\manuscript_figure_data\supp_s1_seed_histories.csv,individual matched extended-training seed trajectory (no aggregation)
eog,EOG,16,base16,43,14,0.0410576574852533,8.657159090042114,extended,0.001,results\manuscript_figure_data\supp_s1_seed_histories.csv,individual matched extended-training seed trajectory (no aggregation)
eog,EOG,16,base16,43,15,0.0405129066485667,8.547532285962786,extended,0.001,results\manuscript_figure_data\supp_s1_seed_histories.csv,individual matched extended-training seed trajectory (no aggregation)
eog,EOG,16,base16,43,16,0.0400926295981228,8.696270533970424,extended,0.001,results\manuscript_figure_data\supp_s1_seed_histories.csv,individual matched extended-training seed trajectory (no aggregation)
eog,EOG,16,base16,43,17,0.0396417240812399,8.67709391457694,extended,0.001,results\manuscript_figure_data\supp_s1_seed_histories.csv,individual matched extended-training seed trajectory (no aggregation)
eog,EOG,16,base16,43,18,0.0392745622198715,8.832333087921143,extended,0.001,results\manuscript_figure_data\supp_s1_seed_histories.csv,individual matched extended-training seed trajectory (no aggregation)
eog,EOG,16,base16,43,19,0.0387344779185602,8.829072747911725,extended,0.001,results\manuscript_figure_data\supp_s1_seed_histories.csv,individual matched extended-training seed trajectory (no aggregation)
eog,EOG,16,base16,43,20,0.0383236846216371,8.594868557793754,extended,0.001,results\manuscript_figure_data\supp_s1_seed_histories.csv,individual matched extended-training seed trajectory (no aggregation)
eog,EOG,16,base16,43,21,0.0379641491954571,8.79755197252546,extended,0.001,results\manuscript_figure_data\supp_s1_seed_histories.csv,individual matched extended-training seed trajectory (no aggregation)
eog,EOG,16,base16,43,22,0.0376171199517829,8.957119737352643,extended,0.001,results\manuscript_figure_data\supp_s1_seed_histories.csv,individual matched extended-training seed trajectory (no aggregation)
eog,EOG,16,base16,43,23,0.0373977586696638,8.935626643044609,extended,0.001,results\manuscript_figure_data\supp_s1_seed_histories.csv,individual matched extended-training seed trajectory (no aggregation)
eog,EOG,16,base16,43,24,0.0370039870596934,8.893375192369733,extended,0.001,results\manuscript_figure_data\supp_s1_seed_histories.csv,individual matched extended-training seed trajectory (no aggregation)
eog,EOG,16,base16,43,25,0.0365952196940083,8.661178043910436,extended,0.001,results\manuscript_figure_data\supp_s1_seed_histories.csv,individual matched extended-training seed trajectory (no aggregation)
eog,EOG,16,base16,43,26,0.036388912003174,8.985013008117676,extended,0.001,results\manuscript_figure_data\supp_s1_seed_histories.csv,individual matched extended-training seed trajectory (no aggregation)
eog,EOG,16,base16,43,27,0.0361518881449075,8.953531401497978,extended,0.001,results\manuscript_figure_data\supp_s1_seed_histories.csv,individual matched extended-training seed trajectory (no aggregation)
eog,EOG,16,base16,43,28,0.0357424967756895,8.880111558096749,extended,0.001,results\manuscript_figure_data\supp_s1_seed_histories.csv,individual matched extended-training seed trajectory (no aggregation)
eog,EOG,16,base16,43,29,0.0356065523680125,8.889212540217809,extended,0.001,results\manuscript_figure_data\supp_s1_seed_histories.csv,individual matched extended-training seed trajectory (no aggregation)
eog,EOG,16,base16,43,30,0.0353718931986906,8.878342492239815,extended,0.001,results\manuscript_figure_data\supp_s1_seed_histories.csv,individual matched extended-training seed trajectory (no aggregation)
eog,EOG,16,base16,43,31,0.0351239579303242,8.850859710148402,extended,0.001,results\manuscript_figure_data\supp_s1_seed_histories.csv,individual matched extended-training seed trajectory (no aggregation)
eog,EOG,16,base16,43,32,0.0348950170119789,8.964747428894043,extended,0.001,results\manuscript_figure_data\supp_s1_seed_histories.csv,individual matched extended-training seed trajectory (no aggregation)
eog,EOG,16,base16,43,33,0.0347935637441751,8.990206105368477,extended,0.001,results\manuscript_figure_data\supp_s1_seed_histories.csv,individual matched extended-training seed trajectory (no aggregation)
eog,EOG,16,base16,43,34,0.0345893767183629,8.957009656088692,extended,0.001,results\manuscript_figure_data\supp_s1_seed_histories.csv,individual matched extended-training seed trajectory (no aggregation)
eog,EOG,16,base16,43,35,0.0343960790990669,8.962034021105085,extended,0.001,results\manuscript_figure_data\supp_s1_seed_histories.csv,individual matched extended-training seed trajectory (no aggregation)
eog,EOG,16,base16,43,36,0.0341625748741849,8.916756766183036,extended,0.001,results\manuscript_figure_data\supp_s1_seed_histories.csv,individual matched extended-training seed trajectory (no aggregation)
eog,EOG,16,base16,43,37,0.0340460269041707,8.96338939666748,extended,0.001,results\manuscript_figure_data\supp_s1_seed_histories.csv,individual matched extended-training seed trajectory (no aggregation)
eog,EOG,16,base16,43,38,0.0339702990985362,8.955370698656354,extended,0.001,results\manuscript_figure_data\supp_s1_seed_histories.csv,individual matched extended-training seed trajectory (no aggregation)
eog,EOG,16,base16,43,39,0.0337075986246639,8.987517765590123,extended,0.001,results\manuscript_figure_data\supp_s1_seed_histories.csv,individual matched extended-training seed trajectory (no aggregation)
eog,EOG,16,base16,43,40,0.0335215708223458,8.844364098140172,extended,0.001,results\manuscript_figure_data\supp_s1_seed_histories.csv,individual matched extended-training seed trajectory (no aggregation)
eog,EOG,16,base16,43,41,0.0335325284330087,8.862119674682617,extended,0.001,results\manuscript_figure_data\supp_s1_seed_histories.csv,individual matched extended-training seed trajectory (no aggregation)
eog,EOG,16,base16,43,42,0.0334394576254292,8.947589601789202,extended,0.001,results\manuscript_figure_data\supp_s1_seed_histories.csv,individual matched extended-training seed trajectory (no aggregation)
eog,EOG,16,base16,43,43,0.0331783729178883,8.975315979548864,extended,0.001,results\manuscript_figure_data\supp_s1_seed_histories.csv,individual matched extended-training seed trajectory (no aggregation)
eog,EOG,16,base16,43,44,0.0330467133077784,8.973467145647321,extended,0.001,results\manuscript_figure_data\supp_s1_seed_histories.csv,individual matched extended-training seed trajectory (no aggregation)
eog,EOG,16,base16,43,45,0.0329608551844536,8.838555812835693,extended,0.001,results\manuscript_figure_data\supp_s1_seed_histories.csv,individual matched extended-training seed trajectory (no aggregation)
eog,EOG,16,base16,43,46,0.0327695976664251,8.884609563010079,extended,0.001,results\manuscript_figure_data\supp_s1_seed_histories.csv,individual matched extended-training seed trajectory (no aggregation)
eog,EOG,16,base16,43,47,0.0327253171599635,8.901724474770683,extended,0.001,results\manuscript_figure_data\supp_s1_seed_histories.csv,individual matched extended-training seed trajectory (no aggregation)
eog,EOG,16,base16,43,48,0.0326537419214984,8.922097342354911,extended,0.001,results\manuscript_figure_data\supp_s1_seed_histories.csv,individual matched extended-training seed trajectory (no aggregation)
eog,EOG,16,base16,43,49,0.0325737550993946,9.003745896475655,extended,0.001,results\manuscript_figure_data\supp_s1_seed_histories.csv,individual matched extended-training seed trajectory (no aggregation)
eog,EOG,16,base16,43,50,0.0324332466540492,8.87370777130127,extended,0.001,results\manuscript_figure_data\supp_s1_seed_histories.csv,individual matched extended-training seed trajectory (no aggregation)
eog,EOG,16,base16,43,51,0.0323576249321487,8.967958314078194,extended,0.001,results\manuscript_figure_data\supp_s1_seed_histories.csv,individual matched extended-training seed trajectory (no aggregation)
eog,EOG,16,base16,43,52,0.0322835757179516,8.945165770394462,extended,0.001,results\manuscript_figure_data\supp_s1_seed_histories.csv,individual matched extended-training seed trajectory (no aggregation)
eog,EOG,16,base16,43,53,0.0321930466376453,8.982973779950823,extended,0.001,results\manuscript_figure_data\supp_s1_seed_histories.csv,individual matched extended-training seed trajectory (no aggregation)
eog,EOG,16,base16,43,54,0.0321966419953887,8.972358226776123,extended,0.001,results\manuscript_figure_data\supp_s1_seed_histories.csv,individual matched extended-training seed trajectory (no aggregation)
eog,EOG,16,base16,43,55,0.0320928880648913,8.97343397140503,extended,0.001,results\manuscript_figure_data\supp_s1_seed_histories.csv,individual matched extended-training seed trajectory (no aggregation)
eog,EOG,16,base16,43,56,0.03198321356882,8.961893830980573,extended,0.001,results\manuscript_figure_data\supp_s1_seed_histories.csv,individual matched extended-training seed trajectory (no aggregation)
eog,EOG,16,base16,43,57,0.0319413009369484,8.95320817402431,extended,0.001,results\manuscript_figure_data\supp_s1_seed_histories.csv,individual matched extended-training seed trajectory (no aggregation)
eog,EOG,16,base16,43,58,0.0318781208490656,8.925169127328056,extended,0.001,results\manuscript_figure_data\supp_s1_seed_histories.csv,individual matched extended-training seed trajectory (no aggregation)
eog,EOG,16,base16,43,59,0.0318371517949293,8.936079910823278,extended,0.001,results\manuscript_figure_data\supp_s1_seed_histories.csv,individual matched extended-training seed trajectory (no aggregation)
eog,EOG,16,base16,43,60,0.0317694135532479,8.946928364889962,extended,0.001,results\manuscript_figure_data\supp_s1_seed_histories.csv,individual matched extended-training seed trajectory (no aggregation)
eog,EOG,16,base16,43,61,0.0317439114692333,8.920757361820765,extended,0.001,results\manuscript_figure_data\supp_s1_seed_histories.csv,individual matched extended-training seed trajectory (no aggregation)
eog,EOG,16,base16,43,62,0.0317259565274292,8.971527848924909,extended,0.001,results\manuscript_figure_data\supp_s1_seed_histories.csv,individual matched extended-training seed trajectory (no aggregation)
eog,EOG,16,base16,43,63,0.0316616084043667,8.984137603214808,extended,0.001,results\manuscript_figure_data\supp_s1_seed_histories.csv,individual matched extended-training seed trajectory (no aggregation)
eog,EOG,16,base16,43,64,0.0316027872368832,8.966372558048793,extended,0.001,results\manuscript_figure_data\supp_s1_seed_histories.csv,individual matched extended-training seed trajectory (no aggregation)
eog,EOG,16,base16,43,65,0.0315684374839624,8.988587038857597,extended,0.001,results\manuscript_figure_data\supp_s1_seed_histories.csv,individual matched extended-training seed trajectory (no aggregation)
eog,EOG,16,base16,43,66,0.0315534109684908,8.944721630641393,extended,0.001,results\manuscript_figure_data\supp_s1_seed_histories.csv,individual matched extended-training seed trajectory (no aggregation)
eog,EOG,16,base16,43,67,0.0315517224197354,8.971662248883929,extended,0.001,results\manuscript_figure_data\supp_s1_seed_histories.csv,individual matched extended-training seed trajectory (no aggregation)
eog,EOG,16,base16,43,68,0.0314942917951913,8.975403921944755,extended,0.001,results\manuscript_figure_data\supp_s1_seed_histories.csv,individual matched extended-training seed trajectory (no aggregation)
eog,EOG,16,base16,43,69,0.0314976830279158,8.97068636757987,extended,0.001,results\manuscript_figure_data\supp_s1_seed_histories.csv,individual matched extended-training seed trajectory (no aggregation)
eog,EOG,16,base16,43,70,0.0314645155498357,8.978964941842216,extended,0.001,results\manuscript_figure_data\supp_s1_seed_histories.csv,individual matched extended-training seed trajectory (no aggregation)
eog,EOG,16,base16,43,71,0.0314758892266828,8.965087618146624,extended,0.001,results\manuscript_figure_data\supp_s1_seed_histories.csv,individual matched extended-training seed trajectory (no aggregation)
eog,EOG,16,base16,43,72,0.0314672434371765,8.951151030404228,extended,0.001,results\manuscript_figure_data\supp_s1_seed_histories.csv,individual matched extended-training seed trajectory (no aggregation)
eog,EOG,16,base16,43,73,0.0314711220388379,8.963126250675746,extended,0.001,results\manuscript_figure_data\supp_s1_seed_histories.csv,individual matched extended-training seed trajectory (no aggregation)
eog,EOG,16,base16,43,74,0.0314238841218926,8.9745466368539,extended,0.001,results\manuscript_figure_data\supp_s1_seed_histories.csv,individual matched extended-training seed trajectory (no aggregation)
eog,EOG,16,base16,43,75,0.0314283074341087,8.974834510258265,extended,0.001,results\manuscript_figure_data\supp_s1_seed_histories.csv,individual matched extended-training seed trajectory (no aggregation)
mixed1m,Mixed-1M,4,base4,42,1,0.0978287498626257,3.1658623364506937,extended,0.001,results\manuscript_figure_data\supp_s1_seed_histories.csv,individual matched extended-training seed trajectory (no aggregation)
mixed1m,Mixed-1M,4,base4,42,2,0.0716447458528649,3.957395001333587,extended,0.001,results\manuscript_figure_data\supp_s1_seed_histories.csv,individual matched extended-training seed trajectory (no aggregation)
mixed1m,Mixed-1M,4,base4,42,3,0.0688942604319518,4.182272974325686,extended,0.001,results\manuscript_figure_data\supp_s1_seed_histories.csv,individual matched extended-training seed trajectory (no aggregation)
mixed1m,Mixed-1M,4,base4,42,4,0.0678920320251866,4.26305382105769,extended,0.001,results\manuscript_figure_data\supp_s1_seed_histories.csv,individual matched extended-training seed trajectory (no aggregation)
mixed1m,Mixed-1M,4,base4,42,5,0.0673857773165873,4.349704260728797,extended,0.001,results\manuscript_figure_data\supp_s1_seed_histories.csv,individual matched extended-training seed trajectory (no aggregation)
mixed1m,Mixed-1M,4,base4,42,6,0.0670403695910635,4.363432451170318,extended,0.001,results\manuscript_figure_data\supp_s1_seed_histories.csv,individual matched extended-training seed trajectory (no aggregation)
mixed1m,Mixed-1M,4,base4,42,7,0.0667927408843394,4.402396372386387,extended,0.001,results\manuscript_figure_data\supp_s1_seed_histories.csv,individual matched extended-training seed trajectory (no aggregation)
mixed1m,Mixed-1M,4,base4,42,8,0.0665936374088839,4.460493905203683,extended,0.001,results\manuscript_figure_data\supp_s1_seed_histories.csv,individual matched extended-training seed trajectory (no aggregation)
mixed1m,Mixed-1M,4,base4,42,9,0.0664351317469421,4.458888550193942,extended,0.001,results\manuscript_figure_data\supp_s1_seed_histories.csv,individual matched extended-training seed trajectory (no aggregation)
mixed1m,Mixed-1M,4,base4,42,10,0.0663317183075506,4.458327395575387,extended,0.001,results\manuscript_figure_data\supp_s1_seed_histories.csv,individual matched extended-training seed trajectory (no aggregation)
mixed1m,Mixed-1M,4,base4,42,11,0.0662087468749574,4.4912833486284525,extended,0.001,results\manuscript_figure_data\supp_s1_seed_histories.csv,individual matched extended-training seed trajectory (no aggregation)
mixed1m,Mixed-1M,4,base4,42,12,0.066125381299678,4.507160824172351,extended,0.001,results\manuscript_figure_data\supp_s1_seed_histories.csv,individual matched extended-training seed trajectory (no aggregation)
mixed1m,Mixed-1M,4,base4,42,13,0.0660406489430181,4.522116082055228,extended,0.001,results\manuscript_figure_data\supp_s1_seed_histories.csv,individual matched extended-training seed trajectory (no aggregation)
mixed1m,Mixed-1M,4,base4,42,14,0.0659580328180204,4.510090239193975,extended,0.001,results\manuscript_figure_data\supp_s1_seed_histories.csv,individual matched extended-training seed trajectory (no aggregation)
mixed1m,Mixed-1M,4,base4,42,15,0.0659150058579871,4.528436281243149,extended,0.001,results\manuscript_figure_data\supp_s1_seed_histories.csv,individual matched extended-training seed trajectory (no aggregation)
mixed1m,Mixed-1M,4,base4,42,16,0.0658555404209267,4.556994501425296,extended,0.001,results\manuscript_figure_data\supp_s1_seed_histories.csv,individual matched extended-training seed trajectory (no aggregation)
mixed1m,Mixed-1M,4,base4,42,17,0.0658227511112342,4.558244695468825,extended,0.001,results\manuscript_figure_data\supp_s1_seed_histories.csv,individual matched extended-training seed trajectory (no aggregation)
mixed1m,Mixed-1M,4,base4,42,18,0.0657697427074622,4.564198202016402,extended,0.001,results\manuscript_figure_data\supp_s1_seed_histories.csv,individual matched extended-training seed trajectory (no aggregation)
mixed1m,Mixed-1M,4,base4,42,19,0.0657365269806531,4.555495860625286,extended,0.001,results\manuscript_figure_data\supp_s1_seed_histories.csv,individual matched extended-training seed trajectory (no aggregation)
mixed1m,Mixed-1M,4,base4,42,20,0.0656982096736236,4.574416437927558,extended,0.001,results\manuscript_figure_data\supp_s1_seed_histories.csv,individual matched extended-training seed trajectory (no aggregation)
mixed1m,Mixed-1M,4,base4,42,21,0.065668498577974,4.575801406587873,extended,0.001,results\manuscript_figure_data\supp_s1_seed_histories.csv,individual matched extended-training seed trajectory (no aggregation)
mixed1m,Mixed-1M,4,base4,42,22,0.0656457223817515,4.580362120453192,extended,0.001,results\manuscript_figure_data\supp_s1_seed_histories.csv,individual matched extended-training seed trajectory (no aggregation)
mixed1m,Mixed-1M,4,base4,42,23,0.0656178555239344,4.580441528437089,extended,0.001,results\manuscript_figure_data\supp_s1_seed_histories.csv,individual matched extended-training seed trajectory (no aggregation)
mixed1m,Mixed-1M,4,base4,42,24,0.065606845271252,4.589675295109651,extended,0.001,results\manuscript_figure_data\supp_s1_seed_histories.csv,individual matched extended-training seed trajectory (no aggregation)
mixed1m,Mixed-1M,4,base4,42,25,0.065589143320575,4.590820434142132,extended,0.001,results\manuscript_figure_data\supp_s1_seed_histories.csv,individual matched extended-training seed trajectory (no aggregation)
mixed1m,Mixed-1M,4,base4,42,26,0.065577159814365,4.586667347927483,extended,0.001,results\manuscript_figure_data\supp_s1_seed_histories.csv,individual matched extended-training seed trajectory (no aggregation)
mixed1m,Mixed-1M,4,base4,42,27,0.0655677585155152,4.592323901701946,extended,0.001,results\manuscript_figure_data\supp_s1_seed_histories.csv,individual matched extended-training seed trajectory (no aggregation)
mixed1m,Mixed-1M,4,base4,42,28,0.0655584072556032,4.5916292083506685,extended,0.001,results\manuscript_figure_data\supp_s1_seed_histories.csv,individual matched extended-training seed trajectory (no aggregation)
mixed1m,Mixed-1M,4,base4,42,29,0.0655538483291788,4.592616840284698,extended,0.001,results\manuscript_figure_data\supp_s1_seed_histories.csv,individual matched extended-training seed trajectory (no aggregation)
mixed1m,Mixed-1M,4,base4,42,30,0.0655584468237122,4.592447660407242,extended,0.001,results\manuscript_figure_data\supp_s1_seed_histories.csv,individual matched extended-training seed trajectory (no aggregation)
mixed1m,Mixed-1M,4,base4,43,1,0.1108318285735519,2.947155619154171,extended,0.001,results\manuscript_figure_data\supp_s1_seed_histories.csv,individual matched extended-training seed trajectory (no aggregation)
mixed1m,Mixed-1M,4,base4,43,2,0.0730673396373953,3.809202466692244,extended,0.001,results\manuscript_figure_data\supp_s1_seed_histories.csv,individual matched extended-training seed trajectory (no aggregation)
mixed1m,Mixed-1M,4,base4,43,3,0.0696456404045567,4.100758107341066,extended,0.001,results\manuscript_figure_data\supp_s1_seed_histories.csv,individual matched extended-training seed trajectory (no aggregation)
mixed1m,Mixed-1M,4,base4,43,4,0.0682297816685855,4.22526402376136,extended,0.001,results\manuscript_figure_data\supp_s1_seed_histories.csv,individual matched extended-training seed trajectory (no aggregation)
mixed1m,Mixed-1M,4,base4,43,5,0.0675452792221475,4.323858144331951,extended,0.001,results\manuscript_figure_data\supp_s1_seed_histories.csv,individual matched extended-training seed trajectory (no aggregation)
mixed1m,Mixed-1M,4,base4,43,6,0.0670613400218889,4.3966299076469575,extended,0.001,results\manuscript_figure_data\supp_s1_seed_histories.csv,individual matched extended-training seed trajectory (no aggregation)
mixed1m,Mixed-1M,4,base4,43,7,0.0667235720664491,4.422307014465332,extended,0.001,results\manuscript_figure_data\supp_s1_seed_histories.csv,individual matched extended-training seed trajectory (no aggregation)
mixed1m,Mixed-1M,4,base4,43,8,0.0664665552756518,4.437600773207995,extended,0.001,results\manuscript_figure_data\supp_s1_seed_histories.csv,individual matched extended-training seed trajectory (no aggregation)
mixed1m,Mixed-1M,4,base4,43,9,0.0662906774989022,4.473104306629726,extended,0.001,results\manuscript_figure_data\supp_s1_seed_histories.csv,individual matched extended-training seed trajectory (no aggregation)
mixed1m,Mixed-1M,4,base4,43,10,0.0661343084005138,4.504680828172333,extended,0.001,results\manuscript_figure_data\supp_s1_seed_histories.csv,individual matched extended-training seed trajectory (no aggregation)
mixed1m,Mixed-1M,4,base4,43,11,0.0660279230274202,4.498593481219545,extended,0.001,results\manuscript_figure_data\supp_s1_seed_histories.csv,individual matched extended-training seed trajectory (no aggregation)
mixed1m,Mixed-1M,4,base4,43,12,0.065939711878443,4.495296293375444,extended,0.001,results\manuscript_figure_data\supp_s1_seed_histories.csv,individual matched extended-training seed trajectory (no aggregation)
mixed1m,Mixed-1M,4,base4,43,13,0.0658622005825762,4.527253491537912,extended,0.001,results\manuscript_figure_data\supp_s1_seed_histories.csv,individual matched extended-training seed trajectory (no aggregation)
mixed1m,Mixed-1M,4,base4,43,14,0.0657890628061026,4.5281616425027655,extended,0.001,results\manuscript_figure_data\supp_s1_seed_histories.csv,individual matched extended-training seed trajectory (no aggregation)
mixed1m,Mixed-1M,4,base4,43,15,0.0657204289341826,4.533127920968192,extended,0.001,results\manuscript_figure_data\supp_s1_seed_histories.csv,individual matched extended-training seed trajectory (no aggregation)
mixed1m,Mixed-1M,4,base4,43,16,0.0656756738014995,4.574356010981968,extended,0.001,results\manuscript_figure_data\supp_s1_seed_histories.csv,individual matched extended-training seed trajectory (no aggregation)
mixed1m,Mixed-1M,4,base4,43,17,0.0656224432903939,4.57048192316172,extended,0.001,results\manuscript_figure_data\supp_s1_seed_histories.csv,individual matched extended-training seed trajectory (no aggregation)
mixed1m,Mixed-1M,4,base4,43,18,0.0655685991067868,4.593018692366931,extended,0.001,results\manuscript_figure_data\supp_s1_seed_histories.csv,individual matched extended-training seed trajectory (no aggregation)
mixed1m,Mixed-1M,4,base4,43,19,0.0655311179988067,4.59755548165769,extended,0.001,results\manuscript_figure_data\supp_s1_seed_histories.csv,individual matched extended-training seed trajectory (no aggregation)
mixed1m,Mixed-1M,4,base4,43,20,0.0654953723901982,4.600266271707963,extended,0.001,results\manuscript_figure_data\supp_s1_seed_histories.csv,individual matched extended-training seed trajectory (no aggregation)
mixed1m,Mixed-1M,4,base4,43,21,0.0654660502872656,4.606071676526751,extended,0.001,results\manuscript_figure_data\supp_s1_seed_histories.csv,individual matched extended-training seed trajectory (no aggregation)
mixed1m,Mixed-1M,4,base4,43,22,0.0654252324910724,4.611619744982038,extended,0.001,results\manuscript_figure_data\supp_s1_seed_histories.csv,individual matched extended-training seed trajectory (no aggregation)
mixed1m,Mixed-1M,4,base4,43,23,0.0654079546708889,4.611885270293878,extended,0.001,results\manuscript_figure_data\supp_s1_seed_histories.csv,individual matched extended-training seed trajectory (no aggregation)
mixed1m,Mixed-1M,4,base4,43,24,0.0653758322929634,4.606077719707878,extended,0.001,results\manuscript_figure_data\supp_s1_seed_histories.csv,individual matched extended-training seed trajectory (no aggregation)
mixed1m,Mixed-1M,4,base4,43,25,0.0653676207718032,4.617062140484245,extended,0.001,results\manuscript_figure_data\supp_s1_seed_histories.csv,individual matched extended-training seed trajectory (no aggregation)
mixed1m,Mixed-1M,4,base4,43,26,0.065356028668792,4.620977961287206,extended,0.001,results\manuscript_figure_data\supp_s1_seed_histories.csv,individual matched extended-training seed trajectory (no aggregation)
mixed1m,Mixed-1M,4,base4,43,27,0.0653395690786106,4.620677777699062,extended,0.001,results\manuscript_figure_data\supp_s1_seed_histories.csv,individual matched extended-training seed trajectory (no aggregation)
mixed1m,Mixed-1M,4,base4,43,28,0.0653268280617721,4.619430006766806,extended,0.001,results\manuscript_figure_data\supp_s1_seed_histories.csv,individual matched extended-training seed trajectory (no aggregation)
mixed1m,Mixed-1M,4,base4,43,29,0.065330495986411,4.621771501035107,extended,0.001,results\manuscript_figure_data\supp_s1_seed_histories.csv,individual matched extended-training seed trajectory (no aggregation)
mixed1m,Mixed-1M,4,base4,43,30,0.0653258652504905,4.620627539498465,extended,0.001,results\manuscript_figure_data\supp_s1_seed_histories.csv,individual matched extended-training seed trajectory (no aggregation)
mixed1m,Mixed-1M,6,base6,42,1,0.102578673121112,3.4701460940497264,extended,0.001,results\manuscript_figure_data\supp_s1_seed_histories.csv,individual matched extended-training seed trajectory (no aggregation)
mixed1m,Mixed-1M,6,base6,42,2,0.0704884022722006,4.086948747537574,extended,0.001,results\manuscript_figure_data\supp_s1_seed_histories.csv,individual matched extended-training seed trajectory (no aggregation)
mixed1m,Mixed-1M,6,base6,42,3,0.0679398145707671,4.290563953166106,extended,0.001,results\manuscript_figure_data\supp_s1_seed_histories.csv,individual matched extended-training seed trajectory (no aggregation)
mixed1m,Mixed-1M,6,base6,42,4,0.0668361932610916,4.426847102690716,extended,0.001,results\manuscript_figure_data\supp_s1_seed_histories.csv,individual matched extended-training seed trajectory (no aggregation)
mixed1m,Mixed-1M,6,base6,42,5,0.0662810194694325,4.514623700355997,extended,0.001,results\manuscript_figure_data\supp_s1_seed_histories.csv,individual matched extended-training seed trajectory (no aggregation)
mixed1m,Mixed-1M,6,base6,42,6,0.0658983101453775,4.508470909936087,extended,0.001,results\manuscript_figure_data\supp_s1_seed_histories.csv,individual matched extended-training seed trajectory (no aggregation)
mixed1m,Mixed-1M,6,base6,42,7,0.0656428222289628,4.574841766941304,extended,0.001,results\manuscript_figure_data\supp_s1_seed_histories.csv,individual matched extended-training seed trajectory (no aggregation)
mixed1m,Mixed-1M,6,base6,42,8,0.0654320728100474,4.575245054400697,extended,0.001,results\manuscript_figure_data\supp_s1_seed_histories.csv,individual matched extended-training seed trajectory (no aggregation)
mixed1m,Mixed-1M,6,base6,42,9,0.0652718522188151,4.630796510346082,extended,0.001,results\manuscript_figure_data\supp_s1_seed_histories.csv,individual matched extended-training seed trajectory (no aggregation)
mixed1m,Mixed-1M,6,base6,42,10,0.0651439272076882,4.647731236049107,extended,0.001,results\manuscript_figure_data\supp_s1_seed_histories.csv,individual matched extended-training seed trajectory (no aggregation)
mixed1m,Mixed-1M,6,base6,42,11,0.0650114873924371,4.657747599543358,extended,0.001,results\manuscript_figure_data\supp_s1_seed_histories.csv,individual matched extended-training seed trajectory (no aggregation)
mixed1m,Mixed-1M,6,base6,42,12,0.0648973854568303,4.640205057299867,extended,0.001,results\manuscript_figure_data\supp_s1_seed_histories.csv,individual matched extended-training seed trajectory (no aggregation)
mixed1m,Mixed-1M,6,base6,42,13,0.0648077633755896,4.684276293735115,extended,0.001,results\manuscript_figure_data\supp_s1_seed_histories.csv,individual matched extended-training seed trajectory (no aggregation)
mixed1m,Mixed-1M,6,base6,42,14,0.0647355886009495,4.688571929931641,extended,0.001,results\manuscript_figure_data\supp_s1_seed_histories.csv,individual matched extended-training seed trajectory (no aggregation)
mixed1m,Mixed-1M,6,base6,42,15,0.0646510025786469,4.682795183999198,extended,0.001,results\manuscript_figure_data\supp_s1_seed_histories.csv,individual matched extended-training seed trajectory (no aggregation)
mixed1m,Mixed-1M,6,base6,42,16,0.0645818512057861,4.728927437140017,extended,0.001,results\manuscript_figure_data\supp_s1_seed_histories.csv,individual matched extended-training seed trajectory (no aggregation)
mixed1m,Mixed-1M,6,base6,42,17,0.0645211440132325,4.748620252219999,extended,0.001,results\manuscript_figure_data\supp_s1_seed_histories.csv,individual matched extended-training seed trajectory (no aggregation)
mixed1m,Mixed-1M,6,base6,42,18,0.0644650836677654,4.741821736705546,extended,0.001,results\manuscript_figure_data\supp_s1_seed_histories.csv,individual matched extended-training seed trajectory (no aggregation)
mixed1m,Mixed-1M,6,base6,42,19,0.0644148836850815,4.762768940049774,extended,0.001,results\manuscript_figure_data\supp_s1_seed_histories.csv,individual matched extended-training seed trajectory (no aggregation)
mixed1m,Mixed-1M,6,base6,42,20,0.0643736196114965,4.745522114695335,extended,0.001,results\manuscript_figure_data\supp_s1_seed_histories.csv,individual matched extended-training seed trajectory (no aggregation)
mixed1m,Mixed-1M,6,base6,42,21,0.0643349829203713,4.766182729176113,extended,0.001,results\manuscript_figure_data\supp_s1_seed_histories.csv,individual matched extended-training seed trajectory (no aggregation)
mixed1m,Mixed-1M,6,base6,42,22,0.0642963334813218,4.7781524950144245,extended,0.001,results\manuscript_figure_data\supp_s1_seed_histories.csv,individual matched extended-training seed trajectory (no aggregation)
mixed1m,Mixed-1M,6,base6,42,23,0.0642727924810955,4.777386967016726,extended,0.001,results\manuscript_figure_data\supp_s1_seed_histories.csv,individual matched extended-training seed trajectory (no aggregation)
mixed1m,Mixed-1M,6,base6,42,24,0.0642410589720282,4.777988725779008,extended,0.001,results\manuscript_figure_data\supp_s1_seed_histories.csv,individual matched extended-training seed trajectory (no aggregation)
mixed1m,Mixed-1M,6,base6,42,25,0.0642231263582358,4.775096878713491,extended,0.001,results\manuscript_figure_data\supp_s1_seed_histories.csv,individual matched extended-training seed trajectory (no aggregation)
mixed1m,Mixed-1M,6,base6,42,26,0.064203625039943,4.785174890440338,extended,0.001,results\manuscript_figure_data\supp_s1_seed_histories.csv,individual matched extended-training seed trajectory (no aggregation)
mixed1m,Mixed-1M,6,base6,42,27,0.0641905365611814,4.78655237567668,extended,0.001,results\manuscript_figure_data\supp_s1_seed_histories.csv,individual matched extended-training seed trajectory (no aggregation)
mixed1m,Mixed-1M,6,base6,42,28,0.0641834179649267,4.786408356257847,extended,0.001,results\manuscript_figure_data\supp_s1_seed_histories.csv,individual matched extended-training seed trajectory (no aggregation)
mixed1m,Mixed-1M,6,base6,42,29,0.0641782967245106,4.787380549372459,extended,0.001,results\manuscript_figure_data\supp_s1_seed_histories.csv,individual matched extended-training seed trajectory (no aggregation)
mixed1m,Mixed-1M,6,base6,42,30,0.0641710337851663,4.788406148248789,extended,0.001,results\manuscript_figure_data\supp_s1_seed_histories.csv,individual matched extended-training seed trajectory (no aggregation)
mixed1m,Mixed-1M,6,base6,43,1,0.1051792089286667,3.3778777633394514,extended,0.001,results\manuscript_figure_data\supp_s1_seed_histories.csv,individual matched extended-training seed trajectory (no aggregation)
mixed1m,Mixed-1M,6,base6,43,2,0.0704996434261884,4.117615527036239,extended,0.001,results\manuscript_figure_data\supp_s1_seed_histories.csv,individual matched extended-training seed trajectory (no aggregation)
mixed1m,Mixed-1M,6,base6,43,3,0.0676923036823034,4.374757450454089,extended,0.001,results\manuscript_figure_data\supp_s1_seed_histories.csv,individual matched extended-training seed trajectory (no aggregation)
mixed1m,Mixed-1M,6,base6,43,4,0.0666564048060675,4.447129556110927,extended,0.001,results\manuscript_figure_data\supp_s1_seed_histories.csv,individual matched extended-training seed trajectory (no aggregation)
mixed1m,Mixed-1M,6,base6,43,5,0.0660978857989963,4.369993715870137,extended,0.001,results\manuscript_figure_data\supp_s1_seed_histories.csv,individual matched extended-training seed trajectory (no aggregation)
mixed1m,Mixed-1M,6,base6,43,6,0.065727833086801,4.549414133539005,extended,0.001,results\manuscript_figure_data\supp_s1_seed_histories.csv,individual matched extended-training seed trajectory (no aggregation)
mixed1m,Mixed-1M,6,base6,43,7,0.0654399486358665,4.571957408165445,extended,0.001,results\manuscript_figure_data\supp_s1_seed_histories.csv,individual matched extended-training seed trajectory (no aggregation)
mixed1m,Mixed-1M,6,base6,43,8,0.0652172117091505,4.642450517537642,extended,0.001,results\manuscript_figure_data\supp_s1_seed_histories.csv,individual matched extended-training seed trajectory (no aggregation)
mixed1m,Mixed-1M,6,base6,43,9,0.0650364705516249,4.679948548881376,extended,0.001,results\manuscript_figure_data\supp_s1_seed_histories.csv,individual matched extended-training seed trajectory (no aggregation)
mixed1m,Mixed-1M,6,base6,43,10,0.0648838624243846,4.620394064455616,extended,0.001,results\manuscript_figure_data\supp_s1_seed_histories.csv,individual matched extended-training seed trajectory (no aggregation)
mixed1m,Mixed-1M,6,base6,43,11,0.0647590405324383,4.70065129533106,extended,0.001,results\manuscript_figure_data\supp_s1_seed_histories.csv,individual matched extended-training seed trajectory (no aggregation)
mixed1m,Mixed-1M,6,base6,43,12,0.0646339770492233,4.700281036143401,extended,0.001,results\manuscript_figure_data\supp_s1_seed_histories.csv,individual matched extended-training seed trajectory (no aggregation)
mixed1m,Mixed-1M,6,base6,43,13,0.0645415000617504,4.594812767846244,extended,0.001,results\manuscript_figure_data\supp_s1_seed_histories.csv,individual matched extended-training seed trajectory (no aggregation)
mixed1m,Mixed-1M,6,base6,43,14,0.0644382993259545,4.738812485519721,extended,0.001,results\manuscript_figure_data\supp_s1_seed_histories.csv,individual matched extended-training seed trajectory (no aggregation)
mixed1m,Mixed-1M,6,base6,43,15,0.0643637541471921,4.759437950289979,extended,0.001,results\manuscript_figure_data\supp_s1_seed_histories.csv,individual matched extended-training seed trajectory (no aggregation)
mixed1m,Mixed-1M,6,base6,43,16,0.0642905938522437,4.773834077679381,extended,0.001,results\manuscript_figure_data\supp_s1_seed_histories.csv,individual matched extended-training seed trajectory (no aggregation)
mixed1m,Mixed-1M,6,base6,43,17,0.0642247969508552,4.777814125528141,extended,0.001,results\manuscript_figure_data\supp_s1_seed_histories.csv,individual matched extended-training seed trajectory (no aggregation)
mixed1m,Mixed-1M,6,base6,43,18,0.0641707396063277,4.753361507337921,extended,0.001,results\manuscript_figure_data\supp_s1_seed_histories.csv,individual matched extended-training seed trajectory (no aggregation)
mixed1m,Mixed-1M,6,base6,43,19,0.0641278913411338,4.765441806948915,extended,0.001,results\manuscript_figure_data\supp_s1_seed_histories.csv,individual matched extended-training seed trajectory (no aggregation)
mixed1m,Mixed-1M,6,base6,43,20,0.064083774643176,4.77166045928488,extended,0.001,results\manuscript_figure_data\supp_s1_seed_histories.csv,individual matched extended-training seed trajectory (no aggregation)
mixed1m,Mixed-1M,6,base6,43,21,0.0640494333642065,4.7864154552926825,extended,0.001,results\manuscript_figure_data\supp_s1_seed_histories.csv,individual matched extended-training seed trajectory (no aggregation)
mixed1m,Mixed-1M,6,base6,43,22,0.0640175191595045,4.806864903897655,extended,0.001,results\manuscript_figure_data\supp_s1_seed_histories.csv,individual matched extended-training seed trajectory (no aggregation)
mixed1m,Mixed-1M,6,base6,43,23,0.0639939097463703,4.80914416118544,extended,0.001,results\manuscript_figure_data\supp_s1_seed_histories.csv,individual matched extended-training seed trajectory (no aggregation)
mixed1m,Mixed-1M,6,base6,43,24,0.0639695608107101,4.8130258102806245,extended,0.001,results\manuscript_figure_data\supp_s1_seed_histories.csv,individual matched extended-training seed trajectory (no aggregation)
mixed1m,Mixed-1M,6,base6,43,25,0.0639534986689877,4.816964227326062,extended,0.001,results\manuscript_figure_data\supp_s1_seed_histories.csv,individual matched extended-training seed trajectory (no aggregation)
mixed1m,Mixed-1M,6,base6,43,26,0.0639313266081425,4.819674243732375,extended,0.001,results\manuscript_figure_data\supp_s1_seed_histories.csv,individual matched extended-training seed trajectory (no aggregation)
mixed1m,Mixed-1M,6,base6,43,27,0.0639195734220545,4.825730275134651,extended,0.001,results\manuscript_figure_data\supp_s1_seed_histories.csv,individual matched extended-training seed trajectory (no aggregation)
mixed1m,Mixed-1M,6,base6,43,28,0.0639182953950008,4.823441568686038,extended,0.001,results\manuscript_figure_data\supp_s1_seed_histories.csv,individual matched extended-training seed trajectory (no aggregation)
mixed1m,Mixed-1M,6,base6,43,29,0.0639132093685819,4.825016235818668,extended,0.001,results\manuscript_figure_data\supp_s1_seed_histories.csv,individual matched extended-training seed trajectory (no aggregation)
mixed1m,Mixed-1M,6,base6,43,30,0.0639110188073743,4.82384941042686,extended,0.001,results\manuscript_figure_data\supp_s1_seed_histories.csv,individual matched extended-training seed trajectory (no aggregation)
mixed1m,Mixed-1M,16,base16,42,1,0.0736083524763736,4.336172371494527,extended,0.001,results\manuscript_figure_data\supp_s1_seed_histories.csv,individual matched extended-training seed trajectory (no aggregation)
mixed1m,Mixed-1M,16,base16,42,2,0.0656168786022821,4.671018751300111,extended,0.001,results\manuscript_figure_data\supp_s1_seed_histories.csv,individual matched extended-training seed trajectory (no aggregation)
mixed1m,Mixed-1M,16,base16,42,3,0.0641937059781435,4.725296516807712,extended,0.001,results\manuscript_figure_data\supp_s1_seed_histories.csv,individual matched extended-training seed trajectory (no aggregation)
mixed1m,Mixed-1M,16,base16,42,4,0.0633078198737043,4.850267478397915,extended,0.001,results\manuscript_figure_data\supp_s1_seed_histories.csv,individual matched extended-training seed trajectory (no aggregation)
mixed1m,Mixed-1M,16,base16,42,5,0.0627246782269395,4.911854218463509,extended,0.001,results\manuscript_figure_data\supp_s1_seed_histories.csv,individual matched extended-training seed trajectory (no aggregation)
mixed1m,Mixed-1M,16,base16,42,6,0.0622846818269442,4.905378424391454,extended,0.001,results\manuscript_figure_data\supp_s1_seed_histories.csv,individual matched extended-training seed trajectory (no aggregation)
mixed1m,Mixed-1M,16,base16,42,7,0.0619251717339315,4.922097303429428,extended,0.001,results\manuscript_figure_data\supp_s1_seed_histories.csv,individual matched extended-training seed trajectory (no aggregation)
mixed1m,Mixed-1M,16,base16,42,8,0.0616372225096311,5.023097914092395,extended,0.001,results\manuscript_figure_data\supp_s1_seed_histories.csv,individual matched extended-training seed trajectory (no aggregation)
mixed1m,Mixed-1M,16,base16,42,9,0.0613781757166852,4.908737289662263,extended,0.001,results\manuscript_figure_data\supp_s1_seed_histories.csv,individual matched extended-training seed trajectory (no aggregation)
mixed1m,Mixed-1M,16,base16,42,10,0.0611328280642819,5.077264873348937,extended,0.001,results\manuscript_figure_data\supp_s1_seed_histories.csv,individual matched extended-training seed trajectory (no aggregation)
mixed1m,Mixed-1M,16,base16,42,11,0.0609414308758266,5.039325305393764,extended,0.001,results\manuscript_figure_data\supp_s1_seed_histories.csv,individual matched extended-training seed trajectory (no aggregation)
mixed1m,Mixed-1M,16,base16,42,12,0.0607173690843917,5.077749845932941,extended,0.001,results\manuscript_figure_data\supp_s1_seed_histories.csv,individual matched extended-training seed trajectory (no aggregation)
mixed1m,Mixed-1M,16,base16,42,13,0.0605724773100574,5.11616157998844,extended,0.001,results\manuscript_figure_data\supp_s1_seed_histories.csv,individual matched extended-training seed trajectory (no aggregation)
mixed1m,Mixed-1M,16,base16,42,14,0.0604027520074411,5.032270655340078,extended,0.001,results\manuscript_figure_data\supp_s1_seed_histories.csv,individual matched extended-training seed trajectory (no aggregation)
mixed1m,Mixed-1M,16,base16,42,15,0.0602747723793663,5.118571646359502,extended,0.001,results\manuscript_figure_data\supp_s1_seed_histories.csv,individual matched extended-training seed trajectory (no aggregation)
mixed1m,Mixed-1M,16,base16,42,16,0.0601391915393912,4.726908654582744,extended,0.001,results\manuscript_figure_data\supp_s1_seed_histories.csv,individual matched extended-training seed trajectory (no aggregation)
mixed1m,Mixed-1M,16,base16,42,17,0.0600239179571113,5.109174811110204,extended,0.001,results\manuscript_figure_data\supp_s1_seed_histories.csv,individual matched extended-training seed trajectory (no aggregation)
mixed1m,Mixed-1M,16,base16,42,18,0.0599107731305196,5.064299690480135,extended,0.001,results\manuscript_figure_data\supp_s1_seed_histories.csv,individual matched extended-training seed trajectory (no aggregation)
mixed1m,Mixed-1M,16,base16,42,19,0.0598218249076086,5.068173719912159,extended,0.001,results\manuscript_figure_data\supp_s1_seed_histories.csv,individual matched extended-training seed trajectory (no aggregation)
mixed1m,Mixed-1M,16,base16,42,20,0.0597422276873646,5.176511550436215,extended,0.001,results\manuscript_figure_data\supp_s1_seed_histories.csv,individual matched extended-training seed trajectory (no aggregation)
mixed1m,Mixed-1M,16,base16,42,21,0.0596538467756698,5.207666586856453,extended,0.001,results\manuscript_figure_data\supp_s1_seed_histories.csv,individual matched extended-training seed trajectory (no aggregation)
mixed1m,Mixed-1M,16,base16,42,22,0.0595904734900311,5.101404316571294,extended,0.001,results\manuscript_figure_data\supp_s1_seed_histories.csv,individual matched extended-training seed trajectory (no aggregation)
mixed1m,Mixed-1M,16,base16,42,23,0.0595275680713184,5.210834576159107,extended,0.001,results\manuscript_figure_data\supp_s1_seed_histories.csv,individual matched extended-training seed trajectory (no aggregation)
mixed1m,Mixed-1M,16,base16,42,24,0.0594776603428985,5.192813026661775,extended,0.001,results\manuscript_figure_data\supp_s1_seed_histories.csv,individual matched extended-training seed trajectory (no aggregation)
mixed1m,Mixed-1M,16,base16,42,25,0.0594348466104787,5.210459378300881,extended,0.001,results\manuscript_figure_data\supp_s1_seed_histories.csv,individual matched extended-training seed trajectory (no aggregation)
mixed1m,Mixed-1M,16,base16,42,26,0.0593999352954004,5.192768004475807,extended,0.001,results\manuscript_figure_data\supp_s1_seed_histories.csv,individual matched extended-training seed trajectory (no aggregation)
mixed1m,Mixed-1M,16,base16,42,27,0.0593734329656871,5.211834805352347,extended,0.001,results\manuscript_figure_data\supp_s1_seed_histories.csv,individual matched extended-training seed trajectory (no aggregation)
mixed1m,Mixed-1M,16,base16,42,28,0.0593581588657768,5.21561801190279,extended,0.001,results\manuscript_figure_data\supp_s1_seed_histories.csv,individual matched extended-training seed trajectory (no aggregation)
mixed1m,Mixed-1M,16,base16,42,29,0.0593448595889389,5.211956651843324,extended,0.001,results\manuscript_figure_data\supp_s1_seed_histories.csv,individual matched extended-training seed trajectory (no aggregation)
mixed1m,Mixed-1M,16,base16,42,30,0.0593423606384821,5.221568083276554,extended,0.001,results\manuscript_figure_data\supp_s1_seed_histories.csv,individual matched extended-training seed trajectory (no aggregation)
mixed1m,Mixed-1M,16,base16,43,1,0.0787160998434209,4.292520887997686,extended,0.001,results\manuscript_figure_data\supp_s1_seed_histories.csv,individual matched extended-training seed trajectory (no aggregation)
mixed1m,Mixed-1M,16,base16,43,2,0.0658151081875157,4.651963647531003,extended,0.001,results\manuscript_figure_data\supp_s1_seed_histories.csv,individual matched extended-training seed trajectory (no aggregation)
mixed1m,Mixed-1M,16,base16,43,3,0.0643699817321337,4.776999527094316,extended,0.001,results\manuscript_figure_data\supp_s1_seed_histories.csv,individual matched extended-training seed trajectory (no aggregation)
mixed1m,Mixed-1M,16,base16,43,4,0.0634814632670653,4.853639836214026,extended,0.001,results\manuscript_figure_data\supp_s1_seed_histories.csv,individual matched extended-training seed trajectory (no aggregation)
mixed1m,Mixed-1M,16,base16,43,5,0.0628770698300179,4.824697382596074,extended,0.001,results\manuscript_figure_data\supp_s1_seed_histories.csv,individual matched extended-training seed trajectory (no aggregation)
mixed1m,Mixed-1M,16,base16,43,6,0.0624030145490184,4.72235496676698,extended,0.001,results\manuscript_figure_data\supp_s1_seed_histories.csv,individual matched extended-training seed trajectory (no aggregation)
mixed1m,Mixed-1M,16,base16,43,7,0.0620539319055998,4.872543369020734,extended,0.001,results\manuscript_figure_data\supp_s1_seed_histories.csv,individual matched extended-training seed trajectory (no aggregation)
mixed1m,Mixed-1M,16,base16,43,8,0.0617242944343468,4.990061959441827,extended,0.001,results\manuscript_figure_data\supp_s1_seed_histories.csv,individual matched extended-training seed trajectory (no aggregation)
mixed1m,Mixed-1M,16,base16,43,9,0.0614450630038748,4.912280189747713,extended,0.001,results\manuscript_figure_data\supp_s1_seed_histories.csv,individual matched extended-training seed trajectory (no aggregation)
mixed1m,Mixed-1M,16,base16,43,10,0.0612193742419219,5.063026895328444,extended,0.001,results\manuscript_figure_data\supp_s1_seed_histories.csv,individual matched extended-training seed trajectory (no aggregation)
mixed1m,Mixed-1M,16,base16,43,11,0.0610022326393048,5.058459539802707,extended,0.001,results\manuscript_figure_data\supp_s1_seed_histories.csv,individual matched extended-training seed trajectory (no aggregation)
mixed1m,Mixed-1M,16,base16,43,12,0.0608151894910713,5.092605858433004,extended,0.001,results\manuscript_figure_data\supp_s1_seed_histories.csv,individual matched extended-training seed trajectory (no aggregation)
mixed1m,Mixed-1M,16,base16,43,13,0.0606436011288553,5.094407052409892,extended,0.001,results\manuscript_figure_data\supp_s1_seed_histories.csv,individual matched extended-training seed trajectory (no aggregation)
mixed1m,Mixed-1M,16,base16,43,14,0.0604889155949091,5.106132473264422,extended,0.001,results\manuscript_figure_data\supp_s1_seed_histories.csv,individual matched extended-training seed trajectory (no aggregation)
mixed1m,Mixed-1M,16,base16,43,15,0.0603458401568405,5.047718563858344,extended,0.001,results\manuscript_figure_data\supp_s1_seed_histories.csv,individual matched extended-training seed trajectory (no aggregation)
mixed1m,Mixed-1M,16,base16,43,16,0.0602177491273416,5.084744506952714,extended,0.001,results\manuscript_figure_data\supp_s1_seed_histories.csv,individual matched extended-training seed trajectory (no aggregation)
mixed1m,Mixed-1M,16,base16,43,17,0.0600933121407733,5.18743388506831,extended,0.001,results\manuscript_figure_data\supp_s1_seed_histories.csv,individual matched extended-training seed trajectory (no aggregation)
mixed1m,Mixed-1M,16,base16,43,18,0.0599957869895507,5.203768000310781,extended,0.001,results\manuscript_figure_data\supp_s1_seed_histories.csv,individual matched extended-training seed trajectory (no aggregation)
mixed1m,Mixed-1M,16,base16,43,19,0.0598924086164787,5.16530348330128,extended,0.001,results\manuscript_figure_data\supp_s1_seed_histories.csv,individual matched extended-training seed trajectory (no aggregation)
mixed1m,Mixed-1M,16,base16,43,20,0.0598082643459596,5.191218356696927,extended,0.001,results\manuscript_figure_data\supp_s1_seed_histories.csv,individual matched extended-training seed trajectory (no aggregation)
mixed1m,Mixed-1M,16,base16,43,21,0.0597315539732156,5.194595093629798,extended,0.001,results\manuscript_figure_data\supp_s1_seed_histories.csv,individual matched extended-training seed trajectory (no aggregation)
mixed1m,Mixed-1M,16,base16,43,22,0.0596648330569191,5.17310246642755,extended,0.001,results\manuscript_figure_data\supp_s1_seed_histories.csv,individual matched extended-training seed trajectory (no aggregation)
mixed1m,Mixed-1M,16,base16,43,23,0.0596051926455458,5.17809669338927,extended,0.001,results\manuscript_figure_data\supp_s1_seed_histories.csv,individual matched extended-training seed trajectory (no aggregation)
mixed1m,Mixed-1M,16,base16,43,24,0.0595484551642556,5.204284604714841,extended,0.001,results\manuscript_figure_data\supp_s1_seed_histories.csv,individual matched extended-training seed trajectory (no aggregation)
mixed1m,Mixed-1M,16,base16,43,25,0.0595076407646507,5.226105047731983,extended,0.001,results\manuscript_figure_data\supp_s1_seed_histories.csv,individual matched extended-training seed trajectory (no aggregation)
mixed1m,Mixed-1M,16,base16,43,26,0.0594757653849051,5.185970194485723,extended,0.001,results\manuscript_figure_data\supp_s1_seed_histories.csv,individual matched extended-training seed trajectory (no aggregation)
mixed1m,Mixed-1M,16,base16,43,27,0.0594496413388901,5.218042149835704,extended,0.001,results\manuscript_figure_data\supp_s1_seed_histories.csv,individual matched extended-training seed trajectory (no aggregation)
mixed1m,Mixed-1M,16,base16,43,28,0.0594321337368939,5.230139250657996,extended,0.001,results\manuscript_figure_data\supp_s1_seed_histories.csv,individual matched extended-training seed trajectory (no aggregation)
mixed1m,Mixed-1M,16,base16,43,29,0.0594211264091836,5.218374850798626,extended,0.001,results\manuscript_figure_data\supp_s1_seed_histories.csv,individual matched extended-training seed trajectory (no aggregation)
mixed1m,Mixed-1M,16,base16,43,30,0.0594196813681241,5.225601264408657,extended,0.001,results\manuscript_figure_data\supp_s1_seed_histories.csv,individual matched extended-training seed trajectory (no aggregation)
