task,task_label,metric,metric_label,base,base_label,epoch,mean,se,sd,n,seeds,budget,lr,source_file,aggregation
emg,EMG,train_loss,Training loss,4,base4,1,0.1356834054170619,0.0046437886676618,0.0065673089146018,2,42 43,extended,0.001,runs/a6_optimization_convergence_audit_20260815_000000/a6_seed_mean_curves.csv,training-seed mean +/- standard error from matched extended-budget runs
emg,EMG,train_loss,Training loss,4,base4,2,0.0840249590575695,9.87547848905826e-05,0.0001396603561414,2,42 43,extended,0.001,runs/a6_optimization_convergence_audit_20260815_000000/a6_seed_mean_curves.csv,training-seed mean +/- standard error from matched extended-budget runs
emg,EMG,train_loss,Training loss,4,base4,3,0.0689852919252145,0.0001434571686245,0.0002028790734884,2,42 43,extended,0.001,runs/a6_optimization_convergence_audit_20260815_000000/a6_seed_mean_curves.csv,training-seed mean +/- standard error from matched extended-budget runs
emg,EMG,train_loss,Training loss,4,base4,4,0.0672782826636518,0.000213100051596,0.0003013689831095,2,42 43,extended,0.001,runs/a6_optimization_convergence_audit_20260815_000000/a6_seed_mean_curves.csv,training-seed mean +/- standard error from matched extended-budget runs
emg,EMG,train_loss,Training loss,4,base4,5,0.0664229857070105,0.0001815408113456,0.0002567374775292,2,42 43,extended,0.001,runs/a6_optimization_convergence_audit_20260815_000000/a6_seed_mean_curves.csv,training-seed mean +/- standard error from matched extended-budget runs
emg,EMG,train_loss,Training loss,4,base4,6,0.0658784504625059,0.0001515325513624,0.0002142993892777,2,42 43,extended,0.001,runs/a6_optimization_convergence_audit_20260815_000000/a6_seed_mean_curves.csv,training-seed mean +/- standard error from matched extended-budget runs
emg,EMG,train_loss,Training loss,4,base4,7,0.0654992861052354,8.177278297288175e-05,0.0001156441787132,2,42 43,extended,0.001,runs/a6_optimization_convergence_audit_20260815_000000/a6_seed_mean_curves.csv,training-seed mean +/- standard error from matched extended-budget runs
emg,EMG,train_loss,Training loss,4,base4,8,0.0651751780882477,1.1606700718404249e-05,1.6414353570372835e-05,2,42 43,extended,0.001,runs/a6_optimization_convergence_audit_20260815_000000/a6_seed_mean_curves.csv,training-seed mean +/- standard error from matched extended-budget runs
emg,EMG,train_loss,Training loss,4,base4,9,0.064957757666707,6.758565349238022e-05,9.558054779077264e-05,2,42 43,extended,0.001,runs/a6_optimization_convergence_audit_20260815_000000/a6_seed_mean_curves.csv,training-seed mean +/- standard error from matched extended-budget runs
emg,EMG,train_loss,Training loss,4,base4,10,0.0647953577960531,0.0001234447406161,0.0001745772263829,2,42 43,extended,0.001,runs/a6_optimization_convergence_audit_20260815_000000/a6_seed_mean_curves.csv,training-seed mean +/- standard error from matched extended-budget runs
emg,EMG,train_loss,Training loss,4,base4,11,0.0646531506751974,0.0001182677933857,0.000167255917398,2,42 43,extended,0.001,runs/a6_optimization_convergence_audit_20260815_000000/a6_seed_mean_curves.csv,training-seed mean +/- standard error from matched extended-budget runs
emg,EMG,train_loss,Training loss,4,base4,12,0.0645157011491911,0.0001521275511809,0.0002151408460907,2,42 43,extended,0.001,runs/a6_optimization_convergence_audit_20260815_000000/a6_seed_mean_curves.csv,training-seed mean +/- standard error from matched extended-budget runs
emg,EMG,train_loss,Training loss,4,base4,13,0.0644264826373685,0.0001744774214568,0.0002467483357521,2,42 43,extended,0.001,runs/a6_optimization_convergence_audit_20260815_000000/a6_seed_mean_curves.csv,training-seed mean +/- standard error from matched extended-budget runs
emg,EMG,train_loss,Training loss,4,base4,14,0.0642997299365344,0.000195145048201,0.0002759767737959,2,42 43,extended,0.001,runs/a6_optimization_convergence_audit_20260815_000000/a6_seed_mean_curves.csv,training-seed mean +/- standard error from matched extended-budget runs
emg,EMG,train_loss,Training loss,4,base4,15,0.0642220112716867,0.0001734582973378,0.0002453070766012,2,42 43,extended,0.001,runs/a6_optimization_convergence_audit_20260815_000000/a6_seed_mean_curves.csv,training-seed mean +/- standard error from matched extended-budget runs
emg,EMG,train_loss,Training loss,4,base4,16,0.0641533706692003,0.0001884828543379,0.0002665550088794,2,42 43,extended,0.001,runs/a6_optimization_convergence_audit_20260815_000000/a6_seed_mean_curves.csv,training-seed mean +/- standard error from matched extended-budget runs
emg,EMG,train_loss,Training loss,4,base4,17,0.0640677874553061,0.0001967041708883,0.0002781817062457,2,42 43,extended,0.001,runs/a6_optimization_convergence_audit_20260815_000000/a6_seed_mean_curves.csv,training-seed mean +/- standard error from matched extended-budget runs
emg,EMG,train_loss,Training loss,4,base4,18,0.0639955311037955,0.0002016430720686,0.0002851663672781,2,42 43,extended,0.001,runs/a6_optimization_convergence_audit_20260815_000000/a6_seed_mean_curves.csv,training-seed mean +/- standard error from matched extended-budget runs
emg,EMG,train_loss,Training loss,4,base4,19,0.0639660104754425,0.0002244451925868,0.0003174134353657,2,42 43,extended,0.001,runs/a6_optimization_convergence_audit_20260815_000000/a6_seed_mean_curves.csv,training-seed mean +/- standard error from matched extended-budget runs
emg,EMG,train_loss,Training loss,4,base4,20,0.0638553639696467,0.0002125691711193,0.0003006182047393,2,42 43,extended,0.001,runs/a6_optimization_convergence_audit_20260815_000000/a6_seed_mean_curves.csv,training-seed mean +/- standard error from matched extended-budget runs
emg,EMG,train_loss,Training loss,4,base4,21,0.0638218315229529,0.0002380610576697,0.0003366691764294,2,42 43,extended,0.001,runs/a6_optimization_convergence_audit_20260815_000000/a6_seed_mean_curves.csv,training-seed mean +/- standard error from matched extended-budget runs
emg,EMG,train_loss,Training loss,4,base4,22,0.0637706994655586,0.0002412427216768,0.0003411687288191,2,42 43,extended,0.001,runs/a6_optimization_convergence_audit_20260815_000000/a6_seed_mean_curves.csv,training-seed mean +/- standard error from matched extended-budget runs
emg,EMG,train_loss,Training loss,4,base4,23,0.0637174807666313,0.0002347503034841,0.0003319870629584,2,42 43,extended,0.001,runs/a6_optimization_convergence_audit_20260815_000000/a6_seed_mean_curves.csv,training-seed mean +/- standard error from matched extended-budget runs
emg,EMG,train_loss,Training loss,4,base4,24,0.063672258084019,0.0002209084729353,0.0003124117584683,2,42 43,extended,0.001,runs/a6_optimization_convergence_audit_20260815_000000/a6_seed_mean_curves.csv,training-seed mean +/- standard error from matched extended-budget runs
emg,EMG,train_loss,Training loss,4,base4,25,0.0636379585645738,0.0002239790079849,0.0003167541507791,2,42 43,extended,0.001,runs/a6_optimization_convergence_audit_20260815_000000/a6_seed_mean_curves.csv,training-seed mean +/- standard error from matched extended-budget runs
emg,EMG,train_loss,Training loss,4,base4,26,0.0636080745164127,0.0002296426023046,0.0003247636826778,2,42 43,extended,0.001,runs/a6_optimization_convergence_audit_20260815_000000/a6_seed_mean_curves.csv,training-seed mean +/- standard error from matched extended-budget runs
emg,EMG,train_loss,Training loss,4,base4,27,0.0635901264580232,0.0002369383704804,0.0003350814569799,2,42 43,extended,0.001,runs/a6_optimization_convergence_audit_20260815_000000/a6_seed_mean_curves.csv,training-seed mean +/- standard error from matched extended-budget runs
emg,EMG,train_loss,Training loss,4,base4,28,0.0635411133900994,0.0002234795973414,0.0003160478774739,2,42 43,extended,0.001,runs/a6_optimization_convergence_audit_20260815_000000/a6_seed_mean_curves.csv,training-seed mean +/- standard error from matched extended-budget runs
emg,EMG,train_loss,Training loss,4,base4,29,0.0634775846486999,0.0002369608907472,0.0003351133054467,2,42 43,extended,0.001,runs/a6_optimization_convergence_audit_20260815_000000/a6_seed_mean_curves.csv,training-seed mean +/- standard error from matched extended-budget runs
emg,EMG,train_loss,Training loss,4,base4,30,0.0634675314117755,0.0002465962742765,0.0003487397955126,2,42 43,extended,0.001,runs/a6_optimization_convergence_audit_20260815_000000/a6_seed_mean_curves.csv,training-seed mean +/- standard error from matched extended-budget runs
emg,EMG,train_loss,Training loss,4,base4,31,0.0634423812762612,0.0002264332558427,0.0003202249813851,2,42 43,extended,0.001,runs/a6_optimization_convergence_audit_20260815_000000/a6_seed_mean_curves.csv,training-seed mean +/- standard error from matched extended-budget runs
emg,EMG,train_loss,Training loss,4,base4,32,0.0634214042286787,0.0002239724798571,0.0003167449186123,2,42 43,extended,0.001,runs/a6_optimization_convergence_audit_20260815_000000/a6_seed_mean_curves.csv,training-seed mean +/- standard error from matched extended-budget runs
emg,EMG,train_loss,Training loss,4,base4,33,0.0633914158812591,0.0002319072328862,0.0003279663539601,2,42 43,extended,0.001,runs/a6_optimization_convergence_audit_20260815_000000/a6_seed_mean_curves.csv,training-seed mean +/- standard error from matched extended-budget runs
emg,EMG,train_loss,Training loss,4,base4,34,0.0633675866893359,0.0002540065773895,0.0003592195466763,2,42 43,extended,0.001,runs/a6_optimization_convergence_audit_20260815_000000/a6_seed_mean_curves.csv,training-seed mean +/- standard error from matched extended-budget runs
emg,EMG,train_loss,Training loss,4,base4,35,0.0633468444503489,0.0002465471093143,0.0003486702657562,2,42 43,extended,0.001,runs/a6_optimization_convergence_audit_20260815_000000/a6_seed_mean_curves.csv,training-seed mean +/- standard error from matched extended-budget runs
emg,EMG,train_loss,Training loss,4,base4,36,0.0633282052175629,0.0002436424029015,0.0003445623905525,2,42 43,extended,0.001,runs/a6_optimization_convergence_audit_20260815_000000/a6_seed_mean_curves.csv,training-seed mean +/- standard error from matched extended-budget runs
emg,EMG,train_loss,Training loss,4,base4,37,0.0633322765784604,0.0002329309071813,0.0003294140480317,2,42 43,extended,0.001,runs/a6_optimization_convergence_audit_20260815_000000/a6_seed_mean_curves.csv,training-seed mean +/- standard error from matched extended-budget runs
emg,EMG,train_loss,Training loss,4,base4,38,0.0632776186136262,0.0002267831049504,0.000320719742738,2,42 43,extended,0.001,runs/a6_optimization_convergence_audit_20260815_000000/a6_seed_mean_curves.csv,training-seed mean +/- standard error from matched extended-budget runs
emg,EMG,train_loss,Training loss,4,base4,39,0.0632694744283244,0.0002288366002695,0.0003236238236686,2,42 43,extended,0.001,runs/a6_optimization_convergence_audit_20260815_000000/a6_seed_mean_curves.csv,training-seed mean +/- standard error from matched extended-budget runs
emg,EMG,train_loss,Training loss,4,base4,40,0.0632534143647977,0.0002486429753757,0.0003516342679652,2,42 43,extended,0.001,runs/a6_optimization_convergence_audit_20260815_000000/a6_seed_mean_curves.csv,training-seed mean +/- standard error from matched extended-budget runs
emg,EMG,train_loss,Training loss,4,base4,41,0.0632186630563367,0.0002179948080863,0.0003082912141226,2,42 43,extended,0.001,runs/a6_optimization_convergence_audit_20260815_000000/a6_seed_mean_curves.csv,training-seed mean +/- standard error from matched extended-budget runs
emg,EMG,train_loss,Training loss,4,base4,42,0.0632119701554377,0.0002214539618719,0.0003131831963205,2,42 43,extended,0.001,runs/a6_optimization_convergence_audit_20260815_000000/a6_seed_mean_curves.csv,training-seed mean +/- standard error from matched extended-budget runs
emg,EMG,train_loss,Training loss,4,base4,43,0.063193922028655,0.0002323786417643,0.0003286330267889,2,42 43,extended,0.001,runs/a6_optimization_convergence_audit_20260815_000000/a6_seed_mean_curves.csv,training-seed mean +/- standard error from matched extended-budget runs
emg,EMG,train_loss,Training loss,4,base4,44,0.0631830177580316,0.0002280819895012,0.0003225566428856,2,42 43,extended,0.001,runs/a6_optimization_convergence_audit_20260815_000000/a6_seed_mean_curves.csv,training-seed mean +/- standard error from matched extended-budget runs
emg,EMG,train_loss,Training loss,4,base4,45,0.0631855133122631,0.0002164676519376,0.0003061314891853,2,42 43,extended,0.001,runs/a6_optimization_convergence_audit_20260815_000000/a6_seed_mean_curves.csv,training-seed mean +/- standard error from matched extended-budget runs
emg,EMG,train_loss,Training loss,4,base4,46,0.0631638546518626,0.0002268931429301,0.0003208753599412,2,42 43,extended,0.001,runs/a6_optimization_convergence_audit_20260815_000000/a6_seed_mean_curves.csv,training-seed mean +/- standard error from matched extended-budget runs
emg,EMG,train_loss,Training loss,4,base4,47,0.063139293129955,0.0002340161729426,0.0003309488455901,2,42 43,extended,0.001,runs/a6_optimization_convergence_audit_20260815_000000/a6_seed_mean_curves.csv,training-seed mean +/- standard error from matched extended-budget runs
emg,EMG,train_loss,Training loss,4,base4,48,0.0631166386018906,0.0002486733187522,0.0003516771799797,2,42 43,extended,0.001,runs/a6_optimization_convergence_audit_20260815_000000/a6_seed_mean_curves.csv,training-seed mean +/- standard error from matched extended-budget runs
emg,EMG,train_loss,Training loss,4,base4,49,0.0630964000310216,0.0002404044958807,0.0003399832985299,2,42 43,extended,0.001,runs/a6_optimization_convergence_audit_20260815_000000/a6_seed_mean_curves.csv,training-seed mean +/- standard error from matched extended-budget runs
emg,EMG,train_loss,Training loss,4,base4,50,0.0631246695028884,0.0002378003228278,0.0003363004416798,2,42 43,extended,0.001,runs/a6_optimization_convergence_audit_20260815_000000/a6_seed_mean_curves.csv,training-seed mean +/- standard error from matched extended-budget runs
emg,EMG,train_loss,Training loss,4,base4,51,0.0631019070123632,0.0002524778512971,0.0003570576015032,2,42 43,extended,0.001,runs/a6_optimization_convergence_audit_20260815_000000/a6_seed_mean_curves.csv,training-seed mean +/- standard error from matched extended-budget runs
emg,EMG,train_loss,Training loss,4,base4,52,0.0630891772519264,0.0002337828722028,0.0003306189085198,2,42 43,extended,0.001,runs/a6_optimization_convergence_audit_20260815_000000/a6_seed_mean_curves.csv,training-seed mean +/- standard error from matched extended-budget runs
emg,EMG,train_loss,Training loss,4,base4,53,0.0630913670396521,0.0002258462387891,0.0003193948139064,2,42 43,extended,0.001,runs/a6_optimization_convergence_audit_20260815_000000/a6_seed_mean_curves.csv,training-seed mean +/- standard error from matched extended-budget runs
emg,EMG,train_loss,Training loss,4,base4,54,0.0630796480746496,0.000244191696956,0.0003453392096541,2,42 43,extended,0.001,runs/a6_optimization_convergence_audit_20260815_000000/a6_seed_mean_curves.csv,training-seed mean +/- standard error from matched extended-budget runs
emg,EMG,train_loss,Training loss,4,base4,55,0.0630678329261995,0.0002320919185876,0.0003282275389838,2,42 43,extended,0.001,runs/a6_optimization_convergence_audit_20260815_000000/a6_seed_mean_curves.csv,training-seed mean +/- standard error from matched extended-budget runs
emg,EMG,train_loss,Training loss,4,base4,56,0.0630535374439898,0.0002261467987582,0.0003198198698912,2,42 43,extended,0.001,runs/a6_optimization_convergence_audit_20260815_000000/a6_seed_mean_curves.csv,training-seed mean +/- standard error from matched extended-budget runs
emg,EMG,train_loss,Training loss,4,base4,57,0.0630340216947453,0.0002334432410342,0.0003301385975149,2,42 43,extended,0.001,runs/a6_optimization_convergence_audit_20260815_000000/a6_seed_mean_curves.csv,training-seed mean +/- standard error from matched extended-budget runs
emg,EMG,train_loss,Training loss,4,base4,58,0.0630342824118478,0.0002300617772908,0.0003253564856283,2,42 43,extended,0.001,runs/a6_optimization_convergence_audit_20260815_000000/a6_seed_mean_curves.csv,training-seed mean +/- standard error from matched extended-budget runs
emg,EMG,train_loss,Training loss,4,base4,59,0.0630415563072477,0.0002349402578104,0.0003322556989429,2,42 43,extended,0.001,runs/a6_optimization_convergence_audit_20260815_000000/a6_seed_mean_curves.csv,training-seed mean +/- standard error from matched extended-budget runs
emg,EMG,train_loss,Training loss,4,base4,60,0.0630409274250269,0.0002199784276031,0.0003110964757458,2,42 43,extended,0.001,runs/a6_optimization_convergence_audit_20260815_000000/a6_seed_mean_curves.csv,training-seed mean +/- standard error from matched extended-budget runs
emg,EMG,train_loss,Training loss,4,base4,61,0.0630349331934537,0.0002425094179454,0.0003429601078616,2,42 43,extended,0.001,runs/a6_optimization_convergence_audit_20260815_000000/a6_seed_mean_curves.csv,training-seed mean +/- standard error from matched extended-budget runs
emg,EMG,train_loss,Training loss,4,base4,62,0.0630189863166638,0.0002402621188334,0.0003397819469786,2,42 43,extended,0.001,runs/a6_optimization_convergence_audit_20260815_000000/a6_seed_mean_curves.csv,training-seed mean +/- standard error from matched extended-budget runs
emg,EMG,train_loss,Training loss,4,base4,63,0.0629990945082335,0.0002349414286159,0.0003322573547119,2,42 43,extended,0.001,runs/a6_optimization_convergence_audit_20260815_000000/a6_seed_mean_curves.csv,training-seed mean +/- standard error from matched extended-budget runs
emg,EMG,train_loss,Training loss,4,base4,64,0.0630114020070149,0.0002246858906887,0.0003177538338859,2,42 43,extended,0.001,runs/a6_optimization_convergence_audit_20260815_000000/a6_seed_mean_curves.csv,training-seed mean +/- standard error from matched extended-budget runs
emg,EMG,train_loss,Training loss,4,base4,65,0.0629941687165271,0.0002252086997032,0.0003184931974846,2,42 43,extended,0.001,runs/a6_optimization_convergence_audit_20260815_000000/a6_seed_mean_curves.csv,training-seed mean +/- standard error from matched extended-budget runs
emg,EMG,train_loss,Training loss,4,base4,66,0.0630071029244434,0.0002386602262655,0.0003375165287838,2,42 43,extended,0.001,runs/a6_optimization_convergence_audit_20260815_000000/a6_seed_mean_curves.csv,training-seed mean +/- standard error from matched extended-budget runs
emg,EMG,train_loss,Training loss,4,base4,67,0.0630081781585301,0.0002329098947701,0.0003293843319947,2,42 43,extended,0.001,runs/a6_optimization_convergence_audit_20260815_000000/a6_seed_mean_curves.csv,training-seed mean +/- standard error from matched extended-budget runs
emg,EMG,train_loss,Training loss,4,base4,68,0.0629920718659247,0.0002331529078739,0.000329728004422,2,42 43,extended,0.001,runs/a6_optimization_convergence_audit_20260815_000000/a6_seed_mean_curves.csv,training-seed mean +/- standard error from matched extended-budget runs
emg,EMG,train_loss,Training loss,4,base4,69,0.0629894812458327,0.0002472614514685,0.0003496804981189,2,42 43,extended,0.001,runs/a6_optimization_convergence_audit_20260815_000000/a6_seed_mean_curves.csv,training-seed mean +/- standard error from matched extended-budget runs
emg,EMG,train_loss,Training loss,4,base4,70,0.0629984187760523,0.0002341813274792,0.0003311824093756,2,42 43,extended,0.001,runs/a6_optimization_convergence_audit_20260815_000000/a6_seed_mean_curves.csv,training-seed mean +/- standard error from matched extended-budget runs
emg,EMG,train_loss,Training loss,4,base4,71,0.0629828914645172,0.0002378690100851,0.0003363975801306,2,42 43,extended,0.001,runs/a6_optimization_convergence_audit_20260815_000000/a6_seed_mean_curves.csv,training-seed mean +/- standard error from matched extended-budget runs
emg,EMG,train_loss,Training loss,4,base4,72,0.0630196336834203,0.0002307008064928,0.0003262602093926,2,42 43,extended,0.001,runs/a6_optimization_convergence_audit_20260815_000000/a6_seed_mean_curves.csv,training-seed mean +/- standard error from matched extended-budget runs
emg,EMG,train_loss,Training loss,4,base4,73,0.0629873312921041,0.0002265074334683,0.0003203298843893,2,42 43,extended,0.001,runs/a6_optimization_convergence_audit_20260815_000000/a6_seed_mean_curves.csv,training-seed mean +/- standard error from matched extended-budget runs
emg,EMG,train_loss,Training loss,4,base4,74,0.0629976656021816,0.0002215450097407,0.0003133119574514,2,42 43,extended,0.001,runs/a6_optimization_convergence_audit_20260815_000000/a6_seed_mean_curves.csv,training-seed mean +/- standard error from matched extended-budget runs
emg,EMG,train_loss,Training loss,4,base4,75,0.0629775567955914,0.0002354095024721,0.0003329193111076,2,42 43,extended,0.001,runs/a6_optimization_convergence_audit_20260815_000000/a6_seed_mean_curves.csv,training-seed mean +/- standard error from matched extended-budget runs
emg,EMG,train_loss,Training loss,6,base6,1,0.1366836874967529,0.002517313084432,0.003560018304743,2,42 43,extended,0.001,runs/a6_optimization_convergence_audit_20260815_000000/a6_seed_mean_curves.csv,training-seed mean +/- standard error from matched extended-budget runs
emg,EMG,train_loss,Training loss,6,base6,2,0.0769196032058625,0.0014843189290591,0.0020991439603625,2,42 43,extended,0.001,runs/a6_optimization_convergence_audit_20260815_000000/a6_seed_mean_curves.csv,training-seed mean +/- standard error from matched extended-budget runs
emg,EMG,train_loss,Training loss,6,base6,3,0.0679101070832638,0.0006302785305749,0.0008913484460117,2,42 43,extended,0.001,runs/a6_optimization_convergence_audit_20260815_000000/a6_seed_mean_curves.csv,training-seed mean +/- standard error from matched extended-budget runs
emg,EMG,train_loss,Training loss,6,base6,4,0.0660618681638013,0.0003850018339497,0.0005444748151102,2,42 43,extended,0.001,runs/a6_optimization_convergence_audit_20260815_000000/a6_seed_mean_curves.csv,training-seed mean +/- standard error from matched extended-budget runs
emg,EMG,train_loss,Training loss,6,base6,5,0.0652330115614902,0.0003208333360297,0.0004537268550746,2,42 43,extended,0.001,runs/a6_optimization_convergence_audit_20260815_000000/a6_seed_mean_curves.csv,training-seed mean +/- standard error from matched extended-budget runs
emg,EMG,train_loss,Training loss,6,base6,6,0.0647314498733196,0.0002043154888919,0.0002889457353938,2,42 43,extended,0.001,runs/a6_optimization_convergence_audit_20260815_000000/a6_seed_mean_curves.csv,training-seed mean +/- standard error from matched extended-budget runs
emg,EMG,train_loss,Training loss,6,base6,7,0.0643931726703331,0.0001452316574397,0.0002053885796372,2,42 43,extended,0.001,runs/a6_optimization_convergence_audit_20260815_000000/a6_seed_mean_curves.csv,training-seed mean +/- standard error from matched extended-budget runs
emg,EMG,train_loss,Training loss,6,base6,8,0.0641060815769292,0.0001694241361249,0.0002396019111011,2,42 43,extended,0.001,runs/a6_optimization_convergence_audit_20260815_000000/a6_seed_mean_curves.csv,training-seed mean +/- standard error from matched extended-budget runs
emg,EMG,train_loss,Training loss,6,base6,9,0.0639102265682248,0.0001116554563244,0.0001579046606469,2,42 43,extended,0.001,runs/a6_optimization_convergence_audit_20260815_000000/a6_seed_mean_curves.csv,training-seed mean +/- standard error from matched extended-budget runs
emg,EMG,train_loss,Training loss,6,base6,10,0.0637589296414738,8.379061307225988e-05,0.0001184978214063,2,42 43,extended,0.001,runs/a6_optimization_convergence_audit_20260815_000000/a6_seed_mean_curves.csv,training-seed mean +/- standard error from matched extended-budget runs
emg,EMG,train_loss,Training loss,6,base6,11,0.0636358588933944,8.829035574481336e-05,0.000124861418521,2,42 43,extended,0.001,runs/a6_optimization_convergence_audit_20260815_000000/a6_seed_mean_curves.csv,training-seed mean +/- standard error from matched extended-budget runs
emg,EMG,train_loss,Training loss,6,base6,12,0.0635094944653766,9.213248711256727e-05,0.0001302950128097,2,42 43,extended,0.001,runs/a6_optimization_convergence_audit_20260815_000000/a6_seed_mean_curves.csv,training-seed mean +/- standard error from matched extended-budget runs
emg,EMG,train_loss,Training loss,6,base6,13,0.0634058377306376,8.484028457176468e-05,0.0001199822810769,2,42 43,extended,0.001,runs/a6_optimization_convergence_audit_20260815_000000/a6_seed_mean_curves.csv,training-seed mean +/- standard error from matched extended-budget runs
emg,EMG,train_loss,Training loss,6,base6,14,0.0633108241838358,8.920226246118128e-05,0.0001261510493669,2,42 43,extended,0.001,runs/a6_optimization_convergence_audit_20260815_000000/a6_seed_mean_curves.csv,training-seed mean +/- standard error from matched extended-budget runs
emg,EMG,train_loss,Training loss,6,base6,15,0.0632480340610657,7.34983544264517e-05,0.0001039423696419,2,42 43,extended,0.001,runs/a6_optimization_convergence_audit_20260815_000000/a6_seed_mean_curves.csv,training-seed mean +/- standard error from matched extended-budget runs
emg,EMG,train_loss,Training loss,6,base6,16,0.0632111663619677,7.218565969240032e-05,0.0001020859389458,2,42 43,extended,0.001,runs/a6_optimization_convergence_audit_20260815_000000/a6_seed_mean_curves.csv,training-seed mean +/- standard error from matched extended-budget runs
emg,EMG,train_loss,Training loss,6,base6,17,0.0630826674756549,4.812745111329453e-05,6.806249408686924e-05,2,42 43,extended,0.001,runs/a6_optimization_convergence_audit_20260815_000000/a6_seed_mean_curves.csv,training-seed mean +/- standard error from matched extended-budget runs
emg,EMG,train_loss,Training loss,6,base6,18,0.0630649407083789,4.815387406519044e-05,6.809986178379838e-05,2,42 43,extended,0.001,runs/a6_optimization_convergence_audit_20260815_000000/a6_seed_mean_curves.csv,training-seed mean +/- standard error from matched extended-budget runs
emg,EMG,train_loss,Training loss,6,base6,19,0.0629568025026293,3.030540510302881e-05,4.2858314909914153e-05,2,42 43,extended,0.001,runs/a6_optimization_convergence_audit_20260815_000000/a6_seed_mean_curves.csv,training-seed mean +/- standard error from matched extended-budget runs
emg,EMG,train_loss,Training loss,6,base6,20,0.062932791365754,3.370557512556021e-05,4.766688147015249e-05,2,42 43,extended,0.001,runs/a6_optimization_convergence_audit_20260815_000000/a6_seed_mean_curves.csv,training-seed mean +/- standard error from matched extended-budget runs
emg,EMG,train_loss,Training loss,6,base6,21,0.0628556629465449,3.467213717244649e-05,4.9033806625734166e-05,2,42 43,extended,0.001,runs/a6_optimization_convergence_audit_20260815_000000/a6_seed_mean_curves.csv,training-seed mean +/- standard error from matched extended-budget runs
emg,EMG,train_loss,Training loss,6,base6,22,0.0628452668853458,6.5690908758409e-05,9.290097409075552e-05,2,42 43,extended,0.001,runs/a6_optimization_convergence_audit_20260815_000000/a6_seed_mean_curves.csv,training-seed mean +/- standard error from matched extended-budget runs
emg,EMG,train_loss,Training loss,6,base6,23,0.0627627216102111,2.83128448895012e-05,4.004040923209837e-05,2,42 43,extended,0.001,runs/a6_optimization_convergence_audit_20260815_000000/a6_seed_mean_curves.csv,training-seed mean +/- standard error from matched extended-budget runs
emg,EMG,train_loss,Training loss,6,base6,24,0.0627310605630988,1.828780486470144e-05,2.586286166569344e-05,2,42 43,extended,0.001,runs/a6_optimization_convergence_audit_20260815_000000/a6_seed_mean_curves.csv,training-seed mean +/- standard error from matched extended-budget runs
emg,EMG,train_loss,Training loss,6,base6,25,0.0627063373724619,4.771216994239879e-05,6.747519782279031e-05,2,42 43,extended,0.001,runs/a6_optimization_convergence_audit_20260815_000000/a6_seed_mean_curves.csv,training-seed mean +/- standard error from matched extended-budget runs
emg,EMG,train_loss,Training loss,6,base6,26,0.0626626350783876,2.253237402154856e-05,3.1865588933737173e-05,2,42 43,extended,0.001,runs/a6_optimization_convergence_audit_20260815_000000/a6_seed_mean_curves.csv,training-seed mean +/- standard error from matched extended-budget runs
emg,EMG,train_loss,Training loss,6,base6,27,0.0626168835730779,7.36319593021284e-06,1.0413131546917377e-05,2,42 43,extended,0.001,runs/a6_optimization_convergence_audit_20260815_000000/a6_seed_mean_curves.csv,training-seed mean +/- standard error from matched extended-budget runs
emg,EMG,train_loss,Training loss,6,base6,28,0.0625791493182381,3.1017210511963263e-06,4.386495977299978e-06,2,42 43,extended,0.001,runs/a6_optimization_convergence_audit_20260815_000000/a6_seed_mean_curves.csv,training-seed mean +/- standard error from matched extended-budget runs
emg,EMG,train_loss,Training loss,6,base6,29,0.062528328278235,3.5968387410711955e-06,5.086698129291854e-06,2,42 43,extended,0.001,runs/a6_optimization_convergence_audit_20260815_000000/a6_seed_mean_curves.csv,training-seed mean +/- standard error from matched extended-budget runs
emg,EMG,train_loss,Training loss,6,base6,30,0.0624946638675672,2.3062607007368757e-05,3.261545161350167e-05,2,42 43,extended,0.001,runs/a6_optimization_convergence_audit_20260815_000000/a6_seed_mean_curves.csv,training-seed mean +/- standard error from matched extended-budget runs
emg,EMG,train_loss,Training loss,6,base6,31,0.0624933965681564,2.868228725024652e-05,4.0562879629179536e-05,2,42 43,extended,0.001,runs/a6_optimization_convergence_audit_20260815_000000/a6_seed_mean_curves.csv,training-seed mean +/- standard error from matched extended-budget runs
emg,EMG,train_loss,Training loss,6,base6,32,0.0624557460259114,3.47506166214033e-05,4.914479332681645e-05,2,42 43,extended,0.001,runs/a6_optimization_convergence_audit_20260815_000000/a6_seed_mean_curves.csv,training-seed mean +/- standard error from matched extended-budget runs
emg,EMG,train_loss,Training loss,6,base6,33,0.0624361744860098,3.894497418687609e-05,5.507651068135027e-05,2,42 43,extended,0.001,runs/a6_optimization_convergence_audit_20260815_000000/a6_seed_mean_curves.csv,training-seed mean +/- standard error from matched extended-budget runs
emg,EMG,train_loss,Training loss,6,base6,34,0.0623986934267339,1.189996089254186e-05,1.682908608594214e-05,2,42 43,extended,0.001,runs/a6_optimization_convergence_audit_20260815_000000/a6_seed_mean_curves.csv,training-seed mean +/- standard error from matched extended-budget runs
emg,EMG,train_loss,Training loss,6,base6,35,0.0623607485688158,1.3667318437781543e-05,1.9328507095982523e-05,2,42 43,extended,0.001,runs/a6_optimization_convergence_audit_20260815_000000/a6_seed_mean_curves.csv,training-seed mean +/- standard error from matched extended-budget runs
emg,EMG,train_loss,Training loss,6,base6,36,0.0623271182977727,5.124074717362952e-06,7.246535959907772e-06,2,42 43,extended,0.001,runs/a6_optimization_convergence_audit_20260815_000000/a6_seed_mean_curves.csv,training-seed mean +/- standard error from matched extended-budget runs
emg,EMG,train_loss,Training loss,6,base6,37,0.0623249414332565,6.158108867348328e-06,8.708881078774024e-06,2,42 43,extended,0.001,runs/a6_optimization_convergence_audit_20260815_000000/a6_seed_mean_curves.csv,training-seed mean +/- standard error from matched extended-budget runs
emg,EMG,train_loss,Training loss,6,base6,38,0.0622903070723017,2.5131429235124288e-06,3.554120806613247e-06,2,42 43,extended,0.001,runs/a6_optimization_convergence_audit_20260815_000000/a6_seed_mean_curves.csv,training-seed mean +/- standard error from matched extended-budget runs
emg,EMG,train_loss,Training loss,6,base6,39,0.0622666695110854,1.8207232157389786e-05,2.574891465025618e-05,2,42 43,extended,0.001,runs/a6_optimization_convergence_audit_20260815_000000/a6_seed_mean_curves.csv,training-seed mean +/- standard error from matched extended-budget runs
emg,EMG,train_loss,Training loss,6,base6,40,0.0622458337584421,2.9461813114937947e-06,4.166529567924677e-06,2,42 43,extended,0.001,runs/a6_optimization_convergence_audit_20260815_000000/a6_seed_mean_curves.csv,training-seed mean +/- standard error from matched extended-budget runs
emg,EMG,train_loss,Training loss,6,base6,41,0.062206564488865,2.024179058415787e-05,2.862621477083208e-05,2,42 43,extended,0.001,runs/a6_optimization_convergence_audit_20260815_000000/a6_seed_mean_curves.csv,training-seed mean +/- standard error from matched extended-budget runs
emg,EMG,train_loss,Training loss,6,base6,42,0.062212137132883,3.947388558162012e-06,5.582450434909095e-06,2,42 43,extended,0.001,runs/a6_optimization_convergence_audit_20260815_000000/a6_seed_mean_curves.csv,training-seed mean +/- standard error from matched extended-budget runs
emg,EMG,train_loss,Training loss,6,base6,43,0.062177498532193,7.336302882150064e-06,1.0375099033613448e-05,2,42 43,extended,0.001,runs/a6_optimization_convergence_audit_20260815_000000/a6_seed_mean_curves.csv,training-seed mean +/- standard error from matched extended-budget runs
emg,EMG,train_loss,Training loss,6,base6,44,0.0621640298692953,1.8059267174627e-05,2.5539660564876744e-05,2,42 43,extended,0.001,runs/a6_optimization_convergence_audit_20260815_000000/a6_seed_mean_curves.csv,training-seed mean +/- standard error from matched extended-budget runs
emg,EMG,train_loss,Training loss,6,base6,45,0.0621372654590578,3.988925544991251e-06,5.641192605023117e-06,2,42 43,extended,0.001,runs/a6_optimization_convergence_audit_20260815_000000/a6_seed_mean_curves.csv,training-seed mean +/- standard error from matched extended-budget runs
emg,EMG,train_loss,Training loss,6,base6,46,0.0621291812597995,1.3945446837512752e-06,1.9721840050963524e-06,2,42 43,extended,0.001,runs/a6_optimization_convergence_audit_20260815_000000/a6_seed_mean_curves.csv,training-seed mean +/- standard error from matched extended-budget runs
emg,EMG,train_loss,Training loss,6,base6,47,0.0620935302937314,2.678980429965394e-06,3.788650457389166e-06,2,42 43,extended,0.001,runs/a6_optimization_convergence_audit_20260815_000000/a6_seed_mean_curves.csv,training-seed mean +/- standard error from matched extended-budget runs
emg,EMG,train_loss,Training loss,6,base6,48,0.0620709371265201,8.204889794187487e-06,1.1603466424716537e-05,2,42 43,extended,0.001,runs/a6_optimization_convergence_audit_20260815_000000/a6_seed_mean_curves.csv,training-seed mean +/- standard error from matched extended-budget runs
emg,EMG,train_loss,Training loss,6,base6,49,0.0620505770136203,8.86415974015245e-06,1.2535814923565164e-05,2,42 43,extended,0.001,runs/a6_optimization_convergence_audit_20260815_000000/a6_seed_mean_curves.csv,training-seed mean +/- standard error from matched extended-budget runs
emg,EMG,train_loss,Training loss,6,base6,50,0.0620441571144121,1.9043036514804903e-05,2.6930920508003173e-05,2,42 43,extended,0.001,runs/a6_optimization_convergence_audit_20260815_000000/a6_seed_mean_curves.csv,training-seed mean +/- standard error from matched extended-budget runs
emg,EMG,train_loss,Training loss,6,base6,51,0.0620245895481535,3.302247219142545e-05,4.670082803620226e-05,2,42 43,extended,0.001,runs/a6_optimization_convergence_audit_20260815_000000/a6_seed_mean_curves.csv,training-seed mean +/- standard error from matched extended-budget runs
emg,EMG,train_loss,Training loss,6,base6,52,0.0620227980117003,1.827105879783492e-05,2.58391791508144e-05,2,42 43,extended,0.001,runs/a6_optimization_convergence_audit_20260815_000000/a6_seed_mean_curves.csv,training-seed mean +/- standard error from matched extended-budget runs
emg,EMG,train_loss,Training loss,6,base6,53,0.0619988247752189,1.2598647957755976e-05,1.78171788094226e-05,2,42 43,extended,0.001,runs/a6_optimization_convergence_audit_20260815_000000/a6_seed_mean_curves.csv,training-seed mean +/- standard error from matched extended-budget runs
emg,EMG,train_loss,Training loss,6,base6,54,0.0619726420158431,2.1031711782727724e-05,2.9743332043055574e-05,2,42 43,extended,0.001,runs/a6_optimization_convergence_audit_20260815_000000/a6_seed_mean_curves.csv,training-seed mean +/- standard error from matched extended-budget runs
emg,EMG,train_loss,Training loss,6,base6,55,0.0619557448174981,1.081967105468276e-05,1.530132554594797e-05,2,42 43,extended,0.001,runs/a6_optimization_convergence_audit_20260815_000000/a6_seed_mean_curves.csv,training-seed mean +/- standard error from matched extended-budget runs
emg,EMG,train_loss,Training loss,6,base6,56,0.0619612419356902,2.4840501802309702e-05,3.5129774544979696e-05,2,42 43,extended,0.001,runs/a6_optimization_convergence_audit_20260815_000000/a6_seed_mean_curves.csv,training-seed mean +/- standard error from matched extended-budget runs
emg,EMG,train_loss,Training loss,6,base6,57,0.0619554593715639,3.2633640581650886e-05,4.6150937100179705e-05,2,42 43,extended,0.001,runs/a6_optimization_convergence_audit_20260815_000000/a6_seed_mean_curves.csv,training-seed mean +/- standard error from matched extended-budget runs
emg,EMG,train_loss,Training loss,6,base6,58,0.0619341830235152,2.2852935251733986e-05,3.2318930973036405e-05,2,42 43,extended,0.001,runs/a6_optimization_convergence_audit_20260815_000000/a6_seed_mean_curves.csv,training-seed mean +/- standard error from matched extended-budget runs
emg,EMG,train_loss,Training loss,6,base6,59,0.0619286911739479,2.9437926908331552e-05,4.163151548191036e-05,2,42 43,extended,0.001,runs/a6_optimization_convergence_audit_20260815_000000/a6_seed_mean_curves.csv,training-seed mean +/- standard error from matched extended-budget runs
emg,EMG,train_loss,Training loss,6,base6,60,0.061926096136726,2.048153075433906e-05,2.896525857094795e-05,2,42 43,extended,0.001,runs/a6_optimization_convergence_audit_20260815_000000/a6_seed_mean_curves.csv,training-seed mean +/- standard error from matched extended-budget runs
emg,EMG,train_loss,Training loss,6,base6,61,0.0619085881504274,2.839430457069608e-05,4.015561061803076e-05,2,42 43,extended,0.001,runs/a6_optimization_convergence_audit_20260815_000000/a6_seed_mean_curves.csv,training-seed mean +/- standard error from matched extended-budget runs
emg,EMG,train_loss,Training loss,6,base6,62,0.0619132624584294,3.651315789847398e-05,5.16374031050922e-05,2,42 43,extended,0.001,runs/a6_optimization_convergence_audit_20260815_000000/a6_seed_mean_curves.csv,training-seed mean +/- standard error from matched extended-budget runs
emg,EMG,train_loss,Training loss,6,base6,63,0.0619020285794422,3.415281396536642e-05,4.829937270302645e-05,2,42 43,extended,0.001,runs/a6_optimization_convergence_audit_20260815_000000/a6_seed_mean_curves.csv,training-seed mean +/- standard error from matched extended-budget runs
emg,EMG,train_loss,Training loss,6,base6,64,0.0618892672072563,2.829624960819926e-05,4.0016939960209776e-05,2,42 43,extended,0.001,runs/a6_optimization_convergence_audit_20260815_000000/a6_seed_mean_curves.csv,training-seed mean +/- standard error from matched extended-budget runs
emg,EMG,train_loss,Training loss,6,base6,65,0.0618937002228839,3.7771463394165726e-05,5.3416915802708073e-05,2,42 43,extended,0.001,runs/a6_optimization_convergence_audit_20260815_000000/a6_seed_mean_curves.csv,training-seed mean +/- standard error from matched extended-budget runs
emg,EMG,train_loss,Training loss,6,base6,66,0.0618805127129668,3.311314753123503e-05,4.682906233153376e-05,2,42 43,extended,0.001,runs/a6_optimization_convergence_audit_20260815_000000/a6_seed_mean_curves.csv,training-seed mean +/- standard error from matched extended-budget runs
emg,EMG,train_loss,Training loss,6,base6,67,0.0618779602948398,2.4904479228312487e-05,3.522025228851855e-05,2,42 43,extended,0.001,runs/a6_optimization_convergence_audit_20260815_000000/a6_seed_mean_curves.csv,training-seed mean +/- standard error from matched extended-budget runs
emg,EMG,train_loss,Training loss,6,base6,68,0.0618774539835396,3.626876998515452e-05,5.129178640359576e-05,2,42 43,extended,0.001,runs/a6_optimization_convergence_audit_20260815_000000/a6_seed_mean_curves.csv,training-seed mean +/- standard error from matched extended-budget runs
emg,EMG,train_loss,Training loss,6,base6,69,0.0618661598967654,3.8456952288039297e-05,5.438634349328021e-05,2,42 43,extended,0.001,runs/a6_optimization_convergence_audit_20260815_000000/a6_seed_mean_curves.csv,training-seed mean +/- standard error from matched extended-budget runs
emg,EMG,train_loss,Training loss,6,base6,70,0.0618687582690091,3.632074665455704e-05,5.136529251439178e-05,2,42 43,extended,0.001,runs/a6_optimization_convergence_audit_20260815_000000/a6_seed_mean_curves.csv,training-seed mean +/- standard error from matched extended-budget runs
emg,EMG,train_loss,Training loss,6,base6,71,0.0618556065928368,3.751929671991575e-05,5.306029827200523e-05,2,42 43,extended,0.001,runs/a6_optimization_convergence_audit_20260815_000000/a6_seed_mean_curves.csv,training-seed mean +/- standard error from matched extended-budget runs
emg,EMG,train_loss,Training loss,6,base6,72,0.0618552111532716,3.0065975373701204e-05,4.251971013946373e-05,2,42 43,extended,0.001,runs/a6_optimization_convergence_audit_20260815_000000/a6_seed_mean_curves.csv,training-seed mean +/- standard error from matched extended-budget runs
emg,EMG,train_loss,Training loss,6,base6,73,0.0618562260465253,4.221116680474396e-05,5.969560457886189e-05,2,42 43,extended,0.001,runs/a6_optimization_convergence_audit_20260815_000000/a6_seed_mean_curves.csv,training-seed mean +/- standard error from matched extended-budget runs
emg,EMG,train_loss,Training loss,6,base6,74,0.0618649493636829,3.1160217310702974e-05,4.406720192728904e-05,2,42 43,extended,0.001,runs/a6_optimization_convergence_audit_20260815_000000/a6_seed_mean_curves.csv,training-seed mean +/- standard error from matched extended-budget runs
emg,EMG,train_loss,Training loss,6,base6,75,0.0618543342465446,3.483432034651415e-05,4.926316827008937e-05,2,42 43,extended,0.001,runs/a6_optimization_convergence_audit_20260815_000000/a6_seed_mean_curves.csv,training-seed mean +/- standard error from matched extended-budget runs
emg,EMG,train_loss,Training loss,16,base16,1,0.0875907542627482,0.0051915099755639,0.0073419038166377,2,42 43,extended,0.001,runs/a6_optimization_convergence_audit_20260815_000000/a6_seed_mean_curves.csv,training-seed mean +/- standard error from matched extended-budget runs
emg,EMG,train_loss,Training loss,16,base16,2,0.06671300586313,0.0002108861736598,0.0002982380869067,2,42 43,extended,0.001,runs/a6_optimization_convergence_audit_20260815_000000/a6_seed_mean_curves.csv,training-seed mean +/- standard error from matched extended-budget runs
emg,EMG,train_loss,Training loss,16,base16,3,0.0642735198228841,1.075811506736496e-05,1.521427223383787e-05,2,42 43,extended,0.001,runs/a6_optimization_convergence_audit_20260815_000000/a6_seed_mean_curves.csv,training-seed mean +/- standard error from matched extended-budget runs
emg,EMG,train_loss,Training loss,16,base16,4,0.063327767354037,2.8024604987526847e-05,3.963277645350915e-05,2,42 43,extended,0.001,runs/a6_optimization_convergence_audit_20260815_000000/a6_seed_mean_curves.csv,training-seed mean +/- standard error from matched extended-budget runs
emg,EMG,train_loss,Training loss,16,base16,5,0.0627370748314119,2.190240082286521e-05,3.097467229222762e-05,2,42 43,extended,0.001,runs/a6_optimization_convergence_audit_20260815_000000/a6_seed_mean_curves.csv,training-seed mean +/- standard error from matched extended-budget runs
emg,EMG,train_loss,Training loss,16,base16,6,0.0623140974857267,5.129496788694801e-05,7.254203926721426e-05,2,42 43,extended,0.001,runs/a6_optimization_convergence_audit_20260815_000000/a6_seed_mean_curves.csv,training-seed mean +/- standard error from matched extended-budget runs
emg,EMG,train_loss,Training loss,16,base16,7,0.0619412991351314,6.306603373516101e-05,8.918884023334384e-05,2,42 43,extended,0.001,runs/a6_optimization_convergence_audit_20260815_000000/a6_seed_mean_curves.csv,training-seed mean +/- standard error from matched extended-budget runs
emg,EMG,train_loss,Training loss,16,base16,8,0.061562124418006,9.886417537927764e-05,0.0001398150576542,2,42 43,extended,0.001,runs/a6_optimization_convergence_audit_20260815_000000/a6_seed_mean_curves.csv,training-seed mean +/- standard error from matched extended-budget runs
emg,EMG,train_loss,Training loss,16,base16,9,0.0612896783188695,0.0001419126810062,0.0002006948381517,2,42 43,extended,0.001,runs/a6_optimization_convergence_audit_20260815_000000/a6_seed_mean_curves.csv,training-seed mean +/- standard error from matched extended-budget runs
emg,EMG,train_loss,Training loss,16,base16,10,0.060949810363707,0.000146443893512,0.0002071029403315,2,42 43,extended,0.001,runs/a6_optimization_convergence_audit_20260815_000000/a6_seed_mean_curves.csv,training-seed mean +/- standard error from matched extended-budget runs
emg,EMG,train_loss,Training loss,16,base16,11,0.0606874634733512,0.0001398788410283,0.0001978185540712,2,42 43,extended,0.001,runs/a6_optimization_convergence_audit_20260815_000000/a6_seed_mean_curves.csv,training-seed mean +/- standard error from matched extended-budget runs
emg,EMG,train_loss,Training loss,16,base16,12,0.0603824536715235,0.0001518124271006,0.0002146951933425,2,42 43,extended,0.001,runs/a6_optimization_convergence_audit_20260815_000000/a6_seed_mean_curves.csv,training-seed mean +/- standard error from matched extended-budget runs
emg,EMG,train_loss,Training loss,16,base16,13,0.0601158196017855,0.0001605505567221,0.000227052774763,2,42 43,extended,0.001,runs/a6_optimization_convergence_audit_20260815_000000/a6_seed_mean_curves.csv,training-seed mean +/- standard error from matched extended-budget runs
emg,EMG,train_loss,Training loss,16,base16,14,0.0598273238610653,0.0002267121026913,0.0003206193303802,2,42 43,extended,0.001,runs/a6_optimization_convergence_audit_20260815_000000/a6_seed_mean_curves.csv,training-seed mean +/- standard error from matched extended-budget runs
emg,EMG,train_loss,Training loss,16,base16,15,0.0595752523502423,0.0002327778953171,0.0003291976565782,2,42 43,extended,0.001,runs/a6_optimization_convergence_audit_20260815_000000/a6_seed_mean_curves.csv,training-seed mean +/- standard error from matched extended-budget runs
emg,EMG,train_loss,Training loss,16,base16,16,0.0593231137398452,0.0002059640362858,0.0002912771334765,2,42 43,extended,0.001,runs/a6_optimization_convergence_audit_20260815_000000/a6_seed_mean_curves.csv,training-seed mean +/- standard error from matched extended-budget runs
emg,EMG,train_loss,Training loss,16,base16,17,0.0590802956727289,0.0002005224071797,0.0002835815077933,2,42 43,extended,0.001,runs/a6_optimization_convergence_audit_20260815_000000/a6_seed_mean_curves.csv,training-seed mean +/- standard error from matched extended-budget runs
emg,EMG,train_loss,Training loss,16,base16,18,0.0588774116532433,0.0002142137803492,0.000302944033417,2,42 43,extended,0.001,runs/a6_optimization_convergence_audit_20260815_000000/a6_seed_mean_curves.csv,training-seed mean +/- standard error from matched extended-budget runs
emg,EMG,train_loss,Training loss,16,base16,19,0.0586251675905216,0.000206693865004,0.000292309267148,2,42 43,extended,0.001,runs/a6_optimization_convergence_audit_20260815_000000/a6_seed_mean_curves.csv,training-seed mean +/- standard error from matched extended-budget runs
emg,EMG,train_loss,Training loss,16,base16,20,0.0584104110797246,0.0001937572090398,0.0002740140728317,2,42 43,extended,0.001,runs/a6_optimization_convergence_audit_20260815_000000/a6_seed_mean_curves.csv,training-seed mean +/- standard error from matched extended-budget runs
emg,EMG,train_loss,Training loss,16,base16,21,0.0582363298961094,0.0002169221284843,0.0003067742160814,2,42 43,extended,0.001,runs/a6_optimization_convergence_audit_20260815_000000/a6_seed_mean_curves.csv,training-seed mean +/- standard error from matched extended-budget runs
emg,EMG,train_loss,Training loss,16,base16,22,0.0580605458911685,0.0002035251951643,0.000287828091286,2,42 43,extended,0.001,runs/a6_optimization_convergence_audit_20260815_000000/a6_seed_mean_curves.csv,training-seed mean +/- standard error from matched extended-budget runs
emg,EMG,train_loss,Training loss,16,base16,23,0.0578548778203271,0.0001849193658147,0.0002615154750806,2,42 43,extended,0.001,runs/a6_optimization_convergence_audit_20260815_000000/a6_seed_mean_curves.csv,training-seed mean +/- standard error from matched extended-budget runs
emg,EMG,train_loss,Training loss,16,base16,24,0.0576826448153172,0.0002082619549972,0.0002945268812834,2,42 43,extended,0.001,runs/a6_optimization_convergence_audit_20260815_000000/a6_seed_mean_curves.csv,training-seed mean +/- standard error from matched extended-budget runs
emg,EMG,train_loss,Training loss,16,base16,25,0.0575112761042657,0.0001816789397881,0.0002569328206459,2,42 43,extended,0.001,runs/a6_optimization_convergence_audit_20260815_000000/a6_seed_mean_curves.csv,training-seed mean +/- standard error from matched extended-budget runs
emg,EMG,train_loss,Training loss,16,base16,26,0.0573859889503745,0.0001889531544986,0.0002672201137451,2,42 43,extended,0.001,runs/a6_optimization_convergence_audit_20260815_000000/a6_seed_mean_curves.csv,training-seed mean +/- standard error from matched extended-budget runs
emg,EMG,train_loss,Training loss,16,base16,27,0.0572540612625224,0.000168380691182,0.0002381262571114,2,42 43,extended,0.001,runs/a6_optimization_convergence_audit_20260815_000000/a6_seed_mean_curves.csv,training-seed mean +/- standard error from matched extended-budget runs
emg,EMG,train_loss,Training loss,16,base16,28,0.0571201319052349,0.0001426775984111,0.0002017765947198,2,42 43,extended,0.001,runs/a6_optimization_convergence_audit_20260815_000000/a6_seed_mean_curves.csv,training-seed mean +/- standard error from matched extended-budget runs
emg,EMG,train_loss,Training loss,16,base16,29,0.0569893410251963,0.000182513741865,0.000258113409065,2,42 43,extended,0.001,runs/a6_optimization_convergence_audit_20260815_000000/a6_seed_mean_curves.csv,training-seed mean +/- standard error from matched extended-budget runs
emg,EMG,train_loss,Training loss,16,base16,30,0.0568651275265784,0.0001708117269334,0.0002415642608416,2,42 43,extended,0.001,runs/a6_optimization_convergence_audit_20260815_000000/a6_seed_mean_curves.csv,training-seed mean +/- standard error from matched extended-budget runs
emg,EMG,train_loss,Training loss,16,base16,31,0.0567600626941947,0.0001646045329315,0.0002327859628998,2,42 43,extended,0.001,runs/a6_optimization_convergence_audit_20260815_000000/a6_seed_mean_curves.csv,training-seed mean +/- standard error from matched extended-budget runs
emg,EMG,train_loss,Training loss,16,base16,32,0.0566713609688338,0.0001743050913015,0.0002465046241094,2,42 43,extended,0.001,runs/a6_optimization_convergence_audit_20260815_000000/a6_seed_mean_curves.csv,training-seed mean +/- standard error from matched extended-budget runs
emg,EMG,train_loss,Training loss,16,base16,33,0.0565508366340682,0.0001807787588664,0.0002556597725779,2,42 43,extended,0.001,runs/a6_optimization_convergence_audit_20260815_000000/a6_seed_mean_curves.csv,training-seed mean +/- standard error from matched extended-budget runs
emg,EMG,train_loss,Training loss,16,base16,34,0.0564643995658982,0.0001707598123522,0.0002414908425367,2,42 43,extended,0.001,runs/a6_optimization_convergence_audit_20260815_000000/a6_seed_mean_curves.csv,training-seed mean +/- standard error from matched extended-budget runs
emg,EMG,train_loss,Training loss,16,base16,35,0.0563402822507279,0.0001671436996687,0.0002363768869366,2,42 43,extended,0.001,runs/a6_optimization_convergence_audit_20260815_000000/a6_seed_mean_curves.csv,training-seed mean +/- standard error from matched extended-budget runs
emg,EMG,train_loss,Training loss,16,base16,36,0.0562679277289481,0.0001735287053244,0.0002454066485308,2,42 43,extended,0.001,runs/a6_optimization_convergence_audit_20260815_000000/a6_seed_mean_curves.csv,training-seed mean +/- standard error from matched extended-budget runs
emg,EMG,train_loss,Training loss,16,base16,37,0.0561816258622067,0.0001674164263975,0.0002367625807753,2,42 43,extended,0.001,runs/a6_optimization_convergence_audit_20260815_000000/a6_seed_mean_curves.csv,training-seed mean +/- standard error from matched extended-budget runs
emg,EMG,train_loss,Training loss,16,base16,38,0.0561376676318191,0.0001757904355015,0.0002486052180217,2,42 43,extended,0.001,runs/a6_optimization_convergence_audit_20260815_000000/a6_seed_mean_curves.csv,training-seed mean +/- standard error from matched extended-budget runs
emg,EMG,train_loss,Training loss,16,base16,39,0.0560042588217627,0.0001488883314388,0.0002105598975998,2,42 43,extended,0.001,runs/a6_optimization_convergence_audit_20260815_000000/a6_seed_mean_curves.csv,training-seed mean +/- standard error from matched extended-budget runs
emg,EMG,train_loss,Training loss,16,base16,40,0.0559639684412451,0.0001648691172401,0.0002331601416174,2,42 43,extended,0.001,runs/a6_optimization_convergence_audit_20260815_000000/a6_seed_mean_curves.csv,training-seed mean +/- standard error from matched extended-budget runs
emg,EMG,train_loss,Training loss,16,base16,41,0.0558923096262982,0.0001546642698702,0.000218728308065,2,42 43,extended,0.001,runs/a6_optimization_convergence_audit_20260815_000000/a6_seed_mean_curves.csv,training-seed mean +/- standard error from matched extended-budget runs
emg,EMG,train_loss,Training loss,16,base16,42,0.0558221728940095,0.0001582571172288,0.0002238093615271,2,42 43,extended,0.001,runs/a6_optimization_convergence_audit_20260815_000000/a6_seed_mean_curves.csv,training-seed mean +/- standard error from matched extended-budget runs
emg,EMG,train_loss,Training loss,16,base16,43,0.0557585227968437,0.0001776592805981,0.0002512481641033,2,42 43,extended,0.001,runs/a6_optimization_convergence_audit_20260815_000000/a6_seed_mean_curves.csv,training-seed mean +/- standard error from matched extended-budget runs
emg,EMG,train_loss,Training loss,16,base16,44,0.0557027128037242,0.0001816818490624,0.0002569369349811,2,42 43,extended,0.001,runs/a6_optimization_convergence_audit_20260815_000000/a6_seed_mean_curves.csv,training-seed mean +/- standard error from matched extended-budget runs
emg,EMG,train_loss,Training loss,16,base16,45,0.0556499026627058,0.0001751725961055,0.0002477314611685,2,42 43,extended,0.001,runs/a6_optimization_convergence_audit_20260815_000000/a6_seed_mean_curves.csv,training-seed mean +/- standard error from matched extended-budget runs
emg,EMG,train_loss,Training loss,16,base16,46,0.0555829102528237,0.0001508054013053,0.0002132710438051,2,42 43,extended,0.001,runs/a6_optimization_convergence_audit_20260815_000000/a6_seed_mean_curves.csv,training-seed mean +/- standard error from matched extended-budget runs
emg,EMG,train_loss,Training loss,16,base16,47,0.0555506437750799,0.0001662713165084,0.0002351431508398,2,42 43,extended,0.001,runs/a6_optimization_convergence_audit_20260815_000000/a6_seed_mean_curves.csv,training-seed mean +/- standard error from matched extended-budget runs
emg,EMG,train_loss,Training loss,16,base16,48,0.055483098753861,0.000155636437592,0.0002201031608421,2,42 43,extended,0.001,runs/a6_optimization_convergence_audit_20260815_000000/a6_seed_mean_curves.csv,training-seed mean +/- standard error from matched extended-budget runs
emg,EMG,train_loss,Training loss,16,base16,49,0.0554416847282222,0.0001530582440041,0.0002164570445036,2,42 43,extended,0.001,runs/a6_optimization_convergence_audit_20260815_000000/a6_seed_mean_curves.csv,training-seed mean +/- standard error from matched extended-budget runs
emg,EMG,train_loss,Training loss,16,base16,50,0.0553875965287997,0.0001644772521796,0.0002326059607343,2,42 43,extended,0.001,runs/a6_optimization_convergence_audit_20260815_000000/a6_seed_mean_curves.csv,training-seed mean +/- standard error from matched extended-budget runs
emg,EMG,train_loss,Training loss,16,base16,51,0.0553460335625069,0.0001703177179609,0.0002408656266527,2,42 43,extended,0.001,runs/a6_optimization_convergence_audit_20260815_000000/a6_seed_mean_curves.csv,training-seed mean +/- standard error from matched extended-budget runs
emg,EMG,train_loss,Training loss,16,base16,52,0.0553099000471688,0.0001610335583488,0.000227735842214,2,42 43,extended,0.001,runs/a6_optimization_convergence_audit_20260815_000000/a6_seed_mean_curves.csv,training-seed mean +/- standard error from matched extended-budget runs
emg,EMG,train_loss,Training loss,16,base16,53,0.0552423224473992,0.0001668256219653,0.0002359270571347,2,42 43,extended,0.001,runs/a6_optimization_convergence_audit_20260815_000000/a6_seed_mean_curves.csv,training-seed mean +/- standard error from matched extended-budget runs
emg,EMG,train_loss,Training loss,16,base16,54,0.0552246889986452,0.0001659890282012,0.0002347439348872,2,42 43,extended,0.001,runs/a6_optimization_convergence_audit_20260815_000000/a6_seed_mean_curves.csv,training-seed mean +/- standard error from matched extended-budget runs
emg,EMG,train_loss,Training loss,16,base16,55,0.0551856104994104,0.0001549373247793,0.0002191144660207,2,42 43,extended,0.001,runs/a6_optimization_convergence_audit_20260815_000000/a6_seed_mean_curves.csv,training-seed mean +/- standard error from matched extended-budget runs
emg,EMG,train_loss,Training loss,16,base16,56,0.0551649658896383,0.0001784470375804,0.0002523622207115,2,42 43,extended,0.001,runs/a6_optimization_convergence_audit_20260815_000000/a6_seed_mean_curves.csv,training-seed mean +/- standard error from matched extended-budget runs
emg,EMG,train_loss,Training loss,16,base16,57,0.0551357293058009,0.0001662854460023,0.0002351631329618,2,42 43,extended,0.001,runs/a6_optimization_convergence_audit_20260815_000000/a6_seed_mean_curves.csv,training-seed mean +/- standard error from matched extended-budget runs
emg,EMG,train_loss,Training loss,16,base16,58,0.055094466908347,0.0001607930731205,0.0002273957447427,2,42 43,extended,0.001,runs/a6_optimization_convergence_audit_20260815_000000/a6_seed_mean_curves.csv,training-seed mean +/- standard error from matched extended-budget runs
emg,EMG,train_loss,Training loss,16,base16,59,0.0550638793302433,0.0001751220297245,0.0002476599495068,2,42 43,extended,0.001,runs/a6_optimization_convergence_audit_20260815_000000/a6_seed_mean_curves.csv,training-seed mean +/- standard error from matched extended-budget runs
emg,EMG,train_loss,Training loss,16,base16,60,0.055035021209291,0.000163559207604,0.0002313076496446,2,42 43,extended,0.001,runs/a6_optimization_convergence_audit_20260815_000000/a6_seed_mean_curves.csv,training-seed mean +/- standard error from matched extended-budget runs
emg,EMG,train_loss,Training loss,16,base16,61,0.0550271628513222,0.0001379235514572,0.0001950533570415,2,42 43,extended,0.001,runs/a6_optimization_convergence_audit_20260815_000000/a6_seed_mean_curves.csv,training-seed mean +/- standard error from matched extended-budget runs
emg,EMG,train_loss,Training loss,16,base16,62,0.0550047488173558,0.0001564914183247,0.0002213122861898,2,42 43,extended,0.001,runs/a6_optimization_convergence_audit_20260815_000000/a6_seed_mean_curves.csv,training-seed mean +/- standard error from matched extended-budget runs
emg,EMG,train_loss,Training loss,16,base16,63,0.0549742823023171,0.0001692844111294,0.0002394043101176,2,42 43,extended,0.001,runs/a6_optimization_convergence_audit_20260815_000000/a6_seed_mean_curves.csv,training-seed mean +/- standard error from matched extended-budget runs
emg,EMG,train_loss,Training loss,16,base16,64,0.0549571179296998,0.0001588239999754,0.0002246110547955,2,42 43,extended,0.001,runs/a6_optimization_convergence_audit_20260815_000000/a6_seed_mean_curves.csv,training-seed mean +/- standard error from matched extended-budget runs
emg,EMG,train_loss,Training loss,16,base16,65,0.0549432633888153,0.0001658006260792,0.0002344774940512,2,42 43,extended,0.001,runs/a6_optimization_convergence_audit_20260815_000000/a6_seed_mean_curves.csv,training-seed mean +/- standard error from matched extended-budget runs
emg,EMG,train_loss,Training loss,16,base16,66,0.0549313999446375,0.0001670993953233,0.0002363142311306,2,42 43,extended,0.001,runs/a6_optimization_convergence_audit_20260815_000000/a6_seed_mean_curves.csv,training-seed mean +/- standard error from matched extended-budget runs
emg,EMG,train_loss,Training loss,16,base16,67,0.0549214517608994,0.0001609258176315,0.0002275834738305,2,42 43,extended,0.001,runs/a6_optimization_convergence_audit_20260815_000000/a6_seed_mean_curves.csv,training-seed mean +/- standard error from matched extended-budget runs
emg,EMG,train_loss,Training loss,16,base16,68,0.0548847675323486,0.0001652787661268,0.0002337394726288,2,42 43,extended,0.001,runs/a6_optimization_convergence_audit_20260815_000000/a6_seed_mean_curves.csv,training-seed mean +/- standard error from matched extended-budget runs
emg,EMG,train_loss,Training loss,16,base16,69,0.0548871707082504,0.000166172951105,0.0002350040411523,2,42 43,extended,0.001,runs/a6_optimization_convergence_audit_20260815_000000/a6_seed_mean_curves.csv,training-seed mean +/- standard error from matched extended-budget runs
emg,EMG,train_loss,Training loss,16,base16,70,0.0548868396984679,0.0001540369221142,0.0002178411043601,2,42 43,extended,0.001,runs/a6_optimization_convergence_audit_20260815_000000/a6_seed_mean_curves.csv,training-seed mean +/- standard error from matched extended-budget runs
emg,EMG,train_loss,Training loss,16,base16,71,0.0548871002736545,0.0001687644847801,0.000238669023223,2,42 43,extended,0.001,runs/a6_optimization_convergence_audit_20260815_000000/a6_seed_mean_curves.csv,training-seed mean +/- standard error from matched extended-budget runs
emg,EMG,train_loss,Training loss,16,base16,72,0.0548746883957868,0.0001667771044941,0.0002358584430688,2,42 43,extended,0.001,runs/a6_optimization_convergence_audit_20260815_000000/a6_seed_mean_curves.csv,training-seed mean +/- standard error from matched extended-budget runs
emg,EMG,train_loss,Training loss,16,base16,73,0.054875689753819,0.0001582457817026,0.0002237933306722,2,42 43,extended,0.001,runs/a6_optimization_convergence_audit_20260815_000000/a6_seed_mean_curves.csv,training-seed mean +/- standard error from matched extended-budget runs
emg,EMG,train_loss,Training loss,16,base16,74,0.054878397667337,0.0001515405075181,0.000214310640981,2,42 43,extended,0.001,runs/a6_optimization_convergence_audit_20260815_000000/a6_seed_mean_curves.csv,training-seed mean +/- standard error from matched extended-budget runs
emg,EMG,train_loss,Training loss,16,base16,75,0.0548597979847164,0.0001695800838725,0.0002398224545209,2,42 43,extended,0.001,runs/a6_optimization_convergence_audit_20260815_000000/a6_seed_mean_curves.csv,training-seed mean +/- standard error from matched extended-budget runs
emg,EMG,val_SDR,Validation SDR (dB),4,base4,1,2.1116716773421675,0.0174366103278265,0.024659090807427,2,42 43,extended,0.001,runs/a6_optimization_convergence_audit_20260815_000000/a6_seed_mean_curves.csv,training-seed mean +/- standard error from matched extended-budget runs
emg,EMG,val_SDR,Validation SDR (dB),4,base4,2,5.830460645534374,0.034907579421997,0.0493667722482042,2,42 43,extended,0.001,runs/a6_optimization_convergence_audit_20260815_000000/a6_seed_mean_curves.csv,training-seed mean +/- standard error from matched extended-budget runs
emg,EMG,val_SDR,Validation SDR (dB),4,base4,3,6.265965258633649,0.0140673231195518,0.0198941991419548,2,42 43,extended,0.001,runs/a6_optimization_convergence_audit_20260815_000000/a6_seed_mean_curves.csv,training-seed mean +/- standard error from matched extended-budget runs
emg,EMG,val_SDR,Validation SDR (dB),4,base4,4,6.40404145805924,0.0401896105872263,0.0568366923589488,2,42 43,extended,0.001,runs/a6_optimization_convergence_audit_20260815_000000/a6_seed_mean_curves.csv,training-seed mean +/- standard error from matched extended-budget runs
emg,EMG,val_SDR,Validation SDR (dB),4,base4,5,6.489885339030513,0.0049341254764132,0.0069779071671942,2,42 43,extended,0.001,runs/a6_optimization_convergence_audit_20260815_000000/a6_seed_mean_curves.csv,training-seed mean +/- standard error from matched extended-budget runs
emg,EMG,val_SDR,Validation SDR (dB),4,base4,6,6.548689904036346,0.0223086056885892,0.0315491327224365,2,42 43,extended,0.001,runs/a6_optimization_convergence_audit_20260815_000000/a6_seed_mean_curves.csv,training-seed mean +/- standard error from matched extended-budget runs
emg,EMG,val_SDR,Validation SDR (dB),4,base4,7,6.616562984607837,0.0093127886454262,0.013170272005876,2,42 43,extended,0.001,runs/a6_optimization_convergence_audit_20260815_000000/a6_seed_mean_curves.csv,training-seed mean +/- standard error from matched extended-budget runs
emg,EMG,val_SDR,Validation SDR (dB),4,base4,8,6.628736646087082,0.019233712443599,0.0272005769925219,2,42 43,extended,0.001,runs/a6_optimization_convergence_audit_20260815_000000/a6_seed_mean_curves.csv,training-seed mean +/- standard error from matched extended-budget runs
emg,EMG,val_SDR,Validation SDR (dB),4,base4,9,6.674569730405454,0.0290506150987415,0.0410837738679208,2,42 43,extended,0.001,runs/a6_optimization_convergence_audit_20260815_000000/a6_seed_mean_curves.csv,training-seed mean +/- standard error from matched extended-budget runs
emg,EMG,val_SDR,Validation SDR (dB),4,base4,10,6.700906762370357,0.0181525989815041,0.0256716516719631,2,42 43,extended,0.001,runs/a6_optimization_convergence_audit_20260815_000000/a6_seed_mean_curves.csv,training-seed mean +/- standard error from matched extended-budget runs
emg,EMG,val_SDR,Validation SDR (dB),4,base4,11,6.7191505961947975,0.0333261843080872,0.0471303418306423,2,42 43,extended,0.001,runs/a6_optimization_convergence_audit_20260815_000000/a6_seed_mean_curves.csv,training-seed mean +/- standard error from matched extended-budget runs
emg,EMG,val_SDR,Validation SDR (dB),4,base4,12,6.699305357756439,0.002203517489963,0.003116244319232,2,42 43,extended,0.001,runs/a6_optimization_convergence_audit_20260815_000000/a6_seed_mean_curves.csv,training-seed mean +/- standard error from matched extended-budget runs
emg,EMG,val_SDR,Validation SDR (dB),4,base4,13,6.729610893461439,0.0207993631009704,0.0294147413861148,2,42 43,extended,0.001,runs/a6_optimization_convergence_audit_20260815_000000/a6_seed_mean_curves.csv,training-seed mean +/- standard error from matched extended-budget runs
emg,EMG,val_SDR,Validation SDR (dB),4,base4,14,6.736835311960291,0.0254790782928466,0.0360328580785097,2,42 43,extended,0.001,runs/a6_optimization_convergence_audit_20260815_000000/a6_seed_mean_curves.csv,training-seed mean +/- standard error from matched extended-budget runs
emg,EMG,val_SDR,Validation SDR (dB),4,base4,15,6.76889000998603,0.0511028325116189,0.0722703188136122,2,42 43,extended,0.001,runs/a6_optimization_convergence_audit_20260815_000000/a6_seed_mean_curves.csv,training-seed mean +/- standard error from matched extended-budget runs
emg,EMG,val_SDR,Validation SDR (dB),4,base4,16,6.777952282517045,0.0584989300480596,0.0827299802582808,2,42 43,extended,0.001,runs/a6_optimization_convergence_audit_20260815_000000/a6_seed_mean_curves.csv,training-seed mean +/- standard error from matched extended-budget runs
emg,EMG,val_SDR,Validation SDR (dB),4,base4,17,6.7505078227431685,0.081837362713284,0.1157355082579724,2,42 43,extended,0.001,runs/a6_optimization_convergence_audit_20260815_000000/a6_seed_mean_curves.csv,training-seed mean +/- standard error from matched extended-budget runs
emg,EMG,val_SDR,Validation SDR (dB),4,base4,18,6.795987517745407,0.0338092026887117,0.0478134329753971,2,42 43,extended,0.001,runs/a6_optimization_convergence_audit_20260815_000000/a6_seed_mean_curves.csv,training-seed mean +/- standard error from matched extended-budget runs
emg,EMG,val_SDR,Validation SDR (dB),4,base4,19,6.805831829706827,0.0372417326326721,0.0526677633753976,2,42 43,extended,0.001,runs/a6_optimization_convergence_audit_20260815_000000/a6_seed_mean_curves.csv,training-seed mean +/- standard error from matched extended-budget runs
emg,EMG,val_SDR,Validation SDR (dB),4,base4,20,6.826422214508057,0.0519489005759909,0.0734668397449379,2,42 43,extended,0.001,runs/a6_optimization_convergence_audit_20260815_000000/a6_seed_mean_curves.csv,training-seed mean +/- standard error from matched extended-budget runs
emg,EMG,val_SDR,Validation SDR (dB),4,base4,21,6.833872238794962,0.0519477791256375,0.0734652537746385,2,42 43,extended,0.001,runs/a6_optimization_convergence_audit_20260815_000000/a6_seed_mean_curves.csv,training-seed mean +/- standard error from matched extended-budget runs
emg,EMG,val_SDR,Validation SDR (dB),4,base4,22,6.827689320952804,0.045649184121026,0.0645576952952215,2,42 43,extended,0.001,runs/a6_optimization_convergence_audit_20260815_000000/a6_seed_mean_curves.csv,training-seed mean +/- standard error from matched extended-budget runs
emg,EMG,val_SDR,Validation SDR (dB),4,base4,23,6.848206802650735,0.0376109370478876,0.0531898972666834,2,42 43,extended,0.001,runs/a6_optimization_convergence_audit_20260815_000000/a6_seed_mean_curves.csv,training-seed mean +/- standard error from matched extended-budget runs
emg,EMG,val_SDR,Validation SDR (dB),4,base4,24,6.844883468416002,0.0506184101104736,0.0715852420839952,2,42 43,extended,0.001,runs/a6_optimization_convergence_audit_20260815_000000/a6_seed_mean_curves.csv,training-seed mean +/- standard error from matched extended-budget runs
emg,EMG,val_SDR,Validation SDR (dB),4,base4,25,6.872948823151765,0.0504126018948025,0.0712941853141453,2,42 43,extended,0.001,runs/a6_optimization_convergence_audit_20260815_000000/a6_seed_mean_curves.csv,training-seed mean +/- standard error from matched extended-budget runs
emg,EMG,val_SDR,Validation SDR (dB),4,base4,26,6.843150085873074,0.0507037021495677,0.0717058632424445,2,42 43,extended,0.001,runs/a6_optimization_convergence_audit_20260815_000000/a6_seed_mean_curves.csv,training-seed mean +/- standard error from matched extended-budget runs
emg,EMG,val_SDR,Validation SDR (dB),4,base4,27,6.86297482031363,0.0539523054052284,0.0763000820253693,2,42 43,extended,0.001,runs/a6_optimization_convergence_audit_20260815_000000/a6_seed_mean_curves.csv,training-seed mean +/- standard error from matched extended-budget runs
emg,EMG,val_SDR,Validation SDR (dB),4,base4,28,6.871902872014928,0.0572814588193542,0.0810082159348466,2,42 43,extended,0.001,runs/a6_optimization_convergence_audit_20260815_000000/a6_seed_mean_curves.csv,training-seed mean +/- standard error from matched extended-budget runs
emg,EMG,val_SDR,Validation SDR (dB),4,base4,29,6.879655043284098,0.0557382548296891,0.0788257959231541,2,42 43,extended,0.001,runs/a6_optimization_convergence_audit_20260815_000000/a6_seed_mean_curves.csv,training-seed mean +/- standard error from matched extended-budget runs
emg,EMG,val_SDR,Validation SDR (dB),4,base4,30,6.872855380729392,0.0661280420091414,0.0935191738625056,2,42 43,extended,0.001,runs/a6_optimization_convergence_audit_20260815_000000/a6_seed_mean_curves.csv,training-seed mean +/- standard error from matched extended-budget runs
emg,EMG,val_SDR,Validation SDR (dB),4,base4,31,6.882930526026973,0.0404043197631835,0.0571403369875535,2,42 43,extended,0.001,runs/a6_optimization_convergence_audit_20260815_000000/a6_seed_mean_curves.csv,training-seed mean +/- standard error from matched extended-budget runs
emg,EMG,val_SDR,Validation SDR (dB),4,base4,32,6.8886045349968805,0.0597353158173739,0.0844784937815702,2,42 43,extended,0.001,runs/a6_optimization_convergence_audit_20260815_000000/a6_seed_mean_curves.csv,training-seed mean +/- standard error from matched extended-budget runs
emg,EMG,val_SDR,Validation SDR (dB),4,base4,33,6.887094497680664,0.0656891752172397,0.092898522493323,2,42 43,extended,0.001,runs/a6_optimization_convergence_audit_20260815_000000/a6_seed_mean_curves.csv,training-seed mean +/- standard error from matched extended-budget runs
emg,EMG,val_SDR,Validation SDR (dB),4,base4,34,6.903197659386528,0.0497078365749783,0.0702974966405597,2,42 43,extended,0.001,runs/a6_optimization_convergence_audit_20260815_000000/a6_seed_mean_curves.csv,training-seed mean +/- standard error from matched extended-budget runs
emg,EMG,val_SDR,Validation SDR (dB),4,base4,35,6.873421492399993,0.061615113858823,0.0871369296663099,2,42 43,extended,0.001,runs/a6_optimization_convergence_audit_20260815_000000/a6_seed_mean_curves.csv,training-seed mean +/- standard error from matched extended-budget runs
emg,EMG,val_SDR,Validation SDR (dB),4,base4,36,6.898275030983819,0.0490775549853292,0.0694061438683639,2,42 43,extended,0.001,runs/a6_optimization_convergence_audit_20260815_000000/a6_seed_mean_curves.csv,training-seed mean +/- standard error from matched extended-budget runs
emg,EMG,val_SDR,Validation SDR (dB),4,base4,37,6.912309885025024,0.0421838318860086,0.0596569471660599,2,42 43,extended,0.001,runs/a6_optimization_convergence_audit_20260815_000000/a6_seed_mean_curves.csv,training-seed mean +/- standard error from matched extended-budget runs
emg,EMG,val_SDR,Validation SDR (dB),4,base4,38,6.893034193250868,0.0607198256033436,0.0858708008731777,2,42 43,extended,0.001,runs/a6_optimization_convergence_audit_20260815_000000/a6_seed_mean_curves.csv,training-seed mean +/- standard error from matched extended-budget runs
emg,EMG,val_SDR,Validation SDR (dB),4,base4,39,6.913397020763821,0.0484191135123923,0.0684749670073076,2,42 43,extended,0.001,runs/a6_optimization_convergence_audit_20260815_000000/a6_seed_mean_curves.csv,training-seed mean +/- standard error from matched extended-budget runs
emg,EMG,val_SDR,Validation SDR (dB),4,base4,40,6.906875963564272,0.0659784034446433,0.0933075529751383,2,42 43,extended,0.001,runs/a6_optimization_convergence_audit_20260815_000000/a6_seed_mean_curves.csv,training-seed mean +/- standard error from matched extended-budget runs
emg,EMG,val_SDR,Validation SDR (dB),4,base4,41,6.904482055593419,0.0488269682283752,0.0690517606781285,2,42 43,extended,0.001,runs/a6_optimization_convergence_audit_20260815_000000/a6_seed_mean_curves.csv,training-seed mean +/- standard error from matched extended-budget runs
emg,EMG,val_SDR,Validation SDR (dB),4,base4,42,6.917039844724867,0.0518940378118442,0.0733892520798122,2,42 43,extended,0.001,runs/a6_optimization_convergence_audit_20260815_000000/a6_seed_mean_curves.csv,training-seed mean +/- standard error from matched extended-budget runs
emg,EMG,val_SDR,Validation SDR (dB),4,base4,43,6.922654964305737,0.0433455219975225,0.0612998250770376,2,42 43,extended,0.001,runs/a6_optimization_convergence_audit_20260815_000000/a6_seed_mean_curves.csv,training-seed mean +/- standard error from matched extended-budget runs
emg,EMG,val_SDR,Validation SDR (dB),4,base4,44,6.925888335263288,0.0518901348114013,0.073383732403652,2,42 43,extended,0.001,runs/a6_optimization_convergence_audit_20260815_000000/a6_seed_mean_curves.csv,training-seed mean +/- standard error from matched extended-budget runs
emg,EMG,val_SDR,Validation SDR (dB),4,base4,45,6.914230691062079,0.0578156312306719,0.0817636498035776,2,42 43,extended,0.001,runs/a6_optimization_convergence_audit_20260815_000000/a6_seed_mean_curves.csv,training-seed mean +/- standard error from matched extended-budget runs
emg,EMG,val_SDR,Validation SDR (dB),4,base4,46,6.90325121526365,0.0722759299808077,0.1022136004119865,2,42 43,extended,0.001,runs/a6_optimization_convergence_audit_20260815_000000/a6_seed_mean_curves.csv,training-seed mean +/- standard error from matched extended-budget runs
emg,EMG,val_SDR,Validation SDR (dB),4,base4,47,6.933336805414271,0.0434418607641151,0.0614360686673352,2,42 43,extended,0.001,runs/a6_optimization_convergence_audit_20260815_000000/a6_seed_mean_curves.csv,training-seed mean +/- standard error from matched extended-budget runs
emg,EMG,val_SDR,Validation SDR (dB),4,base4,48,6.931676440768772,0.0455922197412559,0.0644771354967785,2,42 43,extended,0.001,runs/a6_optimization_convergence_audit_20260815_000000/a6_seed_mean_curves.csv,training-seed mean +/- standard error from matched extended-budget runs
emg,EMG,val_SDR,Validation SDR (dB),4,base4,49,6.937572258490103,0.0469868889561406,0.0664494956154927,2,42 43,extended,0.001,runs/a6_optimization_convergence_audit_20260815_000000/a6_seed_mean_curves.csv,training-seed mean +/- standard error from matched extended-budget runs
emg,EMG,val_SDR,Validation SDR (dB),4,base4,50,6.9335981563285545,0.0425818319673894,0.0602198042789743,2,42 43,extended,0.001,runs/a6_optimization_convergence_audit_20260815_000000/a6_seed_mean_curves.csv,training-seed mean +/- standard error from matched extended-budget runs
emg,EMG,val_SDR,Validation SDR (dB),4,base4,51,6.929428047604031,0.0514077080620656,0.0727014779518899,2,42 43,extended,0.001,runs/a6_optimization_convergence_audit_20260815_000000/a6_seed_mean_curves.csv,training-seed mean +/- standard error from matched extended-budget runs
emg,EMG,val_SDR,Validation SDR (dB),4,base4,52,6.941766050126818,0.04660756499679,0.065913050527646,2,42 43,extended,0.001,runs/a6_optimization_convergence_audit_20260815_000000/a6_seed_mean_curves.csv,training-seed mean +/- standard error from matched extended-budget runs
emg,EMG,val_SDR,Validation SDR (dB),4,base4,53,6.930704258106373,0.0332890969735606,0.0470778924191626,2,42 43,extended,0.001,runs/a6_optimization_convergence_audit_20260815_000000/a6_seed_mean_curves.csv,training-seed mean +/- standard error from matched extended-budget runs
emg,EMG,val_SDR,Validation SDR (dB),4,base4,54,6.926669014824761,0.0624512036641435,0.0883193392083561,2,42 43,extended,0.001,runs/a6_optimization_convergence_audit_20260815_000000/a6_seed_mean_curves.csv,training-seed mean +/- standard error from matched extended-budget runs
emg,EMG,val_SDR,Validation SDR (dB),4,base4,55,6.917205651601156,0.0729904704623751,0.1032241132518837,2,42 43,extended,0.001,runs/a6_optimization_convergence_audit_20260815_000000/a6_seed_mean_curves.csv,training-seed mean +/- standard error from matched extended-budget runs
emg,EMG,val_SDR,Validation SDR (dB),4,base4,56,6.922536867636222,0.0653616763927318,0.0924353692140427,2,42 43,extended,0.001,runs/a6_optimization_convergence_audit_20260815_000000/a6_seed_mean_curves.csv,training-seed mean +/- standard error from matched extended-budget runs
emg,EMG,val_SDR,Validation SDR (dB),4,base4,57,6.945818927552965,0.0448765136577464,0.0634649742468065,2,42 43,extended,0.001,runs/a6_optimization_convergence_audit_20260815_000000/a6_seed_mean_curves.csv,training-seed mean +/- standard error from matched extended-budget runs
emg,EMG,val_SDR,Validation SDR (dB),4,base4,58,6.947100127184832,0.047808364585594,0.0676112375918246,2,42 43,extended,0.001,runs/a6_optimization_convergence_audit_20260815_000000/a6_seed_mean_curves.csv,training-seed mean +/- standard error from matched extended-budget runs
emg,EMG,val_SDR,Validation SDR (dB),4,base4,59,6.946315968478167,0.0470818855144359,0.0665838410366126,2,42 43,extended,0.001,runs/a6_optimization_convergence_audit_20260815_000000/a6_seed_mean_curves.csv,training-seed mean +/- standard error from matched extended-budget runs
emg,EMG,val_SDR,Validation SDR (dB),4,base4,60,6.947714584845084,0.0464022866001836,0.065622743035103,2,42 43,extended,0.001,runs/a6_optimization_convergence_audit_20260815_000000/a6_seed_mean_curves.csv,training-seed mean +/- standard error from matched extended-budget runs
emg,EMG,val_SDR,Validation SDR (dB),4,base4,61,6.945171727074516,0.0475781582019947,0.0672856766019936,2,42 43,extended,0.001,runs/a6_optimization_convergence_audit_20260815_000000/a6_seed_mean_curves.csv,training-seed mean +/- standard error from matched extended-budget runs
emg,EMG,val_SDR,Validation SDR (dB),4,base4,62,6.95183140260202,0.0448788272009959,0.0634682460910469,2,42 43,extended,0.001,runs/a6_optimization_convergence_audit_20260815_000000/a6_seed_mean_curves.csv,training-seed mean +/- standard error from matched extended-budget runs
emg,EMG,val_SDR,Validation SDR (dB),4,base4,63,6.946335192079897,0.0516099223384154,0.0729874521240092,2,42 43,extended,0.001,runs/a6_optimization_convergence_audit_20260815_000000/a6_seed_mean_curves.csv,training-seed mean +/- standard error from matched extended-budget runs
emg,EMG,val_SDR,Validation SDR (dB),4,base4,64,6.949222688321714,0.0476035012139215,0.0673215170331719,2,42 43,extended,0.001,runs/a6_optimization_convergence_audit_20260815_000000/a6_seed_mean_curves.csv,training-seed mean +/- standard error from matched extended-budget runs
emg,EMG,val_SDR,Validation SDR (dB),4,base4,65,6.952363552870574,0.0440555590170403,0.0623039690598268,2,42 43,extended,0.001,runs/a6_optimization_convergence_audit_20260815_000000/a6_seed_mean_curves.csv,training-seed mean +/- standard error from matched extended-budget runs
emg,EMG,val_SDR,Validation SDR (dB),4,base4,66,6.950830141703287,0.0432688571788646,0.0611914046507348,2,42 43,extended,0.001,runs/a6_optimization_convergence_audit_20260815_000000/a6_seed_mean_curves.csv,training-seed mean +/- standard error from matched extended-budget runs
emg,EMG,val_SDR,Validation SDR (dB),4,base4,67,6.95205216937595,0.0457968005427606,0.0647664564408676,2,42 43,extended,0.001,runs/a6_optimization_convergence_audit_20260815_000000/a6_seed_mean_curves.csv,training-seed mean +/- standard error from matched extended-budget runs
emg,EMG,val_SDR,Validation SDR (dB),4,base4,68,6.952942106458876,0.0451060224462436,0.0637895486881829,2,42 43,extended,0.001,runs/a6_optimization_convergence_audit_20260815_000000/a6_seed_mean_curves.csv,training-seed mean +/- standard error from matched extended-budget runs
emg,EMG,val_SDR,Validation SDR (dB),4,base4,69,6.953091197543674,0.0454506874084472,0.0642769785522061,2,42 43,extended,0.001,runs/a6_optimization_convergence_audit_20260815_000000/a6_seed_mean_curves.csv,training-seed mean +/- standard error from matched extended-budget runs
emg,EMG,val_SDR,Validation SDR (dB),4,base4,70,6.953173796335856,0.0463694289878562,0.0655762753541224,2,42 43,extended,0.001,runs/a6_optimization_convergence_audit_20260815_000000/a6_seed_mean_curves.csv,training-seed mean +/- standard error from matched extended-budget runs
emg,EMG,val_SDR,Validation SDR (dB),4,base4,71,6.953494283888075,0.0450000233120388,0.0636396432749908,2,42 43,extended,0.001,runs/a6_optimization_convergence_audit_20260815_000000/a6_seed_mean_curves.csv,training-seed mean +/- standard error from matched extended-budget runs
emg,EMG,val_SDR,Validation SDR (dB),4,base4,72,6.952875278614186,0.0460070327476218,0.0650637696762299,2,42 43,extended,0.001,runs/a6_optimization_convergence_audit_20260815_000000/a6_seed_mean_curves.csv,training-seed mean +/- standard error from matched extended-budget runs
emg,EMG,val_SDR,Validation SDR (dB),4,base4,73,6.953600671556261,0.0456696616278753,0.0645866548631314,2,42 43,extended,0.001,runs/a6_optimization_convergence_audit_20260815_000000/a6_seed_mean_curves.csv,training-seed mean +/- standard error from matched extended-budget runs
emg,EMG,val_SDR,Validation SDR (dB),4,base4,74,6.951078865263197,0.0440255889186151,0.0622615849401682,2,42 43,extended,0.001,runs/a6_optimization_convergence_audit_20260815_000000/a6_seed_mean_curves.csv,training-seed mean +/- standard error from matched extended-budget runs
emg,EMG,val_SDR,Validation SDR (dB),4,base4,75,6.953598614092226,0.0453650951385498,0.0641559328032829,2,42 43,extended,0.001,runs/a6_optimization_convergence_audit_20260815_000000/a6_seed_mean_curves.csv,training-seed mean +/- standard error from matched extended-budget runs
emg,EMG,val_SDR,Validation SDR (dB),6,base6,1,2.875804803989552,0.0917011102040608,0.1296849537352526,2,42 43,extended,0.001,runs/a6_optimization_convergence_audit_20260815_000000/a6_seed_mean_curves.csv,training-seed mean +/- standard error from matched extended-budget runs
emg,EMG,val_SDR,Validation SDR (dB),6,base6,2,6.0100833310021295,0.1078971315313266,0.1525895867527558,2,42 43,extended,0.001,runs/a6_optimization_convergence_audit_20260815_000000/a6_seed_mean_curves.csv,training-seed mean +/- standard error from matched extended-budget runs
emg,EMG,val_SDR,Validation SDR (dB),6,base6,3,6.404342669027823,0.0600254270765514,0.0848887730588962,2,42 43,extended,0.001,runs/a6_optimization_convergence_audit_20260815_000000/a6_seed_mean_curves.csv,training-seed mean +/- standard error from matched extended-budget runs
emg,EMG,val_SDR,Validation SDR (dB),6,base6,4,6.545368353525797,0.0604481343869811,0.0854865714702202,2,42 43,extended,0.001,runs/a6_optimization_convergence_audit_20260815_000000/a6_seed_mean_curves.csv,training-seed mean +/- standard error from matched extended-budget runs
emg,EMG,val_SDR,Validation SDR (dB),6,base6,5,6.632692760891384,0.0171141271237975,0.0242030306866517,2,42 43,extended,0.001,runs/a6_optimization_convergence_audit_20260815_000000/a6_seed_mean_curves.csv,training-seed mean +/- standard error from matched extended-budget runs
emg,EMG,val_SDR,Validation SDR (dB),6,base6,6,6.699638260735406,0.0350063112046985,0.0495064000743379,2,42 43,extended,0.001,runs/a6_optimization_convergence_audit_20260815_000000/a6_seed_mean_curves.csv,training-seed mean +/- standard error from matched extended-budget runs
emg,EMG,val_SDR,Validation SDR (dB),6,base6,7,6.745634714762369,0.0001929777639886,0.0002729117710691,2,42 43,extended,0.001,runs/a6_optimization_convergence_audit_20260815_000000/a6_seed_mean_curves.csv,training-seed mean +/- standard error from matched extended-budget runs
emg,EMG,val_SDR,Validation SDR (dB),6,base6,8,6.780051116590147,0.0324602391984729,0.0459057105123552,2,42 43,extended,0.001,runs/a6_optimization_convergence_audit_20260815_000000/a6_seed_mean_curves.csv,training-seed mean +/- standard error from matched extended-budget runs
emg,EMG,val_SDR,Validation SDR (dB),6,base6,9,6.773242252844351,0.0126352928302906,0.0178690024851525,2,42 43,extended,0.001,runs/a6_optimization_convergence_audit_20260815_000000/a6_seed_mean_curves.csv,training-seed mean +/- standard error from matched extended-budget runs
emg,EMG,val_SDR,Validation SDR (dB),6,base6,10,6.83093660849112,0.0036243685969599,0.0051256312248598,2,42 43,extended,0.001,runs/a6_optimization_convergence_audit_20260815_000000/a6_seed_mean_curves.csv,training-seed mean +/- standard error from matched extended-budget runs
emg,EMG,val_SDR,Validation SDR (dB),6,base6,11,6.847146184356124,0.0392990730426929,0.0555772820856673,2,42 43,extended,0.001,runs/a6_optimization_convergence_audit_20260815_000000/a6_seed_mean_curves.csv,training-seed mean +/- standard error from matched extended-budget runs
emg,EMG,val_SDR,Validation SDR (dB),6,base6,12,6.798787302441067,0.0872332873167818,0.1233664980137817,2,42 43,extended,0.001,runs/a6_optimization_convergence_audit_20260815_000000/a6_seed_mean_curves.csv,training-seed mean +/- standard error from matched extended-budget runs
emg,EMG,val_SDR,Validation SDR (dB),6,base6,13,6.858202068893998,0.0461632587291576,0.0652847065781128,2,42 43,extended,0.001,runs/a6_optimization_convergence_audit_20260815_000000/a6_seed_mean_curves.csv,training-seed mean +/- standard error from matched extended-budget runs
emg,EMG,val_SDR,Validation SDR (dB),6,base6,14,6.892002476586236,0.0316355140120894,0.0447393729685409,2,42 43,extended,0.001,runs/a6_optimization_convergence_audit_20260815_000000/a6_seed_mean_curves.csv,training-seed mean +/- standard error from matched extended-budget runs
emg,EMG,val_SDR,Validation SDR (dB),6,base6,15,6.85976289819788,0.0270958653202759,0.038319340220169,2,42 43,extended,0.001,runs/a6_optimization_convergence_audit_20260815_000000/a6_seed_mean_curves.csv,training-seed mean +/- standard error from matched extended-budget runs
emg,EMG,val_SDR,Validation SDR (dB),6,base6,16,6.904731476748431,0.00161193035267,0.0022796137663468,2,42 43,extended,0.001,runs/a6_optimization_convergence_audit_20260815_000000/a6_seed_mean_curves.csv,training-seed mean +/- standard error from matched extended-budget runs
emg,EMG,val_SDR,Validation SDR (dB),6,base6,17,6.877706050872803,0.056800559714988,0.080328121899319,2,42 43,extended,0.001,runs/a6_optimization_convergence_audit_20260815_000000/a6_seed_mean_curves.csv,training-seed mean +/- standard error from matched extended-budget runs
emg,EMG,val_SDR,Validation SDR (dB),6,base6,18,6.884043702372798,0.0591294412259699,0.0836216577173095,2,42 43,extended,0.001,runs/a6_optimization_convergence_audit_20260815_000000/a6_seed_mean_curves.csv,training-seed mean +/- standard error from matched extended-budget runs
emg,EMG,val_SDR,Validation SDR (dB),6,base6,19,6.920396036571926,0.0248037355917474,0.0350777792713654,2,42 43,extended,0.001,runs/a6_optimization_convergence_audit_20260815_000000/a6_seed_mean_curves.csv,training-seed mean +/- standard error from matched extended-budget runs
emg,EMG,val_SDR,Validation SDR (dB),6,base6,20,6.862173045123065,0.0374751974035194,0.0529979324206662,2,42 43,extended,0.001,runs/a6_optimization_convergence_audit_20260815_000000/a6_seed_mean_curves.csv,training-seed mean +/- standard error from matched extended-budget runs
emg,EMG,val_SDR,Validation SDR (dB),6,base6,21,6.942807453650016,0.0303280883365206,0.0428903938463568,2,42 43,extended,0.001,runs/a6_optimization_convergence_audit_20260815_000000/a6_seed_mean_curves.csv,training-seed mean +/- standard error from matched extended-budget runs
emg,EMG,val_SDR,Validation SDR (dB),6,base6,22,6.947889177887529,0.0106948305059364,0.0151247743487768,2,42 43,extended,0.001,runs/a6_optimization_convergence_audit_20260815_000000/a6_seed_mean_curves.csv,training-seed mean +/- standard error from matched extended-budget runs
emg,EMG,val_SDR,Validation SDR (dB),6,base6,23,6.9553872214423285,0.0084640891463667,0.0119700296639267,2,42 43,extended,0.001,runs/a6_optimization_convergence_audit_20260815_000000/a6_seed_mean_curves.csv,training-seed mean +/- standard error from matched extended-budget runs
emg,EMG,val_SDR,Validation SDR (dB),6,base6,24,6.958255149700024,0.0062461429172091,0.0088333800260378,2,42 43,extended,0.001,runs/a6_optimization_convergence_audit_20260815_000000/a6_seed_mean_curves.csv,training-seed mean +/- standard error from matched extended-budget runs
emg,EMG,val_SDR,Validation SDR (dB),6,base6,25,6.954429617634526,0.0008570264886929,0.0012120184836224,2,42 43,extended,0.001,runs/a6_optimization_convergence_audit_20260815_000000/a6_seed_mean_curves.csv,training-seed mean +/- standard error from matched extended-budget runs
emg,EMG,val_SDR,Validation SDR (dB),6,base6,26,6.964600518897727,0.0004779939298278,0.0006759854982945,2,42 43,extended,0.001,runs/a6_optimization_convergence_audit_20260815_000000/a6_seed_mean_curves.csv,training-seed mean +/- standard error from matched extended-budget runs
emg,EMG,val_SDR,Validation SDR (dB),6,base6,27,6.954140371746487,0.0257219296914557,0.0363763018200638,2,42 43,extended,0.001,runs/a6_optimization_convergence_audit_20260815_000000/a6_seed_mean_curves.csv,training-seed mean +/- standard error from matched extended-budget runs
emg,EMG,val_SDR,Validation SDR (dB),6,base6,28,6.993137633358991,0.0094565020667181,0.0133735134753619,2,42 43,extended,0.001,runs/a6_optimization_convergence_audit_20260815_000000/a6_seed_mean_curves.csv,training-seed mean +/- standard error from matched extended-budget runs
emg,EMG,val_SDR,Validation SDR (dB),6,base6,29,6.990562421304208,0.0094886355929904,0.0134189571440231,2,42 43,extended,0.001,runs/a6_optimization_convergence_audit_20260815_000000/a6_seed_mean_curves.csv,training-seed mean +/- standard error from matched extended-budget runs
emg,EMG,val_SDR,Validation SDR (dB),6,base6,30,7.005608708770187,0.0209157290282071,0.0295793076586111,2,42 43,extended,0.001,runs/a6_optimization_convergence_audit_20260815_000000/a6_seed_mean_curves.csv,training-seed mean +/- standard error from matched extended-budget runs
emg,EMG,val_SDR,Validation SDR (dB),6,base6,31,6.959753098311248,0.0051740805308022,0.0073172548594711,2,42 43,extended,0.001,runs/a6_optimization_convergence_audit_20260815_000000/a6_seed_mean_curves.csv,training-seed mean +/- standard error from matched extended-budget runs
emg,EMG,val_SDR,Validation SDR (dB),6,base6,32,6.986307638662833,0.0216705887405961,0.0306468405015607,2,42 43,extended,0.001,runs/a6_optimization_convergence_audit_20260815_000000/a6_seed_mean_curves.csv,training-seed mean +/- standard error from matched extended-budget runs
emg,EMG,val_SDR,Validation SDR (dB),6,base6,33,6.98820232462,0.0186145747149435,0.0263249840196804,2,42 43,extended,0.001,runs/a6_optimization_convergence_audit_20260815_000000/a6_seed_mean_curves.csv,training-seed mean +/- standard error from matched extended-budget runs
emg,EMG,val_SDR,Validation SDR (dB),6,base6,34,7.013312410425257,0.0117350154452853,0.0165958179973802,2,42 43,extended,0.001,runs/a6_optimization_convergence_audit_20260815_000000/a6_seed_mean_curves.csv,training-seed mean +/- standard error from matched extended-budget runs
emg,EMG,val_SDR,Validation SDR (dB),6,base6,35,7.025772642206263,0.0226318218089915,0.0320062293434871,2,42 43,extended,0.001,runs/a6_optimization_convergence_audit_20260815_000000/a6_seed_mean_curves.csv,training-seed mean +/- standard error from matched extended-budget runs
emg,EMG,val_SDR,Validation SDR (dB),6,base6,36,6.934061933446814,0.0642674057571977,0.0908878368403637,2,42 43,extended,0.001,runs/a6_optimization_convergence_audit_20260815_000000/a6_seed_mean_curves.csv,training-seed mean +/- standard error from matched extended-budget runs
emg,EMG,val_SDR,Validation SDR (dB),6,base6,37,7.001871047196564,0.001200525848954,0.0016977999375702,2,42 43,extended,0.001,runs/a6_optimization_convergence_audit_20260815_000000/a6_seed_mean_curves.csv,training-seed mean +/- standard error from matched extended-budget runs
emg,EMG,val_SDR,Validation SDR (dB),6,base6,38,7.0224320535306575,0.0225683406547263,0.0319164534341701,2,42 43,extended,0.001,runs/a6_optimization_convergence_audit_20260815_000000/a6_seed_mean_curves.csv,training-seed mean +/- standard error from matched extended-budget runs
emg,EMG,val_SDR,Validation SDR (dB),6,base6,39,7.038100595827457,0.0131414554737232,0.0185848245602615,2,42 43,extended,0.001,runs/a6_optimization_convergence_audit_20260815_000000/a6_seed_mean_curves.csv,training-seed mean +/- standard error from matched extended-budget runs
emg,EMG,val_SDR,Validation SDR (dB),6,base6,40,7.0370374608922885,0.0139176580641002,0.0196825407907218,2,42 43,extended,0.001,runs/a6_optimization_convergence_audit_20260815_000000/a6_seed_mean_curves.csv,training-seed mean +/- standard error from matched extended-budget runs
emg,EMG,val_SDR,Validation SDR (dB),6,base6,41,7.0226435308103206,0.0117664690370911,0.0166403000934973,2,42 43,extended,0.001,runs/a6_optimization_convergence_audit_20260815_000000/a6_seed_mean_curves.csv,training-seed mean +/- standard error from matched extended-budget runs
emg,EMG,val_SDR,Validation SDR (dB),6,base6,42,7.04040985637241,0.0052239541654235,0.0073877868299573,2,42 43,extended,0.001,runs/a6_optimization_convergence_audit_20260815_000000/a6_seed_mean_curves.csv,training-seed mean +/- standard error from matched extended-budget runs
emg,EMG,val_SDR,Validation SDR (dB),6,base6,43,7.023474022194192,0.0024998452928328,0.0035353151169587,2,42 43,extended,0.001,runs/a6_optimization_convergence_audit_20260815_000000/a6_seed_mean_curves.csv,training-seed mean +/- standard error from matched extended-budget runs
emg,EMG,val_SDR,Validation SDR (dB),6,base6,44,7.013865974214342,0.0323912920775235,0.045808204558822,2,42 43,extended,0.001,runs/a6_optimization_convergence_audit_20260815_000000/a6_seed_mean_curves.csv,training-seed mean +/- standard error from matched extended-budget runs
emg,EMG,val_SDR,Validation SDR (dB),6,base6,45,7.049435862788448,0.0072213455482765,0.0102125248129553,2,42 43,extended,0.001,runs/a6_optimization_convergence_audit_20260815_000000/a6_seed_mean_curves.csv,training-seed mean +/- standard error from matched extended-budget runs
emg,EMG,val_SDR,Validation SDR (dB),6,base6,46,7.032839439533375,0.0293776900679976,0.0415463277253556,2,42 43,extended,0.001,runs/a6_optimization_convergence_audit_20260815_000000/a6_seed_mean_curves.csv,training-seed mean +/- standard error from matched extended-budget runs
emg,EMG,val_SDR,Validation SDR (dB),6,base6,47,7.051029752801966,0.007050019723398,0.0099702335078273,2,42 43,extended,0.001,runs/a6_optimization_convergence_audit_20260815_000000/a6_seed_mean_curves.csv,training-seed mean +/- standard error from matched extended-budget runs
emg,EMG,val_SDR,Validation SDR (dB),6,base6,48,7.054723633660211,0.0161274980615688,0.0228077264858165,2,42 43,extended,0.001,runs/a6_optimization_convergence_audit_20260815_000000/a6_seed_mean_curves.csv,training-seed mean +/- standard error from matched extended-budget runs
emg,EMG,val_SDR,Validation SDR (dB),6,base6,49,7.061440697422734,0.0077052293000399,0.010896839777311,2,42 43,extended,0.001,runs/a6_optimization_convergence_audit_20260815_000000/a6_seed_mean_curves.csv,training-seed mean +/- standard error from matched extended-budget runs
emg,EMG,val_SDR,Validation SDR (dB),6,base6,50,7.0530459086100254,0.0079307202939635,0.0112157321991108,2,42 43,extended,0.001,runs/a6_optimization_convergence_audit_20260815_000000/a6_seed_mean_curves.csv,training-seed mean +/- standard error from matched extended-budget runs
emg,EMG,val_SDR,Validation SDR (dB),6,base6,51,7.049265437655979,0.0028105665136268,0.0039747412815227,2,42 43,extended,0.001,runs/a6_optimization_convergence_audit_20260815_000000/a6_seed_mean_curves.csv,training-seed mean +/- standard error from matched extended-budget runs
emg,EMG,val_SDR,Validation SDR (dB),6,base6,52,7.0590618539739545,0.0120836098988852,0.0170888050014292,2,42 43,extended,0.001,runs/a6_optimization_convergence_audit_20260815_000000/a6_seed_mean_curves.csv,training-seed mean +/- standard error from matched extended-budget runs
emg,EMG,val_SDR,Validation SDR (dB),6,base6,53,7.057399493676645,0.0006875197092695,0.0009722996972477,2,42 43,extended,0.001,runs/a6_optimization_convergence_audit_20260815_000000/a6_seed_mean_curves.csv,training-seed mean +/- standard error from matched extended-budget runs
emg,EMG,val_SDR,Validation SDR (dB),6,base6,54,7.062226233658967,0.0054288528583668,0.0076775573404302,2,42 43,extended,0.001,runs/a6_optimization_convergence_audit_20260815_000000/a6_seed_mean_curves.csv,training-seed mean +/- standard error from matched extended-budget runs
emg,EMG,val_SDR,Validation SDR (dB),6,base6,55,7.056970658125701,0.0086380728968866,0.0122160798435445,2,42 43,extended,0.001,runs/a6_optimization_convergence_audit_20260815_000000/a6_seed_mean_curves.csv,training-seed mean +/- standard error from matched extended-budget runs
emg,EMG,val_SDR,Validation SDR (dB),6,base6,56,7.067186761785436,0.0037983964990684,0.005371743844253,2,42 43,extended,0.001,runs/a6_optimization_convergence_audit_20260815_000000/a6_seed_mean_curves.csv,training-seed mean +/- standard error from matched extended-budget runs
emg,EMG,val_SDR,Validation SDR (dB),6,base6,57,7.067618414207741,0.0042737060123019,0.0060439330041928,2,42 43,extended,0.001,runs/a6_optimization_convergence_audit_20260815_000000/a6_seed_mean_curves.csv,training-seed mean +/- standard error from matched extended-budget runs
emg,EMG,val_SDR,Validation SDR (dB),6,base6,58,7.070283095041911,0.0080027403654874,0.0113175839610229,2,42 43,extended,0.001,runs/a6_optimization_convergence_audit_20260815_000000/a6_seed_mean_curves.csv,training-seed mean +/- standard error from matched extended-budget runs
emg,EMG,val_SDR,Validation SDR (dB),6,base6,59,7.068296167585585,0.0080678727891712,0.0114096951179467,2,42 43,extended,0.001,runs/a6_optimization_convergence_audit_20260815_000000/a6_seed_mean_curves.csv,training-seed mean +/- standard error from matched extended-budget runs
emg,EMG,val_SDR,Validation SDR (dB),6,base6,60,7.070773698665477,0.0087258462552668,0.0123402101173808,2,42 43,extended,0.001,runs/a6_optimization_convergence_audit_20260815_000000/a6_seed_mean_curves.csv,training-seed mean +/- standard error from matched extended-budget runs
emg,EMG,val_SDR,Validation SDR (dB),6,base6,61,7.073910563080399,0.0088235095695212,0.0124783269009457,2,42 43,extended,0.001,runs/a6_optimization_convergence_audit_20260815_000000/a6_seed_mean_curves.csv,training-seed mean +/- standard error from matched extended-budget runs
emg,EMG,val_SDR,Validation SDR (dB),6,base6,62,7.071195169731423,0.0061559942033553,0.0087058904922752,2,42 43,extended,0.001,runs/a6_optimization_convergence_audit_20260815_000000/a6_seed_mean_curves.csv,training-seed mean +/- standard error from matched extended-budget runs
emg,EMG,val_SDR,Validation SDR (dB),6,base6,63,7.074183799602368,0.0060350276805736,0.0085348179951642,2,42 43,extended,0.001,runs/a6_optimization_convergence_audit_20260815_000000/a6_seed_mean_curves.csv,training-seed mean +/- standard error from matched extended-budget runs
emg,EMG,val_SDR,Validation SDR (dB),6,base6,64,7.076311676590532,0.006556193033854,0.0092718571060123,2,42 43,extended,0.001,runs/a6_optimization_convergence_audit_20260815_000000/a6_seed_mean_curves.csv,training-seed mean +/- standard error from matched extended-budget runs
emg,EMG,val_SDR,Validation SDR (dB),6,base6,65,7.076117656849049,0.0080875467371059,0.0114375182819415,2,42 43,extended,0.001,runs/a6_optimization_convergence_audit_20260815_000000/a6_seed_mean_curves.csv,training-seed mean +/- standard error from matched extended-budget runs
emg,EMG,val_SDR,Validation SDR (dB),6,base6,66,7.077628824445936,0.0059030144302933,0.008348123066205,2,42 43,extended,0.001,runs/a6_optimization_convergence_audit_20260815_000000/a6_seed_mean_curves.csv,training-seed mean +/- standard error from matched extended-budget runs
emg,EMG,val_SDR,Validation SDR (dB),6,base6,67,7.0765588371842,0.0065647054601596,0.0092838954947424,2,42 43,extended,0.001,runs/a6_optimization_convergence_audit_20260815_000000/a6_seed_mean_curves.csv,training-seed mean +/- standard error from matched extended-budget runs
emg,EMG,val_SDR,Validation SDR (dB),6,base6,68,7.077068231723926,0.006207404313264,0.0087785953669512,2,42 43,extended,0.001,runs/a6_optimization_convergence_audit_20260815_000000/a6_seed_mean_curves.csv,training-seed mean +/- standard error from matched extended-budget runs
emg,EMG,val_SDR,Validation SDR (dB),6,base6,69,7.076927388155902,0.0070032985122114,0.0099041597373168,2,42 43,extended,0.001,runs/a6_optimization_convergence_audit_20260815_000000/a6_seed_mean_curves.csv,training-seed mean +/- standard error from matched extended-budget runs
emg,EMG,val_SDR,Validation SDR (dB),6,base6,70,7.076351395359746,0.0051489935980901,0.0072817765789913,2,42 43,extended,0.001,runs/a6_optimization_convergence_audit_20260815_000000/a6_seed_mean_curves.csv,training-seed mean +/- standard error from matched extended-budget runs
emg,EMG,val_SDR,Validation SDR (dB),6,base6,71,7.076646857791477,0.0076113630224159,0.0107640928144456,2,42 43,extended,0.001,runs/a6_optimization_convergence_audit_20260815_000000/a6_seed_mean_curves.csv,training-seed mean +/- standard error from matched extended-budget runs
emg,EMG,val_SDR,Validation SDR (dB),6,base6,72,7.0774796273973255,0.0060590108235678,0.008568735281255,2,42 43,extended,0.001,runs/a6_optimization_convergence_audit_20260815_000000/a6_seed_mean_curves.csv,training-seed mean +/- standard error from matched extended-budget runs
emg,EMG,val_SDR,Validation SDR (dB),6,base6,73,7.07769180227209,0.0068551699320478,0.0096946742902742,2,42 43,extended,0.001,runs/a6_optimization_convergence_audit_20260815_000000/a6_seed_mean_curves.csv,training-seed mean +/- standard error from matched extended-budget runs
emg,EMG,val_SDR,Validation SDR (dB),6,base6,74,7.078974414754796,0.0067369054864951,0.0095274231074272,2,42 43,extended,0.001,runs/a6_optimization_convergence_audit_20260815_000000/a6_seed_mean_curves.csv,training-seed mean +/- standard error from matched extended-budget runs
emg,EMG,val_SDR,Validation SDR (dB),6,base6,75,7.078012907946551,0.00572430645978,0.0080953918306008,2,42 43,extended,0.001,runs/a6_optimization_convergence_audit_20260815_000000/a6_seed_mean_curves.csv,training-seed mean +/- standard error from matched extended-budget runs
emg,EMG,val_SDR,Validation SDR (dB),16,base16,1,5.857046657138401,0.2206716537475586,0.312076845561097,2,42 43,extended,0.001,runs/a6_optimization_convergence_audit_20260815_000000/a6_seed_mean_curves.csv,training-seed mean +/- standard error from matched extended-budget runs
emg,EMG,val_SDR,Validation SDR (dB),16,base16,2,6.640012352554886,0.0124440369782625,0.0175985258653312,2,42 43,extended,0.001,runs/a6_optimization_convergence_audit_20260815_000000/a6_seed_mean_curves.csv,training-seed mean +/- standard error from matched extended-budget runs
emg,EMG,val_SDR,Validation SDR (dB),16,base16,3,6.824385537041558,0.005389584435357,0.0076220234040369,2,42 43,extended,0.001,runs/a6_optimization_convergence_audit_20260815_000000/a6_seed_mean_curves.csv,training-seed mean +/- standard error from matched extended-budget runs
emg,EMG,val_SDR,Validation SDR (dB),16,base16,4,6.874765925937229,0.0131154590182833,0.0185480600204048,2,42 43,extended,0.001,runs/a6_optimization_convergence_audit_20260815_000000/a6_seed_mean_curves.csv,training-seed mean +/- standard error from matched extended-budget runs
emg,EMG,val_SDR,Validation SDR (dB),16,base16,5,6.934074198758161,0.0101595719655356,0.0143678044615659,2,42 43,extended,0.001,runs/a6_optimization_convergence_audit_20260815_000000/a6_seed_mean_curves.csv,training-seed mean +/- standard error from matched extended-budget runs
emg,EMG,val_SDR,Validation SDR (dB),16,base16,6,6.929940930119267,0.0146740807427301,0.0207522840017268,2,42 43,extended,0.001,runs/a6_optimization_convergence_audit_20260815_000000/a6_seed_mean_curves.csv,training-seed mean +/- standard error from matched extended-budget runs
emg,EMG,val_SDR,Validation SDR (dB),16,base16,7,6.869386946713483,0.0576929604565656,0.0815901671311298,2,42 43,extended,0.001,runs/a6_optimization_convergence_audit_20260815_000000/a6_seed_mean_curves.csv,training-seed mean +/- standard error from matched extended-budget runs
emg,EMG,val_SDR,Validation SDR (dB),16,base16,8,6.952262277956362,0.0135746002197265,0.0191973837345301,2,42 43,extended,0.001,runs/a6_optimization_convergence_audit_20260815_000000/a6_seed_mean_curves.csv,training-seed mean +/- standard error from matched extended-budget runs
emg,EMG,val_SDR,Validation SDR (dB),16,base16,9,6.977642324235704,0.0064414165638111,0.0091095386654364,2,42 43,extended,0.001,runs/a6_optimization_convergence_audit_20260815_000000/a6_seed_mean_curves.csv,training-seed mean +/- standard error from matched extended-budget runs
emg,EMG,val_SDR,Validation SDR (dB),16,base16,10,6.990444245161834,0.0077104303571915,0.0109041951828735,2,42 43,extended,0.001,runs/a6_optimization_convergence_audit_20260815_000000/a6_seed_mean_curves.csv,training-seed mean +/- standard error from matched extended-budget runs
emg,EMG,val_SDR,Validation SDR (dB),16,base16,11,6.908929692374336,0.0040854789592601,0.0057777397529756,2,42 43,extended,0.001,runs/a6_optimization_convergence_audit_20260815_000000/a6_seed_mean_curves.csv,training-seed mean +/- standard error from matched extended-budget runs
emg,EMG,val_SDR,Validation SDR (dB),16,base16,12,6.985603482634932,0.0100620675970009,0.0142299124611935,2,42 43,extended,0.001,runs/a6_optimization_convergence_audit_20260815_000000/a6_seed_mean_curves.csv,training-seed mean +/- standard error from matched extended-budget runs
emg,EMG,val_SDR,Validation SDR (dB),16,base16,13,6.953540007273356,0.0673219186288336,0.0952075703698744,2,42 43,extended,0.001,runs/a6_optimization_convergence_audit_20260815_000000/a6_seed_mean_curves.csv,training-seed mean +/- standard error from matched extended-budget runs
emg,EMG,val_SDR,Validation SDR (dB),16,base16,14,7.0012280764403165,0.0482467457100197,0.0682312021234758,2,42 43,extended,0.001,runs/a6_optimization_convergence_audit_20260815_000000/a6_seed_mean_curves.csv,training-seed mean +/- standard error from matched extended-budget runs
emg,EMG,val_SDR,Validation SDR (dB),16,base16,15,6.97447512767933,0.0174827487380415,0.0247243403728994,2,42 43,extended,0.001,runs/a6_optimization_convergence_audit_20260815_000000/a6_seed_mean_curves.csv,training-seed mean +/- standard error from matched extended-budget runs
emg,EMG,val_SDR,Validation SDR (dB),16,base16,16,7.007805153175637,0.044649600982666,0.0631440712642333,2,42 43,extended,0.001,runs/a6_optimization_convergence_audit_20260815_000000/a6_seed_mean_curves.csv,training-seed mean +/- standard error from matched extended-budget runs
emg,EMG,val_SDR,Validation SDR (dB),16,base16,17,6.935782344252974,0.0716101681744612,0.1012720710361412,2,42 43,extended,0.001,runs/a6_optimization_convergence_audit_20260815_000000/a6_seed_mean_curves.csv,training-seed mean +/- standard error from matched extended-budget runs
emg,EMG,val_SDR,Validation SDR (dB),16,base16,18,6.9109781053331165,0.0298374317310474,0.0421965006204286,2,42 43,extended,0.001,runs/a6_optimization_convergence_audit_20260815_000000/a6_seed_mean_curves.csv,training-seed mean +/- standard error from matched extended-budget runs
emg,EMG,val_SDR,Validation SDR (dB),16,base16,19,6.958066931477299,0.0202762020958795,0.0286748799974106,2,42 43,extended,0.001,runs/a6_optimization_convergence_audit_20260815_000000/a6_seed_mean_curves.csv,training-seed mean +/- standard error from matched extended-budget runs
emg,EMG,val_SDR,Validation SDR (dB),16,base16,20,6.902636439711959,0.0273995046262389,0.0387487510447315,2,42 43,extended,0.001,runs/a6_optimization_convergence_audit_20260815_000000/a6_seed_mean_curves.csv,training-seed mean +/- standard error from matched extended-budget runs
emg,EMG,val_SDR,Validation SDR (dB),16,base16,21,6.828198918589839,0.0110063994372335,0.0155653993570313,2,42 43,extended,0.001,runs/a6_optimization_convergence_audit_20260815_000000/a6_seed_mean_curves.csv,training-seed mean +/- standard error from matched extended-budget runs
emg,EMG,val_SDR,Validation SDR (dB),16,base16,22,6.93073034286499,0.0342656947948318,0.0484590103029884,2,42 43,extended,0.001,runs/a6_optimization_convergence_audit_20260815_000000/a6_seed_mean_curves.csv,training-seed mean +/- standard error from matched extended-budget runs
emg,EMG,val_SDR,Validation SDR (dB),16,base16,23,6.891844184310347,0.0577594439188637,0.0816841889451853,2,42 43,extended,0.001,runs/a6_optimization_convergence_audit_20260815_000000/a6_seed_mean_curves.csv,training-seed mean +/- standard error from matched extended-budget runs
emg,EMG,val_SDR,Validation SDR (dB),16,base16,24,6.916402057365135,0.019700845082601,0.0278612023060257,2,42 43,extended,0.001,runs/a6_optimization_convergence_audit_20260815_000000/a6_seed_mean_curves.csv,training-seed mean +/- standard error from matched extended-budget runs
emg,EMG,val_SDR,Validation SDR (dB),16,base16,25,6.908300514574404,0.0826880225428832,0.1169385229259576,2,42 43,extended,0.001,runs/a6_optimization_convergence_audit_20260815_000000/a6_seed_mean_curves.csv,training-seed mean +/- standard error from matched extended-budget runs
emg,EMG,val_SDR,Validation SDR (dB),16,base16,26,6.855185234988177,0.0825589939400002,0.1167560489258264,2,42 43,extended,0.001,runs/a6_optimization_convergence_audit_20260815_000000/a6_seed_mean_curves.csv,training-seed mean +/- standard error from matched extended-budget runs
emg,EMG,val_SDR,Validation SDR (dB),16,base16,27,6.908276319503784,0.0330303598333285,0.0467119828463568,2,42 43,extended,0.001,runs/a6_optimization_convergence_audit_20260815_000000/a6_seed_mean_curves.csv,training-seed mean +/- standard error from matched extended-budget runs
emg,EMG,val_SDR,Validation SDR (dB),16,base16,28,6.835615634918213,0.0280544492933483,0.0396749826755614,2,42 43,extended,0.001,runs/a6_optimization_convergence_audit_20260815_000000/a6_seed_mean_curves.csv,training-seed mean +/- standard error from matched extended-budget runs
emg,EMG,val_SDR,Validation SDR (dB),16,base16,29,6.852159641407154,0.0602441010651766,0.0851980247793482,2,42 43,extended,0.001,runs/a6_optimization_convergence_audit_20260815_000000/a6_seed_mean_curves.csv,training-seed mean +/- standard error from matched extended-budget runs
emg,EMG,val_SDR,Validation SDR (dB),16,base16,30,6.811681977024785,0.0911738607618541,0.1289393104233303,2,42 43,extended,0.001,runs/a6_optimization_convergence_audit_20260815_000000/a6_seed_mean_curves.csv,training-seed mean +/- standard error from matched extended-budget runs
emg,EMG,val_SDR,Validation SDR (dB),16,base16,31,6.910598278045654,0.0363702597441495,0.0514353145972084,2,42 43,extended,0.001,runs/a6_optimization_convergence_audit_20260815_000000/a6_seed_mean_curves.csv,training-seed mean +/- standard error from matched extended-budget runs
emg,EMG,val_SDR,Validation SDR (dB),16,base16,32,6.771239563270852,0.0765961187857171,0.1083232700119017,2,42 43,extended,0.001,runs/a6_optimization_convergence_audit_20260815_000000/a6_seed_mean_curves.csv,training-seed mean +/- standard error from matched extended-budget runs
emg,EMG,val_SDR,Validation SDR (dB),16,base16,33,6.795052961066917,0.0332632153122514,0.0470412902227223,2,42 43,extended,0.001,runs/a6_optimization_convergence_audit_20260815_000000/a6_seed_mean_curves.csv,training-seed mean +/- standard error from matched extended-budget runs
emg,EMG,val_SDR,Validation SDR (dB),16,base16,34,6.799870906052766,0.0063195670092546,0.0089372173728134,2,42 43,extended,0.001,runs/a6_optimization_convergence_audit_20260815_000000/a6_seed_mean_curves.csv,training-seed mean +/- standard error from matched extended-budget runs
emg,EMG,val_SDR,Validation SDR (dB),16,base16,35,6.834504312939114,0.0530684877324989,0.0750501750859302,2,42 43,extended,0.001,runs/a6_optimization_convergence_audit_20260815_000000/a6_seed_mean_curves.csv,training-seed mean +/- standard error from matched extended-budget runs
emg,EMG,val_SDR,Validation SDR (dB),16,base16,36,6.805340298899898,0.056697960253115,0.0801830243488459,2,42 43,extended,0.001,runs/a6_optimization_convergence_audit_20260815_000000/a6_seed_mean_curves.csv,training-seed mean +/- standard error from matched extended-budget runs
emg,EMG,val_SDR,Validation SDR (dB),16,base16,37,6.776505514427468,0.0057224256021002,0.0080927318961611,2,42 43,extended,0.001,runs/a6_optimization_convergence_audit_20260815_000000/a6_seed_mean_curves.csv,training-seed mean +/- standard error from matched extended-budget runs
emg,EMG,val_SDR,Validation SDR (dB),16,base16,38,6.783063420542964,0.0762088122191251,0.1077755358126311,2,42 43,extended,0.001,runs/a6_optimization_convergence_audit_20260815_000000/a6_seed_mean_curves.csv,training-seed mean +/- standard error from matched extended-budget runs
emg,EMG,val_SDR,Validation SDR (dB),16,base16,39,6.729340615095916,0.0371539062923855,0.0525435581738307,2,42 43,extended,0.001,runs/a6_optimization_convergence_audit_20260815_000000/a6_seed_mean_curves.csv,training-seed mean +/- standard error from matched extended-budget runs
emg,EMG,val_SDR,Validation SDR (dB),16,base16,40,6.732512836103085,0.0574203155658863,0.0812045890290194,2,42 43,extended,0.001,runs/a6_optimization_convergence_audit_20260815_000000/a6_seed_mean_curves.csv,training-seed mean +/- standard error from matched extended-budget runs
emg,EMG,val_SDR,Validation SDR (dB),16,base16,41,6.780692391925388,0.0804682042863631,0.1137992258415835,2,42 43,extended,0.001,runs/a6_optimization_convergence_audit_20260815_000000/a6_seed_mean_curves.csv,training-seed mean +/- standard error from matched extended-budget runs
emg,EMG,val_SDR,Validation SDR (dB),16,base16,42,6.790232278682568,0.0088125069936118,0.0124627669088735,2,42 43,extended,0.001,runs/a6_optimization_convergence_audit_20260815_000000/a6_seed_mean_curves.csv,training-seed mean +/- standard error from matched extended-budget runs
emg,EMG,val_SDR,Validation SDR (dB),16,base16,43,6.768411362612689,0.0642303625742592,0.0908354498686587,2,42 43,extended,0.001,runs/a6_optimization_convergence_audit_20260815_000000/a6_seed_mean_curves.csv,training-seed mean +/- standard error from matched extended-budget runs
emg,EMG,val_SDR,Validation SDR (dB),16,base16,44,6.790750477049086,0.0170085606751619,0.0240537371832597,2,42 43,extended,0.001,runs/a6_optimization_convergence_audit_20260815_000000/a6_seed_mean_curves.csv,training-seed mean +/- standard error from matched extended-budget runs
emg,EMG,val_SDR,Validation SDR (dB),16,base16,45,6.79907191241229,0.0336569680107965,0.0475981406292258,2,42 43,extended,0.001,runs/a6_optimization_convergence_audit_20260815_000000/a6_seed_mean_curves.csv,training-seed mean +/- standard error from matched extended-budget runs
emg,EMG,val_SDR,Validation SDR (dB),16,base16,46,6.808838685353598,0.0665166819537126,0.0940687937429981,2,42 43,extended,0.001,runs/a6_optimization_convergence_audit_20260815_000000/a6_seed_mean_curves.csv,training-seed mean +/- standard error from matched extended-budget runs
emg,EMG,val_SDR,Validation SDR (dB),16,base16,47,6.815557214948866,0.0447510260122792,0.0632875079166764,2,42 43,extended,0.001,runs/a6_optimization_convergence_audit_20260815_000000/a6_seed_mean_curves.csv,training-seed mean +/- standard error from matched extended-budget runs
emg,EMG,val_SDR,Validation SDR (dB),16,base16,48,6.802200767729017,0.0482369263966879,0.0682173155173888,2,42 43,extended,0.001,runs/a6_optimization_convergence_audit_20260815_000000/a6_seed_mean_curves.csv,training-seed mean +/- standard error from matched extended-budget runs
emg,EMG,val_SDR,Validation SDR (dB),16,base16,49,6.776106984527023,0.062538155802974,0.0884423081023676,2,42 43,extended,0.001,runs/a6_optimization_convergence_audit_20260815_000000/a6_seed_mean_curves.csv,training-seed mean +/- standard error from matched extended-budget runs
emg,EMG,val_SDR,Validation SDR (dB),16,base16,50,6.751241410220111,0.0501851240793862,0.0709724831024446,2,42 43,extended,0.001,runs/a6_optimization_convergence_audit_20260815_000000/a6_seed_mean_curves.csv,training-seed mean +/- standard error from matched extended-budget runs
emg,EMG,val_SDR,Validation SDR (dB),16,base16,51,6.789457497773347,0.0540631258929216,0.0764568058620537,2,42 43,extended,0.001,runs/a6_optimization_convergence_audit_20260815_000000/a6_seed_mean_curves.csv,training-seed mean +/- standard error from matched extended-budget runs
emg,EMG,val_SDR,Validation SDR (dB),16,base16,52,6.797439787122938,0.0515470504760742,0.0728985378835946,2,42 43,extended,0.001,runs/a6_optimization_convergence_audit_20260815_000000/a6_seed_mean_curves.csv,training-seed mean +/- standard error from matched extended-budget runs
emg,EMG,val_SDR,Validation SDR (dB),16,base16,53,6.788129559269658,0.0443835611696599,0.0627678341525489,2,42 43,extended,0.001,runs/a6_optimization_convergence_audit_20260815_000000/a6_seed_mean_curves.csv,training-seed mean +/- standard error from matched extended-budget runs
emg,EMG,val_SDR,Validation SDR (dB),16,base16,54,6.789503865771824,0.054189408266986,0.0766353961081443,2,42 43,extended,0.001,runs/a6_optimization_convergence_audit_20260815_000000/a6_seed_mean_curves.csv,training-seed mean +/- standard error from matched extended-budget runs
emg,EMG,val_SDR,Validation SDR (dB),16,base16,55,6.785118526882595,0.0105937851799855,0.0149818746784026,2,42 43,extended,0.001,runs/a6_optimization_convergence_audit_20260815_000000/a6_seed_mean_curves.csv,training-seed mean +/- standard error from matched extended-budget runs
emg,EMG,val_SDR,Validation SDR (dB),16,base16,56,6.770951615439521,0.056904766294691,0.0804754922576235,2,42 43,extended,0.001,runs/a6_optimization_convergence_audit_20260815_000000/a6_seed_mean_curves.csv,training-seed mean +/- standard error from matched extended-budget runs
emg,EMG,val_SDR,Validation SDR (dB),16,base16,57,6.752788066864014,0.0541503694322376,0.0765801868585839,2,42 43,extended,0.001,runs/a6_optimization_convergence_audit_20260815_000000/a6_seed_mean_curves.csv,training-seed mean +/- standard error from matched extended-budget runs
emg,EMG,val_SDR,Validation SDR (dB),16,base16,58,6.748570292084306,0.0559385176058166,0.0791090102571921,2,42 43,extended,0.001,runs/a6_optimization_convergence_audit_20260815_000000/a6_seed_mean_curves.csv,training-seed mean +/- standard error from matched extended-budget runs
emg,EMG,val_SDR,Validation SDR (dB),16,base16,59,6.74007972964534,0.0268853946968361,0.0380216898100193,2,42 43,extended,0.001,runs/a6_optimization_convergence_audit_20260815_000000/a6_seed_mean_curves.csv,training-seed mean +/- standard error from matched extended-budget runs
emg,EMG,val_SDR,Validation SDR (dB),16,base16,60,6.753165315698695,0.0443194530628345,0.0626771715984184,2,42 43,extended,0.001,runs/a6_optimization_convergence_audit_20260815_000000/a6_seed_mean_curves.csv,training-seed mean +/- standard error from matched extended-budget runs
emg,EMG,val_SDR,Validation SDR (dB),16,base16,61,6.76358680371885,0.0403680094966181,0.0570889865161232,2,42 43,extended,0.001,runs/a6_optimization_convergence_audit_20260815_000000/a6_seed_mean_curves.csv,training-seed mean +/- standard error from matched extended-budget runs
emg,EMG,val_SDR,Validation SDR (dB),16,base16,62,6.753115680482653,0.0481866642280861,0.0681462340768779,2,42 43,extended,0.001,runs/a6_optimization_convergence_audit_20260815_000000/a6_seed_mean_curves.csv,training-seed mean +/- standard error from matched extended-budget runs
emg,EMG,val_SDR,Validation SDR (dB),16,base16,63,6.755083322525024,0.043559824978864,0.0616028952597078,2,42 43,extended,0.001,runs/a6_optimization_convergence_audit_20260815_000000/a6_seed_mean_curves.csv,training-seed mean +/- standard error from matched extended-budget runs
emg,EMG,val_SDR,Validation SDR (dB),16,base16,64,6.755035947870326,0.0448227458530001,0.0633889350881152,2,42 43,extended,0.001,runs/a6_optimization_convergence_audit_20260815_000000/a6_seed_mean_curves.csv,training-seed mean +/- standard error from matched extended-budget runs
emg,EMG,val_SDR,Validation SDR (dB),16,base16,65,6.74403824629607,0.0354614434418856,0.050150054256841,2,42 43,extended,0.001,runs/a6_optimization_convergence_audit_20260815_000000/a6_seed_mean_curves.csv,training-seed mean +/- standard error from matched extended-budget runs
emg,EMG,val_SDR,Validation SDR (dB),16,base16,66,6.761886269957931,0.046215048542729,0.0653579484348583,2,42 43,extended,0.001,runs/a6_optimization_convergence_audit_20260815_000000/a6_seed_mean_curves.csv,training-seed mean +/- standard error from matched extended-budget runs
emg,EMG,val_SDR,Validation SDR (dB),16,base16,67,6.757760030251962,0.0438060230678982,0.0619510719362503,2,42 43,extended,0.001,runs/a6_optimization_convergence_audit_20260815_000000/a6_seed_mean_curves.csv,training-seed mean +/- standard error from matched extended-budget runs
emg,EMG,val_SDR,Validation SDR (dB),16,base16,68,6.746873105013812,0.0533088843027749,0.0753901471759624,2,42 43,extended,0.001,runs/a6_optimization_convergence_audit_20260815_000000/a6_seed_mean_curves.csv,training-seed mean +/- standard error from matched extended-budget runs
emg,EMG,val_SDR,Validation SDR (dB),16,base16,69,6.755639032081321,0.0490150363356978,0.0693177291461539,2,42 43,extended,0.001,runs/a6_optimization_convergence_audit_20260815_000000/a6_seed_mean_curves.csv,training-seed mean +/- standard error from matched extended-budget runs
emg,EMG,val_SDR,Validation SDR (dB),16,base16,70,6.742995712492201,0.0550541259624339,0.0778582916006708,2,42 43,extended,0.001,runs/a6_optimization_convergence_audit_20260815_000000/a6_seed_mean_curves.csv,training-seed mean +/- standard error from matched extended-budget runs
emg,EMG,val_SDR,Validation SDR (dB),16,base16,71,6.751910130182901,0.0475450356801352,0.0672388342823599,2,42 43,extended,0.001,runs/a6_optimization_convergence_audit_20260815_000000/a6_seed_mean_curves.csv,training-seed mean +/- standard error from matched extended-budget runs
emg,EMG,val_SDR,Validation SDR (dB),16,base16,72,6.752369006474813,0.0493857330746121,0.069841973501854,2,42 43,extended,0.001,runs/a6_optimization_convergence_audit_20260815_000000/a6_seed_mean_curves.csv,training-seed mean +/- standard error from matched extended-budget runs
emg,EMG,val_SDR,Validation SDR (dB),16,base16,73,6.753332261685972,0.0474081745854126,0.0670452834660421,2,42 43,extended,0.001,runs/a6_optimization_convergence_audit_20260815_000000/a6_seed_mean_curves.csv,training-seed mean +/- standard error from matched extended-budget runs
emg,EMG,val_SDR,Validation SDR (dB),16,base16,74,6.748874452379015,0.0499463081359863,0.0706347463563775,2,42 43,extended,0.001,runs/a6_optimization_convergence_audit_20260815_000000/a6_seed_mean_curves.csv,training-seed mean +/- standard error from matched extended-budget runs
emg,EMG,val_SDR,Validation SDR (dB),16,base16,75,6.750317087879887,0.0546490086449518,0.0772853691959353,2,42 43,extended,0.001,runs/a6_optimization_convergence_audit_20260815_000000/a6_seed_mean_curves.csv,training-seed mean +/- standard error from matched extended-budget runs
eog,EOG,train_loss,Training loss,4,base4,1,0.1427681714505235,0.0061944529901598,0.0087602794301665,2,42 43,extended,0.001,runs/a6_optimization_convergence_audit_20260815_000000/a6_seed_mean_curves.csv,training-seed mean +/- standard error from matched extended-budget runs
eog,EOG,train_loss,Training loss,4,base4,2,0.0992869791862006,0.0035316185834251,0.0049944628978087,2,42 43,extended,0.001,runs/a6_optimization_convergence_audit_20260815_000000/a6_seed_mean_curves.csv,training-seed mean +/- standard error from matched extended-budget runs
eog,EOG,train_loss,Training loss,4,base4,3,0.0674172149466298,0.0001484287084541,0.0002099098925413,2,42 43,extended,0.001,runs/a6_optimization_convergence_audit_20260815_000000/a6_seed_mean_curves.csv,training-seed mean +/- standard error from matched extended-budget runs
eog,EOG,train_loss,Training loss,4,base4,4,0.0569675508190259,0.0002257378127808,0.0003192414763751,2,42 43,extended,0.001,runs/a6_optimization_convergence_audit_20260815_000000/a6_seed_mean_curves.csv,training-seed mean +/- standard error from matched extended-budget runs
eog,EOG,train_loss,Training loss,4,base4,5,0.0545615786251342,9.837452426692332e-05,0.0001391225864102,2,42 43,extended,0.001,runs/a6_optimization_convergence_audit_20260815_000000/a6_seed_mean_curves.csv,training-seed mean +/- standard error from matched extended-budget runs
eog,EOG,train_loss,Training loss,4,base4,6,0.0533931189538719,8.120520092616546e-05,0.000114841496485,2,42 43,extended,0.001,runs/a6_optimization_convergence_audit_20260815_000000/a6_seed_mean_curves.csv,training-seed mean +/- standard error from matched extended-budget runs
eog,EOG,train_loss,Training loss,4,base4,7,0.0527008250877957,6.378903358339114e-05,9.021131642430456e-05,2,42 43,extended,0.001,runs/a6_optimization_convergence_audit_20260815_000000/a6_seed_mean_curves.csv,training-seed mean +/- standard error from matched extended-budget runs
eog,EOG,train_loss,Training loss,4,base4,8,0.052173038248286,6.71745217013589e-05,9.499911963598756e-05,2,42 43,extended,0.001,runs/a6_optimization_convergence_audit_20260815_000000/a6_seed_mean_curves.csv,training-seed mean +/- standard error from matched extended-budget runs
eog,EOG,train_loss,Training loss,4,base4,9,0.0516831179750021,0.0001458768845997,0.0002063010686376,2,42 43,extended,0.001,runs/a6_optimization_convergence_audit_20260815_000000/a6_seed_mean_curves.csv,training-seed mean +/- standard error from matched extended-budget runs
eog,EOG,train_loss,Training loss,4,base4,10,0.0513940197807327,0.000120907482282,0.0001709890012356,2,42 43,extended,0.001,runs/a6_optimization_convergence_audit_20260815_000000/a6_seed_mean_curves.csv,training-seed mean +/- standard error from matched extended-budget runs
eog,EOG,train_loss,Training loss,4,base4,11,0.051144423920696,0.0001962301887084,0.0002775113942185,2,42 43,extended,0.001,runs/a6_optimization_convergence_audit_20260815_000000/a6_seed_mean_curves.csv,training-seed mean +/- standard error from matched extended-budget runs
eog,EOG,train_loss,Training loss,4,base4,12,0.0508547768727919,0.0001660120090313,0.0002347764346888,2,42 43,extended,0.001,runs/a6_optimization_convergence_audit_20260815_000000/a6_seed_mean_curves.csv,training-seed mean +/- standard error from matched extended-budget runs
eog,EOG,train_loss,Training loss,4,base4,13,0.0506730955616336,0.0001997684833602,0.0002825152985027,2,42 43,extended,0.001,runs/a6_optimization_convergence_audit_20260815_000000/a6_seed_mean_curves.csv,training-seed mean +/- standard error from matched extended-budget runs
eog,EOG,train_loss,Training loss,4,base4,14,0.0504804263326609,0.0002448820970325,0.0003463155828058,2,42 43,extended,0.001,runs/a6_optimization_convergence_audit_20260815_000000/a6_seed_mean_curves.csv,training-seed mean +/- standard error from matched extended-budget runs
eog,EOG,train_loss,Training loss,4,base4,15,0.0503209670570409,0.0001953545365935,0.0002762730351216,2,42 43,extended,0.001,runs/a6_optimization_convergence_audit_20260815_000000/a6_seed_mean_curves.csv,training-seed mean +/- standard error from matched extended-budget runs
eog,EOG,train_loss,Training loss,4,base4,16,0.0501835962287454,0.0001797615332859,0.0002542211983659,2,42 43,extended,0.001,runs/a6_optimization_convergence_audit_20260815_000000/a6_seed_mean_curves.csv,training-seed mean +/- standard error from matched extended-budget runs
eog,EOG,train_loss,Training loss,4,base4,17,0.0499890167614288,0.0002266521104306,0.0003205344885115,2,42 43,extended,0.001,runs/a6_optimization_convergence_audit_20260815_000000/a6_seed_mean_curves.csv,training-seed mean +/- standard error from matched extended-budget runs
eog,EOG,train_loss,Training loss,4,base4,18,0.0498709960309701,0.0001383114292799,0.0001956018991189,2,42 43,extended,0.001,runs/a6_optimization_convergence_audit_20260815_000000/a6_seed_mean_curves.csv,training-seed mean +/- standard error from matched extended-budget runs
eog,EOG,train_loss,Training loss,4,base4,19,0.0497755954895064,0.0002444280642215,0.0003456734834466,2,42 43,extended,0.001,runs/a6_optimization_convergence_audit_20260815_000000/a6_seed_mean_curves.csv,training-seed mean +/- standard error from matched extended-budget runs
eog,EOG,train_loss,Training loss,4,base4,20,0.0496592612884869,0.0001644336174581,0.0002325442519194,2,42 43,extended,0.001,runs/a6_optimization_convergence_audit_20260815_000000/a6_seed_mean_curves.csv,training-seed mean +/- standard error from matched extended-budget runs
eog,EOG,train_loss,Training loss,4,base4,21,0.049568613016299,0.0002288769095021,0.000323680829532,2,42 43,extended,0.001,runs/a6_optimization_convergence_audit_20260815_000000/a6_seed_mean_curves.csv,training-seed mean +/- standard error from matched extended-budget runs
eog,EOG,train_loss,Training loss,4,base4,22,0.0494783175325839,0.0002058908412946,0.0002911736201273,2,42 43,extended,0.001,runs/a6_optimization_convergence_audit_20260815_000000/a6_seed_mean_curves.csv,training-seed mean +/- standard error from matched extended-budget runs
eog,EOG,train_loss,Training loss,4,base4,23,0.0493623347970369,0.0002069978443818,0.0002927391589068,2,42 43,extended,0.001,runs/a6_optimization_convergence_audit_20260815_000000/a6_seed_mean_curves.csv,training-seed mean +/- standard error from matched extended-budget runs
eog,EOG,train_loss,Training loss,4,base4,24,0.0493493676185607,0.000226743031885,0.0003206630708653,2,42 43,extended,0.001,runs/a6_optimization_convergence_audit_20260815_000000/a6_seed_mean_curves.csv,training-seed mean +/- standard error from matched extended-budget runs
eog,EOG,train_loss,Training loss,4,base4,25,0.0492521047452899,0.0001796237149528,0.0002540262938101,2,42 43,extended,0.001,runs/a6_optimization_convergence_audit_20260815_000000/a6_seed_mean_curves.csv,training-seed mean +/- standard error from matched extended-budget runs
eog,EOG,train_loss,Training loss,4,base4,26,0.0491297239977344,0.0001667842234127,0.0002358685107402,2,42 43,extended,0.001,runs/a6_optimization_convergence_audit_20260815_000000/a6_seed_mean_curves.csv,training-seed mean +/- standard error from matched extended-budget runs
eog,EOG,train_loss,Training loss,4,base4,27,0.0490620987159069,0.0001828181687916,0.0002585439337533,2,42 43,extended,0.001,runs/a6_optimization_convergence_audit_20260815_000000/a6_seed_mean_curves.csv,training-seed mean +/- standard error from matched extended-budget runs
eog,EOG,train_loss,Training loss,4,base4,28,0.0490179589523054,0.0001934137822033,0.0002735283939417,2,42 43,extended,0.001,runs/a6_optimization_convergence_audit_20260815_000000/a6_seed_mean_curves.csv,training-seed mean +/- standard error from matched extended-budget runs
eog,EOG,train_loss,Training loss,4,base4,29,0.0489337358136321,0.0001969152417416,0.000278480205509,2,42 43,extended,0.001,runs/a6_optimization_convergence_audit_20260815_000000/a6_seed_mean_curves.csv,training-seed mean +/- standard error from matched extended-budget runs
eog,EOG,train_loss,Training loss,4,base4,30,0.0488472359307179,0.0001597907742328,0.0002259782800622,2,42 43,extended,0.001,runs/a6_optimization_convergence_audit_20260815_000000/a6_seed_mean_curves.csv,training-seed mean +/- standard error from matched extended-budget runs
eog,EOG,train_loss,Training loss,4,base4,31,0.0487992079562951,0.0001795741894813,0.0002539562542166,2,42 43,extended,0.001,runs/a6_optimization_convergence_audit_20260815_000000/a6_seed_mean_curves.csv,training-seed mean +/- standard error from matched extended-budget runs
eog,EOG,train_loss,Training loss,4,base4,32,0.0487813080234505,0.0001769614553897,0.0002502612902294,2,42 43,extended,0.001,runs/a6_optimization_convergence_audit_20260815_000000/a6_seed_mean_curves.csv,training-seed mean +/- standard error from matched extended-budget runs
eog,EOG,train_loss,Training loss,4,base4,33,0.0487040306537229,0.0001576516220224,0.0002229530619942,2,42 43,extended,0.001,runs/a6_optimization_convergence_audit_20260815_000000/a6_seed_mean_curves.csv,training-seed mean +/- standard error from matched extended-budget runs
eog,EOG,train_loss,Training loss,4,base4,34,0.0486298352828092,0.0001782183404837,0.0002520387941757,2,42 43,extended,0.001,runs/a6_optimization_convergence_audit_20260815_000000/a6_seed_mean_curves.csv,training-seed mean +/- standard error from matched extended-budget runs
eog,EOG,train_loss,Training loss,4,base4,35,0.0486089127817165,0.000229968698086,0.0003252248517545,2,42 43,extended,0.001,runs/a6_optimization_convergence_audit_20260815_000000/a6_seed_mean_curves.csv,training-seed mean +/- standard error from matched extended-budget runs
eog,EOG,train_loss,Training loss,4,base4,36,0.0485518439281209,0.0002092705151745,0.0002959532007645,2,42 43,extended,0.001,runs/a6_optimization_convergence_audit_20260815_000000/a6_seed_mean_curves.csv,training-seed mean +/- standard error from matched extended-budget runs
eog,EOG,train_loss,Training loss,4,base4,37,0.0485298316577606,0.0001769240458156,0.0002502083851024,2,42 43,extended,0.001,runs/a6_optimization_convergence_audit_20260815_000000/a6_seed_mean_curves.csv,training-seed mean +/- standard error from matched extended-budget runs
eog,EOG,train_loss,Training loss,4,base4,38,0.0484642526047809,0.00019774223878,0.0002796497559367,2,42 43,extended,0.001,runs/a6_optimization_convergence_audit_20260815_000000/a6_seed_mean_curves.csv,training-seed mean +/- standard error from matched extended-budget runs
eog,EOG,train_loss,Training loss,4,base4,39,0.0484215237687681,0.0001962732210337,0.0002775722511165,2,42 43,extended,0.001,runs/a6_optimization_convergence_audit_20260815_000000/a6_seed_mean_curves.csv,training-seed mean +/- standard error from matched extended-budget runs
eog,EOG,train_loss,Training loss,4,base4,40,0.0484033747985262,0.0001848077001137,0.0002613575559317,2,42 43,extended,0.001,runs/a6_optimization_convergence_audit_20260815_000000/a6_seed_mean_curves.csv,training-seed mean +/- standard error from matched extended-budget runs
eog,EOG,train_loss,Training loss,4,base4,41,0.0483844536661266,0.0001794967243326,0.0002538467019527,2,42 43,extended,0.001,runs/a6_optimization_convergence_audit_20260815_000000/a6_seed_mean_curves.csv,training-seed mean +/- standard error from matched extended-budget runs
eog,EOG,train_loss,Training loss,4,base4,42,0.0483266387622211,0.0001979619090523,0.0002799604166151,2,42 43,extended,0.001,runs/a6_optimization_convergence_audit_20260815_000000/a6_seed_mean_curves.csv,training-seed mean +/- standard error from matched extended-budget runs
eog,EOG,train_loss,Training loss,4,base4,43,0.0482641781079713,0.0002015497465835,0.0002850343851113,2,42 43,extended,0.001,runs/a6_optimization_convergence_audit_20260815_000000/a6_seed_mean_curves.csv,training-seed mean +/- standard error from matched extended-budget runs
eog,EOG,train_loss,Training loss,4,base4,44,0.0482564658866585,0.0001879717597616,0.000265832211998,2,42 43,extended,0.001,runs/a6_optimization_convergence_audit_20260815_000000/a6_seed_mean_curves.csv,training-seed mean +/- standard error from matched extended-budget runs
eog,EOG,train_loss,Training loss,4,base4,45,0.0482316382890828,0.0001861633228085,0.0002632746959323,2,42 43,extended,0.001,runs/a6_optimization_convergence_audit_20260815_000000/a6_seed_mean_curves.csv,training-seed mean +/- standard error from matched extended-budget runs
eog,EOG,train_loss,Training loss,4,base4,46,0.0481797494342393,0.000189420671385,0.0002678812824665,2,42 43,extended,0.001,runs/a6_optimization_convergence_audit_20260815_000000/a6_seed_mean_curves.csv,training-seed mean +/- standard error from matched extended-budget runs
eog,EOG,train_loss,Training loss,4,base4,47,0.0481664052877192,0.0001930091181926,0.0002729561126097,2,42 43,extended,0.001,runs/a6_optimization_convergence_audit_20260815_000000/a6_seed_mean_curves.csv,training-seed mean +/- standard error from matched extended-budget runs
eog,EOG,train_loss,Training loss,4,base4,48,0.0481913867711185,0.0002138806663662,0.0003024729391045,2,42 43,extended,0.001,runs/a6_optimization_convergence_audit_20260815_000000/a6_seed_mean_curves.csv,training-seed mean +/- standard error from matched extended-budget runs
eog,EOG,train_loss,Training loss,4,base4,49,0.048140224226028,0.000189853588415,0.0002684935196018,2,42 43,extended,0.001,runs/a6_optimization_convergence_audit_20260815_000000/a6_seed_mean_curves.csv,training-seed mean +/- standard error from matched extended-budget runs
eog,EOG,train_loss,Training loss,4,base4,50,0.048070925853659,0.0002059066302586,0.0002911959490943,2,42 43,extended,0.001,runs/a6_optimization_convergence_audit_20260815_000000/a6_seed_mean_curves.csv,training-seed mean +/- standard error from matched extended-budget runs
eog,EOG,train_loss,Training loss,4,base4,51,0.0480845381166333,0.0002274830416541,0.0003217096027171,2,42 43,extended,0.001,runs/a6_optimization_convergence_audit_20260815_000000/a6_seed_mean_curves.csv,training-seed mean +/- standard error from matched extended-budget runs
eog,EOG,train_loss,Training loss,4,base4,52,0.0480568870797614,0.0001835288462516,0.0002595489834557,2,42 43,extended,0.001,runs/a6_optimization_convergence_audit_20260815_000000/a6_seed_mean_curves.csv,training-seed mean +/- standard error from matched extended-budget runs
eog,EOG,train_loss,Training loss,4,base4,53,0.0480394055109436,0.0002284828991254,0.0003231236147135,2,42 43,extended,0.001,runs/a6_optimization_convergence_audit_20260815_000000/a6_seed_mean_curves.csv,training-seed mean +/- standard error from matched extended-budget runs
eog,EOG,train_loss,Training loss,4,base4,54,0.0480029582455057,0.0002175367080441,0.0003076433628299,2,42 43,extended,0.001,runs/a6_optimization_convergence_audit_20260815_000000/a6_seed_mean_curves.csv,training-seed mean +/- standard error from matched extended-budget runs
eog,EOG,train_loss,Training loss,4,base4,55,0.0480051447297925,0.0002042937362305,0.0002889149724851,2,42 43,extended,0.001,runs/a6_optimization_convergence_audit_20260815_000000/a6_seed_mean_curves.csv,training-seed mean +/- standard error from matched extended-budget runs
eog,EOG,train_loss,Training loss,4,base4,56,0.0479738884474908,0.0002008025647602,0.0002839777104432,2,42 43,extended,0.001,runs/a6_optimization_convergence_audit_20260815_000000/a6_seed_mean_curves.csv,training-seed mean +/- standard error from matched extended-budget runs
eog,EOG,train_loss,Training loss,4,base4,57,0.0479381471767882,0.0002166054202852,0.0003063263230509,2,42 43,extended,0.001,runs/a6_optimization_convergence_audit_20260815_000000/a6_seed_mean_curves.csv,training-seed mean +/- standard error from matched extended-budget runs
eog,EOG,train_loss,Training loss,4,base4,58,0.0479432365500202,0.0001900913803098,0.0002688298081243,2,42 43,extended,0.001,runs/a6_optimization_convergence_audit_20260815_000000/a6_seed_mean_curves.csv,training-seed mean +/- standard error from matched extended-budget runs
eog,EOG,train_loss,Training loss,4,base4,59,0.0479412141351777,0.000194165524896,0.0002745915186532,2,42 43,extended,0.001,runs/a6_optimization_convergence_audit_20260815_000000/a6_seed_mean_curves.csv,training-seed mean +/- standard error from matched extended-budget runs
eog,EOG,train_loss,Training loss,4,base4,60,0.0479198056751879,0.0002083438231009,0.0002946426602659,2,42 43,extended,0.001,runs/a6_optimization_convergence_audit_20260815_000000/a6_seed_mean_curves.csv,training-seed mean +/- standard error from matched extended-budget runs
eog,EOG,train_loss,Training loss,4,base4,61,0.0478959530243806,0.0001785652102711,0.0002525293421333,2,42 43,extended,0.001,runs/a6_optimization_convergence_audit_20260815_000000/a6_seed_mean_curves.csv,training-seed mean +/- standard error from matched extended-budget runs
eog,EOG,train_loss,Training loss,4,base4,62,0.0479085635324226,0.0002214777866535,0.0003132168896497,2,42 43,extended,0.001,runs/a6_optimization_convergence_audit_20260815_000000/a6_seed_mean_curves.csv,training-seed mean +/- standard error from matched extended-budget runs
eog,EOG,train_loss,Training loss,4,base4,63,0.0478655221898143,0.0002134388190842,0.0003018480726857,2,42 43,extended,0.001,runs/a6_optimization_convergence_audit_20260815_000000/a6_seed_mean_curves.csv,training-seed mean +/- standard error from matched extended-budget runs
eog,EOG,train_loss,Training loss,4,base4,64,0.0478871209703594,0.000200434735863,0.0002834575218281,2,42 43,extended,0.001,runs/a6_optimization_convergence_audit_20260815_000000/a6_seed_mean_curves.csv,training-seed mean +/- standard error from matched extended-budget runs
eog,EOG,train_loss,Training loss,4,base4,65,0.0478601600174034,0.0001827529239877,0.0002584516636667,2,42 43,extended,0.001,runs/a6_optimization_convergence_audit_20260815_000000/a6_seed_mean_curves.csv,training-seed mean +/- standard error from matched extended-budget runs
eog,EOG,train_loss,Training loss,4,base4,66,0.0478226336885557,0.0001784032645905,0.0002523003163555,2,42 43,extended,0.001,runs/a6_optimization_convergence_audit_20260815_000000/a6_seed_mean_curves.csv,training-seed mean +/- standard error from matched extended-budget runs
eog,EOG,train_loss,Training loss,4,base4,67,0.0478746423271493,0.0002347995988397,0.000332056777119,2,42 43,extended,0.001,runs/a6_optimization_convergence_audit_20260815_000000/a6_seed_mean_curves.csv,training-seed mean +/- standard error from matched extended-budget runs
eog,EOG,train_loss,Training loss,4,base4,68,0.0478590126802152,0.0002218486097092,0.0003137413126444,2,42 43,extended,0.001,runs/a6_optimization_convergence_audit_20260815_000000/a6_seed_mean_curves.csv,training-seed mean +/- standard error from matched extended-budget runs
eog,EOG,train_loss,Training loss,4,base4,69,0.0478735122411886,0.0002237632000279,0.0003164489522394,2,42 43,extended,0.001,runs/a6_optimization_convergence_audit_20260815_000000/a6_seed_mean_curves.csv,training-seed mean +/- standard error from matched extended-budget runs
eog,EOG,train_loss,Training loss,4,base4,70,0.047852517601764,0.0001757404305667,0.0002485345003647,2,42 43,extended,0.001,runs/a6_optimization_convergence_audit_20260815_000000/a6_seed_mean_curves.csv,training-seed mean +/- standard error from matched extended-budget runs
eog,EOG,train_loss,Training loss,4,base4,71,0.0478209347298769,0.0002003068748478,0.0002832766990464,2,42 43,extended,0.001,runs/a6_optimization_convergence_audit_20260815_000000/a6_seed_mean_curves.csv,training-seed mean +/- standard error from matched extended-budget runs
eog,EOG,train_loss,Training loss,4,base4,72,0.0478365388220158,0.0002223303036712,0.0003144225307783,2,42 43,extended,0.001,runs/a6_optimization_convergence_audit_20260815_000000/a6_seed_mean_curves.csv,training-seed mean +/- standard error from matched extended-budget runs
eog,EOG,train_loss,Training loss,4,base4,73,0.0478348857679656,0.0001730841941365,0.0002447780147803,2,42 43,extended,0.001,runs/a6_optimization_convergence_audit_20260815_000000/a6_seed_mean_curves.csv,training-seed mean +/- standard error from matched extended-budget runs
eog,EOG,train_loss,Training loss,4,base4,74,0.0478234960932597,0.0001958545610726,0.0002769801765215,2,42 43,extended,0.001,runs/a6_optimization_convergence_audit_20260815_000000/a6_seed_mean_curves.csv,training-seed mean +/- standard error from matched extended-budget runs
eog,EOG,train_loss,Training loss,4,base4,75,0.0478479841671814,0.0002238747672499,0.000316606732118,2,42 43,extended,0.001,runs/a6_optimization_convergence_audit_20260815_000000/a6_seed_mean_curves.csv,training-seed mean +/- standard error from matched extended-budget runs
eog,EOG,train_loss,Training loss,6,base6,1,0.151709307124403,0.001993757994654,0.0028195995961295,2,42 43,extended,0.001,runs/a6_optimization_convergence_audit_20260815_000000/a6_seed_mean_curves.csv,training-seed mean +/- standard error from matched extended-budget runs
eog,EOG,train_loss,Training loss,6,base6,2,0.0956112300611545,0.0013132312935646,0.0018571895058918,2,42 43,extended,0.001,runs/a6_optimization_convergence_audit_20260815_000000/a6_seed_mean_curves.csv,training-seed mean +/- standard error from matched extended-budget runs
eog,EOG,train_loss,Training loss,6,base6,3,0.0603549646509585,0.0002882515437135,0.0004076492424946,2,42 43,extended,0.001,runs/a6_optimization_convergence_audit_20260815_000000/a6_seed_mean_curves.csv,training-seed mean +/- standard error from matched extended-budget runs
eog,EOG,train_loss,Training loss,6,base6,4,0.0539002024925479,6.075045006854323e-05,8.591411040720336e-05,2,42 43,extended,0.001,runs/a6_optimization_convergence_audit_20260815_000000/a6_seed_mean_curves.csv,training-seed mean +/- standard error from matched extended-budget runs
eog,EOG,train_loss,Training loss,6,base6,5,0.0523313251889754,2.8762687868045395e-05,4.067658327329388e-05,2,42 43,extended,0.001,runs/a6_optimization_convergence_audit_20260815_000000/a6_seed_mean_curves.csv,training-seed mean +/- standard error from matched extended-budget runs
eog,EOG,train_loss,Training loss,6,base6,6,0.0514187257319131,7.304589255390652e-05,0.0001033024919253,2,42 43,extended,0.001,runs/a6_optimization_convergence_audit_20260815_000000/a6_seed_mean_curves.csv,training-seed mean +/- standard error from matched extended-budget runs
eog,EOG,train_loss,Training loss,6,base6,7,0.0507186890414385,7.37974437597759e-05,0.0001043653458335,2,42 43,extended,0.001,runs/a6_optimization_convergence_audit_20260815_000000/a6_seed_mean_curves.csv,training-seed mean +/- standard error from matched extended-budget runs
eog,EOG,train_loss,Training loss,6,base6,8,0.0501642232917458,7.123007465188735e-05,0.0001007345376215,2,42 43,extended,0.001,runs/a6_optimization_convergence_audit_20260815_000000/a6_seed_mean_curves.csv,training-seed mean +/- standard error from matched extended-budget runs
eog,EOG,train_loss,Training loss,6,base6,9,0.049687802182319,0.0001288098326631,0.0001821646123192,2,42 43,extended,0.001,runs/a6_optimization_convergence_audit_20260815_000000/a6_seed_mean_curves.csv,training-seed mean +/- standard error from matched extended-budget runs
eog,EOG,train_loss,Training loss,6,base6,10,0.0493013026697613,0.000125956173255,0.0001781289284819,2,42 43,extended,0.001,runs/a6_optimization_convergence_audit_20260815_000000/a6_seed_mean_curves.csv,training-seed mean +/- standard error from matched extended-budget runs
eog,EOG,train_loss,Training loss,6,base6,11,0.0489804882068778,0.0001505254898394,0.0002128751892137,2,42 43,extended,0.001,runs/a6_optimization_convergence_audit_20260815_000000/a6_seed_mean_curves.csv,training-seed mean +/- standard error from matched extended-budget runs
eog,EOG,train_loss,Training loss,6,base6,12,0.0486913881151475,0.0001204742170939,0.0001703762717306,2,42 43,extended,0.001,runs/a6_optimization_convergence_audit_20260815_000000/a6_seed_mean_curves.csv,training-seed mean +/- standard error from matched extended-budget runs
eog,EOG,train_loss,Training loss,6,base6,13,0.0484840389271484,9.431702163174847e-05,0.0001333844111542,2,42 43,extended,0.001,runs/a6_optimization_convergence_audit_20260815_000000/a6_seed_mean_curves.csv,training-seed mean +/- standard error from matched extended-budget runs
eog,EOG,train_loss,Training loss,6,base6,14,0.0482909806838659,7.109246521352572e-05,0.0001005399284875,2,42 43,extended,0.001,runs/a6_optimization_convergence_audit_20260815_000000/a6_seed_mean_curves.csv,training-seed mean +/- standard error from matched extended-budget runs
eog,EOG,train_loss,Training loss,6,base6,15,0.0480238210723221,5.193810178854771e-05,7.345156795327848e-05,2,42 43,extended,0.001,runs/a6_optimization_convergence_audit_20260815_000000/a6_seed_mean_curves.csv,training-seed mean +/- standard error from matched extended-budget runs
eog,EOG,train_loss,Training loss,6,base6,16,0.0478868187866478,0.0001337656350893,0.0001891731753227,2,42 43,extended,0.001,runs/a6_optimization_convergence_audit_20260815_000000/a6_seed_mean_curves.csv,training-seed mean +/- standard error from matched extended-budget runs
eog,EOG,train_loss,Training loss,6,base6,17,0.0476837980204096,7.3463421001590526e-06,1.038929663187738e-05,2,42 43,extended,0.001,runs/a6_optimization_convergence_audit_20260815_000000/a6_seed_mean_curves.csv,training-seed mean +/- standard error from matched extended-budget runs
eog,EOG,train_loss,Training loss,6,base6,18,0.0475101512552143,4.940030870034111e-06,6.986258654944002e-06,2,42 43,extended,0.001,runs/a6_optimization_convergence_audit_20260815_000000/a6_seed_mean_curves.csv,training-seed mean +/- standard error from matched extended-budget runs
eog,EOG,train_loss,Training loss,6,base6,19,0.0473675291776378,1.4223001688438291e-05,2.0114361885444863e-05,2,42 43,extended,0.001,runs/a6_optimization_convergence_audit_20260815_000000/a6_seed_mean_curves.csv,training-seed mean +/- standard error from matched extended-budget runs
eog,EOG,train_loss,Training loss,6,base6,20,0.0472243014792694,1.6357384134677022e-05,2.3132834488206737e-05,2,42 43,extended,0.001,runs/a6_optimization_convergence_audit_20260815_000000/a6_seed_mean_curves.csv,training-seed mean +/- standard error from matched extended-budget runs
eog,EOG,train_loss,Training loss,6,base6,21,0.0471210806482584,3.2850323575677604e-05,4.645737312906789e-05,2,42 43,extended,0.001,runs/a6_optimization_convergence_audit_20260815_000000/a6_seed_mean_curves.csv,training-seed mean +/- standard error from matched extended-budget runs
eog,EOG,train_loss,Training loss,6,base6,22,0.0469863761007507,1.7993482891647677e-05,2.54466275396964e-05,2,42 43,extended,0.001,runs/a6_optimization_convergence_audit_20260815_000000/a6_seed_mean_curves.csv,training-seed mean +/- standard error from matched extended-budget runs
eog,EOG,train_loss,Training loss,6,base6,23,0.0468990155539223,4.28544165932132e-05,6.060529715370872e-05,2,42 43,extended,0.001,runs/a6_optimization_convergence_audit_20260815_000000/a6_seed_mean_curves.csv,training-seed mean +/- standard error from matched extended-budget runs
eog,EOG,train_loss,Training loss,6,base6,24,0.0467921417624315,5.329231444363425e-05,7.536671385643914e-05,2,42 43,extended,0.001,runs/a6_optimization_convergence_audit_20260815_000000/a6_seed_mean_curves.csv,training-seed mean +/- standard error from matched extended-budget runs
eog,EOG,train_loss,Training loss,6,base6,25,0.046708219414838,2.245263797100161e-05,3.175282512964361e-05,2,42 43,extended,0.001,runs/a6_optimization_convergence_audit_20260815_000000/a6_seed_mean_curves.csv,training-seed mean +/- standard error from matched extended-budget runs
eog,EOG,train_loss,Training loss,6,base6,26,0.0465562250291075,3.45135612465526e-05,4.880954640066916e-05,2,42 43,extended,0.001,runs/a6_optimization_convergence_audit_20260815_000000/a6_seed_mean_curves.csv,training-seed mean +/- standard error from matched extended-budget runs
eog,EOG,train_loss,Training loss,6,base6,27,0.0464608099520485,3.125335777474578e-05,4.419892243474409e-05,2,42 43,extended,0.001,runs/a6_optimization_convergence_audit_20260815_000000/a6_seed_mean_curves.csv,training-seed mean +/- standard error from matched extended-budget runs
eog,EOG,train_loss,Training loss,6,base6,28,0.0464633692612993,3.8319833089266175e-06,5.419242766271352e-06,2,42 43,extended,0.001,runs/a6_optimization_convergence_audit_20260815_000000/a6_seed_mean_curves.csv,training-seed mean +/- standard error from matched extended-budget runs
eog,EOG,train_loss,Training loss,6,base6,29,0.0463279671270713,6.141889596654459e-06,8.685943566186955e-06,2,42 43,extended,0.001,runs/a6_optimization_convergence_audit_20260815_000000/a6_seed_mean_curves.csv,training-seed mean +/- standard error from matched extended-budget runs
eog,EOG,train_loss,Training loss,6,base6,30,0.0462223886399068,4.9770783598180456e-05,7.03865171744832e-05,2,42 43,extended,0.001,runs/a6_optimization_convergence_audit_20260815_000000/a6_seed_mean_curves.csv,training-seed mean +/- standard error from matched extended-budget runs
eog,EOG,train_loss,Training loss,6,base6,31,0.0461629537917743,3.8919047774556986e-05,5.503984519742491e-05,2,42 43,extended,0.001,runs/a6_optimization_convergence_audit_20260815_000000/a6_seed_mean_curves.csv,training-seed mean +/- standard error from matched extended-budget runs
eog,EOG,train_loss,Training loss,6,base6,32,0.0460773099248654,5.3819721547242176e-05,7.611258013525339e-05,2,42 43,extended,0.001,runs/a6_optimization_convergence_audit_20260815_000000/a6_seed_mean_curves.csv,training-seed mean +/- standard error from matched extended-budget runs
eog,EOG,train_loss,Training loss,6,base6,33,0.0460714121462307,4.506844017549902e-05,6.373639933119119e-05,2,42 43,extended,0.001,runs/a6_optimization_convergence_audit_20260815_000000/a6_seed_mean_curves.csv,training-seed mean +/- standard error from matched extended-budget runs
eog,EOG,train_loss,Training loss,6,base6,34,0.0459445462013795,8.105307330037724e-05,0.0001146263555334,2,42 43,extended,0.001,runs/a6_optimization_convergence_audit_20260815_000000/a6_seed_mean_curves.csv,training-seed mean +/- standard error from matched extended-budget runs
eog,EOG,train_loss,Training loss,6,base6,35,0.0458835128033272,2.121963651380634e-05,3.0009097746452276e-05,2,42 43,extended,0.001,runs/a6_optimization_convergence_audit_20260815_000000/a6_seed_mean_curves.csv,training-seed mean +/- standard error from matched extended-budget runs
eog,EOG,train_loss,Training loss,6,base6,36,0.0458355444857728,1.123841747502352e-05,1.589352241278906e-05,2,42 43,extended,0.001,runs/a6_optimization_convergence_audit_20260815_000000/a6_seed_mean_curves.csv,training-seed mean +/- standard error from matched extended-budget runs
eog,EOG,train_loss,Training loss,6,base6,37,0.0457388590673141,3.564745953706788e-05,5.041312074146753e-05,2,42 43,extended,0.001,runs/a6_optimization_convergence_audit_20260815_000000/a6_seed_mean_curves.csv,training-seed mean +/- standard error from matched extended-budget runs
eog,EOG,train_loss,Training loss,6,base6,38,0.0457374044633078,1.1485783714001996e-05,1.6243351102825643e-05,2,42 43,extended,0.001,runs/a6_optimization_convergence_audit_20260815_000000/a6_seed_mean_curves.csv,training-seed mean +/- standard error from matched extended-budget runs
eog,EOG,train_loss,Training loss,6,base6,39,0.0456569131777108,2.6901574613890505e-05,3.804457166815571e-05,2,42 43,extended,0.001,runs/a6_optimization_convergence_audit_20260815_000000/a6_seed_mean_curves.csv,training-seed mean +/- standard error from matched extended-budget runs
eog,EOG,train_loss,Training loss,6,base6,40,0.0456024429404011,1.8325869307340977e-05,2.591669291671845e-05,2,42 43,extended,0.001,runs/a6_optimization_convergence_audit_20260815_000000/a6_seed_mean_curves.csv,training-seed mean +/- standard error from matched extended-budget runs
eog,EOG,train_loss,Training loss,6,base6,41,0.045557500080806,1.1842349700839222e-05,1.6747611557291794e-05,2,42 43,extended,0.001,runs/a6_optimization_convergence_audit_20260815_000000/a6_seed_mean_curves.csv,training-seed mean +/- standard error from matched extended-budget runs
eog,EOG,train_loss,Training loss,6,base6,42,0.0455218470681493,2.571745453593816e-05,3.6369972994437215e-05,2,42 43,extended,0.001,runs/a6_optimization_convergence_audit_20260815_000000/a6_seed_mean_curves.csv,training-seed mean +/- standard error from matched extended-budget runs
eog,EOG,train_loss,Training loss,6,base6,43,0.0454830481000592,4.232260529125897e-05,5.9853202397861753e-05,2,42 43,extended,0.001,runs/a6_optimization_convergence_audit_20260815_000000/a6_seed_mean_curves.csv,training-seed mean +/- standard error from matched extended-budget runs
eog,EOG,train_loss,Training loss,6,base6,44,0.0454331802152027,2.443275161992733e-05,3.455312870699444e-05,2,42 43,extended,0.001,runs/a6_optimization_convergence_audit_20260815_000000/a6_seed_mean_curves.csv,training-seed mean +/- standard error from matched extended-budget runs
eog,EOG,train_loss,Training loss,6,base6,45,0.0453808661898441,4.1271516374348505e-06,5.836673819630693e-06,2,42 43,extended,0.001,runs/a6_optimization_convergence_audit_20260815_000000/a6_seed_mean_curves.csv,training-seed mean +/- standard error from matched extended-budget runs
eog,EOG,train_loss,Training loss,6,base6,46,0.0453409179348811,4.2060616417469165e-06,5.948269417935736e-06,2,42 43,extended,0.001,runs/a6_optimization_convergence_audit_20260815_000000/a6_seed_mean_curves.csv,training-seed mean +/- standard error from matched extended-budget runs
eog,EOG,train_loss,Training loss,6,base6,47,0.0453515065851334,2.403040285979193e-05,3.3984121633606966e-05,2,42 43,extended,0.001,runs/a6_optimization_convergence_audit_20260815_000000/a6_seed_mean_curves.csv,training-seed mean +/- standard error from matched extended-budget runs
eog,EOG,train_loss,Training loss,6,base6,48,0.0452753276712147,2.9510618231008003e-05,4.173431653630624e-05,2,42 43,extended,0.001,runs/a6_optimization_convergence_audit_20260815_000000/a6_seed_mean_curves.csv,training-seed mean +/- standard error from matched extended-budget runs
eog,EOG,train_loss,Training loss,6,base6,49,0.0452470852880277,9.454751961696787e-06,1.3371038453105224e-05,2,42 43,extended,0.001,runs/a6_optimization_convergence_audit_20260815_000000/a6_seed_mean_curves.csv,training-seed mean +/- standard error from matched extended-budget runs
eog,EOG,train_loss,Training loss,6,base6,50,0.0451946144697265,1.8162913968632063e-05,2.5686239266655203e-05,2,42 43,extended,0.001,runs/a6_optimization_convergence_audit_20260815_000000/a6_seed_mean_curves.csv,training-seed mean +/- standard error from matched extended-budget runs
eog,EOG,train_loss,Training loss,6,base6,51,0.0451916150017598,4.415755447383096e-05,6.244821241812048e-05,2,42 43,extended,0.001,runs/a6_optimization_convergence_audit_20260815_000000/a6_seed_mean_curves.csv,training-seed mean +/- standard error from matched extended-budget runs
eog,EOG,train_loss,Training loss,6,base6,52,0.045141363673121,1.852670423338476e-05,2.6200716392927764e-05,2,42 43,extended,0.001,runs/a6_optimization_convergence_audit_20260815_000000/a6_seed_mean_curves.csv,training-seed mean +/- standard error from matched extended-budget runs
eog,EOG,train_loss,Training loss,6,base6,53,0.0451299833812724,1.5560102379210544e-05,2.2005307816593416e-05,2,42 43,extended,0.001,runs/a6_optimization_convergence_audit_20260815_000000/a6_seed_mean_curves.csv,training-seed mean +/- standard error from matched extended-budget runs
eog,EOG,train_loss,Training loss,6,base6,54,0.0450923305492256,2.133364084168018e-05,3.017032421310069e-05,2,42 43,extended,0.001,runs/a6_optimization_convergence_audit_20260815_000000/a6_seed_mean_curves.csv,training-seed mean +/- standard error from matched extended-budget runs
eog,EOG,train_loss,Training loss,6,base6,55,0.0450490099317002,5.281556432479295e-08,7.46924873725108e-08,2,42 43,extended,0.001,runs/a6_optimization_convergence_audit_20260815_000000/a6_seed_mean_curves.csv,training-seed mean +/- standard error from matched extended-budget runs
eog,EOG,train_loss,Training loss,6,base6,56,0.0450508080283615,4.536324293813454e-06,6.41533133963354e-06,2,42 43,extended,0.001,runs/a6_optimization_convergence_audit_20260815_000000/a6_seed_mean_curves.csv,training-seed mean +/- standard error from matched extended-budget runs
eog,EOG,train_loss,Training loss,6,base6,57,0.0450336112527646,1.4361168179551076e-06,2.0309758811042064e-06,2,42 43,extended,0.001,runs/a6_optimization_convergence_audit_20260815_000000/a6_seed_mean_curves.csv,training-seed mean +/- standard error from matched extended-budget runs
eog,EOG,train_loss,Training loss,6,base6,58,0.0449625204064857,7.025323042246512e-06,9.93530712639723e-06,2,42 43,extended,0.001,runs/a6_optimization_convergence_audit_20260815_000000/a6_seed_mean_curves.csv,training-seed mean +/- standard error from matched extended-budget runs
eog,EOG,train_loss,Training loss,6,base6,59,0.0449741579522596,1.9215082175262632e-05,2.7174229814369928e-05,2,42 43,extended,0.001,runs/a6_optimization_convergence_audit_20260815_000000/a6_seed_mean_curves.csv,training-seed mean +/- standard error from matched extended-budget runs
eog,EOG,train_loss,Training loss,6,base6,60,0.0449689632090174,3.598169119001238e-05,5.0885795678036016e-05,2,42 43,extended,0.001,runs/a6_optimization_convergence_audit_20260815_000000/a6_seed_mean_curves.csv,training-seed mean +/- standard error from matched extended-budget runs
eog,EOG,train_loss,Training loss,6,base6,61,0.0449515081872449,1.768652941579185e-05,2.501252977112353e-05,2,42 43,extended,0.001,runs/a6_optimization_convergence_audit_20260815_000000/a6_seed_mean_curves.csv,training-seed mean +/- standard error from matched extended-budget runs
eog,EOG,train_loss,Training loss,6,base6,62,0.0449233304569932,2.27188917799534e-05,3.212936487729672e-05,2,42 43,extended,0.001,runs/a6_optimization_convergence_audit_20260815_000000/a6_seed_mean_curves.csv,training-seed mean +/- standard error from matched extended-budget runs
eog,EOG,train_loss,Training loss,6,base6,63,0.0449148676070933,1.974569233221396e-05,2.792462589466341e-05,2,42 43,extended,0.001,runs/a6_optimization_convergence_audit_20260815_000000/a6_seed_mean_curves.csv,training-seed mean +/- standard error from matched extended-budget runs
eog,EOG,train_loss,Training loss,6,base6,64,0.0448983392599865,1.813083121152484e-05,2.564086739643584e-05,2,42 43,extended,0.001,runs/a6_optimization_convergence_audit_20260815_000000/a6_seed_mean_curves.csv,training-seed mean +/- standard error from matched extended-budget runs
eog,EOG,train_loss,Training loss,6,base6,65,0.0448747099351103,1.850891336102264e-05,2.6175556299946808e-05,2,42 43,extended,0.001,runs/a6_optimization_convergence_audit_20260815_000000/a6_seed_mean_curves.csv,training-seed mean +/- standard error from matched extended-budget runs
eog,EOG,train_loss,Training loss,6,base6,66,0.0448611012581631,1.901184495921651e-05,2.6886808987058552e-05,2,42 43,extended,0.001,runs/a6_optimization_convergence_audit_20260815_000000/a6_seed_mean_curves.csv,training-seed mean +/- standard error from matched extended-budget runs
eog,EOG,train_loss,Training loss,6,base6,67,0.0449018991752484,2.109194957764307e-05,2.9828521149592305e-05,2,42 43,extended,0.001,runs/a6_optimization_convergence_audit_20260815_000000/a6_seed_mean_curves.csv,training-seed mean +/- standard error from matched extended-budget runs
eog,EOG,train_loss,Training loss,6,base6,68,0.0448797405566846,3.254196006004239e-05,4.602128126311553e-05,2,42 43,extended,0.001,runs/a6_optimization_convergence_audit_20260815_000000/a6_seed_mean_curves.csv,training-seed mean +/- standard error from matched extended-budget runs
eog,EOG,train_loss,Training loss,6,base6,69,0.0448328004018447,2.2178655055080796e-05,3.136535477408986e-05,2,42 43,extended,0.001,runs/a6_optimization_convergence_audit_20260815_000000/a6_seed_mean_curves.csv,training-seed mean +/- standard error from matched extended-budget runs
eog,EOG,train_loss,Training loss,6,base6,70,0.0448469684990209,2.385595830801598e-05,3.373741978260332e-05,2,42 43,extended,0.001,runs/a6_optimization_convergence_audit_20260815_000000/a6_seed_mean_curves.csv,training-seed mean +/- standard error from matched extended-budget runs
eog,EOG,train_loss,Training loss,6,base6,71,0.0448508745007147,4.1774952801582055e-06,5.907870481949326e-06,2,42 43,extended,0.001,runs/a6_optimization_convergence_audit_20260815_000000/a6_seed_mean_curves.csv,training-seed mean +/- standard error from matched extended-budget runs
eog,EOG,train_loss,Training loss,6,base6,72,0.0448327221011168,1.997102017157332e-05,2.824328758106564e-05,2,42 43,extended,0.001,runs/a6_optimization_convergence_audit_20260815_000000/a6_seed_mean_curves.csv,training-seed mean +/- standard error from matched extended-budget runs
eog,EOG,train_loss,Training loss,6,base6,73,0.0448163403807399,4.641642080277508e-07,6.564273181610118e-07,2,42 43,extended,0.001,runs/a6_optimization_convergence_audit_20260815_000000/a6_seed_mean_curves.csv,training-seed mean +/- standard error from matched extended-budget runs
eog,EOG,train_loss,Training loss,6,base6,74,0.0448375578412664,3.04216780116634e-05,4.302274963424175e-05,2,42 43,extended,0.001,runs/a6_optimization_convergence_audit_20260815_000000/a6_seed_mean_curves.csv,training-seed mean +/- standard error from matched extended-budget runs
eog,EOG,train_loss,Training loss,6,base6,75,0.0448415341882783,3.740569211055367e-05,5.289963709269728e-05,2,42 43,extended,0.001,runs/a6_optimization_convergence_audit_20260815_000000/a6_seed_mean_curves.csv,training-seed mean +/- standard error from matched extended-budget runs
eog,EOG,train_loss,Training loss,16,base16,1,0.089229074141411,0.0108130232683409,0.0152919241563435,2,42 43,extended,0.001,runs/a6_optimization_convergence_audit_20260815_000000/a6_seed_mean_curves.csv,training-seed mean +/- standard error from matched extended-budget runs
eog,EOG,train_loss,Training loss,16,base16,2,0.0558219577977869,0.0022398158037495,0.0031675778868801,2,42 43,extended,0.001,runs/a6_optimization_convergence_audit_20260815_000000/a6_seed_mean_curves.csv,training-seed mean +/- standard error from matched extended-budget runs
eog,EOG,train_loss,Training loss,16,base16,3,0.0505124635507013,0.0001393875159392,0.0001971237154668,2,42 43,extended,0.001,runs/a6_optimization_convergence_audit_20260815_000000/a6_seed_mean_curves.csv,training-seed mean +/- standard error from matched extended-budget runs
eog,EOG,train_loss,Training loss,16,base16,4,0.0485564285593333,7.495501679237805e-05,0.0001060024013156,2,42 43,extended,0.001,runs/a6_optimization_convergence_audit_20260815_000000/a6_seed_mean_curves.csv,training-seed mean +/- standard error from matched extended-budget runs
eog,EOG,train_loss,Training loss,16,base16,5,0.047382823217695,2.838124599412184e-05,4.013714300193418e-05,2,42 43,extended,0.001,runs/a6_optimization_convergence_audit_20260815_000000/a6_seed_mean_curves.csv,training-seed mean +/- standard error from matched extended-budget runs
eog,EOG,train_loss,Training loss,16,base16,6,0.046424766706529,9.867837913682398e-05,0.0001395523020882,2,42 43,extended,0.001,runs/a6_optimization_convergence_audit_20260815_000000/a6_seed_mean_curves.csv,training-seed mean +/- standard error from matched extended-budget runs
eog,EOG,train_loss,Training loss,16,base16,7,0.0456118790136876,1.9574659728557875e-05,2.7682749266964997e-05,2,42 43,extended,0.001,runs/a6_optimization_convergence_audit_20260815_000000/a6_seed_mean_curves.csv,training-seed mean +/- standard error from matched extended-budget runs
eog,EOG,train_loss,Training loss,16,base16,8,0.044914494294708,8.709934131007416e-05,0.0001231770697544,2,42 43,extended,0.001,runs/a6_optimization_convergence_audit_20260815_000000/a6_seed_mean_curves.csv,training-seed mean +/- standard error from matched extended-budget runs
eog,EOG,train_loss,Training loss,16,base16,9,0.0441572160642837,1.77783038571612e-05,2.514231843078728e-05,2,42 43,extended,0.001,runs/a6_optimization_convergence_audit_20260815_000000/a6_seed_mean_curves.csv,training-seed mean +/- standard error from matched extended-budget runs
eog,EOG,train_loss,Training loss,16,base16,10,0.0435347547493526,0.000106947218007,0.0001512462061635,2,42 43,extended,0.001,runs/a6_optimization_convergence_audit_20260815_000000/a6_seed_mean_curves.csv,training-seed mean +/- standard error from matched extended-budget runs
eog,EOG,train_loss,Training loss,16,base16,11,0.0429899877233204,9.787585760388448e-05,0.0001384173652523,2,42 43,extended,0.001,runs/a6_optimization_convergence_audit_20260815_000000/a6_seed_mean_curves.csv,training-seed mean +/- standard error from matched extended-budget runs
eog,EOG,train_loss,Training loss,16,base16,12,0.0424417964243721,0.0001654038118703,0.0002339163140152,2,42 43,extended,0.001,runs/a6_optimization_convergence_audit_20260815_000000/a6_seed_mean_curves.csv,training-seed mean +/- standard error from matched extended-budget runs
eog,EOG,train_loss,Training loss,16,base16,13,0.0417307819474801,9.447661724603164e-05,0.0001336101134364,2,42 43,extended,0.001,runs/a6_optimization_convergence_audit_20260815_000000/a6_seed_mean_curves.csv,training-seed mean +/- standard error from matched extended-budget runs
eog,EOG,train_loss,Training loss,16,base16,14,0.0411602240055799,0.0001025665203266,0.0001450509640913,2,42 43,extended,0.001,runs/a6_optimization_convergence_audit_20260815_000000/a6_seed_mean_curves.csv,training-seed mean +/- standard error from matched extended-budget runs
eog,EOG,train_loss,Training loss,16,base16,15,0.040601315203114,8.840855454729858e-05,0.0001250285768705,2,42 43,extended,0.001,runs/a6_optimization_convergence_audit_20260815_000000/a6_seed_mean_curves.csv,training-seed mean +/- standard error from matched extended-budget runs
eog,EOG,train_loss,Training loss,16,base16,16,0.0401222551084846,2.9625510361709628e-05,4.189679854575442e-05,2,42 43,extended,0.001,runs/a6_optimization_convergence_audit_20260815_000000/a6_seed_mean_curves.csv,training-seed mean +/- standard error from matched extended-budget runs
eog,EOG,train_loss,Training loss,16,base16,17,0.0395912475988408,5.047648239915602e-05,7.138452598977328e-05,2,42 43,extended,0.001,runs/a6_optimization_convergence_audit_20260815_000000/a6_seed_mean_curves.csv,training-seed mean +/- standard error from matched extended-budget runs
eog,EOG,train_loss,Training loss,16,base16,18,0.0392237798632862,5.078235658529522e-05,7.181709741219117e-05,2,42 43,extended,0.001,runs/a6_optimization_convergence_audit_20260815_000000/a6_seed_mean_curves.csv,training-seed mean +/- standard error from matched extended-budget runs
eog,EOG,train_loss,Training loss,16,base16,19,0.0386801052873379,5.437263122228669e-05,7.689451249646864e-05,2,42 43,extended,0.001,runs/a6_optimization_convergence_audit_20260815_000000/a6_seed_mean_curves.csv,training-seed mean +/- standard error from matched extended-budget runs
eog,EOG,train_loss,Training loss,16,base16,20,0.0382531140104075,7.057061122956593e-05,9.980191550581118e-05,2,42 43,extended,0.001,runs/a6_optimization_convergence_audit_20260815_000000/a6_seed_mean_curves.csv,training-seed mean +/- standard error from matched extended-budget runs
eog,EOG,train_loss,Training loss,16,base16,21,0.0379126477533968,5.150144206029356e-05,7.283403784343931e-05,2,42 43,extended,0.001,runs/a6_optimization_convergence_audit_20260815_000000/a6_seed_mean_curves.csv,training-seed mean +/- standard error from matched extended-budget runs
eog,EOG,train_loss,Training loss,16,base16,22,0.0374343689078482,0.0001827510439346,0.0002584490048702,2,42 43,extended,0.001,runs/a6_optimization_convergence_audit_20260815_000000/a6_seed_mean_curves.csv,training-seed mean +/- standard error from matched extended-budget runs
eog,EOG,train_loss,Training loss,16,base16,23,0.0371792915442558,0.000218467125408,0.0003089591716846,2,42 43,extended,0.001,runs/a6_optimization_convergence_audit_20260815_000000/a6_seed_mean_curves.csv,training-seed mean +/- standard error from matched extended-budget runs
eog,EOG,train_loss,Training loss,16,base16,24,0.0367558518616117,0.0002481351980817,0.0003509161624293,2,42 43,extended,0.001,runs/a6_optimization_convergence_audit_20260815_000000/a6_seed_mean_curves.csv,training-seed mean +/- standard error from matched extended-budget runs
eog,EOG,train_loss,Training loss,16,base16,25,0.0364516987247723,0.000143520969236,0.0002029693011784,2,42 43,extended,0.001,runs/a6_optimization_convergence_audit_20260815_000000/a6_seed_mean_curves.csv,training-seed mean +/- standard error from matched extended-budget runs
eog,EOG,train_loss,Training loss,16,base16,26,0.0361497880212057,0.0002391239819682,0.0003381723783881,2,42 43,extended,0.001,runs/a6_optimization_convergence_audit_20260815_000000/a6_seed_mean_curves.csv,training-seed mean +/- standard error from matched extended-budget runs
eog,EOG,train_loss,Training loss,16,base16,27,0.035898186649396,0.0002537014955115,0.0003587880957467,2,42 43,extended,0.001,runs/a6_optimization_convergence_audit_20260815_000000/a6_seed_mean_curves.csv,training-seed mean +/- standard error from matched extended-budget runs
eog,EOG,train_loss,Training loss,16,base16,28,0.0355974203236749,0.0001450764520146,0.00020516908602,2,42 43,extended,0.001,runs/a6_optimization_convergence_audit_20260815_000000/a6_seed_mean_curves.csv,training-seed mean +/- standard error from matched extended-budget runs
eog,EOG,train_loss,Training loss,16,base16,29,0.0353590254541312,0.0002475269138813,0.0003500559186632,2,42 43,extended,0.001,runs/a6_optimization_convergence_audit_20260815_000000/a6_seed_mean_curves.csv,training-seed mean +/- standard error from matched extended-budget runs
eog,EOG,train_loss,Training loss,16,base16,30,0.0351444548082964,0.0002274383903942,0.0003216464562998,2,42 43,extended,0.001,runs/a6_optimization_convergence_audit_20260815_000000/a6_seed_mean_curves.csv,training-seed mean +/- standard error from matched extended-budget runs
eog,EOG,train_loss,Training loss,16,base16,31,0.0348374989127444,0.0002864590175797,0.0004051142277254,2,42 43,extended,0.001,runs/a6_optimization_convergence_audit_20260815_000000/a6_seed_mean_curves.csv,training-seed mean +/- standard error from matched extended-budget runs
eog,EOG,train_loss,Training loss,16,base16,32,0.0346336739973347,0.0002613430146441,0.0003695948357411,2,42 43,extended,0.001,runs/a6_optimization_convergence_audit_20260815_000000/a6_seed_mean_curves.csv,training-seed mean +/- standard error from matched extended-budget runs
eog,EOG,train_loss,Training loss,16,base16,33,0.0344630268654812,0.0003305368786938,0.0004674497367133,2,42 43,extended,0.001,runs/a6_optimization_convergence_audit_20260815_000000/a6_seed_mean_curves.csv,training-seed mean +/- standard error from matched extended-budget runs
eog,EOG,train_loss,Training loss,16,base16,34,0.034321385775214,0.0002679909431488,0.0003789964263942,2,42 43,extended,0.001,runs/a6_optimization_convergence_audit_20260815_000000/a6_seed_mean_curves.csv,training-seed mean +/- standard error from matched extended-budget runs
eog,EOG,train_loss,Training loss,16,base16,35,0.034102131586487,0.0002939475125798,0.0004157045589162,2,42 43,extended,0.001,runs/a6_optimization_convergence_audit_20260815_000000/a6_seed_mean_curves.csv,training-seed mean +/- standard error from matched extended-budget runs
eog,EOG,train_loss,Training loss,16,base16,36,0.0338881190030652,0.0002744558711196,0.0003881392152103,2,42 43,extended,0.001,runs/a6_optimization_convergence_audit_20260815_000000/a6_seed_mean_curves.csv,training-seed mean +/- standard error from matched extended-budget runs
eog,EOG,train_loss,Training loss,16,base16,37,0.0337826040373227,0.000263422866848,0.0003725361909356,2,42 43,extended,0.001,runs/a6_optimization_convergence_audit_20260815_000000/a6_seed_mean_curves.csv,training-seed mean +/- standard error from matched extended-budget runs
eog,EOG,train_loss,Training loss,16,base16,38,0.0336514498307326,0.0003188492678036,0.0004509209588806,2,42 43,extended,0.001,runs/a6_optimization_convergence_audit_20260815_000000/a6_seed_mean_curves.csv,training-seed mean +/- standard error from matched extended-budget runs
eog,EOG,train_loss,Training loss,16,base16,39,0.0334435427021757,0.0002640559224881,0.0003734314668077,2,42 43,extended,0.001,runs/a6_optimization_convergence_audit_20260815_000000/a6_seed_mean_curves.csv,training-seed mean +/- standard error from matched extended-budget runs
eog,EOG,train_loss,Training loss,16,base16,40,0.0332105289013168,0.000311041921029,0.0004398797031858,2,42 43,extended,0.001,runs/a6_optimization_convergence_audit_20260815_000000/a6_seed_mean_curves.csv,training-seed mean +/- standard error from matched extended-budget runs
eog,EOG,train_loss,Training loss,16,base16,41,0.0332311169009342,0.0003014115320744,0.0004262602765154,2,42 43,extended,0.001,runs/a6_optimization_convergence_audit_20260815_000000/a6_seed_mean_curves.csv,training-seed mean +/- standard error from matched extended-budget runs
eog,EOG,train_loss,Training loss,16,base16,42,0.0330833953187287,0.0003560623067004,0.0005035481431856,2,42 43,extended,0.001,runs/a6_optimization_convergence_audit_20260815_000000/a6_seed_mean_curves.csv,training-seed mean +/- standard error from matched extended-budget runs
eog,EOG,train_loss,Training loss,16,base16,43,0.0328904040958558,0.0002879688220324,0.0004072494136589,2,42 43,extended,0.001,runs/a6_optimization_convergence_audit_20260815_000000/a6_seed_mean_curves.csv,training-seed mean +/- standard error from matched extended-budget runs
eog,EOG,train_loss,Training loss,16,base16,44,0.0327700176929062,0.0002766956148721,0.0003913066912013,2,42 43,extended,0.001,runs/a6_optimization_convergence_audit_20260815_000000/a6_seed_mean_curves.csv,training-seed mean +/- standard error from matched extended-budget runs
eog,EOG,train_loss,Training loss,16,base16,45,0.0326073340479737,0.0003535211364799,0.0004999543857955,2,42 43,extended,0.001,runs/a6_optimization_convergence_audit_20260815_000000/a6_seed_mean_curves.csv,training-seed mean +/- standard error from matched extended-budget runs
eog,EOG,train_loss,Training loss,16,base16,46,0.0325414868959478,0.0002281107704773,0.0003225973453323,2,42 43,extended,0.001,runs/a6_optimization_convergence_audit_20260815_000000/a6_seed_mean_curves.csv,training-seed mean +/- standard error from matched extended-budget runs
eog,EOG,train_loss,Training loss,16,base16,47,0.0324122180605185,0.000313099099445,0.0004427889928019,2,42 43,extended,0.001,runs/a6_optimization_convergence_audit_20260815_000000/a6_seed_mean_curves.csv,training-seed mean +/- standard error from matched extended-budget runs
eog,EOG,train_loss,Training loss,16,base16,48,0.0323389384408142,0.0003148034806841,0.0004451993518658,2,42 43,extended,0.001,runs/a6_optimization_convergence_audit_20260815_000000/a6_seed_mean_curves.csv,training-seed mean +/- standard error from matched extended-budget runs
eog,EOG,train_loss,Training loss,16,base16,49,0.0323233799921853,0.0002503751072092,0.0003540838722959,2,42 43,extended,0.001,runs/a6_optimization_convergence_audit_20260815_000000/a6_seed_mean_curves.csv,training-seed mean +/- standard error from matched extended-budget runs
eog,EOG,train_loss,Training loss,16,base16,50,0.0321284657970906,0.0003047808569586,0.0004310252214625,2,42 43,extended,0.001,runs/a6_optimization_convergence_audit_20260815_000000/a6_seed_mean_curves.csv,training-seed mean +/- standard error from matched extended-budget runs
eog,EOG,train_loss,Training loss,16,base16,51,0.0320627344859259,0.0002948904462228,0.0004170380684625,2,42 43,extended,0.001,runs/a6_optimization_convergence_audit_20260815_000000/a6_seed_mean_curves.csv,training-seed mean +/- standard error from matched extended-budget runs
eog,EOG,train_loss,Training loss,16,base16,52,0.0320170733938428,0.0002665023241087,0.0003768912011585,2,42 43,extended,0.001,runs/a6_optimization_convergence_audit_20260815_000000/a6_seed_mean_curves.csv,training-seed mean +/- standard error from matched extended-budget runs
eog,EOG,train_loss,Training loss,16,base16,53,0.0318994451157539,0.0002936015218914,0.0004152152541922,2,42 43,extended,0.001,runs/a6_optimization_convergence_audit_20260815_000000/a6_seed_mean_curves.csv,training-seed mean +/- standard error from matched extended-budget runs
eog,EOG,train_loss,Training loss,16,base16,54,0.0318517156867919,0.0003449263085968,0.0004877994636368,2,42 43,extended,0.001,runs/a6_optimization_convergence_audit_20260815_000000/a6_seed_mean_curves.csv,training-seed mean +/- standard error from matched extended-budget runs
eog,EOG,train_loss,Training loss,16,base16,55,0.0317759353180076,0.0003169527468837,0.0004482388732743,2,42 43,extended,0.001,runs/a6_optimization_convergence_audit_20260815_000000/a6_seed_mean_curves.csv,training-seed mean +/- standard error from matched extended-budget runs
eog,EOG,train_loss,Training loss,16,base16,56,0.0316946483695897,0.0002885651992303,0.0004080928183804,2,42 43,extended,0.001,runs/a6_optimization_convergence_audit_20260815_000000/a6_seed_mean_curves.csv,training-seed mean +/- standard error from matched extended-budget runs
eog,EOG,train_loss,Training loss,16,base16,57,0.0316489271419209,0.0002923737950274,0.0004134789862103,2,42 43,extended,0.001,runs/a6_optimization_convergence_audit_20260815_000000/a6_seed_mean_curves.csv,training-seed mean +/- standard error from matched extended-budget runs
eog,EOG,train_loss,Training loss,16,base16,58,0.0315928682510819,0.0002852525979837,0.0004034080927707,2,42 43,extended,0.001,runs/a6_optimization_convergence_audit_20260815_000000/a6_seed_mean_curves.csv,training-seed mean +/- standard error from matched extended-budget runs
eog,EOG,train_loss,Training loss,16,base16,59,0.0315497337065846,0.0002874180883447,0.0004064705586085,2,42 43,extended,0.001,runs/a6_optimization_convergence_audit_20260815_000000/a6_seed_mean_curves.csv,training-seed mean +/- standard error from matched extended-budget runs
eog,EOG,train_loss,Training loss,16,base16,60,0.0314868162777797,0.0002825972754682,0.0003996528996568,2,42 43,extended,0.001,runs/a6_optimization_convergence_audit_20260815_000000/a6_seed_mean_curves.csv,training-seed mean +/- standard error from matched extended-budget runs
eog,EOG,train_loss,Training loss,16,base16,61,0.0314597578057758,0.0002841536634575,0.0004018539646596,2,42 43,extended,0.001,runs/a6_optimization_convergence_audit_20260815_000000/a6_seed_mean_curves.csv,training-seed mean +/- standard error from matched extended-budget runs
eog,EOG,train_loss,Training loss,16,base16,62,0.031428801592126,0.0002971549353031,0.0004202405396317,2,42 43,extended,0.001,runs/a6_optimization_convergence_audit_20260815_000000/a6_seed_mean_curves.csv,training-seed mean +/- standard error from matched extended-budget runs
eog,EOG,train_loss,Training loss,16,base16,63,0.0313765774698597,0.000285030934507,0.0004030946132757,2,42 43,extended,0.001,runs/a6_optimization_convergence_audit_20260815_000000/a6_seed_mean_curves.csv,training-seed mean +/- standard error from matched extended-budget runs
eog,EOG,train_loss,Training loss,16,base16,64,0.0313399002025617,0.0002628870343215,0.0003717784093095,2,42 43,extended,0.001,runs/a6_optimization_convergence_audit_20260815_000000/a6_seed_mean_curves.csv,training-seed mean +/- standard error from matched extended-budget runs
eog,EOG,train_loss,Training loss,16,base16,65,0.0312808483891258,0.0002875890948365,0.0004067123983084,2,42 43,extended,0.001,runs/a6_optimization_convergence_audit_20260815_000000/a6_seed_mean_curves.csv,training-seed mean +/- standard error from matched extended-budget runs
eog,EOG,train_loss,Training loss,16,base16,66,0.0312655727492175,0.0002878382192733,0.0004070647134656,2,42 43,extended,0.001,runs/a6_optimization_convergence_audit_20260815_000000/a6_seed_mean_curves.csv,training-seed mean +/- standard error from matched extended-budget runs
eog,EOG,train_loss,Training loss,16,base16,67,0.0312651906197316,0.0002865318000038,0.0004052171576165,2,42 43,extended,0.001,runs/a6_optimization_convergence_audit_20260815_000000/a6_seed_mean_curves.csv,training-seed mean +/- standard error from matched extended-budget runs
eog,EOG,train_loss,Training loss,16,base16,68,0.0312059636828359,0.0002883281123554,0.0004077575269065,2,42 43,extended,0.001,runs/a6_optimization_convergence_audit_20260815_000000/a6_seed_mean_curves.csv,training-seed mean +/- standard error from matched extended-budget runs
eog,EOG,train_loss,Training loss,16,base16,69,0.0312068883294814,0.0002907946984344,0.0004112458063921,2,42 43,extended,0.001,runs/a6_optimization_convergence_audit_20260815_000000/a6_seed_mean_curves.csv,training-seed mean +/- standard error from matched extended-budget runs
eog,EOG,train_loss,Training loss,16,base16,70,0.0311783408206478,0.0002861747291879,0.0004047121832259,2,42 43,extended,0.001,runs/a6_optimization_convergence_audit_20260815_000000/a6_seed_mean_curves.csv,training-seed mean +/- standard error from matched extended-budget runs
eog,EOG,train_loss,Training loss,16,base16,71,0.0311870674959549,0.0002888217307279,0.0004084556087034,2,42 43,extended,0.001,runs/a6_optimization_convergence_audit_20260815_000000/a6_seed_mean_curves.csv,training-seed mean +/- standard error from matched extended-budget runs
eog,EOG,train_loss,Training loss,16,base16,72,0.0311957802275352,0.0002714632096413,0.00038390695276,2,42 43,extended,0.001,runs/a6_optimization_convergence_audit_20260815_000000/a6_seed_mean_curves.csv,training-seed mean +/- standard error from matched extended-budget runs
eog,EOG,train_loss,Training loss,16,base16,73,0.0311763739544097,0.0002947480844281,0.0004168367384817,2,42 43,extended,0.001,runs/a6_optimization_convergence_audit_20260815_000000/a6_seed_mean_curves.csv,training-seed mean +/- standard error from matched extended-budget runs
eog,EOG,train_loss,Training loss,16,base16,74,0.0311458920189571,0.0002779921029354,0.0003931402022039,2,42 43,extended,0.001,runs/a6_optimization_convergence_audit_20260815_000000/a6_seed_mean_curves.csv,training-seed mean +/- standard error from matched extended-budget runs
eog,EOG,train_loss,Training loss,16,base16,75,0.0311332399321493,0.0002950675019594,0.0004172884630865,2,42 43,extended,0.001,runs/a6_optimization_convergence_audit_20260815_000000/a6_seed_mean_curves.csv,training-seed mean +/- standard error from matched extended-budget runs
eog,EOG,val_SDR,Validation SDR (dB),4,base4,1,0.8468273154326849,0.0998520765985761,0.1412121609568235,2,42 43,extended,0.001,runs/a6_optimization_convergence_audit_20260815_000000/a6_seed_mean_curves.csv,training-seed mean +/- standard error from matched extended-budget runs
eog,EOG,val_SDR,Validation SDR (dB),4,base4,2,4.0433737550463,0.0447459731783186,0.0632803621303609,2,42 43,extended,0.001,runs/a6_optimization_convergence_audit_20260815_000000/a6_seed_mean_curves.csv,training-seed mean +/- standard error from matched extended-budget runs
eog,EOG,val_SDR,Validation SDR (dB),4,base4,3,6.397544128554208,0.1041274922234673,0.1472585117183265,2,42 43,extended,0.001,runs/a6_optimization_convergence_audit_20260815_000000/a6_seed_mean_curves.csv,training-seed mean +/- standard error from matched extended-budget runs
eog,EOG,val_SDR,Validation SDR (dB),4,base4,4,6.997495583125523,0.0054271221160888,0.0076751097012278,2,42 43,extended,0.001,runs/a6_optimization_convergence_audit_20260815_000000/a6_seed_mean_curves.csv,training-seed mean +/- standard error from matched extended-budget runs
eog,EOG,val_SDR,Validation SDR (dB),4,base4,5,7.262321523257665,0.0416623694556101,0.0589194879247225,2,42 43,extended,0.001,runs/a6_optimization_convergence_audit_20260815_000000/a6_seed_mean_curves.csv,training-seed mean +/- standard error from matched extended-budget runs
eog,EOG,val_SDR,Validation SDR (dB),4,base4,6,7.381665417126247,0.0411714315414428,0.0582251968682239,2,42 43,extended,0.001,runs/a6_optimization_convergence_audit_20260815_000000/a6_seed_mean_curves.csv,training-seed mean +/- standard error from matched extended-budget runs
eog,EOG,val_SDR,Validation SDR (dB),4,base4,7,7.467239499092102,0.0136975049972534,0.019371197337789,2,42 43,extended,0.001,runs/a6_optimization_convergence_audit_20260815_000000/a6_seed_mean_curves.csv,training-seed mean +/- standard error from matched extended-budget runs
eog,EOG,val_SDR,Validation SDR (dB),4,base4,8,7.5283666508538385,0.0087657485689436,0.0123966405105526,2,42 43,extended,0.001,runs/a6_optimization_convergence_audit_20260815_000000/a6_seed_mean_curves.csv,training-seed mean +/- standard error from matched extended-budget runs
eog,EOG,val_SDR,Validation SDR (dB),4,base4,9,7.628091880253383,0.0037479741232737,0.0053004358365571,2,42 43,extended,0.001,runs/a6_optimization_convergence_audit_20260815_000000/a6_seed_mean_curves.csv,training-seed mean +/- standard error from matched extended-budget runs
eog,EOG,val_SDR,Validation SDR (dB),4,base4,10,7.633933765547615,0.0469395603452409,0.06638256285207,2,42 43,extended,0.001,runs/a6_optimization_convergence_audit_20260815_000000/a6_seed_mean_curves.csv,training-seed mean +/- standard error from matched extended-budget runs
eog,EOG,val_SDR,Validation SDR (dB),4,base4,11,7.722532033920288,0.0123592104230612,0.017478563000516,2,42 43,extended,0.001,runs/a6_optimization_convergence_audit_20260815_000000/a6_seed_mean_curves.csv,training-seed mean +/- standard error from matched extended-budget runs
eog,EOG,val_SDR,Validation SDR (dB),4,base4,12,7.741749473980494,0.0145128284181867,0.0205242387773934,2,42 43,extended,0.001,runs/a6_optimization_convergence_audit_20260815_000000/a6_seed_mean_curves.csv,training-seed mean +/- standard error from matched extended-budget runs
eog,EOG,val_SDR,Validation SDR (dB),4,base4,13,7.729977760996137,0.0146621465682983,0.0207354065303896,2,42 43,extended,0.001,runs/a6_optimization_convergence_audit_20260815_000000/a6_seed_mean_curves.csv,training-seed mean +/- standard error from matched extended-budget runs
eog,EOG,val_SDR,Validation SDR (dB),4,base4,14,7.811370883669172,0.010110923222133,0.0142990047488536,2,42 43,extended,0.001,runs/a6_optimization_convergence_audit_20260815_000000/a6_seed_mean_curves.csv,training-seed mean +/- standard error from matched extended-budget runs
eog,EOG,val_SDR,Validation SDR (dB),4,base4,15,7.809658663613455,0.0254238673618862,0.0359547780311542,2,42 43,extended,0.001,runs/a6_optimization_convergence_audit_20260815_000000/a6_seed_mean_curves.csv,training-seed mean +/- standard error from matched extended-budget runs
eog,EOG,val_SDR,Validation SDR (dB),4,base4,16,7.867336205073766,0.0254321438925608,0.0359664828130836,2,42 43,extended,0.001,runs/a6_optimization_convergence_audit_20260815_000000/a6_seed_mean_curves.csv,training-seed mean +/- standard error from matched extended-budget runs
eog,EOG,val_SDR,Validation SDR (dB),4,base4,17,7.871524316923958,0.013297370501927,0.0188053217077251,2,42 43,extended,0.001,runs/a6_optimization_convergence_audit_20260815_000000/a6_seed_mean_curves.csv,training-seed mean +/- standard error from matched extended-budget runs
eog,EOG,val_SDR,Validation SDR (dB),4,base4,18,7.879878197397504,0.0204544237681796,0.0289269235034862,2,42 43,extended,0.001,runs/a6_optimization_convergence_audit_20260815_000000/a6_seed_mean_curves.csv,training-seed mean +/- standard error from matched extended-budget runs
eog,EOG,val_SDR,Validation SDR (dB),4,base4,19,7.9238786186490735,0.0169684716633384,0.0239970427590368,2,42 43,extended,0.001,runs/a6_optimization_convergence_audit_20260815_000000/a6_seed_mean_curves.csv,training-seed mean +/- standard error from matched extended-budget runs
eog,EOG,val_SDR,Validation SDR (dB),4,base4,20,7.884586215019226,0.0221978085381646,0.0313924418896337,2,42 43,extended,0.001,runs/a6_optimization_convergence_audit_20260815_000000/a6_seed_mean_curves.csv,training-seed mean +/- standard error from matched extended-budget runs
eog,EOG,val_SDR,Validation SDR (dB),4,base4,21,7.931058968816485,0.0147158929279873,0.02081141536119,2,42 43,extended,0.001,runs/a6_optimization_convergence_audit_20260815_000000/a6_seed_mean_curves.csv,training-seed mean +/- standard error from matched extended-budget runs
eog,EOG,val_SDR,Validation SDR (dB),4,base4,22,7.94145837851933,0.0531941992895945,0.0752279580749219,2,42 43,extended,0.001,runs/a6_optimization_convergence_audit_20260815_000000/a6_seed_mean_curves.csv,training-seed mean +/- standard error from matched extended-budget runs
eog,EOG,val_SDR,Validation SDR (dB),4,base4,23,7.915034226008824,0.0816975661686485,0.1155378060885761,2,42 43,extended,0.001,runs/a6_optimization_convergence_audit_20260815_000000/a6_seed_mean_curves.csv,training-seed mean +/- standard error from matched extended-budget runs
eog,EOG,val_SDR,Validation SDR (dB),4,base4,24,7.981478929519653,0.0082851478031704,0.0117169683895093,2,42 43,extended,0.001,runs/a6_optimization_convergence_audit_20260815_000000/a6_seed_mean_curves.csv,training-seed mean +/- standard error from matched extended-budget runs
eog,EOG,val_SDR,Validation SDR (dB),4,base4,25,7.966800655637469,0.0021444729396273,0.0030327427153631,2,42 43,extended,0.001,runs/a6_optimization_convergence_audit_20260815_000000/a6_seed_mean_curves.csv,training-seed mean +/- standard error from matched extended-budget runs
eog,EOG,val_SDR,Validation SDR (dB),4,base4,26,8.001059770584106,0.0180557114737371,0.0255346320444546,2,42 43,extended,0.001,runs/a6_optimization_convergence_audit_20260815_000000/a6_seed_mean_curves.csv,training-seed mean +/- standard error from matched extended-budget runs
eog,EOG,val_SDR,Validation SDR (dB),4,base4,27,8.016257286071777,0.0182282584054132,0.0257786502553767,2,42 43,extended,0.001,runs/a6_optimization_convergence_audit_20260815_000000/a6_seed_mean_curves.csv,training-seed mean +/- standard error from matched extended-budget runs
eog,EOG,val_SDR,Validation SDR (dB),4,base4,28,8.028626782553538,0.0201986517224996,0.0285652072076097,2,42 43,extended,0.001,runs/a6_optimization_convergence_audit_20260815_000000/a6_seed_mean_curves.csv,training-seed mean +/- standard error from matched extended-budget runs
eog,EOG,val_SDR,Validation SDR (dB),4,base4,29,8.0370432138443,0.0381033250263755,0.0538862390238105,2,42 43,extended,0.001,runs/a6_optimization_convergence_audit_20260815_000000/a6_seed_mean_curves.csv,training-seed mean +/- standard error from matched extended-budget runs
eog,EOG,val_SDR,Validation SDR (dB),4,base4,30,8.028442008154734,0.0064565113612582,0.0091308859327073,2,42 43,extended,0.001,runs/a6_optimization_convergence_audit_20260815_000000/a6_seed_mean_curves.csv,training-seed mean +/- standard error from matched extended-budget runs
eog,EOG,val_SDR,Validation SDR (dB),4,base4,31,8.058836272784642,0.0194918257849554,0.0275656043804976,2,42 43,extended,0.001,runs/a6_optimization_convergence_audit_20260815_000000/a6_seed_mean_curves.csv,training-seed mean +/- standard error from matched extended-budget runs
eog,EOG,val_SDR,Validation SDR (dB),4,base4,32,8.023812038557871,0.0267563036509921,0.0378391275022058,2,42 43,extended,0.001,runs/a6_optimization_convergence_audit_20260815_000000/a6_seed_mean_curves.csv,training-seed mean +/- standard error from matched extended-budget runs
eog,EOG,val_SDR,Validation SDR (dB),4,base4,33,8.08095211642129,0.0581219707216531,0.0821968792664138,2,42 43,extended,0.001,runs/a6_optimization_convergence_audit_20260815_000000/a6_seed_mean_curves.csv,training-seed mean +/- standard error from matched extended-budget runs
eog,EOG,val_SDR,Validation SDR (dB),4,base4,34,8.06190460068839,0.0302643775939941,0.0428002932502069,2,42 43,extended,0.001,runs/a6_optimization_convergence_audit_20260815_000000/a6_seed_mean_curves.csv,training-seed mean +/- standard error from matched extended-budget runs
eog,EOG,val_SDR,Validation SDR (dB),4,base4,35,8.078343425478254,0.0577445370810369,0.0816631074929586,2,42 43,extended,0.001,runs/a6_optimization_convergence_audit_20260815_000000/a6_seed_mean_curves.csv,training-seed mean +/- standard error from matched extended-budget runs
eog,EOG,val_SDR,Validation SDR (dB),4,base4,36,8.11515544142042,0.0314964737210958,0.0445427403033015,2,42 43,extended,0.001,runs/a6_optimization_convergence_audit_20260815_000000/a6_seed_mean_curves.csv,training-seed mean +/- standard error from matched extended-budget runs
eog,EOG,val_SDR,Validation SDR (dB),4,base4,37,8.088276522500173,0.0353641850607742,0.0500125101352188,2,42 43,extended,0.001,runs/a6_optimization_convergence_audit_20260815_000000/a6_seed_mean_curves.csv,training-seed mean +/- standard error from matched extended-budget runs
eog,EOG,val_SDR,Validation SDR (dB),4,base4,38,8.103884032794408,0.0475615262985229,0.0672621555385357,2,42 43,extended,0.001,runs/a6_optimization_convergence_audit_20260815_000000/a6_seed_mean_curves.csv,training-seed mean +/- standard error from matched extended-budget runs
eog,EOG,val_SDR,Validation SDR (dB),4,base4,39,8.13141918182373,0.040634972708565,0.0574665295111133,2,42 43,extended,0.001,runs/a6_optimization_convergence_audit_20260815_000000/a6_seed_mean_curves.csv,training-seed mean +/- standard error from matched extended-budget runs
eog,EOG,val_SDR,Validation SDR (dB),4,base4,40,8.106284737586975,0.0168485471180499,0.0238274438406283,2,42 43,extended,0.001,runs/a6_optimization_convergence_audit_20260815_000000/a6_seed_mean_curves.csv,training-seed mean +/- standard error from matched extended-budget runs
eog,EOG,val_SDR,Validation SDR (dB),4,base4,41,8.07932254246303,0.0447513375963488,0.0632879485630935,2,42 43,extended,0.001,runs/a6_optimization_convergence_audit_20260815_000000/a6_seed_mean_curves.csv,training-seed mean +/- standard error from matched extended-budget runs
eog,EOG,val_SDR,Validation SDR (dB),4,base4,42,8.139112727982658,0.0525921583175659,0.0743765435671747,2,42 43,extended,0.001,runs/a6_optimization_convergence_audit_20260815_000000/a6_seed_mean_curves.csv,training-seed mean +/- standard error from matched extended-budget runs
eog,EOG,val_SDR,Validation SDR (dB),4,base4,43,8.114392859595164,0.0253044537135531,0.0357859016301491,2,42 43,extended,0.001,runs/a6_optimization_convergence_audit_20260815_000000/a6_seed_mean_curves.csv,training-seed mean +/- standard error from matched extended-budget runs
eog,EOG,val_SDR,Validation SDR (dB),4,base4,44,8.135262727737427,0.0454341684068957,0.0642536171561751,2,42 43,extended,0.001,runs/a6_optimization_convergence_audit_20260815_000000/a6_seed_mean_curves.csv,training-seed mean +/- standard error from matched extended-budget runs
eog,EOG,val_SDR,Validation SDR (dB),4,base4,45,8.147941061428615,0.0301144633974343,0.0425882825602398,2,42 43,extended,0.001,runs/a6_optimization_convergence_audit_20260815_000000/a6_seed_mean_curves.csv,training-seed mean +/- standard error from matched extended-budget runs
eog,EOG,val_SDR,Validation SDR (dB),4,base4,46,8.13945288317544,0.031711970056806,0.0448474981439045,2,42 43,extended,0.001,runs/a6_optimization_convergence_audit_20260815_000000/a6_seed_mean_curves.csv,training-seed mean +/- standard error from matched extended-budget runs
eog,EOG,val_SDR,Validation SDR (dB),4,base4,47,8.142750484602793,0.0447315658841818,0.0632599871395955,2,42 43,extended,0.001,runs/a6_optimization_convergence_audit_20260815_000000/a6_seed_mean_curves.csv,training-seed mean +/- standard error from matched extended-budget runs
eog,EOG,val_SDR,Validation SDR (dB),4,base4,48,8.151874491146632,0.0501936674118041,0.0709845651990179,2,42 43,extended,0.001,runs/a6_optimization_convergence_audit_20260815_000000/a6_seed_mean_curves.csv,training-seed mean +/- standard error from matched extended-budget runs
eog,EOG,val_SDR,Validation SDR (dB),4,base4,49,8.151679754257202,0.0505361216408868,0.0714688686142786,2,42 43,extended,0.001,runs/a6_optimization_convergence_audit_20260815_000000/a6_seed_mean_curves.csv,training-seed mean +/- standard error from matched extended-budget runs
eog,EOG,val_SDR,Validation SDR (dB),4,base4,50,8.170349070004054,0.0392862558364868,0.0555591558188188,2,42 43,extended,0.001,runs/a6_optimization_convergence_audit_20260815_000000/a6_seed_mean_curves.csv,training-seed mean +/- standard error from matched extended-budget runs
eog,EOG,val_SDR,Validation SDR (dB),4,base4,51,8.167546766144888,0.0292157615934103,0.0413173262804598,2,42 43,extended,0.001,runs/a6_optimization_convergence_audit_20260815_000000/a6_seed_mean_curves.csv,training-seed mean +/- standard error from matched extended-budget runs
eog,EOG,val_SDR,Validation SDR (dB),4,base4,52,8.164910963603429,0.0388338565826415,0.0549193666584234,2,42 43,extended,0.001,runs/a6_optimization_convergence_audit_20260815_000000/a6_seed_mean_curves.csv,training-seed mean +/- standard error from matched extended-budget runs
eog,EOG,val_SDR,Validation SDR (dB),4,base4,53,8.170612505504064,0.0438861846923828,0.0620644375927782,2,42 43,extended,0.001,runs/a6_optimization_convergence_audit_20260815_000000/a6_seed_mean_curves.csv,training-seed mean +/- standard error from matched extended-budget runs
eog,EOG,val_SDR,Validation SDR (dB),4,base4,54,8.178550277437482,0.0345826830182751,0.0489072993476944,2,42 43,extended,0.001,runs/a6_optimization_convergence_audit_20260815_000000/a6_seed_mean_curves.csv,training-seed mean +/- standard error from matched extended-budget runs
eog,EOG,val_SDR,Validation SDR (dB),4,base4,55,8.17070026057107,0.0405230692454745,0.0573082741159341,2,42 43,extended,0.001,runs/a6_optimization_convergence_audit_20260815_000000/a6_seed_mean_curves.csv,training-seed mean +/- standard error from matched extended-budget runs
eog,EOG,val_SDR,Validation SDR (dB),4,base4,56,8.181342993463788,0.0316272292818347,0.0447276565906541,2,42 43,extended,0.001,runs/a6_optimization_convergence_audit_20260815_000000/a6_seed_mean_curves.csv,training-seed mean +/- standard error from matched extended-budget runs
eog,EOG,val_SDR,Validation SDR (dB),4,base4,57,8.17814826965332,0.0386384214673718,0.054642979667845,2,42 43,extended,0.001,runs/a6_optimization_convergence_audit_20260815_000000/a6_seed_mean_curves.csv,training-seed mean +/- standard error from matched extended-budget runs
eog,EOG,val_SDR,Validation SDR (dB),4,base4,58,8.183236002922058,0.0418991531644543,0.0592543506571189,2,42 43,extended,0.001,runs/a6_optimization_convergence_audit_20260815_000000/a6_seed_mean_curves.csv,training-seed mean +/- standard error from matched extended-budget runs
eog,EOG,val_SDR,Validation SDR (dB),4,base4,59,8.17993836743491,0.0437878710883001,0.0619254011605188,2,42 43,extended,0.001,runs/a6_optimization_convergence_audit_20260815_000000/a6_seed_mean_curves.csv,training-seed mean +/- standard error from matched extended-budget runs
eog,EOG,val_SDR,Validation SDR (dB),4,base4,60,8.192089932305471,0.0435141835893899,0.061538348587708,2,42 43,extended,0.001,runs/a6_optimization_convergence_audit_20260815_000000/a6_seed_mean_curves.csv,training-seed mean +/- standard error from matched extended-budget runs
eog,EOG,val_SDR,Validation SDR (dB),4,base4,61,8.185773866517202,0.0347954375403274,0.0492081796782369,2,42 43,extended,0.001,runs/a6_optimization_convergence_audit_20260815_000000/a6_seed_mean_curves.csv,training-seed mean +/- standard error from matched extended-budget runs
eog,EOG,val_SDR,Validation SDR (dB),4,base4,62,8.190615160124642,0.0414849519729614,0.0586685817145585,2,42 43,extended,0.001,runs/a6_optimization_convergence_audit_20260815_000000/a6_seed_mean_curves.csv,training-seed mean +/- standard error from matched extended-budget runs
eog,EOG,val_SDR,Validation SDR (dB),4,base4,63,8.191783138683864,0.0356404951640536,0.0504032716306973,2,42 43,extended,0.001,runs/a6_optimization_convergence_audit_20260815_000000/a6_seed_mean_curves.csv,training-seed mean +/- standard error from matched extended-budget runs
eog,EOG,val_SDR,Validation SDR (dB),4,base4,64,8.187083210263934,0.0339043481009344,0.0479479889077599,2,42 43,extended,0.001,runs/a6_optimization_convergence_audit_20260815_000000/a6_seed_mean_curves.csv,training-seed mean +/- standard error from matched extended-budget runs
eog,EOG,val_SDR,Validation SDR (dB),4,base4,65,8.193668825285775,0.0393062829971313,0.0555874785010181,2,42 43,extended,0.001,runs/a6_optimization_convergence_audit_20260815_000000/a6_seed_mean_curves.csv,training-seed mean +/- standard error from matched extended-budget runs
eog,EOG,val_SDR,Validation SDR (dB),4,base4,66,8.193680678095138,0.0430631467274258,0.0609004861403881,2,42 43,extended,0.001,runs/a6_optimization_convergence_audit_20260815_000000/a6_seed_mean_curves.csv,training-seed mean +/- standard error from matched extended-budget runs
eog,EOG,val_SDR,Validation SDR (dB),4,base4,67,8.192008086613246,0.0377584866115023,0.0533985638606696,2,42 43,extended,0.001,runs/a6_optimization_convergence_audit_20260815_000000/a6_seed_mean_curves.csv,training-seed mean +/- standard error from matched extended-budget runs
eog,EOG,val_SDR,Validation SDR (dB),4,base4,68,8.193525229181562,0.0410446609769543,0.0580459162166145,2,42 43,extended,0.001,runs/a6_optimization_convergence_audit_20260815_000000/a6_seed_mean_curves.csv,training-seed mean +/- standard error from matched extended-budget runs
eog,EOG,val_SDR,Validation SDR (dB),4,base4,69,8.194794637816294,0.0391716786793301,0.0553971192492296,2,42 43,extended,0.001,runs/a6_optimization_convergence_audit_20260815_000000/a6_seed_mean_curves.csv,training-seed mean +/- standard error from matched extended-budget runs
eog,EOG,val_SDR,Validation SDR (dB),4,base4,70,8.195825151034764,0.039204342024667,0.0554433121951976,2,42 43,extended,0.001,runs/a6_optimization_convergence_audit_20260815_000000/a6_seed_mean_curves.csv,training-seed mean +/- standard error from matched extended-budget runs
eog,EOG,val_SDR,Validation SDR (dB),4,base4,71,8.193947860172816,0.0409692355564663,0.0579392485640127,2,42 43,extended,0.001,runs/a6_optimization_convergence_audit_20260815_000000/a6_seed_mean_curves.csv,training-seed mean +/- standard error from matched extended-budget runs
eog,EOG,val_SDR,Validation SDR (dB),4,base4,72,8.196967567716325,0.0388382502964566,0.0549255803080898,2,42 43,extended,0.001,runs/a6_optimization_convergence_audit_20260815_000000/a6_seed_mean_curves.csv,training-seed mean +/- standard error from matched extended-budget runs
eog,EOG,val_SDR,Validation SDR (dB),4,base4,73,8.194857324872698,0.0414903845105847,0.0586762644829435,2,42 43,extended,0.001,runs/a6_optimization_convergence_audit_20260815_000000/a6_seed_mean_curves.csv,training-seed mean +/- standard error from matched extended-budget runs
eog,EOG,val_SDR,Validation SDR (dB),4,base4,74,8.194982716015407,0.0392157520566671,0.0554594484171993,2,42 43,extended,0.001,runs/a6_optimization_convergence_audit_20260815_000000/a6_seed_mean_curves.csv,training-seed mean +/- standard error from matched extended-budget runs
eog,EOG,val_SDR,Validation SDR (dB),4,base4,75,8.19535061291286,0.039635419845581,0.0560529482959724,2,42 43,extended,0.001,runs/a6_optimization_convergence_audit_20260815_000000/a6_seed_mean_curves.csv,training-seed mean +/- standard error from matched extended-budget runs
eog,EOG,val_SDR,Validation SDR (dB),6,base6,1,0.578240703857903,0.4434714417771569,0.6271633274864058,2,42 43,extended,0.001,runs/a6_optimization_convergence_audit_20260815_000000/a6_seed_mean_curves.csv,training-seed mean +/- standard error from matched extended-budget runs
eog,EOG,val_SDR,Validation SDR (dB),6,base6,2,4.867939591407776,0.1020583254950384,0.1443322680681712,2,42 43,extended,0.001,runs/a6_optimization_convergence_audit_20260815_000000/a6_seed_mean_curves.csv,training-seed mean +/- standard error from matched extended-budget runs
eog,EOG,val_SDR,Validation SDR (dB),6,base6,3,7.021732977458409,0.0664870057787214,0.0940268252938462,2,42 43,extended,0.001,runs/a6_optimization_convergence_audit_20260815_000000/a6_seed_mean_curves.csv,training-seed mean +/- standard error from matched extended-budget runs
eog,EOG,val_SDR,Validation SDR (dB),6,base6,4,7.352892313684736,0.0060792820794239,0.0085974031662131,2,42 43,extended,0.001,runs/a6_optimization_convergence_audit_20260815_000000/a6_seed_mean_curves.csv,training-seed mean +/- standard error from matched extended-budget runs
eog,EOG,val_SDR,Validation SDR (dB),6,base6,5,7.512782147952489,0.0419914211545671,0.0593848373001093,2,42 43,extended,0.001,runs/a6_optimization_convergence_audit_20260815_000000/a6_seed_mean_curves.csv,training-seed mean +/- standard error from matched extended-budget runs
eog,EOG,val_SDR,Validation SDR (dB),6,base6,6,7.666070069585528,0.0413133246558055,0.0584258640349629,2,42 43,extended,0.001,runs/a6_optimization_convergence_audit_20260815_000000/a6_seed_mean_curves.csv,training-seed mean +/- standard error from matched extended-budget runs
eog,EOG,val_SDR,Validation SDR (dB),6,base6,7,7.751206874847412,0.0579316616058349,0.0819277415337805,2,42 43,extended,0.001,runs/a6_optimization_convergence_audit_20260815_000000/a6_seed_mean_curves.csv,training-seed mean +/- standard error from matched extended-budget runs
eog,EOG,val_SDR,Validation SDR (dB),6,base6,8,7.833843197141375,0.0268980094364712,0.0380395297458971,2,42 43,extended,0.001,runs/a6_optimization_convergence_audit_20260815_000000/a6_seed_mean_curves.csv,training-seed mean +/- standard error from matched extended-budget runs
eog,EOG,val_SDR,Validation SDR (dB),6,base6,9,7.928599544933863,0.0626071350915089,0.0885398595477364,2,42 43,extended,0.001,runs/a6_optimization_convergence_audit_20260815_000000/a6_seed_mean_curves.csv,training-seed mean +/- standard error from matched extended-budget runs
eog,EOG,val_SDR,Validation SDR (dB),6,base6,10,7.927973457745143,0.0703315223966325,0.0994637928356648,2,42 43,extended,0.001,runs/a6_optimization_convergence_audit_20260815_000000/a6_seed_mean_curves.csv,training-seed mean +/- standard error from matched extended-budget runs
eog,EOG,val_SDR,Validation SDR (dB),6,base6,11,7.994952866009303,0.0049035038266862,0.006934601614848,2,42 43,extended,0.001,runs/a6_optimization_convergence_audit_20260815_000000/a6_seed_mean_curves.csv,training-seed mean +/- standard error from matched extended-budget runs
eog,EOG,val_SDR,Validation SDR (dB),6,base6,12,8.051919051579066,0.0039469514574319,0.0055818322811285,2,42 43,extended,0.001,runs/a6_optimization_convergence_audit_20260815_000000/a6_seed_mean_curves.csv,training-seed mean +/- standard error from matched extended-budget runs
eog,EOG,val_SDR,Validation SDR (dB),6,base6,13,8.040590371404376,0.0935159921646118,0.1322515844179701,2,42 43,extended,0.001,runs/a6_optimization_convergence_audit_20260815_000000/a6_seed_mean_curves.csv,training-seed mean +/- standard error from matched extended-budget runs
eog,EOG,val_SDR,Validation SDR (dB),6,base6,14,8.079604727881296,0.008541788373674,0.0120799129649706,2,42 43,extended,0.001,runs/a6_optimization_convergence_audit_20260815_000000/a6_seed_mean_curves.csv,training-seed mean +/- standard error from matched extended-budget runs
eog,EOG,val_SDR,Validation SDR (dB),6,base6,15,8.159173386437551,0.0471254416874478,0.0666454387672111,2,42 43,extended,0.001,runs/a6_optimization_convergence_audit_20260815_000000/a6_seed_mean_curves.csv,training-seed mean +/- standard error from matched extended-budget runs
eog,EOG,val_SDR,Validation SDR (dB),6,base6,16,8.175326296261378,0.0388754606246948,0.0549782036589446,2,42 43,extended,0.001,runs/a6_optimization_convergence_audit_20260815_000000/a6_seed_mean_curves.csv,training-seed mean +/- standard error from matched extended-budget runs
eog,EOG,val_SDR,Validation SDR (dB),6,base6,17,8.192025678498403,0.05379525252751,0.0760779757156902,2,42 43,extended,0.001,runs/a6_optimization_convergence_audit_20260815_000000/a6_seed_mean_curves.csv,training-seed mean +/- standard error from matched extended-budget runs
eog,EOG,val_SDR,Validation SDR (dB),6,base6,18,8.205782702990941,0.0391013111386984,0.0552976045189174,2,42 43,extended,0.001,runs/a6_optimization_convergence_audit_20260815_000000/a6_seed_mean_curves.csv,training-seed mean +/- standard error from matched extended-budget runs
eog,EOG,val_SDR,Validation SDR (dB),6,base6,19,8.147978799683708,0.1384769678115844,0.1958360059554452,2,42 43,extended,0.001,runs/a6_optimization_convergence_audit_20260815_000000/a6_seed_mean_curves.csv,training-seed mean +/- standard error from matched extended-budget runs
eog,EOG,val_SDR,Validation SDR (dB),6,base6,20,8.254048654011317,0.0312590258462091,0.04420693829828,2,42 43,extended,0.001,runs/a6_optimization_convergence_audit_20260815_000000/a6_seed_mean_curves.csv,training-seed mean +/- standard error from matched extended-budget runs
eog,EOG,val_SDR,Validation SDR (dB),6,base6,21,8.262008564812795,0.0108775070735385,0.0153831180282074,2,42 43,extended,0.001,runs/a6_optimization_convergence_audit_20260815_000000/a6_seed_mean_curves.csv,training-seed mean +/- standard error from matched extended-budget runs
eog,EOG,val_SDR,Validation SDR (dB),6,base6,22,8.25172563961574,0.0788841588156561,0.111559047253494,2,42 43,extended,0.001,runs/a6_optimization_convergence_audit_20260815_000000/a6_seed_mean_curves.csv,training-seed mean +/- standard error from matched extended-budget runs
eog,EOG,val_SDR,Validation SDR (dB),6,base6,23,8.260695815086365,0.0373267275946478,0.052787964403357,2,42 43,extended,0.001,runs/a6_optimization_convergence_audit_20260815_000000/a6_seed_mean_curves.csv,training-seed mean +/- standard error from matched extended-budget runs
eog,EOG,val_SDR,Validation SDR (dB),6,base6,24,8.297718014035906,0.0341155869620184,0.0482467257700052,2,42 43,extended,0.001,runs/a6_optimization_convergence_audit_20260815_000000/a6_seed_mean_curves.csv,training-seed mean +/- standard error from matched extended-budget runs
eog,EOG,val_SDR,Validation SDR (dB),6,base6,25,8.36779010295868,0.0004407508032659,0.0006233157636056,2,42 43,extended,0.001,runs/a6_optimization_convergence_audit_20260815_000000/a6_seed_mean_curves.csv,training-seed mean +/- standard error from matched extended-budget runs
eog,EOG,val_SDR,Validation SDR (dB),6,base6,26,8.291069746017456,0.0179946081978936,0.0254482189630513,2,42 43,extended,0.001,runs/a6_optimization_convergence_audit_20260815_000000/a6_seed_mean_curves.csv,training-seed mean +/- standard error from matched extended-budget runs
eog,EOG,val_SDR,Validation SDR (dB),6,base6,27,8.34008547237941,0.0185619422367642,0.0262505504552179,2,42 43,extended,0.001,runs/a6_optimization_convergence_audit_20260815_000000/a6_seed_mean_curves.csv,training-seed mean +/- standard error from matched extended-budget runs
eog,EOG,val_SDR,Validation SDR (dB),6,base6,28,8.334002937589371,0.0361141136714389,0.0510730693472325,2,42 43,extended,0.001,runs/a6_optimization_convergence_audit_20260815_000000/a6_seed_mean_curves.csv,training-seed mean +/- standard error from matched extended-budget runs
eog,EOG,val_SDR,Validation SDR (dB),6,base6,29,8.350005303110397,0.0203654595783779,0.0288011091397032,2,42 43,extended,0.001,runs/a6_optimization_convergence_audit_20260815_000000/a6_seed_mean_curves.csv,training-seed mean +/- standard error from matched extended-budget runs
eog,EOG,val_SDR,Validation SDR (dB),6,base6,30,8.388431072235107,0.0110652787344793,0.0156486672577393,2,42 43,extended,0.001,runs/a6_optimization_convergence_audit_20260815_000000/a6_seed_mean_curves.csv,training-seed mean +/- standard error from matched extended-budget runs
eog,EOG,val_SDR,Validation SDR (dB),6,base6,31,8.36528500488826,0.047901851790292,0.0677434484646169,2,42 43,extended,0.001,runs/a6_optimization_convergence_audit_20260815_000000/a6_seed_mean_curves.csv,training-seed mean +/- standard error from matched extended-budget runs
eog,EOG,val_SDR,Validation SDR (dB),6,base6,32,8.391614709581647,0.0057427883148193,0.0081215291206552,2,42 43,extended,0.001,runs/a6_optimization_convergence_audit_20260815_000000/a6_seed_mean_curves.csv,training-seed mean +/- standard error from matched extended-budget runs
eog,EOG,val_SDR,Validation SDR (dB),6,base6,33,8.38722368649074,0.0577821390969415,0.0817162847738233,2,42 43,extended,0.001,runs/a6_optimization_convergence_audit_20260815_000000/a6_seed_mean_curves.csv,training-seed mean +/- standard error from matched extended-budget runs
eog,EOG,val_SDR,Validation SDR (dB),6,base6,34,8.397705929619926,0.003159761428833,0.004468577466519,2,42 43,extended,0.001,runs/a6_optimization_convergence_audit_20260815_000000/a6_seed_mean_curves.csv,training-seed mean +/- standard error from matched extended-budget runs
eog,EOG,val_SDR,Validation SDR (dB),6,base6,35,8.402907456670489,0.0201551403318127,0.0285036728087825,2,42 43,extended,0.001,runs/a6_optimization_convergence_audit_20260815_000000/a6_seed_mean_curves.csv,training-seed mean +/- standard error from matched extended-budget runs
eog,EOG,val_SDR,Validation SDR (dB),6,base6,36,8.416927405766078,0.0340944358280728,0.0482168135495197,2,42 43,extended,0.001,runs/a6_optimization_convergence_audit_20260815_000000/a6_seed_mean_curves.csv,training-seed mean +/- standard error from matched extended-budget runs
eog,EOG,val_SDR,Validation SDR (dB),6,base6,37,8.387021473475865,0.0313593660082132,0.0443488407162369,2,42 43,extended,0.001,runs/a6_optimization_convergence_audit_20260815_000000/a6_seed_mean_curves.csv,training-seed mean +/- standard error from matched extended-budget runs
eog,EOG,val_SDR,Validation SDR (dB),6,base6,38,8.42005705833435,0.0060983385358532,0.0086243530653462,2,42 43,extended,0.001,runs/a6_optimization_convergence_audit_20260815_000000/a6_seed_mean_curves.csv,training-seed mean +/- standard error from matched extended-budget runs
eog,EOG,val_SDR,Validation SDR (dB),6,base6,39,8.439834969384329,0.0028602055140902,0.0040449414292007,2,42 43,extended,0.001,runs/a6_optimization_convergence_audit_20260815_000000/a6_seed_mean_curves.csv,training-seed mean +/- standard error from matched extended-budget runs
eog,EOG,val_SDR,Validation SDR (dB),6,base6,40,8.416520033563886,0.0232369388852795,0.032861994119597,2,42 43,extended,0.001,runs/a6_optimization_convergence_audit_20260815_000000/a6_seed_mean_curves.csv,training-seed mean +/- standard error from matched extended-budget runs
eog,EOG,val_SDR,Validation SDR (dB),6,base6,41,8.433228782245092,0.0102065801620483,0.0144342840906169,2,42 43,extended,0.001,runs/a6_optimization_convergence_audit_20260815_000000/a6_seed_mean_curves.csv,training-seed mean +/- standard error from matched extended-budget runs
eog,EOG,val_SDR,Validation SDR (dB),6,base6,42,8.45933643409184,0.0084116969789782,0.0118959359502438,2,42 43,extended,0.001,runs/a6_optimization_convergence_audit_20260815_000000/a6_seed_mean_curves.csv,training-seed mean +/- standard error from matched extended-budget runs
eog,EOG,val_SDR,Validation SDR (dB),6,base6,43,8.45359560421535,0.0170732225690564,0.0241451829105739,2,42 43,extended,0.001,runs/a6_optimization_convergence_audit_20260815_000000/a6_seed_mean_curves.csv,training-seed mean +/- standard error from matched extended-budget runs
eog,EOG,val_SDR,Validation SDR (dB),6,base6,44,8.448012675557816,0.0387270620891024,0.0547683364372736,2,42 43,extended,0.001,runs/a6_optimization_convergence_audit_20260815_000000/a6_seed_mean_curves.csv,training-seed mean +/- standard error from matched extended-budget runs
eog,EOG,val_SDR,Validation SDR (dB),6,base6,45,8.459629467555455,0.0069755145481655,0.0098648672785466,2,42 43,extended,0.001,runs/a6_optimization_convergence_audit_20260815_000000/a6_seed_mean_curves.csv,training-seed mean +/- standard error from matched extended-budget runs
eog,EOG,val_SDR,Validation SDR (dB),6,base6,46,8.481212530817304,0.0025850875037054,0.0036558658076614,2,42 43,extended,0.001,runs/a6_optimization_convergence_audit_20260815_000000/a6_seed_mean_curves.csv,training-seed mean +/- standard error from matched extended-budget runs
eog,EOG,val_SDR,Validation SDR (dB),6,base6,47,8.493048906326294,0.0004761900220593,0.000673434387463,2,42 43,extended,0.001,runs/a6_optimization_convergence_audit_20260815_000000/a6_seed_mean_curves.csv,training-seed mean +/- standard error from matched extended-budget runs
eog,EOG,val_SDR,Validation SDR (dB),6,base6,48,8.487895965576172,0.0093927724020819,0.0132833861193079,2,42 43,extended,0.001,runs/a6_optimization_convergence_audit_20260815_000000/a6_seed_mean_curves.csv,training-seed mean +/- standard error from matched extended-budget runs
eog,EOG,val_SDR,Validation SDR (dB),6,base6,49,8.483949712344579,0.0129153217588156,0.0182650231937293,2,42 43,extended,0.001,runs/a6_optimization_convergence_audit_20260815_000000/a6_seed_mean_curves.csv,training-seed mean +/- standard error from matched extended-budget runs
eog,EOG,val_SDR,Validation SDR (dB),6,base6,50,8.499142289161682,0.0072987931115289,0.0103220522072795,2,42 43,extended,0.001,runs/a6_optimization_convergence_audit_20260815_000000/a6_seed_mean_curves.csv,training-seed mean +/- standard error from matched extended-budget runs
eog,EOG,val_SDR,Validation SDR (dB),6,base6,51,8.489219903945923,0.0056178569793701,0.0079448495316975,2,42 43,extended,0.001,runs/a6_optimization_convergence_audit_20260815_000000/a6_seed_mean_curves.csv,training-seed mean +/- standard error from matched extended-budget runs
eog,EOG,val_SDR,Validation SDR (dB),6,base6,52,8.508941599300929,0.0086063146591186,0.0121711669129759,2,42 43,extended,0.001,runs/a6_optimization_convergence_audit_20260815_000000/a6_seed_mean_curves.csv,training-seed mean +/- standard error from matched extended-budget runs
eog,EOG,val_SDR,Validation SDR (dB),6,base6,53,8.484123638698033,0.0266722951616555,0.0377203215572316,2,42 43,extended,0.001,runs/a6_optimization_convergence_audit_20260815_000000/a6_seed_mean_curves.csv,training-seed mean +/- standard error from matched extended-budget runs
eog,EOG,val_SDR,Validation SDR (dB),6,base6,54,8.484130467687335,0.0013547454561511,0.0019158993976522,2,42 43,extended,0.001,runs/a6_optimization_convergence_audit_20260815_000000/a6_seed_mean_curves.csv,training-seed mean +/- standard error from matched extended-budget runs
eog,EOG,val_SDR,Validation SDR (dB),6,base6,55,8.4964394228799,0.0001612390790661,0.0002280264923999,2,42 43,extended,0.001,runs/a6_optimization_convergence_audit_20260815_000000/a6_seed_mean_curves.csv,training-seed mean +/- standard error from matched extended-budget runs
eog,EOG,val_SDR,Validation SDR (dB),6,base6,56,8.497528621128627,0.010428598948887,0.0147482660700658,2,42 43,extended,0.001,runs/a6_optimization_convergence_audit_20260815_000000/a6_seed_mean_curves.csv,training-seed mean +/- standard error from matched extended-budget runs
eog,EOG,val_SDR,Validation SDR (dB),6,base6,57,8.515864951269968,0.0011426040104458,0.0016158860879944,2,42 43,extended,0.001,runs/a6_optimization_convergence_audit_20260815_000000/a6_seed_mean_curves.csv,training-seed mean +/- standard error from matched extended-budget runs
eog,EOG,val_SDR,Validation SDR (dB),6,base6,58,8.508907267025538,0.0054165124893188,0.0076601054231579,2,42 43,extended,0.001,runs/a6_optimization_convergence_audit_20260815_000000/a6_seed_mean_curves.csv,training-seed mean +/- standard error from matched extended-budget runs
eog,EOG,val_SDR,Validation SDR (dB),6,base6,59,8.51238945552281,0.0081057548522949,0.011463268445387,2,42 43,extended,0.001,runs/a6_optimization_convergence_audit_20260815_000000/a6_seed_mean_curves.csv,training-seed mean +/- standard error from matched extended-budget runs
eog,EOG,val_SDR,Validation SDR (dB),6,base6,60,8.50446023259844,0.0003840242113382,0.0005430922479541,2,42 43,extended,0.001,runs/a6_optimization_convergence_audit_20260815_000000/a6_seed_mean_curves.csv,training-seed mean +/- standard error from matched extended-budget runs
eog,EOG,val_SDR,Validation SDR (dB),6,base6,61,8.514165656907217,0.0027892759868075,0.0039446319297448,2,42 43,extended,0.001,runs/a6_optimization_convergence_audit_20260815_000000/a6_seed_mean_curves.csv,training-seed mean +/- standard error from matched extended-budget runs
eog,EOG,val_SDR,Validation SDR (dB),6,base6,62,8.512622288295201,0.0009282657078335,0.001312765953504,2,42 43,extended,0.001,runs/a6_optimization_convergence_audit_20260815_000000/a6_seed_mean_curves.csv,training-seed mean +/- standard error from matched extended-budget runs
eog,EOG,val_SDR,Validation SDR (dB),6,base6,63,8.500443066869463,0.0105649232864379,0.0149410577971119,2,42 43,extended,0.001,runs/a6_optimization_convergence_audit_20260815_000000/a6_seed_mean_curves.csv,training-seed mean +/- standard error from matched extended-budget runs
eog,EOG,val_SDR,Validation SDR (dB),6,base6,64,8.518201964242117,0.0006654943738668,0.0009411511692055,2,42 43,extended,0.001,runs/a6_optimization_convergence_audit_20260815_000000/a6_seed_mean_curves.csv,training-seed mean +/- standard error from matched extended-budget runs
eog,EOG,val_SDR,Validation SDR (dB),6,base6,65,8.518127799034119,0.0001088040215631,0.0001538721229352,2,42 43,extended,0.001,runs/a6_optimization_convergence_audit_20260815_000000/a6_seed_mean_curves.csv,training-seed mean +/- standard error from matched extended-budget runs
eog,EOG,val_SDR,Validation SDR (dB),6,base6,66,8.521816764559064,0.003377641950335,0.0047767070550041,2,42 43,extended,0.001,runs/a6_optimization_convergence_audit_20260815_000000/a6_seed_mean_curves.csv,training-seed mean +/- standard error from matched extended-budget runs
eog,EOG,val_SDR,Validation SDR (dB),6,base6,67,8.513548936162675,0.0021643468311856,0.0030608486423419,2,42 43,extended,0.001,runs/a6_optimization_convergence_audit_20260815_000000/a6_seed_mean_curves.csv,training-seed mean +/- standard error from matched extended-budget runs
eog,EOG,val_SDR,Validation SDR (dB),6,base6,68,8.52029492173876,0.0034670318875997,0.0049031235166236,2,42 43,extended,0.001,runs/a6_optimization_convergence_audit_20260815_000000/a6_seed_mean_curves.csv,training-seed mean +/- standard error from matched extended-budget runs
eog,EOG,val_SDR,Validation SDR (dB),6,base6,69,8.523612873894828,0.0006754398345947,0.0009552161746509,2,42 43,extended,0.001,runs/a6_optimization_convergence_audit_20260815_000000/a6_seed_mean_curves.csv,training-seed mean +/- standard error from matched extended-budget runs
eog,EOG,val_SDR,Validation SDR (dB),6,base6,70,8.524892841066634,0.0010811260768344,0.0015289431604944,2,42 43,extended,0.001,runs/a6_optimization_convergence_audit_20260815_000000/a6_seed_mean_curves.csv,training-seed mean +/- standard error from matched extended-budget runs
eog,EOG,val_SDR,Validation SDR (dB),6,base6,71,8.520473582404,0.0001699924468994,0.0002404056239061,2,42 43,extended,0.001,runs/a6_optimization_convergence_audit_20260815_000000/a6_seed_mean_curves.csv,training-seed mean +/- standard error from matched extended-budget runs
eog,EOG,val_SDR,Validation SDR (dB),6,base6,72,8.518407770565577,0.0028406722205023,0.0040173171804908,2,42 43,extended,0.001,runs/a6_optimization_convergence_audit_20260815_000000/a6_seed_mean_curves.csv,training-seed mean +/- standard error from matched extended-budget runs
eog,EOG,val_SDR,Validation SDR (dB),6,base6,73,8.520790355546133,0.0017337288175314,0.00245186280723,2,42 43,extended,0.001,runs/a6_optimization_convergence_audit_20260815_000000/a6_seed_mean_curves.csv,training-seed mean +/- standard error from matched extended-budget runs
eog,EOG,val_SDR,Validation SDR (dB),6,base6,74,8.523352674075536,0.001074705805097,0.0015198635251293,2,42 43,extended,0.001,runs/a6_optimization_convergence_audit_20260815_000000/a6_seed_mean_curves.csv,training-seed mean +/- standard error from matched extended-budget runs
eog,EOG,val_SDR,Validation SDR (dB),6,base6,75,8.518700105803354,0.0044333423886984,0.0062696929327408,2,42 43,extended,0.001,runs/a6_optimization_convergence_audit_20260815_000000/a6_seed_mean_curves.csv,training-seed mean +/- standard error from matched extended-budget runs
eog,EOG,val_SDR,Validation SDR (dB),16,base16,1,5.792407665933881,0.8864049741200039,1.2535659361554818,2,42 43,extended,0.001,runs/a6_optimization_convergence_audit_20260815_000000/a6_seed_mean_curves.csv,training-seed mean +/- standard error from matched extended-budget runs
eog,EOG,val_SDR,Validation SDR (dB),16,base16,2,7.564106617655073,0.1082311868667602,0.1530620123387091,2,42 43,extended,0.001,runs/a6_optimization_convergence_audit_20260815_000000/a6_seed_mean_curves.csv,training-seed mean +/- standard error from matched extended-budget runs
eog,EOG,val_SDR,Validation SDR (dB),16,base16,3,7.85619945185525,0.1049276249749317,0.1483900703071464,2,42 43,extended,0.001,runs/a6_optimization_convergence_audit_20260815_000000/a6_seed_mean_curves.csv,training-seed mean +/- standard error from matched extended-budget runs
eog,EOG,val_SDR,Validation SDR (dB),16,base16,4,8.115534918648855,0.0040116991315573,0.0056733993200087,2,42 43,extended,0.001,runs/a6_optimization_convergence_audit_20260815_000000/a6_seed_mean_curves.csv,training-seed mean +/- standard error from matched extended-budget runs
eog,EOG,val_SDR,Validation SDR (dB),16,base16,5,8.185857347079686,0.0315345525741577,0.0445965919337412,2,42 43,extended,0.001,runs/a6_optimization_convergence_audit_20260815_000000/a6_seed_mean_curves.csv,training-seed mean +/- standard error from matched extended-budget runs
eog,EOG,val_SDR,Validation SDR (dB),16,base16,6,8.242820518357412,0.0535204240253994,0.0756893095206787,2,42 43,extended,0.001,runs/a6_optimization_convergence_audit_20260815_000000/a6_seed_mean_curves.csv,training-seed mean +/- standard error from matched extended-budget runs
eog,EOG,val_SDR,Validation SDR (dB),16,base16,7,8.361908231462753,0.0254767962864468,0.0360296308341096,2,42 43,extended,0.001,runs/a6_optimization_convergence_audit_20260815_000000/a6_seed_mean_curves.csv,training-seed mean +/- standard error from matched extended-budget runs
eog,EOG,val_SDR,Validation SDR (dB),16,base16,8,8.52500798021044,0.0231210333960403,0.0326980790047614,2,42 43,extended,0.001,runs/a6_optimization_convergence_audit_20260815_000000/a6_seed_mean_curves.csv,training-seed mean +/- standard error from matched extended-budget runs
eog,EOG,val_SDR,Validation SDR (dB),16,base16,9,8.516818642616272,0.0347992522375921,0.0492135744748451,2,42 43,extended,0.001,runs/a6_optimization_convergence_audit_20260815_000000/a6_seed_mean_curves.csv,training-seed mean +/- standard error from matched extended-budget runs
eog,EOG,val_SDR,Validation SDR (dB),16,base16,10,8.591511794498988,0.0526372364589144,0.0744402936860364,2,42 43,extended,0.001,runs/a6_optimization_convergence_audit_20260815_000000/a6_seed_mean_curves.csv,training-seed mean +/- standard error from matched extended-budget runs
eog,EOG,val_SDR,Validation SDR (dB),16,base16,11,8.64293476513454,0.0169154916490832,0.0239221177043423,2,42 43,extended,0.001,runs/a6_optimization_convergence_audit_20260815_000000/a6_seed_mean_curves.csv,training-seed mean +/- standard error from matched extended-budget runs
eog,EOG,val_SDR,Validation SDR (dB),16,base16,12,8.573741163526263,0.0585251535688122,0.0827670659169824,2,42 43,extended,0.001,runs/a6_optimization_convergence_audit_20260815_000000/a6_seed_mean_curves.csv,training-seed mean +/- standard error from matched extended-budget runs
eog,EOG,val_SDR,Validation SDR (dB),16,base16,13,8.549088529178075,0.1816004174096246,0.2568217732333062,2,42 43,extended,0.001,runs/a6_optimization_convergence_audit_20260815_000000/a6_seed_mean_curves.csv,training-seed mean +/- standard error from matched extended-budget runs
eog,EOG,val_SDR,Validation SDR (dB),16,base16,14,8.566836748804365,0.0903223412377496,0.1277350799637162,2,42 43,extended,0.001,runs/a6_optimization_convergence_audit_20260815_000000/a6_seed_mean_curves.csv,training-seed mean +/- standard error from matched extended-budget runs
eog,EOG,val_SDR,Validation SDR (dB),16,base16,15,8.574752603258405,0.0272203172956189,0.0384953418915631,2,42 43,extended,0.001,runs/a6_optimization_convergence_audit_20260815_000000/a6_seed_mean_curves.csv,training-seed mean +/- standard error from matched extended-budget runs
eog,EOG,val_SDR,Validation SDR (dB),16,base16,16,8.658445954322815,0.0378245796476086,0.0534920335287095,2,42 43,extended,0.001,runs/a6_optimization_convergence_audit_20260815_000000/a6_seed_mean_curves.csv,training-seed mean +/- standard error from matched extended-budget runs
eog,EOG,val_SDR,Validation SDR (dB),16,base16,17,8.509435108729772,0.1676588058471679,0.2371053570803425,2,42 43,extended,0.001,runs/a6_optimization_convergence_audit_20260815_000000/a6_seed_mean_curves.csv,training-seed mean +/- standard error from matched extended-budget runs
eog,EOG,val_SDR,Validation SDR (dB),16,base16,18,8.759709324155535,0.0726237637656073,0.1027055116679016,2,42 43,extended,0.001,runs/a6_optimization_convergence_audit_20260815_000000/a6_seed_mean_curves.csv,training-seed mean +/- standard error from matched extended-budget runs
eog,EOG,val_SDR,Validation SDR (dB),16,base16,19,8.821983201163157,0.0070895467485696,0.0100261331629052,2,42 43,extended,0.001,runs/a6_optimization_convergence_audit_20260815_000000/a6_seed_mean_curves.csv,training-seed mean +/- standard error from matched extended-budget runs
eog,EOG,val_SDR,Validation SDR (dB),16,base16,20,8.706080998693194,0.1112124408994397,0.1572781422246039,2,42 43,extended,0.001,runs/a6_optimization_convergence_audit_20260815_000000/a6_seed_mean_curves.csv,training-seed mean +/- standard error from matched extended-budget runs
eog,EOG,val_SDR,Validation SDR (dB),16,base16,21,8.762249231338501,0.0353027411869586,0.0499256153755441,2,42 43,extended,0.001,runs/a6_optimization_convergence_audit_20260815_000000/a6_seed_mean_curves.csv,training-seed mean +/- standard error from matched extended-budget runs
eog,EOG,val_SDR,Validation SDR (dB),16,base16,22,8.853486520903452,0.1036332164491922,0.1465595002147941,2,42 43,extended,0.001,runs/a6_optimization_convergence_audit_20260815_000000/a6_seed_mean_curves.csv,training-seed mean +/- standard error from matched extended-budget runs
eog,EOG,val_SDR,Validation SDR (dB),16,base16,23,8.859903437750681,0.0757232052939285,0.1070887839130358,2,42 43,extended,0.001,runs/a6_optimization_convergence_audit_20260815_000000/a6_seed_mean_curves.csv,training-seed mean +/- standard error from matched extended-budget runs
eog,EOG,val_SDR,Validation SDR (dB),16,base16,24,8.802505220685687,0.0908699716840466,0.1285095463680378,2,42 43,extended,0.001,runs/a6_optimization_convergence_audit_20260815_000000/a6_seed_mean_curves.csv,training-seed mean +/- standard error from matched extended-budget runs
eog,EOG,val_SDR,Validation SDR (dB),16,base16,25,8.75306865147182,0.0918906075613836,0.1299529434680124,2,42 43,extended,0.001,runs/a6_optimization_convergence_audit_20260815_000000/a6_seed_mean_curves.csv,training-seed mean +/- standard error from matched extended-budget runs
eog,EOG,val_SDR,Validation SDR (dB),16,base16,26,8.829817908150808,0.1551950999668667,0.2194790151869912,2,42 43,extended,0.001,runs/a6_optimization_convergence_audit_20260815_000000/a6_seed_mean_curves.csv,training-seed mean +/- standard error from matched extended-budget runs
eog,EOG,val_SDR,Validation SDR (dB),16,base16,27,8.721577746527537,0.2319536549704421,0.3280320047012088,2,42 43,extended,0.001,runs/a6_optimization_convergence_audit_20260815_000000/a6_seed_mean_curves.csv,training-seed mean +/- standard error from matched extended-budget runs
eog,EOG,val_SDR,Validation SDR (dB),16,base16,28,8.861349208014351,0.0187623500823974,0.0265339699485184,2,42 43,extended,0.001,runs/a6_optimization_convergence_audit_20260815_000000/a6_seed_mean_curves.csv,training-seed mean +/- standard error from matched extended-budget runs
eog,EOG,val_SDR,Validation SDR (dB),16,base16,29,8.84891656466893,0.0402959755488803,0.0569871151302811,2,42 43,extended,0.001,runs/a6_optimization_convergence_audit_20260815_000000/a6_seed_mean_curves.csv,training-seed mean +/- standard error from matched extended-budget runs
eog,EOG,val_SDR,Validation SDR (dB),16,base16,30,8.76817638533456,0.1101661069052557,0.1557984024992569,2,42 43,extended,0.001,runs/a6_optimization_convergence_audit_20260815_000000/a6_seed_mean_curves.csv,training-seed mean +/- standard error from matched extended-budget runs
eog,EOG,val_SDR,Validation SDR (dB),16,base16,31,8.773751395089285,0.0771083150591165,0.1090476249283401,2,42 43,extended,0.001,runs/a6_optimization_convergence_audit_20260815_000000/a6_seed_mean_curves.csv,training-seed mean +/- standard error from matched extended-budget runs
eog,EOG,val_SDR,Validation SDR (dB),16,base16,32,8.84557114328657,0.119176285607474,0.1685407194193393,2,42 43,extended,0.001,runs/a6_optimization_convergence_audit_20260815_000000/a6_seed_mean_curves.csv,training-seed mean +/- standard error from matched extended-budget runs
eog,EOG,val_SDR,Validation SDR (dB),16,base16,33,8.692648989813668,0.2975571155548095,0.4208093083982299,2,42 43,extended,0.001,runs/a6_optimization_convergence_audit_20260815_000000/a6_seed_mean_curves.csv,training-seed mean +/- standard error from matched extended-budget runs
eog,EOG,val_SDR,Validation SDR (dB),16,base16,34,8.893093756267003,0.0639158998216897,0.0903907323791137,2,42 43,extended,0.001,runs/a6_optimization_convergence_audit_20260815_000000/a6_seed_mean_curves.csv,training-seed mean +/- standard error from matched extended-budget runs
eog,EOG,val_SDR,Validation SDR (dB),16,base16,35,8.886872870581492,0.075161150523594,0.1062939184340323,2,42 43,extended,0.001,runs/a6_optimization_convergence_audit_20260815_000000/a6_seed_mean_curves.csv,training-seed mean +/- standard error from matched extended-budget runs
eog,EOG,val_SDR,Validation SDR (dB),16,base16,36,8.882041113717216,0.0347156524658203,0.049095346543794,2,42 43,extended,0.001,runs/a6_optimization_convergence_audit_20260815_000000/a6_seed_mean_curves.csv,training-seed mean +/- standard error from matched extended-budget runs
eog,EOG,val_SDR,Validation SDR (dB),16,base16,37,8.92513598714556,0.0382534095219204,0.054098490552912,2,42 43,extended,0.001,runs/a6_optimization_convergence_audit_20260815_000000/a6_seed_mean_curves.csv,training-seed mean +/- standard error from matched extended-budget runs
eog,EOG,val_SDR,Validation SDR (dB),16,base16,38,8.871868235724314,0.0835024629320413,0.1180903155700495,2,42 43,extended,0.001,runs/a6_optimization_convergence_audit_20260815_000000/a6_seed_mean_curves.csv,training-seed mean +/- standard error from matched extended-budget runs
eog,EOG,val_SDR,Validation SDR (dB),16,base16,39,8.90525702067784,0.0822607449122836,0.116334261105865,2,42 43,extended,0.001,runs/a6_optimization_convergence_audit_20260815_000000/a6_seed_mean_curves.csv,training-seed mean +/- standard error from matched extended-budget runs
eog,EOG,val_SDR,Validation SDR (dB),16,base16,40,8.841319867542811,0.0030442305973599,0.0043051921977775,2,42 43,extended,0.001,runs/a6_optimization_convergence_audit_20260815_000000/a6_seed_mean_curves.csv,training-seed mean +/- standard error from matched extended-budget runs
eog,EOG,val_SDR,Validation SDR (dB),16,base16,41,8.855520623070852,0.0065990516117642,0.0093324682881569,2,42 43,extended,0.001,runs/a6_optimization_convergence_audit_20260815_000000/a6_seed_mean_curves.csv,training-seed mean +/- standard error from matched extended-budget runs
eog,EOG,val_SDR,Validation SDR (dB),16,base16,42,8.886406591960363,0.0611830098288397,0.0865258422867515,2,42 43,extended,0.001,runs/a6_optimization_convergence_audit_20260815_000000/a6_seed_mean_curves.csv,training-seed mean +/- standard error from matched extended-budget runs
eog,EOG,val_SDR,Validation SDR (dB),16,base16,43,8.90370089667184,0.071615082877023,0.1012790214751591,2,42 43,extended,0.001,runs/a6_optimization_convergence_audit_20260815_000000/a6_seed_mean_curves.csv,training-seed mean +/- standard error from matched extended-budget runs
eog,EOG,val_SDR,Validation SDR (dB),16,base16,44,8.918345315115793,0.0551218305315286,0.0779540403205191,2,42 43,extended,0.001,runs/a6_optimization_convergence_audit_20260815_000000/a6_seed_mean_curves.csv,training-seed mean +/- standard error from matched extended-budget runs
eog,EOG,val_SDR,Validation SDR (dB),16,base16,45,8.81688584600176,0.0216699668339321,0.030645960992722,2,42 43,extended,0.001,runs/a6_optimization_convergence_audit_20260815_000000/a6_seed_mean_curves.csv,training-seed mean +/- standard error from matched extended-budget runs
eog,EOG,val_SDR,Validation SDR (dB),16,base16,46,8.834773097719465,0.049836465290614,0.0704794051147223,2,42 43,extended,0.001,runs/a6_optimization_convergence_audit_20260815_000000/a6_seed_mean_curves.csv,training-seed mean +/- standard error from matched extended-budget runs
eog,EOG,val_SDR,Validation SDR (dB),16,base16,47,8.875251701899938,0.0264727728707452,0.0374381544274304,2,42 43,extended,0.001,runs/a6_optimization_convergence_audit_20260815_000000/a6_seed_mean_curves.csv,training-seed mean +/- standard error from matched extended-budget runs
eog,EOG,val_SDR,Validation SDR (dB),16,base16,48,8.793681655611312,0.1284156867436001,0.1816072058142542,2,42 43,extended,0.001,runs/a6_optimization_convergence_audit_20260815_000000/a6_seed_mean_curves.csv,training-seed mean +/- standard error from matched extended-budget runs
eog,EOG,val_SDR,Validation SDR (dB),16,base16,49,8.942900691713605,0.0608452047620495,0.0860481137798585,2,42 43,extended,0.001,runs/a6_optimization_convergence_audit_20260815_000000/a6_seed_mean_curves.csv,training-seed mean +/- standard error from matched extended-budget runs
eog,EOG,val_SDR,Validation SDR (dB),16,base16,50,8.84184844153268,0.0318593297685891,0.0450558962468557,2,42 43,extended,0.001,runs/a6_optimization_convergence_audit_20260815_000000/a6_seed_mean_curves.csv,training-seed mean +/- standard error from matched extended-budget runs
eog,EOG,val_SDR,Validation SDR (dB),16,base16,51,8.907504183905465,0.0604541301727294,0.0854950507917425,2,42 43,extended,0.001,runs/a6_optimization_convergence_audit_20260815_000000/a6_seed_mean_curves.csv,training-seed mean +/- standard error from matched extended-budget runs
eog,EOG,val_SDR,Validation SDR (dB),16,base16,52,8.892087629863195,0.0530781405312676,0.0750638262048638,2,42 43,extended,0.001,runs/a6_optimization_convergence_audit_20260815_000000/a6_seed_mean_curves.csv,training-seed mean +/- standard error from matched extended-budget runs
eog,EOG,val_SDR,Validation SDR (dB),16,base16,53,8.93365284374782,0.0493209362030029,0.0697503368872249,2,42 43,extended,0.001,runs/a6_optimization_convergence_audit_20260815_000000/a6_seed_mean_curves.csv,training-seed mean +/- standard error from matched extended-budget runs
eog,EOG,val_SDR,Validation SDR (dB),16,base16,54,8.870726789746966,0.1016314370291571,0.1437285566101011,2,42 43,extended,0.001,runs/a6_optimization_convergence_audit_20260815_000000/a6_seed_mean_curves.csv,training-seed mean +/- standard error from matched extended-budget runs
eog,EOG,val_SDR,Validation SDR (dB),16,base16,55,8.905073131833758,0.0683608395712713,0.0966768264569033,2,42 43,extended,0.001,runs/a6_optimization_convergence_audit_20260815_000000/a6_seed_mean_curves.csv,training-seed mean +/- standard error from matched extended-budget runs
eog,EOG,val_SDR,Validation SDR (dB),16,base16,56,8.920482022421702,0.0414118085588723,0.0585651413063555,2,42 43,extended,0.001,runs/a6_optimization_convergence_audit_20260815_000000/a6_seed_mean_curves.csv,training-seed mean +/- standard error from matched extended-budget runs
eog,EOG,val_SDR,Validation SDR (dB),16,base16,57,8.906383446284703,0.0468247277396063,0.0662201650237789,2,42 43,extended,0.001,runs/a6_optimization_convergence_audit_20260815_000000/a6_seed_mean_curves.csv,training-seed mean +/- standard error from matched extended-budget runs
eog,EOG,val_SDR,Validation SDR (dB),16,base16,58,8.871478387287684,0.0536907400403707,0.0759301727389405,2,42 43,extended,0.001,runs/a6_optimization_convergence_audit_20260815_000000/a6_seed_mean_curves.csv,training-seed mean +/- standard error from matched extended-budget runs
eog,EOG,val_SDR,Validation SDR (dB),16,base16,59,8.904378209795272,0.0317017010280062,0.0448329755441035,2,42 43,extended,0.001,runs/a6_optimization_convergence_audit_20260815_000000/a6_seed_mean_curves.csv,training-seed mean +/- standard error from matched extended-budget runs
eog,EOG,val_SDR,Validation SDR (dB),16,base16,60,8.890876156943184,0.0560522079467773,0.0792697926792894,2,42 43,extended,0.001,runs/a6_optimization_convergence_audit_20260815_000000/a6_seed_mean_curves.csv,training-seed mean +/- standard error from matched extended-budget runs
eog,EOG,val_SDR,Validation SDR (dB),16,base16,61,8.858734777995519,0.0620225838252475,0.0877131792190871,2,42 43,extended,0.001,runs/a6_optimization_convergence_audit_20260815_000000/a6_seed_mean_curves.csv,training-seed mean +/- standard error from matched extended-budget runs
eog,EOG,val_SDR,Validation SDR (dB),16,base16,62,8.90958390917097,0.0619439397539407,0.0876019597068449,2,42 43,extended,0.001,runs/a6_optimization_convergence_audit_20260815_000000/a6_seed_mean_curves.csv,training-seed mean +/- standard error from matched extended-budget runs
eog,EOG,val_SDR,Validation SDR (dB),16,base16,63,8.910494225365774,0.0736433778490335,0.1041474637330695,2,42 43,extended,0.001,runs/a6_optimization_convergence_audit_20260815_000000/a6_seed_mean_curves.csv,training-seed mean +/- standard error from matched extended-budget runs
eog,EOG,val_SDR,Validation SDR (dB),16,base16,64,8.901632581438337,0.0647399766104559,0.0915561529502237,2,42 43,extended,0.001,runs/a6_optimization_convergence_audit_20260815_000000/a6_seed_mean_curves.csv,training-seed mean +/- standard error from matched extended-budget runs
eog,EOG,val_SDR,Validation SDR (dB),16,base16,65,8.928784608840942,0.0598024300166546,0.0845734075924208,2,42 43,extended,0.001,runs/a6_optimization_convergence_audit_20260815_000000/a6_seed_mean_curves.csv,training-seed mean +/- standard error from matched extended-budget runs
eog,EOG,val_SDR,Validation SDR (dB),16,base16,66,8.892212050301687,0.0525095803397048,0.0742597606709302,2,42 43,extended,0.001,runs/a6_optimization_convergence_audit_20260815_000000/a6_seed_mean_curves.csv,training-seed mean +/- standard error from matched extended-budget runs
eog,EOG,val_SDR,Validation SDR (dB),16,base16,67,8.913094316210065,0.0585679326738635,0.0828275647075321,2,42 43,extended,0.001,runs/a6_optimization_convergence_audit_20260815_000000/a6_seed_mean_curves.csv,training-seed mean +/- standard error from matched extended-budget runs
eog,EOG,val_SDR,Validation SDR (dB),16,base16,68,8.917952741895403,0.0574511800493517,0.0812482380001318,2,42 43,extended,0.001,runs/a6_optimization_convergence_audit_20260815_000000/a6_seed_mean_curves.csv,training-seed mean +/- standard error from matched extended-budget runs
eog,EOG,val_SDR,Validation SDR (dB),16,base16,69,8.905584062848773,0.0651023047310968,0.0920685622924632,2,42 43,extended,0.001,runs/a6_optimization_convergence_audit_20260815_000000/a6_seed_mean_curves.csv,training-seed mean +/- standard error from matched extended-budget runs
eog,EOG,val_SDR,Validation SDR (dB),16,base16,70,8.916465146200999,0.0624997956412185,0.0883880586413581,2,42 43,extended,0.001,runs/a6_optimization_convergence_audit_20260815_000000/a6_seed_mean_curves.csv,training-seed mean +/- standard error from matched extended-budget runs
eog,EOG,val_SDR,Validation SDR (dB),16,base16,71,8.911436012813024,0.0536516053336004,0.0758748279058664,2,42 43,extended,0.001,runs/a6_optimization_convergence_audit_20260815_000000/a6_seed_mean_curves.csv,training-seed mean +/- standard error from matched extended-budget runs
eog,EOG,val_SDR,Validation SDR (dB),16,base16,72,8.88831046649388,0.0628405639103482,0.0888699777491876,2,42 43,extended,0.001,runs/a6_optimization_convergence_audit_20260815_000000/a6_seed_mean_curves.csv,training-seed mean +/- standard error from matched extended-budget runs
eog,EOG,val_SDR,Validation SDR (dB),16,base16,73,8.914409228733607,0.0487170219421386,0.0688962731490001,2,42 43,extended,0.001,runs/a6_optimization_convergence_audit_20260815_000000/a6_seed_mean_curves.csv,training-seed mean +/- standard error from matched extended-budget runs
eog,EOG,val_SDR,Validation SDR (dB),16,base16,74,8.919436284473964,0.0551103523799349,0.0779378077628644,2,42 43,extended,0.001,runs/a6_optimization_convergence_audit_20260815_000000/a6_seed_mean_curves.csv,training-seed mean +/- standard error from matched extended-budget runs
eog,EOG,val_SDR,Validation SDR (dB),16,base16,75,8.918864216123307,0.0559702941349575,0.0791539490556683,2,42 43,extended,0.001,runs/a6_optimization_convergence_audit_20260815_000000/a6_seed_mean_curves.csv,training-seed mean +/- standard error from matched extended-budget runs
mixed1m,Mixed-1M,train_loss,Training loss,4,base4,1,0.1043302892180888,0.006501539355463,0.0091945651327983,2,42 43,extended,0.001,runs/a6_optimization_convergence_audit_20260815_000000/a6_seed_mean_curves.csv,training-seed mean +/- standard error from matched extended-budget runs
mixed1m,Mixed-1M,train_loss,Training loss,4,base4,2,0.0723560427451301,0.0007112968922652,0.0010059257119153,2,42 43,extended,0.001,runs/a6_optimization_convergence_audit_20260815_000000/a6_seed_mean_curves.csv,training-seed mean +/- standard error from matched extended-budget runs
mixed1m,Mixed-1M,train_loss,Training loss,4,base4,3,0.0692699504182542,0.0003756899863024,0.0005313058738766,2,42 43,extended,0.001,runs/a6_optimization_convergence_audit_20260815_000000/a6_seed_mean_curves.csv,training-seed mean +/- standard error from matched extended-budget runs
mixed1m,Mixed-1M,train_loss,Training loss,4,base4,4,0.0680609068468861,0.0001688748216994,0.0002388250631907,2,42 43,extended,0.001,runs/a6_optimization_convergence_audit_20260815_000000/a6_seed_mean_curves.csv,training-seed mean +/- standard error from matched extended-budget runs
mixed1m,Mixed-1M,train_loss,Training loss,4,base4,5,0.0674655282693674,7.975095278009436e-05,0.0001127848790337,2,42 43,extended,0.001,runs/a6_optimization_convergence_audit_20260815_000000/a6_seed_mean_curves.csv,training-seed mean +/- standard error from matched extended-budget runs
mixed1m,Mixed-1M,train_loss,Training loss,4,base4,6,0.0670508548064762,1.0485215412685269e-05,1.4828333841022912e-05,2,42 43,extended,0.001,runs/a6_optimization_convergence_audit_20260815_000000/a6_seed_mean_curves.csv,training-seed mean +/- standard error from matched extended-budget runs
mixed1m,Mixed-1M,train_loss,Training loss,4,base4,7,0.0667581564753942,3.458440894513193e-05,4.890974017686296e-05,2,42 43,extended,0.001,runs/a6_optimization_convergence_audit_20260815_000000/a6_seed_mean_curves.csv,training-seed mean +/- standard error from matched extended-budget runs
mixed1m,Mixed-1M,train_loss,Training loss,4,base4,8,0.0665300963422678,6.354106661608794e-05,8.986063817612387e-05,2,42 43,extended,0.001,runs/a6_optimization_convergence_audit_20260815_000000/a6_seed_mean_curves.csv,training-seed mean +/- standard error from matched extended-budget runs
mixed1m,Mixed-1M,train_loss,Training loss,4,base4,9,0.0663629046229221,7.222712401996206e-05,0.0001021445783602,2,42 43,extended,0.001,runs/a6_optimization_convergence_audit_20260815_000000/a6_seed_mean_curves.csv,training-seed mean +/- standard error from matched extended-budget runs
mixed1m,Mixed-1M,train_loss,Training loss,4,base4,10,0.0662330133540322,9.87049535183665e-05,0.000139589883939,2,42 43,extended,0.001,runs/a6_optimization_convergence_audit_20260815_000000/a6_seed_mean_curves.csv,training-seed mean +/- standard error from matched extended-budget runs
mixed1m,Mixed-1M,train_loss,Training loss,4,base4,11,0.0661183349511888,9.04119237685741e-05,0.0001278617687937,2,42 43,extended,0.001,runs/a6_optimization_convergence_audit_20260815_000000/a6_seed_mean_curves.csv,training-seed mean +/- standard error from matched extended-budget runs
mixed1m,Mixed-1M,train_loss,Training loss,4,base4,12,0.0660325465890605,9.283471061750231e-05,0.0001312881068142,2,42 43,extended,0.001,runs/a6_optimization_convergence_audit_20260815_000000/a6_seed_mean_curves.csv,training-seed mean +/- standard error from matched extended-budget runs
mixed1m,Mixed-1M,train_loss,Training loss,4,base4,13,0.0659514247627971,8.922418022094813e-05,0.00012618204576,2,42 43,extended,0.001,runs/a6_optimization_convergence_audit_20260815_000000/a6_seed_mean_curves.csv,training-seed mean +/- standard error from matched extended-budget runs
mixed1m,Mixed-1M,train_loss,Training loss,4,base4,14,0.0658735478120615,8.448500595891612e-05,0.0001194798412442,2,42 43,extended,0.001,runs/a6_optimization_convergence_audit_20260815_000000/a6_seed_mean_curves.csv,training-seed mean +/- standard error from matched extended-budget runs
mixed1m,Mixed-1M,train_loss,Training loss,4,base4,15,0.0658177173960849,9.728846190225347e-05,0.0001375866622845,2,42 43,extended,0.001,runs/a6_optimization_convergence_audit_20260815_000000/a6_seed_mean_curves.csv,training-seed mean +/- standard error from matched extended-budget runs
mixed1m,Mixed-1M,train_loss,Training loss,4,base4,16,0.0657656071112131,8.993330971358847e-05,0.000127184906306,2,42 43,extended,0.001,runs/a6_optimization_convergence_audit_20260815_000000/a6_seed_mean_curves.csv,training-seed mean +/- standard error from matched extended-budget runs
mixed1m,Mixed-1M,train_loss,Training loss,4,base4,17,0.0657225972008141,0.0001001539104201,0.0001416390184408,2,42 43,extended,0.001,runs/a6_optimization_convergence_audit_20260815_000000/a6_seed_mean_curves.csv,training-seed mean +/- standard error from matched extended-budget runs
mixed1m,Mixed-1M,train_loss,Training loss,4,base4,18,0.0656691709071245,0.0001005718003377,0.0001422300040298,2,42 43,extended,0.001,runs/a6_optimization_convergence_audit_20260815_000000/a6_seed_mean_curves.csv,training-seed mean +/- standard error from matched extended-budget runs
mixed1m,Mixed-1M,train_loss,Training loss,4,base4,19,0.0656338224897299,0.0001027044909232,0.0001452460839802,2,42 43,extended,0.001,runs/a6_optimization_convergence_audit_20260815_000000/a6_seed_mean_curves.csv,training-seed mean +/- standard error from matched extended-budget runs
mixed1m,Mixed-1M,train_loss,Training loss,4,base4,20,0.0655967910319109,0.0001014186417126,0.0001434276185874,2,42 43,extended,0.001,runs/a6_optimization_convergence_audit_20260815_000000/a6_seed_mean_curves.csv,training-seed mean +/- standard error from matched extended-budget runs
mixed1m,Mixed-1M,train_loss,Training loss,4,base4,21,0.0655672744326198,0.0001012241453542,0.0001431525591995,2,42 43,extended,0.001,runs/a6_optimization_convergence_audit_20260815_000000/a6_seed_mean_curves.csv,training-seed mean +/- standard error from matched extended-budget runs
mixed1m,Mixed-1M,train_loss,Training loss,4,base4,22,0.065535477436412,0.0001102449453395,0.0001559098968822,2,42 43,extended,0.001,runs/a6_optimization_convergence_audit_20260815_000000/a6_seed_mean_curves.csv,training-seed mean +/- standard error from matched extended-budget runs
mixed1m,Mixed-1M,train_loss,Training loss,4,base4,23,0.0655129050974117,0.0001049504265227,0.0001484223165652,2,42 43,extended,0.001,runs/a6_optimization_convergence_audit_20260815_000000/a6_seed_mean_curves.csv,training-seed mean +/- standard error from matched extended-budget runs
mixed1m,Mixed-1M,train_loss,Training loss,4,base4,24,0.0654913387821077,0.0001155064891442,0.0001633508434899,2,42 43,extended,0.001,runs/a6_optimization_convergence_audit_20260815_000000/a6_seed_mean_curves.csv,training-seed mean +/- standard error from matched extended-budget runs
mixed1m,Mixed-1M,train_loss,Training loss,4,base4,25,0.0654783820461891,0.0001107612743859,0.0001566400964223,2,42 43,extended,0.001,runs/a6_optimization_convergence_audit_20260815_000000/a6_seed_mean_curves.csv,training-seed mean +/- standard error from matched extended-budget runs
mixed1m,Mixed-1M,train_loss,Training loss,4,base4,26,0.0654665942415785,0.0001105655727865,0.0001563633325662,2,42 43,extended,0.001,runs/a6_optimization_convergence_audit_20260815_000000/a6_seed_mean_curves.csv,training-seed mean +/- standard error from matched extended-budget runs
mixed1m,Mixed-1M,train_loss,Training loss,4,base4,27,0.065453663797063,0.0001140947184522,0.0001613542982303,2,42 43,extended,0.001,runs/a6_optimization_convergence_audit_20260815_000000/a6_seed_mean_curves.csv,training-seed mean +/- standard error from matched extended-budget runs
mixed1m,Mixed-1M,train_loss,Training loss,4,base4,28,0.0654426176586876,0.0001157895969155,0.0001637512183396,2,42 43,extended,0.001,runs/a6_optimization_convergence_audit_20260815_000000/a6_seed_mean_curves.csv,training-seed mean +/- standard error from matched extended-budget runs
mixed1m,Mixed-1M,train_loss,Training loss,4,base4,29,0.0654421721577949,0.0001116761713838,0.000157933956165,2,42 43,extended,0.001,runs/a6_optimization_convergence_audit_20260815_000000/a6_seed_mean_curves.csv,training-seed mean +/- standard error from matched extended-budget runs
mixed1m,Mixed-1M,train_loss,Training loss,4,base4,30,0.0654421560371013,0.0001162907866108,0.000164460007604,2,42 43,extended,0.001,runs/a6_optimization_convergence_audit_20260815_000000/a6_seed_mean_curves.csv,training-seed mean +/- standard error from matched extended-budget runs
mixed1m,Mixed-1M,train_loss,Training loss,6,base6,1,0.1038789410248894,0.0013002679037773,0.0018388565042403,2,42 43,extended,0.001,runs/a6_optimization_convergence_audit_20260815_000000/a6_seed_mean_curves.csv,training-seed mean +/- standard error from matched extended-budget runs
mixed1m,Mixed-1M,train_loss,Training loss,6,base6,2,0.0704940228491945,5.620576993888016e-06,7.948696213118632e-06,2,42 43,extended,0.001,runs/a6_optimization_convergence_audit_20260815_000000/a6_seed_mean_curves.csv,training-seed mean +/- standard error from matched extended-budget runs
mixed1m,Mixed-1M,train_loss,Training loss,6,base6,3,0.0678160591265353,0.0001237554442318,0.0001750166276501,2,42 43,extended,0.001,runs/a6_optimization_convergence_audit_20260815_000000/a6_seed_mean_curves.csv,training-seed mean +/- standard error from matched extended-budget runs
mixed1m,Mixed-1M,train_loss,Training loss,6,base6,4,0.0667462990335796,8.9894227512044e-05,0.0001271296357265,2,42 43,extended,0.001,runs/a6_optimization_convergence_audit_20260815_000000/a6_seed_mean_curves.csv,training-seed mean +/- standard error from matched extended-budget runs
mixed1m,Mixed-1M,train_loss,Training loss,6,base6,5,0.0661894526342144,9.15668352180765e-05,0.0001294950602289,2,42 43,extended,0.001,runs/a6_optimization_convergence_audit_20260815_000000/a6_seed_mean_curves.csv,training-seed mean +/- standard error from matched extended-budget runs
mixed1m,Mixed-1M,train_loss,Training loss,6,base6,6,0.0658130716160892,8.523852928825348e-05,0.0001205454841561,2,42 43,extended,0.001,runs/a6_optimization_convergence_audit_20260815_000000/a6_seed_mean_curves.csv,training-seed mean +/- standard error from matched extended-budget runs
mixed1m,Mixed-1M,train_loss,Training loss,6,base6,7,0.0655413854324147,0.0001014367965481,0.000143453293402,2,42 43,extended,0.001,runs/a6_optimization_convergence_audit_20260815_000000/a6_seed_mean_curves.csv,training-seed mean +/- standard error from matched extended-budget runs
mixed1m,Mixed-1M,train_loss,Training loss,6,base6,8,0.065324642259599,0.0001074305504484,0.0001519297414573,2,42 43,extended,0.001,runs/a6_optimization_convergence_audit_20260815_000000/a6_seed_mean_curves.csv,training-seed mean +/- standard error from matched extended-budget runs
mixed1m,Mixed-1M,train_loss,Training loss,6,base6,9,0.06515416138522,0.000117690833595,0.0001664399730371,2,42 43,extended,0.001,runs/a6_optimization_convergence_audit_20260815_000000/a6_seed_mean_curves.csv,training-seed mean +/- standard error from matched extended-budget runs
mixed1m,Mixed-1M,train_loss,Training loss,6,base6,10,0.0650138948160364,0.0001300323916518,0.0001838935718218,2,42 43,extended,0.001,runs/a6_optimization_convergence_audit_20260815_000000/a6_seed_mean_curves.csv,training-seed mean +/- standard error from matched extended-budget runs
mixed1m,Mixed-1M,train_loss,Training loss,6,base6,11,0.0648852639624377,0.0001262234299993,0.0001785068865943,2,42 43,extended,0.001,runs/a6_optimization_convergence_audit_20260815_000000/a6_seed_mean_curves.csv,training-seed mean +/- standard error from matched extended-budget runs
mixed1m,Mixed-1M,train_loss,Training loss,6,base6,12,0.0647656812530268,0.0001317042038035,0.0001862578712404,2,42 43,extended,0.001,runs/a6_optimization_convergence_audit_20260815_000000/a6_seed_mean_curves.csv,training-seed mean +/- standard error from matched extended-budget runs
mixed1m,Mixed-1M,train_loss,Training loss,6,base6,13,0.06467463171867,0.0001331316569195,0.0001882765947968,2,42 43,extended,0.001,runs/a6_optimization_convergence_audit_20260815_000000/a6_seed_mean_curves.csv,training-seed mean +/- standard error from matched extended-budget runs
mixed1m,Mixed-1M,train_loss,Training loss,6,base6,14,0.064586943963452,0.0001486446374974,0.0002102152623229,2,42 43,extended,0.001,runs/a6_optimization_convergence_audit_20260815_000000/a6_seed_mean_curves.csv,training-seed mean +/- standard error from matched extended-budget runs
mixed1m,Mixed-1M,train_loss,Training loss,6,base6,15,0.0645073783629195,0.0001436242157274,0.0002031153137669,2,42 43,extended,0.001,runs/a6_optimization_convergence_audit_20260815_000000/a6_seed_mean_curves.csv,training-seed mean +/- standard error from matched extended-budget runs
mixed1m,Mixed-1M,train_loss,Training loss,6,base6,16,0.0644362225290149,0.0001456286767712,0.0002059500497602,2,42 43,extended,0.001,runs/a6_optimization_convergence_audit_20260815_000000/a6_seed_mean_curves.csv,training-seed mean +/- standard error from matched extended-budget runs
mixed1m,Mixed-1M,train_loss,Training loss,6,base6,17,0.0643729704820439,0.0001481735311886,0.0002095490173917,2,42 43,extended,0.001,runs/a6_optimization_convergence_audit_20260815_000000/a6_seed_mean_curves.csv,training-seed mean +/- standard error from matched extended-budget runs
mixed1m,Mixed-1M,train_loss,Training loss,6,base6,18,0.0643179116370466,0.0001471720307188,0.0002081326818446,2,42 43,extended,0.001,runs/a6_optimization_convergence_audit_20260815_000000/a6_seed_mean_curves.csv,training-seed mean +/- standard error from matched extended-budget runs
mixed1m,Mixed-1M,train_loss,Training loss,6,base6,19,0.0642713875131076,0.0001434961719738,0.000202934232554,2,42 43,extended,0.001,runs/a6_optimization_convergence_audit_20260815_000000/a6_seed_mean_curves.csv,training-seed mean +/- standard error from matched extended-budget runs
mixed1m,Mixed-1M,train_loss,Training loss,6,base6,20,0.0642286971273362,0.0001449224841602,0.0002049513425921,2,42 43,extended,0.001,runs/a6_optimization_convergence_audit_20260815_000000/a6_seed_mean_curves.csv,training-seed mean +/- standard error from matched extended-budget runs
mixed1m,Mixed-1M,train_loss,Training loss,6,base6,21,0.0641922081422889,0.0001427747780823,0.0002019140275289,2,42 43,extended,0.001,runs/a6_optimization_convergence_audit_20260815_000000/a6_seed_mean_curves.csv,training-seed mean +/- standard error from matched extended-budget runs
mixed1m,Mixed-1M,train_loss,Training loss,6,base6,22,0.0641569263204131,0.0001394071609086,0.0001971514976489,2,42 43,extended,0.001,runs/a6_optimization_convergence_audit_20260815_000000/a6_seed_mean_curves.csv,training-seed mean +/- standard error from matched extended-budget runs
mixed1m,Mixed-1M,train_loss,Training loss,6,base6,23,0.0641333511137329,0.0001394413673626,0.00019719987288,2,42 43,extended,0.001,runs/a6_optimization_convergence_audit_20260815_000000/a6_seed_mean_curves.csv,training-seed mean +/- standard error from matched extended-budget runs
mixed1m,Mixed-1M,train_loss,Training loss,6,base6,24,0.0641053098913691,0.000135749080659,0.0001919781909476,2,42 43,extended,0.001,runs/a6_optimization_convergence_audit_20260815_000000/a6_seed_mean_curves.csv,training-seed mean +/- standard error from matched extended-budget runs
mixed1m,Mixed-1M,train_loss,Training loss,6,base6,25,0.0640883125136118,0.000134813844624,0.000190655567463,2,42 43,extended,0.001,runs/a6_optimization_convergence_audit_20260815_000000/a6_seed_mean_curves.csv,training-seed mean +/- standard error from matched extended-budget runs
mixed1m,Mixed-1M,train_loss,Training loss,6,base6,26,0.0640674758240428,0.0001361492159002,0.0001925440676325,2,42 43,extended,0.001,runs/a6_optimization_convergence_audit_20260815_000000/a6_seed_mean_curves.csv,training-seed mean +/- standard error from matched extended-budget runs
mixed1m,Mixed-1M,train_loss,Training loss,6,base6,27,0.0640550549916179,0.0001354815695634,0.0001915998731282,2,42 43,extended,0.001,runs/a6_optimization_convergence_audit_20260815_000000/a6_seed_mean_curves.csv,training-seed mean +/- standard error from matched extended-budget runs
mixed1m,Mixed-1M,train_loss,Training loss,6,base6,28,0.0640508566799638,0.0001325612849629,0.0001874699670402,2,42 43,extended,0.001,runs/a6_optimization_convergence_audit_20260815_000000/a6_seed_mean_curves.csv,training-seed mean +/- standard error from matched extended-budget runs
mixed1m,Mixed-1M,train_loss,Training loss,6,base6,29,0.0640457530465462,0.0001325436779643,0.0001874450669839,2,42 43,extended,0.001,runs/a6_optimization_convergence_audit_20260815_000000/a6_seed_mean_curves.csv,training-seed mean +/- standard error from matched extended-budget runs
mixed1m,Mixed-1M,train_loss,Training loss,6,base6,30,0.0640410262962703,0.000130007488896,0.0001838583540068,2,42 43,extended,0.001,runs/a6_optimization_convergence_audit_20260815_000000/a6_seed_mean_curves.csv,training-seed mean +/- standard error from matched extended-budget runs
mixed1m,Mixed-1M,train_loss,Training loss,16,base16,1,0.0761622261598973,0.0025538736835236,0.0036117227998268,2,42 43,extended,0.001,runs/a6_optimization_convergence_audit_20260815_000000/a6_seed_mean_curves.csv,training-seed mean +/- standard error from matched extended-budget runs
mixed1m,Mixed-1M,train_loss,Training loss,16,base16,2,0.0657159933948989,9.911479261677512e-05,0.0001401694839504,2,42 43,extended,0.001,runs/a6_optimization_convergence_audit_20260815_000000/a6_seed_mean_curves.csv,training-seed mean +/- standard error from matched extended-budget runs
mixed1m,Mixed-1M,train_loss,Training loss,16,base16,3,0.0642818438551386,8.813787699507579e-05,0.0001246457810052,2,42 43,extended,0.001,runs/a6_optimization_convergence_audit_20260815_000000/a6_seed_mean_curves.csv,training-seed mean +/- standard error from matched extended-budget runs
mixed1m,Mixed-1M,train_loss,Training loss,16,base16,4,0.0633946415703848,8.682169668052658e-05,0.0001227844209538,2,42 43,extended,0.001,runs/a6_optimization_convergence_audit_20260815_000000/a6_seed_mean_curves.csv,training-seed mean +/- standard error from matched extended-budget runs
mixed1m,Mixed-1M,train_loss,Training loss,16,base16,5,0.0628008740284787,7.619580153919031e-05,0.0001077571359326,2,42 43,extended,0.001,runs/a6_optimization_convergence_audit_20260815_000000/a6_seed_mean_curves.csv,training-seed mean +/- standard error from matched extended-budget runs
mixed1m,Mixed-1M,train_loss,Training loss,16,base16,6,0.0623438481879813,5.916636103711625e-05,8.367387021495287e-05,2,42 43,extended,0.001,runs/a6_optimization_convergence_audit_20260815_000000/a6_seed_mean_curves.csv,training-seed mean +/- standard error from matched extended-budget runs
mixed1m,Mixed-1M,train_loss,Training loss,16,base16,7,0.0619895518197656,6.438008583415158e-05,9.104719053340116e-05,2,42 43,extended,0.001,runs/a6_optimization_convergence_audit_20260815_000000/a6_seed_mean_curves.csv,training-seed mean +/- standard error from matched extended-budget runs
mixed1m,Mixed-1M,train_loss,Training loss,16,base16,8,0.0616807584719889,4.353596235785046e-05,6.156914841743667e-05,2,42 43,extended,0.001,runs/a6_optimization_convergence_audit_20260815_000000/a6_seed_mean_curves.csv,training-seed mean +/- standard error from matched extended-budget runs
mixed1m,Mixed-1M,train_loss,Training loss,16,base16,9,0.06141161936028,3.34436435947931e-05,4.729645434692849e-05,2,42 43,extended,0.001,runs/a6_optimization_convergence_audit_20260815_000000/a6_seed_mean_curves.csv,training-seed mean +/- standard error from matched extended-budget runs
mixed1m,Mixed-1M,train_loss,Training loss,16,base16,10,0.0611761011531019,4.327308881999294e-05,6.119738909500958e-05,2,42 43,extended,0.001,runs/a6_optimization_convergence_audit_20260815_000000/a6_seed_mean_curves.csv,training-seed mean +/- standard error from matched extended-budget runs
mixed1m,Mixed-1M,train_loss,Training loss,16,base16,11,0.0609718317575657,3.0400881739070514e-05,4.299333926349409e-05,2,42 43,extended,0.001,runs/a6_optimization_convergence_audit_20260815_000000/a6_seed_mean_curves.csv,training-seed mean +/- standard error from matched extended-budget runs
mixed1m,Mixed-1M,train_loss,Training loss,16,base16,12,0.0607662792877315,4.891020333980603e-05,6.916947290157954e-05,2,42 43,extended,0.001,runs/a6_optimization_convergence_audit_20260815_000000/a6_seed_mean_curves.csv,training-seed mean +/- standard error from matched extended-budget runs
mixed1m,Mixed-1M,train_loss,Training loss,16,base16,13,0.0606080392194564,3.556190939891721e-05,5.029213457583196e-05,2,42 43,extended,0.001,runs/a6_optimization_convergence_audit_20260815_000000/a6_seed_mean_curves.csv,training-seed mean +/- standard error from matched extended-budget runs
mixed1m,Mixed-1M,train_loss,Training loss,16,base16,14,0.0604458338011751,4.3081793734026784e-05,6.092685699002091e-05,2,42 43,extended,0.001,runs/a6_optimization_convergence_audit_20260815_000000/a6_seed_mean_curves.csv,training-seed mean +/- standard error from matched extended-budget runs
mixed1m,Mixed-1M,train_loss,Training loss,16,base16,15,0.0603103062681034,3.553388873710553e-05,5.0252507375871215e-05,2,42 43,extended,0.001,runs/a6_optimization_convergence_audit_20260815_000000/a6_seed_mean_curves.csv,training-seed mean +/- standard error from matched extended-budget runs
mixed1m,Mixed-1M,train_loss,Training loss,16,base16,16,0.0601784703333664,3.927879397521567e-05,5.554860315340861e-05,2,42 43,extended,0.001,runs/a6_optimization_convergence_audit_20260815_000000/a6_seed_mean_curves.csv,training-seed mean +/- standard error from matched extended-budget runs
mixed1m,Mixed-1M,train_loss,Training loss,16,base16,17,0.0600586150489423,3.4697091830966635e-05,4.906909784225775e-05,2,42 43,extended,0.001,runs/a6_optimization_convergence_audit_20260815_000000/a6_seed_mean_curves.csv,training-seed mean +/- standard error from matched extended-budget runs
mixed1m,Mixed-1M,train_loss,Training loss,16,base16,18,0.0599532800600351,4.250692951557333e-05,6.011387621576103e-05,2,42 43,extended,0.001,runs/a6_optimization_convergence_audit_20260815_000000/a6_seed_mean_curves.csv,training-seed mean +/- standard error from matched extended-budget runs
mixed1m,Mixed-1M,train_loss,Training loss,16,base16,19,0.0598571167620437,3.529185443506763e-05,4.991021918336971e-05,2,42 43,extended,0.001,runs/a6_optimization_convergence_audit_20260815_000000/a6_seed_mean_curves.csv,training-seed mean +/- standard error from matched extended-budget runs
mixed1m,Mixed-1M,train_loss,Training loss,16,base16,20,0.0597752460166621,3.301832929749129e-05,4.669496909941309e-05,2,42 43,extended,0.001,runs/a6_optimization_convergence_audit_20260815_000000/a6_seed_mean_curves.csv,training-seed mean +/- standard error from matched extended-budget runs
mixed1m,Mixed-1M,train_loss,Training loss,16,base16,21,0.0596927003744427,3.885359877286998e-05,5.494728633159537e-05,2,42 43,extended,0.001,runs/a6_optimization_convergence_audit_20260815_000000/a6_seed_mean_curves.csv,training-seed mean +/- standard error from matched extended-budget runs
mixed1m,Mixed-1M,train_loss,Training loss,16,base16,22,0.0596276532734751,3.717978344396424e-05,5.25801539925489e-05,2,42 43,extended,0.001,runs/a6_optimization_convergence_audit_20260815_000000/a6_seed_mean_curves.csv,training-seed mean +/- standard error from matched extended-budget runs
mixed1m,Mixed-1M,train_loss,Training loss,16,base16,23,0.0595663803584321,3.881228711370352e-05,5.4888862822918026e-05,2,42 43,extended,0.001,runs/a6_optimization_convergence_audit_20260815_000000/a6_seed_mean_curves.csv,training-seed mean +/- standard error from matched extended-budget runs
mixed1m,Mixed-1M,train_loss,Training loss,16,base16,24,0.0595130577535771,3.539741067858787e-05,5.005949825454919e-05,2,42 43,extended,0.001,runs/a6_optimization_convergence_audit_20260815_000000/a6_seed_mean_curves.csv,training-seed mean +/- standard error from matched extended-budget runs
mixed1m,Mixed-1M,train_loss,Training loss,16,base16,25,0.0594712436875647,3.639707708602904e-05,5.147324004580128e-05,2,42 43,extended,0.001,runs/a6_optimization_convergence_audit_20260815_000000/a6_seed_mean_curves.csv,training-seed mean +/- standard error from matched extended-budget runs
mixed1m,Mixed-1M,train_loss,Training loss,16,base16,26,0.0594378503401527,3.791504475238183e-05,5.361997050680124e-05,2,42 43,extended,0.001,runs/a6_optimization_convergence_audit_20260815_000000/a6_seed_mean_curves.csv,training-seed mean +/- standard error from matched extended-budget runs
mixed1m,Mixed-1M,train_loss,Training loss,16,base16,27,0.0594115371522886,3.8104186601498745e-05,5.38874574750347e-05,2,42 43,extended,0.001,runs/a6_optimization_convergence_audit_20260815_000000/a6_seed_mean_curves.csv,training-seed mean +/- standard error from matched extended-budget runs
mixed1m,Mixed-1M,train_loss,Training loss,16,base16,28,0.0593951463013353,3.698743555856712e-05,5.23081330043265e-05,2,42 43,extended,0.001,runs/a6_optimization_convergence_audit_20260815_000000/a6_seed_mean_curves.csv,training-seed mean +/- standard error from matched extended-budget runs
mixed1m,Mixed-1M,train_loss,Training loss,16,base16,29,0.0593829929990612,3.813341012239013e-05,5.39287857746196e-05,2,42 43,extended,0.001,runs/a6_optimization_convergence_audit_20260815_000000/a6_seed_mean_curves.csv,training-seed mean +/- standard error from matched extended-budget runs
mixed1m,Mixed-1M,train_loss,Training loss,16,base16,30,0.0593810210033031,3.866036482098184e-05,5.4674012256124215e-05,2,42 43,extended,0.001,runs/a6_optimization_convergence_audit_20260815_000000/a6_seed_mean_curves.csv,training-seed mean +/- standard error from matched extended-budget runs
mixed1m,Mixed-1M,val_SDR,Validation SDR (dB),4,base4,1,3.0565089778024324,0.1093533586482613,0.1546490028914204,2,42 43,extended,0.001,runs/a6_optimization_convergence_audit_20260815_000000/a6_seed_mean_curves.csv,training-seed mean +/- standard error from matched extended-budget runs
mixed1m,Mixed-1M,val_SDR,Validation SDR (dB),4,base4,2,3.8832987340129153,0.0740962673206717,0.1047879461661163,2,42 43,extended,0.001,runs/a6_optimization_convergence_audit_20260815_000000/a6_seed_mean_curves.csv,training-seed mean +/- standard error from matched extended-budget runs
mixed1m,Mixed-1M,val_SDR,Validation SDR (dB),4,base4,3,4.141515540833376,0.0407574334923101,0.0576397152123445,2,42 43,extended,0.001,runs/a6_optimization_convergence_audit_20260815_000000/a6_seed_mean_curves.csv,training-seed mean +/- standard error from matched extended-budget runs
mixed1m,Mixed-1M,val_SDR,Validation SDR (dB),4,base4,4,4.244158922409525,0.0188948986481647,0.0267214219278996,2,42 43,extended,0.001,runs/a6_optimization_convergence_audit_20260815_000000/a6_seed_mean_curves.csv,training-seed mean +/- standard error from matched extended-budget runs
mixed1m,Mixed-1M,val_SDR,Validation SDR (dB),4,base4,5,4.336781202530374,0.0129230581984227,0.0182759641715462,2,42 43,extended,0.001,runs/a6_optimization_convergence_audit_20260815_000000/a6_seed_mean_curves.csv,training-seed mean +/- standard error from matched extended-budget runs
mixed1m,Mixed-1M,val_SDR,Validation SDR (dB),4,base4,6,4.380031179408638,0.0165987282383195,0.0234741465927767,2,42 43,extended,0.001,runs/a6_optimization_convergence_audit_20260815_000000/a6_seed_mean_curves.csv,training-seed mean +/- standard error from matched extended-budget runs
mixed1m,Mixed-1M,val_SDR,Validation SDR (dB),4,base4,7,4.41235169342586,0.0099553210394724,0.0140789500318002,2,42 43,extended,0.001,runs/a6_optimization_convergence_audit_20260815_000000/a6_seed_mean_curves.csv,training-seed mean +/- standard error from matched extended-budget runs
mixed1m,Mixed-1M,val_SDR,Validation SDR (dB),4,base4,8,4.449047339205839,0.0114465659978439,0.0161878888767496,2,42 43,extended,0.001,runs/a6_optimization_convergence_audit_20260815_000000/a6_seed_mean_curves.csv,training-seed mean +/- standard error from matched extended-budget runs
mixed1m,Mixed-1M,val_SDR,Validation SDR (dB),4,base4,9,4.4659964284118345,0.0071078782178921,0.0100520577754394,2,42 43,extended,0.001,runs/a6_optimization_convergence_audit_20260815_000000/a6_seed_mean_curves.csv,training-seed mean +/- standard error from matched extended-budget runs
mixed1m,Mixed-1M,val_SDR,Validation SDR (dB),4,base4,10,4.4815041118738606,0.0231767162984728,0.0327768265205738,2,42 43,extended,0.001,runs/a6_optimization_convergence_audit_20260815_000000/a6_seed_mean_curves.csv,training-seed mean +/- standard error from matched extended-budget runs
mixed1m,Mixed-1M,val_SDR,Validation SDR (dB),4,base4,11,4.494938414923999,0.0036550662955461,0.0051690443265341,2,42 43,extended,0.001,runs/a6_optimization_convergence_audit_20260815_000000/a6_seed_mean_curves.csv,training-seed mean +/- standard error from matched extended-budget runs
mixed1m,Mixed-1M,val_SDR,Validation SDR (dB),4,base4,12,4.501228558773898,0.0059322653984534,0.0083894901820895,2,42 43,extended,0.001,runs/a6_optimization_convergence_audit_20260815_000000/a6_seed_mean_curves.csv,training-seed mean +/- standard error from matched extended-budget runs
mixed1m,Mixed-1M,val_SDR,Validation SDR (dB),4,base4,13,4.52468478679657,0.0025687047413418,0.0036326970829377,2,42 43,extended,0.001,runs/a6_optimization_convergence_audit_20260815_000000/a6_seed_mean_curves.csv,training-seed mean +/- standard error from matched extended-budget runs
mixed1m,Mixed-1M,val_SDR,Validation SDR (dB),4,base4,14,4.519125940848371,0.0090357016543953,0.0127784118252029,2,42 43,extended,0.001,runs/a6_optimization_convergence_audit_20260815_000000/a6_seed_mean_curves.csv,training-seed mean +/- standard error from matched extended-budget runs
mixed1m,Mixed-1M,val_SDR,Validation SDR (dB),4,base4,15,4.53078210110567,0.0023458198625214,0.003317490264462,2,42 43,extended,0.001,runs/a6_optimization_convergence_audit_20260815_000000/a6_seed_mean_curves.csv,training-seed mean +/- standard error from matched extended-budget runs
mixed1m,Mixed-1M,val_SDR,Validation SDR (dB),4,base4,16,4.565675256203631,0.0086807547783362,0.0122764411391582,2,42 43,extended,0.001,runs/a6_optimization_convergence_audit_20260815_000000/a6_seed_mean_curves.csv,training-seed mean +/- standard error from matched extended-budget runs
mixed1m,Mixed-1M,val_SDR,Validation SDR (dB),4,base4,17,4.564363309315272,0.0061186138464477,0.0086530266845702,2,42 43,extended,0.001,runs/a6_optimization_convergence_audit_20260815_000000/a6_seed_mean_curves.csv,training-seed mean +/- standard error from matched extended-budget runs
mixed1m,Mixed-1M,val_SDR,Validation SDR (dB),4,base4,18,4.578608447191666,0.0144102451752643,0.0203791641639802,2,42 43,extended,0.001,runs/a6_optimization_convergence_audit_20260815_000000/a6_seed_mean_curves.csv,training-seed mean +/- standard error from matched extended-budget runs
mixed1m,Mixed-1M,val_SDR,Validation SDR (dB),4,base4,19,4.576525671141488,0.0210298105162016,0.0297406432461487,2,42 43,extended,0.001,runs/a6_optimization_convergence_audit_20260815_000000/a6_seed_mean_curves.csv,training-seed mean +/- standard error from matched extended-budget runs
mixed1m,Mixed-1M,val_SDR,Validation SDR (dB),4,base4,20,4.58734135481776,0.0129249168902028,0.0182785927586698,2,42 43,extended,0.001,runs/a6_optimization_convergence_audit_20260815_000000/a6_seed_mean_curves.csv,training-seed mean +/- standard error from matched extended-budget runs
mixed1m,Mixed-1M,val_SDR,Validation SDR (dB),4,base4,21,4.590936541557312,0.015135134969439,0.021404313142128,2,42 43,extended,0.001,runs/a6_optimization_convergence_audit_20260815_000000/a6_seed_mean_curves.csv,training-seed mean +/- standard error from matched extended-budget runs
mixed1m,Mixed-1M,val_SDR,Validation SDR (dB),4,base4,22,4.595990932717616,0.0156288122644228,0.0221024782681296,2,42 43,extended,0.001,runs/a6_optimization_convergence_audit_20260815_000000/a6_seed_mean_curves.csv,training-seed mean +/- standard error from matched extended-budget runs
mixed1m,Mixed-1M,val_SDR,Validation SDR (dB),4,base4,23,4.596163399365484,0.0157218709283943,0.0222340830928146,2,42 43,extended,0.001,runs/a6_optimization_convergence_audit_20260815_000000/a6_seed_mean_curves.csv,training-seed mean +/- standard error from matched extended-budget runs
mixed1m,Mixed-1M,val_SDR,Validation SDR (dB),4,base4,24,4.597876507408765,0.0082012122991135,0.0115982656613073,2,42 43,extended,0.001,runs/a6_optimization_convergence_audit_20260815_000000/a6_seed_mean_curves.csv,training-seed mean +/- standard error from matched extended-budget runs
mixed1m,Mixed-1M,val_SDR,Validation SDR (dB),4,base4,25,4.603941287313189,0.0131208531710567,0.0185556885044144,2,42 43,extended,0.001,runs/a6_optimization_convergence_audit_20260815_000000/a6_seed_mean_curves.csv,training-seed mean +/- standard error from matched extended-budget runs
mixed1m,Mixed-1M,val_SDR,Validation SDR (dB),4,base4,26,4.603822654607344,0.0171553066798617,0.0242612673733302,2,42 43,extended,0.001,runs/a6_optimization_convergence_audit_20260815_000000/a6_seed_mean_curves.csv,training-seed mean +/- standard error from matched extended-budget runs
mixed1m,Mixed-1M,val_SDR,Validation SDR (dB),4,base4,27,4.606500839700504,0.0141769379985579,0.020049217990483,2,42 43,extended,0.001,runs/a6_optimization_convergence_audit_20260815_000000/a6_seed_mean_curves.csv,training-seed mean +/- standard error from matched extended-budget runs
mixed1m,Mixed-1M,val_SDR,Validation SDR (dB),4,base4,28,4.605529607558737,0.0139003992080688,0.0196581330824511,2,42 43,extended,0.001,runs/a6_optimization_convergence_audit_20260815_000000/a6_seed_mean_curves.csv,training-seed mean +/- standard error from matched extended-budget runs
mixed1m,Mixed-1M,val_SDR,Validation SDR (dB),4,base4,29,4.607194170659902,0.0145773303752041,0.0206154583198069,2,42 43,extended,0.001,runs/a6_optimization_convergence_audit_20260815_000000/a6_seed_mean_curves.csv,training-seed mean +/- standard error from matched extended-budget runs
mixed1m,Mixed-1M,val_SDR,Validation SDR (dB),4,base4,30,4.606537599952853,0.0140899395456117,0.0199261835984211,2,42 43,extended,0.001,runs/a6_optimization_convergence_audit_20260815_000000/a6_seed_mean_curves.csv,training-seed mean +/- standard error from matched extended-budget runs
mixed1m,Mixed-1M,val_SDR,Validation SDR (dB),6,base6,1,3.424011928694589,0.0461341653551374,0.0652435623339984,2,42 43,extended,0.001,runs/a6_optimization_convergence_audit_20260815_000000/a6_seed_mean_curves.csv,training-seed mean +/- standard error from matched extended-budget runs
mixed1m,Mixed-1M,val_SDR,Validation SDR (dB),6,base6,2,4.102282137286906,0.0153333897493324,0.0216846877406584,2,42 43,extended,0.001,runs/a6_optimization_convergence_audit_20260815_000000/a6_seed_mean_curves.csv,training-seed mean +/- standard error from matched extended-budget runs
mixed1m,Mixed-1M,val_SDR,Validation SDR (dB),6,base6,3,4.332660701810097,0.0420967486439916,0.0595337928641441,2,42 43,extended,0.001,runs/a6_optimization_convergence_audit_20260815_000000/a6_seed_mean_curves.csv,training-seed mean +/- standard error from matched extended-budget runs
mixed1m,Mixed-1M,val_SDR,Validation SDR (dB),6,base6,4,4.436988329400822,0.0101412267101057,0.0143418603525318,2,42 43,extended,0.001,runs/a6_optimization_convergence_audit_20260815_000000/a6_seed_mean_curves.csv,training-seed mean +/- standard error from matched extended-budget runs
mixed1m,Mixed-1M,val_SDR,Validation SDR (dB),6,base6,5,4.442308708113067,0.0723149922429295,0.1022688427928562,2,42 43,extended,0.001,runs/a6_optimization_convergence_audit_20260815_000000/a6_seed_mean_curves.csv,training-seed mean +/- standard error from matched extended-budget runs
mixed1m,Mixed-1M,val_SDR,Validation SDR (dB),6,base6,6,4.528942521737546,0.0204716118014589,0.0289512310532603,2,42 43,extended,0.001,runs/a6_optimization_convergence_audit_20260815_000000/a6_seed_mean_curves.csv,training-seed mean +/- standard error from matched extended-budget runs
mixed1m,Mixed-1M,val_SDR,Validation SDR (dB),6,base6,7,4.573399587553375,0.0014421793879297,0.0020395496497852,2,42 43,extended,0.001,runs/a6_optimization_convergence_audit_20260815_000000/a6_seed_mean_curves.csv,training-seed mean +/- standard error from matched extended-budget runs
mixed1m,Mixed-1M,val_SDR,Validation SDR (dB),6,base6,8,4.60884778596917,0.0336027315684725,0.0475214387169164,2,42 43,extended,0.001,runs/a6_optimization_convergence_audit_20260815_000000/a6_seed_mean_curves.csv,training-seed mean +/- standard error from matched extended-budget runs
mixed1m,Mixed-1M,val_SDR,Validation SDR (dB),6,base6,9,4.655372529613729,0.0245760192676467,0.0347557397574485,2,42 43,extended,0.001,runs/a6_optimization_convergence_audit_20260815_000000/a6_seed_mean_curves.csv,training-seed mean +/- standard error from matched extended-budget runs
mixed1m,Mixed-1M,val_SDR,Validation SDR (dB),6,base6,10,4.634062650252361,0.0136685857967453,0.0193302994122175,2,42 43,extended,0.001,runs/a6_optimization_convergence_audit_20260815_000000/a6_seed_mean_curves.csv,training-seed mean +/- standard error from matched extended-budget runs
mixed1m,Mixed-1M,val_SDR,Validation SDR (dB),6,base6,11,4.679199447437209,0.021451847893851,0.0303374942294488,2,42 43,extended,0.001,runs/a6_optimization_convergence_audit_20260815_000000/a6_seed_mean_curves.csv,training-seed mean +/- standard error from matched extended-budget runs
mixed1m,Mixed-1M,val_SDR,Validation SDR (dB),6,base6,12,4.670243046721634,0.0300379894217668,0.0424801320266822,2,42 43,extended,0.001,runs/a6_optimization_convergence_audit_20260815_000000/a6_seed_mean_curves.csv,training-seed mean +/- standard error from matched extended-budget runs
mixed1m,Mixed-1M,val_SDR,Validation SDR (dB),6,base6,13,4.63954453079068,0.0447317629444357,0.0632602658248792,2,42 43,extended,0.001,runs/a6_optimization_convergence_audit_20260815_000000/a6_seed_mean_curves.csv,training-seed mean +/- standard error from matched extended-budget runs
mixed1m,Mixed-1M,val_SDR,Validation SDR (dB),6,base6,14,4.71369220772568,0.02512027779404,0.035525437546911,2,42 43,extended,0.001,runs/a6_optimization_convergence_audit_20260815_000000/a6_seed_mean_curves.csv,training-seed mean +/- standard error from matched extended-budget runs
mixed1m,Mixed-1M,val_SDR,Validation SDR (dB),6,base6,15,4.7211165671445885,0.0383213831453908,0.0541946197731074,2,42 43,extended,0.001,runs/a6_optimization_convergence_audit_20260815_000000/a6_seed_mean_curves.csv,training-seed mean +/- standard error from matched extended-budget runs
mixed1m,Mixed-1M,val_SDR,Validation SDR (dB),6,base6,16,4.751380757409699,0.0224533202696819,0.0317537900456909,2,42 43,extended,0.001,runs/a6_optimization_convergence_audit_20260815_000000/a6_seed_mean_curves.csv,training-seed mean +/- standard error from matched extended-budget runs
mixed1m,Mixed-1M,val_SDR,Validation SDR (dB),6,base6,17,4.763217188874069,0.0145969366540712,0.0206431857852885,2,42 43,extended,0.001,runs/a6_optimization_convergence_audit_20260815_000000/a6_seed_mean_curves.csv,training-seed mean +/- standard error from matched extended-budget runs
mixed1m,Mixed-1M,val_SDR,Validation SDR (dB),6,base6,18,4.747591622021734,0.0057698853161873,0.0081598500674895,2,42 43,extended,0.001,runs/a6_optimization_convergence_audit_20260815_000000/a6_seed_mean_curves.csv,training-seed mean +/- standard error from matched extended-budget runs
mixed1m,Mixed-1M,val_SDR,Validation SDR (dB),6,base6,19,4.764105373499344,0.0013364334495702,0.0018900023095912,2,42 43,extended,0.001,runs/a6_optimization_convergence_audit_20260815_000000/a6_seed_mean_curves.csv,training-seed mean +/- standard error from matched extended-budget runs
mixed1m,Mixed-1M,val_SDR,Validation SDR (dB),6,base6,20,4.758591286990107,0.0130691722947724,0.0184826007082579,2,42 43,extended,0.001,runs/a6_optimization_convergence_audit_20260815_000000/a6_seed_mean_curves.csv,training-seed mean +/- standard error from matched extended-budget runs
mixed1m,Mixed-1M,val_SDR,Validation SDR (dB),6,base6,21,4.776299092234398,0.0101163630582847,0.0143066978389165,2,42 43,extended,0.001,runs/a6_optimization_convergence_audit_20260815_000000/a6_seed_mean_curves.csv,training-seed mean +/- standard error from matched extended-budget runs
mixed1m,Mixed-1M,val_SDR,Validation SDR (dB),6,base6,22,4.79250869945604,0.0143562044416154,0.0203027390255334,2,42 43,extended,0.001,runs/a6_optimization_convergence_audit_20260815_000000/a6_seed_mean_curves.csv,training-seed mean +/- standard error from matched extended-budget runs
mixed1m,Mixed-1M,val_SDR,Validation SDR (dB),6,base6,23,4.793265564101083,0.0158785970843569,0.0224557273481554,2,42 43,extended,0.001,runs/a6_optimization_convergence_audit_20260815_000000/a6_seed_mean_curves.csv,training-seed mean +/- standard error from matched extended-budget runs
mixed1m,Mixed-1M,val_SDR,Validation SDR (dB),6,base6,24,4.795507268029816,0.0175185422508081,0.024774960044099,2,42 43,extended,0.001,runs/a6_optimization_convergence_audit_20260815_000000/a6_seed_mean_curves.csv,training-seed mean +/- standard error from matched extended-budget runs
mixed1m,Mixed-1M,val_SDR,Validation SDR (dB),6,base6,25,4.796030553019777,0.0209336743062857,0.0296046861142505,2,42 43,extended,0.001,runs/a6_optimization_convergence_audit_20260815_000000/a6_seed_mean_curves.csv,training-seed mean +/- standard error from matched extended-budget runs
mixed1m,Mixed-1M,val_SDR,Validation SDR (dB),6,base6,26,4.802424567086357,0.0172496766460183,0.0243947266593496,2,42 43,extended,0.001,runs/a6_optimization_convergence_audit_20260815_000000/a6_seed_mean_curves.csv,training-seed mean +/- standard error from matched extended-budget runs
mixed1m,Mixed-1M,val_SDR,Validation SDR (dB),6,base6,27,4.806141325405665,0.0195889497289853,0.0277029583793759,2,42 43,extended,0.001,runs/a6_optimization_convergence_audit_20260815_000000/a6_seed_mean_curves.csv,training-seed mean +/- standard error from matched extended-budget runs
mixed1m,Mixed-1M,val_SDR,Validation SDR (dB),6,base6,28,4.804924962471942,0.0185166062140953,0.0261864356370955,2,42 43,extended,0.001,runs/a6_optimization_convergence_audit_20260815_000000/a6_seed_mean_curves.csv,training-seed mean +/- standard error from matched extended-budget runs
mixed1m,Mixed-1M,val_SDR,Validation SDR (dB),6,base6,29,4.806198392595563,0.0188178432231045,0.026612449100725,2,42 43,extended,0.001,runs/a6_optimization_convergence_audit_20260815_000000/a6_seed_mean_curves.csv,training-seed mean +/- standard error from matched extended-budget runs
mixed1m,Mixed-1M,val_SDR,Validation SDR (dB),6,base6,30,4.8061277793378245,0.0177216310890351,0.0250621710334861,2,42 43,extended,0.001,runs/a6_optimization_convergence_audit_20260815_000000/a6_seed_mean_curves.csv,training-seed mean +/- standard error from matched extended-budget runs
mixed1m,Mixed-1M,val_SDR,Validation SDR (dB),16,base16,1,4.314346629746106,0.0218257417484206,0.0308662599894691,2,42 43,extended,0.001,runs/a6_optimization_convergence_audit_20260815_000000/a6_seed_mean_curves.csv,training-seed mean +/- standard error from matched extended-budget runs
mixed1m,Mixed-1M,val_SDR,Validation SDR (dB),16,base16,2,4.661491199415558,0.0095275518845538,0.0134739930913494,2,42 43,extended,0.001,runs/a6_optimization_convergence_audit_20260815_000000/a6_seed_mean_curves.csv,training-seed mean +/- standard error from matched extended-budget runs
mixed1m,Mixed-1M,val_SDR,Validation SDR (dB),16,base16,3,4.751148021951014,0.0258515051433021,0.0365595491814157,2,42 43,extended,0.001,runs/a6_optimization_convergence_audit_20260815_000000/a6_seed_mean_curves.csv,training-seed mean +/- standard error from matched extended-budget runs
mixed1m,Mixed-1M,val_SDR,Validation SDR (dB),16,base16,4,4.8519536573059705,0.0016861789080557,0.0023846170803599,2,42 43,extended,0.001,runs/a6_optimization_convergence_audit_20260815_000000/a6_seed_mean_curves.csv,training-seed mean +/- standard error from matched extended-budget runs
mixed1m,Mixed-1M,val_SDR,Validation SDR (dB),16,base16,5,4.868275800529792,0.043578417933717,0.0616291896686256,2,42 43,extended,0.001,runs/a6_optimization_convergence_audit_20260815_000000/a6_seed_mean_curves.csv,training-seed mean +/- standard error from matched extended-budget runs
mixed1m,Mixed-1M,val_SDR,Validation SDR (dB),16,base16,6,4.813866695579217,0.0915117288122369,0.1294171280024741,2,42 43,extended,0.001,runs/a6_optimization_convergence_audit_20260815_000000/a6_seed_mean_curves.csv,training-seed mean +/- standard error from matched extended-budget runs
mixed1m,Mixed-1M,val_SDR,Validation SDR (dB),16,base16,7,4.897320336225081,0.0247769672043469,0.0350399230548608,2,42 43,extended,0.001,runs/a6_optimization_convergence_audit_20260815_000000/a6_seed_mean_curves.csv,training-seed mean +/- standard error from matched extended-budget runs
mixed1m,Mixed-1M,val_SDR,Validation SDR (dB),16,base16,8,5.00657993676711,0.0165179773252837,0.0233599475563874,2,42 43,extended,0.001,runs/a6_optimization_convergence_audit_20260815_000000/a6_seed_mean_curves.csv,training-seed mean +/- standard error from matched extended-budget runs
mixed1m,Mixed-1M,val_SDR,Validation SDR (dB),16,base16,9,4.910508739704988,0.0017714500427246,0.0025052086754875,2,42 43,extended,0.001,runs/a6_optimization_convergence_audit_20260815_000000/a6_seed_mean_curves.csv,training-seed mean +/- standard error from matched extended-budget runs
mixed1m,Mixed-1M,val_SDR,Validation SDR (dB),16,base16,10,5.07014588433869,0.0071189890102463,0.0100677708086753,2,42 43,extended,0.001,runs/a6_optimization_convergence_audit_20260815_000000/a6_seed_mean_curves.csv,training-seed mean +/- standard error from matched extended-budget runs
mixed1m,Mixed-1M,val_SDR,Validation SDR (dB),16,base16,11,5.048892422598236,0.0095671172044711,0.013529946903376,2,42 43,extended,0.001,runs/a6_optimization_convergence_audit_20260815_000000/a6_seed_mean_curves.csv,training-seed mean +/- standard error from matched extended-budget runs
mixed1m,Mixed-1M,val_SDR,Validation SDR (dB),16,base16,12,5.085177852182973,0.0074280062500311,0.0105047871801861,2,42 43,extended,0.001,runs/a6_optimization_convergence_audit_20260815_000000/a6_seed_mean_curves.csv,training-seed mean +/- standard error from matched extended-budget runs
mixed1m,Mixed-1M,val_SDR,Validation SDR (dB),16,base16,13,5.105284316199166,0.0108772637892742,0.0153827739723013,2,42 43,extended,0.001,runs/a6_optimization_convergence_audit_20260815_000000/a6_seed_mean_curves.csv,training-seed mean +/- standard error from matched extended-budget runs
mixed1m,Mixed-1M,val_SDR,Validation SDR (dB),16,base16,14,5.06920156430225,0.0369309089621721,0.0522281923250698,2,42 43,extended,0.001,runs/a6_optimization_convergence_audit_20260815_000000/a6_seed_mean_curves.csv,training-seed mean +/- standard error from matched extended-budget runs
mixed1m,Mixed-1M,val_SDR,Validation SDR (dB),16,base16,15,5.0831451051089225,0.0354265412505792,0.050100695104539,2,42 43,extended,0.001,runs/a6_optimization_convergence_audit_20260815_000000/a6_seed_mean_curves.csv,training-seed mean +/- standard error from matched extended-budget runs
mixed1m,Mixed-1M,val_SDR,Validation SDR (dB),16,base16,16,4.905826580767728,0.1789179261849853,0.2530281577624746,2,42 43,extended,0.001,runs/a6_optimization_convergence_audit_20260815_000000/a6_seed_mean_curves.csv,training-seed mean +/- standard error from matched extended-budget runs
mixed1m,Mixed-1M,val_SDR,Validation SDR (dB),16,base16,17,5.1483043480892565,0.0391295369790527,0.0553375218851559,2,42 43,extended,0.001,runs/a6_optimization_convergence_audit_20260815_000000/a6_seed_mean_curves.csv,training-seed mean +/- standard error from matched extended-budget runs
mixed1m,Mixed-1M,val_SDR,Validation SDR (dB),16,base16,18,5.134033845395457,0.0697341549153231,0.0986189876418764,2,42 43,extended,0.001,runs/a6_optimization_convergence_audit_20260815_000000/a6_seed_mean_curves.csv,training-seed mean +/- standard error from matched extended-budget runs
mixed1m,Mixed-1M,val_SDR,Validation SDR (dB),16,base16,19,5.11673860160672,0.0485648816945602,0.068681114347492,2,42 43,extended,0.001,runs/a6_optimization_convergence_audit_20260815_000000/a6_seed_mean_curves.csv,training-seed mean +/- standard error from matched extended-budget runs
mixed1m,Mixed-1M,val_SDR,Validation SDR (dB),16,base16,20,5.183864953566571,0.0073534031303563,0.0103992824365467,2,42 43,extended,0.001,runs/a6_optimization_convergence_audit_20260815_000000/a6_seed_mean_curves.csv,training-seed mean +/- standard error from matched extended-budget runs
mixed1m,Mixed-1M,val_SDR,Validation SDR (dB),16,base16,21,5.201130840243126,0.0065357466133275,0.0092429415008018,2,42 43,extended,0.001,runs/a6_optimization_convergence_audit_20260815_000000/a6_seed_mean_curves.csv,training-seed mean +/- standard error from matched extended-budget runs
mixed1m,Mixed-1M,val_SDR,Validation SDR (dB),16,base16,22,5.137253391499423,0.0358490749281279,0.0506982479618878,2,42 43,extended,0.001,runs/a6_optimization_convergence_audit_20260815_000000/a6_seed_mean_curves.csv,training-seed mean +/- standard error from matched extended-budget runs
mixed1m,Mixed-1M,val_SDR,Validation SDR (dB),16,base16,23,5.194465634774188,0.0163689413849188,0.0231491789082424,2,42 43,extended,0.001,runs/a6_optimization_convergence_audit_20260815_000000/a6_seed_mean_curves.csv,training-seed mean +/- standard error from matched extended-budget runs
mixed1m,Mixed-1M,val_SDR,Validation SDR (dB),16,base16,24,5.198548815688309,0.005735789026533,0.0081116306322338,2,42 43,extended,0.001,runs/a6_optimization_convergence_audit_20260815_000000/a6_seed_mean_curves.csv,training-seed mean +/- standard error from matched extended-budget runs
mixed1m,Mixed-1M,val_SDR,Validation SDR (dB),16,base16,25,5.218282213016432,0.0078228347155513,0.0110631589509357,2,42 43,extended,0.001,runs/a6_optimization_convergence_audit_20260815_000000/a6_seed_mean_curves.csv,training-seed mean +/- standard error from matched extended-budget runs
mixed1m,Mixed-1M,val_SDR,Validation SDR (dB),16,base16,26,5.189369099480765,0.0033989049950422,0.0048067775412064,2,42 43,extended,0.001,runs/a6_optimization_convergence_audit_20260815_000000/a6_seed_mean_curves.csv,training-seed mean +/- standard error from matched extended-budget runs
mixed1m,Mixed-1M,val_SDR,Validation SDR (dB),16,base16,27,5.214938477594025,0.0031036722416781,0.0043892553773421,2,42 43,extended,0.001,runs/a6_optimization_convergence_audit_20260815_000000/a6_seed_mean_curves.csv,training-seed mean +/- standard error from matched extended-budget runs
mixed1m,Mixed-1M,val_SDR,Validation SDR (dB),16,base16,28,5.222878631280393,0.007260619377603,0.0102680663950351,2,42 43,extended,0.001,runs/a6_optimization_convergence_audit_20260815_000000/a6_seed_mean_curves.csv,training-seed mean +/- standard error from matched extended-budget runs
mixed1m,Mixed-1M,val_SDR,Validation SDR (dB),16,base16,29,5.215165751320975,0.003209099477651,0.0045383520042984,2,42 43,extended,0.001,runs/a6_optimization_convergence_audit_20260815_000000/a6_seed_mean_curves.csv,training-seed mean +/- standard error from matched extended-budget runs
mixed1m,Mixed-1M,val_SDR,Validation SDR (dB),16,base16,30,5.2235846738426055,0.0020165905660514,0.0028518897282635,2,42 43,extended,0.001,runs/a6_optimization_convergence_audit_20260815_000000/a6_seed_mean_curves.csv,training-seed mean +/- standard error from matched extended-budget runs
