run_id,budget,task,base,lr,epoch,metric,mean,sd,se,n,seeds,base_label,source_file
a6_optimization_convergence_audit_20260815_000000,extended,emg,4,0.001,1,train_loss,0.1356834054170619,0.0065673089146018,0.0046437886676618,2,42 43,base4,runs/a6_optimization_convergence_audit_20260815_000000/a6_seed_mean_curves.csv
a6_optimization_convergence_audit_20260815_000000,extended,emg,4,0.001,1,val_SDR,2.1116716773421675,0.024659090807427,0.0174366103278265,2,42 43,base4,runs/a6_optimization_convergence_audit_20260815_000000/a6_seed_mean_curves.csv
a6_optimization_convergence_audit_20260815_000000,extended,emg,4,0.001,1,val_CC,0.7481835959134278,0.0255937471249766,0.0180975121480447,2,42 43,base4,runs/a6_optimization_convergence_audit_20260815_000000/a6_seed_mean_curves.csv
a6_optimization_convergence_audit_20260815_000000,extended,emg,4,0.001,2,train_loss,0.0840249590575695,0.0001396603561414,9.87547848905826e-05,2,42 43,base4,runs/a6_optimization_convergence_audit_20260815_000000/a6_seed_mean_curves.csv
a6_optimization_convergence_audit_20260815_000000,extended,emg,4,0.001,2,val_SDR,5.830460645534374,0.0493667722482042,0.034907579421997,2,42 43,base4,runs/a6_optimization_convergence_audit_20260815_000000/a6_seed_mean_curves.csv
a6_optimization_convergence_audit_20260815_000000,extended,emg,4,0.001,2,val_CC,0.8125648664103613,0.0003509255876624,0.0002481418627279,2,42 43,base4,runs/a6_optimization_convergence_audit_20260815_000000/a6_seed_mean_curves.csv
a6_optimization_convergence_audit_20260815_000000,extended,emg,4,0.001,3,train_loss,0.0689852919252145,0.0002028790734884,0.0001434571686245,2,42 43,base4,runs/a6_optimization_convergence_audit_20260815_000000/a6_seed_mean_curves.csv
a6_optimization_convergence_audit_20260815_000000,extended,emg,4,0.001,3,val_SDR,6.265965258633649,0.0198941991419548,0.0140673231195518,2,42 43,base4,runs/a6_optimization_convergence_audit_20260815_000000/a6_seed_mean_curves.csv
a6_optimization_convergence_audit_20260815_000000,extended,emg,4,0.001,3,val_CC,0.8229521049393548,0.0018722535485285,0.0013238831802651,2,42 43,base4,runs/a6_optimization_convergence_audit_20260815_000000/a6_seed_mean_curves.csv
a6_optimization_convergence_audit_20260815_000000,extended,emg,4,0.001,4,train_loss,0.0672782826636518,0.0003013689831095,0.000213100051596,2,42 43,base4,runs/a6_optimization_convergence_audit_20260815_000000/a6_seed_mean_curves.csv
a6_optimization_convergence_audit_20260815_000000,extended,emg,4,0.001,4,val_SDR,6.40404145805924,0.0568366923589488,0.0401896105872263,2,42 43,base4,runs/a6_optimization_convergence_audit_20260815_000000/a6_seed_mean_curves.csv
a6_optimization_convergence_audit_20260815_000000,extended,emg,4,0.001,4,val_CC,0.8271460787013725,0.0019906034601414,0.0014075692053194,2,42 43,base4,runs/a6_optimization_convergence_audit_20260815_000000/a6_seed_mean_curves.csv
a6_optimization_convergence_audit_20260815_000000,extended,emg,4,0.001,5,train_loss,0.0664229857070105,0.0002567374775292,0.0001815408113456,2,42 43,base4,runs/a6_optimization_convergence_audit_20260815_000000/a6_seed_mean_curves.csv
a6_optimization_convergence_audit_20260815_000000,extended,emg,4,0.001,5,val_SDR,6.489885339030513,0.0069779071671942,0.0049341254764132,2,42 43,base4,runs/a6_optimization_convergence_audit_20260815_000000/a6_seed_mean_curves.csv
a6_optimization_convergence_audit_20260815_000000,extended,emg,4,0.001,5,val_CC,0.8299664380373778,0.0014269065322465,0.0010089752850709,2,42 43,base4,runs/a6_optimization_convergence_audit_20260815_000000/a6_seed_mean_curves.csv
a6_optimization_convergence_audit_20260815_000000,extended,emg,4,0.001,6,train_loss,0.0658784504625059,0.0002142993892777,0.0001515325513624,2,42 43,base4,runs/a6_optimization_convergence_audit_20260815_000000/a6_seed_mean_curves.csv
a6_optimization_convergence_audit_20260815_000000,extended,emg,4,0.001,6,val_SDR,6.548689904036346,0.0315491327224365,0.0223086056885892,2,42 43,base4,runs/a6_optimization_convergence_audit_20260815_000000/a6_seed_mean_curves.csv
a6_optimization_convergence_audit_20260815_000000,extended,emg,4,0.001,6,val_CC,0.8313521643479665,0.0001818199434815,0.0001285661149907,2,42 43,base4,runs/a6_optimization_convergence_audit_20260815_000000/a6_seed_mean_curves.csv
a6_optimization_convergence_audit_20260815_000000,extended,emg,4,0.001,7,train_loss,0.0654992861052354,0.0001156441787132,8.177278297288175e-05,2,42 43,base4,runs/a6_optimization_convergence_audit_20260815_000000/a6_seed_mean_curves.csv
a6_optimization_convergence_audit_20260815_000000,extended,emg,4,0.001,7,val_SDR,6.616562984607837,0.013170272005876,0.0093127886454262,2,42 43,base4,runs/a6_optimization_convergence_audit_20260815_000000/a6_seed_mean_curves.csv
a6_optimization_convergence_audit_20260815_000000,extended,emg,4,0.001,7,val_CC,0.8329921552428492,0.0001970209068444,0.0001393148192652,2,42 43,base4,runs/a6_optimization_convergence_audit_20260815_000000/a6_seed_mean_curves.csv
a6_optimization_convergence_audit_20260815_000000,extended,emg,4,0.001,8,train_loss,0.0651751780882477,1.6414353570372835e-05,1.1606700718404249e-05,2,42 43,base4,runs/a6_optimization_convergence_audit_20260815_000000/a6_seed_mean_curves.csv
a6_optimization_convergence_audit_20260815_000000,extended,emg,4,0.001,8,val_SDR,6.628736646087082,0.0272005769925219,0.019233712443599,2,42 43,base4,runs/a6_optimization_convergence_audit_20260815_000000/a6_seed_mean_curves.csv
a6_optimization_convergence_audit_20260815_000000,extended,emg,4,0.001,8,val_CC,0.8335930042796664,0.0003564842886826,0.0002520724579139,2,42 43,base4,runs/a6_optimization_convergence_audit_20260815_000000/a6_seed_mean_curves.csv
a6_optimization_convergence_audit_20260815_000000,extended,emg,4,0.001,9,train_loss,0.064957757666707,9.558054779077264e-05,6.758565349238022e-05,2,42 43,base4,runs/a6_optimization_convergence_audit_20260815_000000/a6_seed_mean_curves.csv
a6_optimization_convergence_audit_20260815_000000,extended,emg,4,0.001,9,val_SDR,6.674569730405454,0.0410837738679208,0.0290506150987415,2,42 43,base4,runs/a6_optimization_convergence_audit_20260815_000000/a6_seed_mean_curves.csv
a6_optimization_convergence_audit_20260815_000000,extended,emg,4,0.001,9,val_CC,0.8346662024656932,0.0003124876618204,0.0002209621447104,2,42 43,base4,runs/a6_optimization_convergence_audit_20260815_000000/a6_seed_mean_curves.csv
a6_optimization_convergence_audit_20260815_000000,extended,emg,4,0.001,10,train_loss,0.0647953577960531,0.0001745772263829,0.0001234447406161,2,42 43,base4,runs/a6_optimization_convergence_audit_20260815_000000/a6_seed_mean_curves.csv
a6_optimization_convergence_audit_20260815_000000,extended,emg,4,0.001,10,val_SDR,6.700906762370357,0.0256716516719631,0.0181525989815041,2,42 43,base4,runs/a6_optimization_convergence_audit_20260815_000000/a6_seed_mean_curves.csv
a6_optimization_convergence_audit_20260815_000000,extended,emg,4,0.001,10,val_CC,0.8351004841151062,0.0002188373644292,0.0001547413843649,2,42 43,base4,runs/a6_optimization_convergence_audit_20260815_000000/a6_seed_mean_curves.csv
a6_optimization_convergence_audit_20260815_000000,extended,emg,4,0.001,11,train_loss,0.0646531506751974,0.000167255917398,0.0001182677933857,2,42 43,base4,runs/a6_optimization_convergence_audit_20260815_000000/a6_seed_mean_curves.csv
a6_optimization_convergence_audit_20260815_000000,extended,emg,4,0.001,11,val_SDR,6.7191505961947975,0.0471303418306423,0.0333261843080872,2,42 43,base4,runs/a6_optimization_convergence_audit_20260815_000000/a6_seed_mean_curves.csv
a6_optimization_convergence_audit_20260815_000000,extended,emg,4,0.001,11,val_CC,0.8356946077611711,0.0006107499817713,0.00043186545372,2,42 43,base4,runs/a6_optimization_convergence_audit_20260815_000000/a6_seed_mean_curves.csv
a6_optimization_convergence_audit_20260815_000000,extended,emg,4,0.001,12,train_loss,0.0645157011491911,0.0002151408460907,0.0001521275511809,2,42 43,base4,runs/a6_optimization_convergence_audit_20260815_000000/a6_seed_mean_curves.csv
a6_optimization_convergence_audit_20260815_000000,extended,emg,4,0.001,12,val_SDR,6.699305357756439,0.003116244319232,0.002203517489963,2,42 43,base4,runs/a6_optimization_convergence_audit_20260815_000000/a6_seed_mean_curves.csv
a6_optimization_convergence_audit_20260815_000000,extended,emg,4,0.001,12,val_CC,0.8355072615323242,6.433013977715409e-05,4.548827807110411e-05,2,42 43,base4,runs/a6_optimization_convergence_audit_20260815_000000/a6_seed_mean_curves.csv
a6_optimization_convergence_audit_20260815_000000,extended,emg,4,0.001,13,train_loss,0.0644264826373685,0.0002467483357521,0.0001744774214568,2,42 43,base4,runs/a6_optimization_convergence_audit_20260815_000000/a6_seed_mean_curves.csv
a6_optimization_convergence_audit_20260815_000000,extended,emg,4,0.001,13,val_SDR,6.729610893461439,0.0294147413861148,0.0207993631009704,2,42 43,base4,runs/a6_optimization_convergence_audit_20260815_000000/a6_seed_mean_curves.csv
a6_optimization_convergence_audit_20260815_000000,extended,emg,4,0.001,13,val_CC,0.836272727560114,0.0003935703933835,0.0002782962940357,2,42 43,base4,runs/a6_optimization_convergence_audit_20260815_000000/a6_seed_mean_curves.csv
a6_optimization_convergence_audit_20260815_000000,extended,emg,4,0.001,14,train_loss,0.0642997299365344,0.0002759767737959,0.000195145048201,2,42 43,base4,runs/a6_optimization_convergence_audit_20260815_000000/a6_seed_mean_curves.csv
a6_optimization_convergence_audit_20260815_000000,extended,emg,4,0.001,14,val_SDR,6.736835311960291,0.0360328580785097,0.0254790782928466,2,42 43,base4,runs/a6_optimization_convergence_audit_20260815_000000/a6_seed_mean_curves.csv
a6_optimization_convergence_audit_20260815_000000,extended,emg,4,0.001,14,val_CC,0.836274261827822,0.0003655505440957,0.0002584832685965,2,42 43,base4,runs/a6_optimization_convergence_audit_20260815_000000/a6_seed_mean_curves.csv
a6_optimization_convergence_audit_20260815_000000,extended,emg,4,0.001,15,train_loss,0.0642220112716867,0.0002453070766012,0.0001734582973378,2,42 43,base4,runs/a6_optimization_convergence_audit_20260815_000000/a6_seed_mean_curves.csv
a6_optimization_convergence_audit_20260815_000000,extended,emg,4,0.001,15,val_SDR,6.76889000998603,0.0722703188136122,0.0511028325116189,2,42 43,base4,runs/a6_optimization_convergence_audit_20260815_000000/a6_seed_mean_curves.csv
a6_optimization_convergence_audit_20260815_000000,extended,emg,4,0.001,15,val_CC,0.836870754206622,0.0012713955882021,0.0008990124419883,2,42 43,base4,runs/a6_optimization_convergence_audit_20260815_000000/a6_seed_mean_curves.csv
a6_optimization_convergence_audit_20260815_000000,extended,emg,4,0.001,16,train_loss,0.0641533706692003,0.0002665550088794,0.0001884828543379,2,42 43,base4,runs/a6_optimization_convergence_audit_20260815_000000/a6_seed_mean_curves.csv
a6_optimization_convergence_audit_20260815_000000,extended,emg,4,0.001,16,val_SDR,6.777952282517045,0.0827299802582808,0.0584989300480596,2,42 43,base4,runs/a6_optimization_convergence_audit_20260815_000000/a6_seed_mean_curves.csv
a6_optimization_convergence_audit_20260815_000000,extended,emg,4,0.001,16,val_CC,0.8374071496504325,0.0010159544663382,0.0007183882925245,2,42 43,base4,runs/a6_optimization_convergence_audit_20260815_000000/a6_seed_mean_curves.csv
a6_optimization_convergence_audit_20260815_000000,extended,emg,4,0.001,17,train_loss,0.0640677874553061,0.0002781817062457,0.0001967041708883,2,42 43,base4,runs/a6_optimization_convergence_audit_20260815_000000/a6_seed_mean_curves.csv
a6_optimization_convergence_audit_20260815_000000,extended,emg,4,0.001,17,val_SDR,6.7505078227431685,0.1157355082579724,0.081837362713284,2,42 43,base4,runs/a6_optimization_convergence_audit_20260815_000000/a6_seed_mean_curves.csv
a6_optimization_convergence_audit_20260815_000000,extended,emg,4,0.001,17,val_CC,0.8367598553498585,0.0017680649780151,0.0012502107355329,2,42 43,base4,runs/a6_optimization_convergence_audit_20260815_000000/a6_seed_mean_curves.csv
a6_optimization_convergence_audit_20260815_000000,extended,emg,4,0.001,18,train_loss,0.0639955311037955,0.0002851663672781,0.0002016430720686,2,42 43,base4,runs/a6_optimization_convergence_audit_20260815_000000/a6_seed_mean_curves.csv
a6_optimization_convergence_audit_20260815_000000,extended,emg,4,0.001,18,val_SDR,6.795987517745407,0.0478134329753971,0.0338092026887117,2,42 43,base4,runs/a6_optimization_convergence_audit_20260815_000000/a6_seed_mean_curves.csv
a6_optimization_convergence_audit_20260815_000000,extended,emg,4,0.001,18,val_CC,0.8377388494986076,0.000762252292224,0.0005389937648066,2,42 43,base4,runs/a6_optimization_convergence_audit_20260815_000000/a6_seed_mean_curves.csv
a6_optimization_convergence_audit_20260815_000000,extended,emg,4,0.001,19,train_loss,0.0639660104754425,0.0003174134353657,0.0002244451925868,2,42 43,base4,runs/a6_optimization_convergence_audit_20260815_000000/a6_seed_mean_curves.csv
a6_optimization_convergence_audit_20260815_000000,extended,emg,4,0.001,19,val_SDR,6.805831829706827,0.0526677633753976,0.0372417326326721,2,42 43,base4,runs/a6_optimization_convergence_audit_20260815_000000/a6_seed_mean_curves.csv
a6_optimization_convergence_audit_20260815_000000,extended,emg,4,0.001,19,val_CC,0.837998460840296,0.0008811501128677,0.000623067220052,2,42 43,base4,runs/a6_optimization_convergence_audit_20260815_000000/a6_seed_mean_curves.csv
a6_optimization_convergence_audit_20260815_000000,extended,emg,4,0.001,20,train_loss,0.0638553639696467,0.0003006182047393,0.0002125691711193,2,42 43,base4,runs/a6_optimization_convergence_audit_20260815_000000/a6_seed_mean_curves.csv
a6_optimization_convergence_audit_20260815_000000,extended,emg,4,0.001,20,val_SDR,6.826422214508057,0.0734668397449379,0.0519489005759909,2,42 43,base4,runs/a6_optimization_convergence_audit_20260815_000000/a6_seed_mean_curves.csv
a6_optimization_convergence_audit_20260815_000000,extended,emg,4,0.001,20,val_CC,0.8382217939253207,0.001160095127251,0.0008203111313007,2,42 43,base4,runs/a6_optimization_convergence_audit_20260815_000000/a6_seed_mean_curves.csv
a6_optimization_convergence_audit_20260815_000000,extended,emg,4,0.001,21,train_loss,0.0638218315229529,0.0003366691764294,0.0002380610576697,2,42 43,base4,runs/a6_optimization_convergence_audit_20260815_000000/a6_seed_mean_curves.csv
a6_optimization_convergence_audit_20260815_000000,extended,emg,4,0.001,21,val_SDR,6.833872238794962,0.0734652537746385,0.0519477791256375,2,42 43,base4,runs/a6_optimization_convergence_audit_20260815_000000/a6_seed_mean_curves.csv
a6_optimization_convergence_audit_20260815_000000,extended,emg,4,0.001,21,val_CC,0.8385132838178564,0.0011146280436741,0.0007881610481826,2,42 43,base4,runs/a6_optimization_convergence_audit_20260815_000000/a6_seed_mean_curves.csv
a6_optimization_convergence_audit_20260815_000000,extended,emg,4,0.001,22,train_loss,0.0637706994655586,0.0003411687288191,0.0002412427216768,2,42 43,base4,runs/a6_optimization_convergence_audit_20260815_000000/a6_seed_mean_curves.csv
a6_optimization_convergence_audit_20260815_000000,extended,emg,4,0.001,22,val_SDR,6.827689320952804,0.0645576952952215,0.045649184121026,2,42 43,base4,runs/a6_optimization_convergence_audit_20260815_000000/a6_seed_mean_curves.csv
a6_optimization_convergence_audit_20260815_000000,extended,emg,4,0.001,22,val_CC,0.8386440652388114,0.000919878383666,0.0006504522429571,2,42 43,base4,runs/a6_optimization_convergence_audit_20260815_000000/a6_seed_mean_curves.csv
a6_optimization_convergence_audit_20260815_000000,extended,emg,4,0.001,23,train_loss,0.0637174807666313,0.0003319870629584,0.0002347503034841,2,42 43,base4,runs/a6_optimization_convergence_audit_20260815_000000/a6_seed_mean_curves.csv
a6_optimization_convergence_audit_20260815_000000,extended,emg,4,0.001,23,val_SDR,6.848206802650735,0.0531898972666834,0.0376109370478876,2,42 43,base4,runs/a6_optimization_convergence_audit_20260815_000000/a6_seed_mean_curves.csv
a6_optimization_convergence_audit_20260815_000000,extended,emg,4,0.001,23,val_CC,0.8391763943213004,0.0010271592840646,0.0007263112951208,2,42 43,base4,runs/a6_optimization_convergence_audit_20260815_000000/a6_seed_mean_curves.csv
a6_optimization_convergence_audit_20260815_000000,extended,emg,4,0.001,24,train_loss,0.063672258084019,0.0003124117584683,0.0002209084729353,2,42 43,base4,runs/a6_optimization_convergence_audit_20260815_000000/a6_seed_mean_curves.csv
a6_optimization_convergence_audit_20260815_000000,extended,emg,4,0.001,24,val_SDR,6.844883468416002,0.0715852420839952,0.0506184101104736,2,42 43,base4,runs/a6_optimization_convergence_audit_20260815_000000/a6_seed_mean_curves.csv
a6_optimization_convergence_audit_20260815_000000,extended,emg,4,0.001,24,val_CC,0.838803854253557,0.0012836587601243,0.0009076838140134,2,42 43,base4,runs/a6_optimization_convergence_audit_20260815_000000/a6_seed_mean_curves.csv
a6_optimization_convergence_audit_20260815_000000,extended,emg,4,0.001,25,train_loss,0.0636379585645738,0.0003167541507791,0.0002239790079849,2,42 43,base4,runs/a6_optimization_convergence_audit_20260815_000000/a6_seed_mean_curves.csv
a6_optimization_convergence_audit_20260815_000000,extended,emg,4,0.001,25,val_SDR,6.872948823151765,0.0712941853141453,0.0504126018948025,2,42 43,base4,runs/a6_optimization_convergence_audit_20260815_000000/a6_seed_mean_curves.csv
a6_optimization_convergence_audit_20260815_000000,extended,emg,4,0.001,25,val_CC,0.8395112995748166,0.0011659223193063,0.0008244315783182,2,42 43,base4,runs/a6_optimization_convergence_audit_20260815_000000/a6_seed_mean_curves.csv
a6_optimization_convergence_audit_20260815_000000,extended,emg,4,0.001,26,train_loss,0.0636080745164127,0.0003247636826778,0.0002296426023046,2,42 43,base4,runs/a6_optimization_convergence_audit_20260815_000000/a6_seed_mean_curves.csv
a6_optimization_convergence_audit_20260815_000000,extended,emg,4,0.001,26,val_SDR,6.843150085873074,0.0717058632424445,0.0507037021495677,2,42 43,base4,runs/a6_optimization_convergence_audit_20260815_000000/a6_seed_mean_curves.csv
a6_optimization_convergence_audit_20260815_000000,extended,emg,4,0.001,26,val_CC,0.8389283219973247,0.0015518188642721,0.0010973016421,2,42 43,base4,runs/a6_optimization_convergence_audit_20260815_000000/a6_seed_mean_curves.csv
a6_optimization_convergence_audit_20260815_000000,extended,emg,4,0.001,27,train_loss,0.0635901264580232,0.0003350814569799,0.0002369383704804,2,42 43,base4,runs/a6_optimization_convergence_audit_20260815_000000/a6_seed_mean_curves.csv
a6_optimization_convergence_audit_20260815_000000,extended,emg,4,0.001,27,val_SDR,6.86297482031363,0.0763000820253693,0.0539523054052284,2,42 43,base4,runs/a6_optimization_convergence_audit_20260815_000000/a6_seed_mean_curves.csv
a6_optimization_convergence_audit_20260815_000000,extended,emg,4,0.001,27,val_CC,0.8393047915564643,0.0012703622099163,0.0008982817331949,2,42 43,base4,runs/a6_optimization_convergence_audit_20260815_000000/a6_seed_mean_curves.csv
a6_optimization_convergence_audit_20260815_000000,extended,emg,4,0.001,28,train_loss,0.0635411133900994,0.0003160478774739,0.0002234795973414,2,42 43,base4,runs/a6_optimization_convergence_audit_20260815_000000/a6_seed_mean_curves.csv
a6_optimization_convergence_audit_20260815_000000,extended,emg,4,0.001,28,val_SDR,6.871902872014928,0.0810082159348466,0.0572814588193542,2,42 43,base4,runs/a6_optimization_convergence_audit_20260815_000000/a6_seed_mean_curves.csv
a6_optimization_convergence_audit_20260815_000000,extended,emg,4,0.001,28,val_CC,0.8395629525184631,0.0014085133353575,0.000995969330823,2,42 43,base4,runs/a6_optimization_convergence_audit_20260815_000000/a6_seed_mean_curves.csv
a6_optimization_convergence_audit_20260815_000000,extended,emg,4,0.001,29,train_loss,0.0634775846486999,0.0003351133054467,0.0002369608907472,2,42 43,base4,runs/a6_optimization_convergence_audit_20260815_000000/a6_seed_mean_curves.csv
a6_optimization_convergence_audit_20260815_000000,extended,emg,4,0.001,29,val_SDR,6.879655043284098,0.0788257959231541,0.0557382548296891,2,42 43,base4,runs/a6_optimization_convergence_audit_20260815_000000/a6_seed_mean_curves.csv
a6_optimization_convergence_audit_20260815_000000,extended,emg,4,0.001,29,val_CC,0.8396188120047252,0.0013229724038186,0.0009354827580628,2,42 43,base4,runs/a6_optimization_convergence_audit_20260815_000000/a6_seed_mean_curves.csv
a6_optimization_convergence_audit_20260815_000000,extended,emg,4,0.001,30,train_loss,0.0634675314117755,0.0003487397955126,0.0002465962742765,2,42 43,base4,runs/a6_optimization_convergence_audit_20260815_000000/a6_seed_mean_curves.csv
a6_optimization_convergence_audit_20260815_000000,extended,emg,4,0.001,30,val_SDR,6.872855380729392,0.0935191738625056,0.0661280420091414,2,42 43,base4,runs/a6_optimization_convergence_audit_20260815_000000/a6_seed_mean_curves.csv
a6_optimization_convergence_audit_20260815_000000,extended,emg,4,0.001,30,val_CC,0.8396414562507912,0.0015735385402046,0.0011126597722371,2,42 43,base4,runs/a6_optimization_convergence_audit_20260815_000000/a6_seed_mean_curves.csv
a6_optimization_convergence_audit_20260815_000000,extended,emg,4,0.001,31,train_loss,0.0634423812762612,0.0003202249813851,0.0002264332558427,2,42 43,base4,runs/a6_optimization_convergence_audit_20260815_000000/a6_seed_mean_curves.csv
a6_optimization_convergence_audit_20260815_000000,extended,emg,4,0.001,31,val_SDR,6.882930526026973,0.0571403369875535,0.0404043197631835,2,42 43,base4,runs/a6_optimization_convergence_audit_20260815_000000/a6_seed_mean_curves.csv
a6_optimization_convergence_audit_20260815_000000,extended,emg,4,0.001,31,val_CC,0.839925969088519,0.0009211084472448,0.000651322029255,2,42 43,base4,runs/a6_optimization_convergence_audit_20260815_000000/a6_seed_mean_curves.csv
a6_optimization_convergence_audit_20260815_000000,extended,emg,4,0.001,32,train_loss,0.0634214042286787,0.0003167449186123,0.0002239724798571,2,42 43,base4,runs/a6_optimization_convergence_audit_20260815_000000/a6_seed_mean_curves.csv
a6_optimization_convergence_audit_20260815_000000,extended,emg,4,0.001,32,val_SDR,6.8886045349968805,0.0844784937815702,0.0597353158173739,2,42 43,base4,runs/a6_optimization_convergence_audit_20260815_000000/a6_seed_mean_curves.csv
a6_optimization_convergence_audit_20260815_000000,extended,emg,4,0.001,32,val_CC,0.8399431164617892,0.0011773472372416,0.0008325102152648,2,42 43,base4,runs/a6_optimization_convergence_audit_20260815_000000/a6_seed_mean_curves.csv
a6_optimization_convergence_audit_20260815_000000,extended,emg,4,0.001,33,train_loss,0.0633914158812591,0.0003279663539601,0.0002319072328862,2,42 43,base4,runs/a6_optimization_convergence_audit_20260815_000000/a6_seed_mean_curves.csv
a6_optimization_convergence_audit_20260815_000000,extended,emg,4,0.001,33,val_SDR,6.887094497680664,0.092898522493323,0.0656891752172397,2,42 43,base4,runs/a6_optimization_convergence_audit_20260815_000000/a6_seed_mean_curves.csv
a6_optimization_convergence_audit_20260815_000000,extended,emg,4,0.001,33,val_CC,0.8398949305216472,0.0013898875503044,0.000982798911907,2,42 43,base4,runs/a6_optimization_convergence_audit_20260815_000000/a6_seed_mean_curves.csv
a6_optimization_convergence_audit_20260815_000000,extended,emg,4,0.001,34,train_loss,0.0633675866893359,0.0003592195466763,0.0002540065773895,2,42 43,base4,runs/a6_optimization_convergence_audit_20260815_000000/a6_seed_mean_curves.csv
a6_optimization_convergence_audit_20260815_000000,extended,emg,4,0.001,34,val_SDR,6.903197659386528,0.0702974966405597,0.0497078365749783,2,42 43,base4,runs/a6_optimization_convergence_audit_20260815_000000/a6_seed_mean_curves.csv
a6_optimization_convergence_audit_20260815_000000,extended,emg,4,0.001,34,val_CC,0.8402946447884595,0.0012229907131844,0.0008647850266209,2,42 43,base4,runs/a6_optimization_convergence_audit_20260815_000000/a6_seed_mean_curves.csv
a6_optimization_convergence_audit_20260815_000000,extended,emg,4,0.001,35,train_loss,0.0633468444503489,0.0003486702657562,0.0002465471093143,2,42 43,base4,runs/a6_optimization_convergence_audit_20260815_000000/a6_seed_mean_curves.csv
a6_optimization_convergence_audit_20260815_000000,extended,emg,4,0.001,35,val_SDR,6.873421492399993,0.0871369296663099,0.061615113858823,2,42 43,base4,runs/a6_optimization_convergence_audit_20260815_000000/a6_seed_mean_curves.csv
a6_optimization_convergence_audit_20260815_000000,extended,emg,4,0.001,35,val_CC,0.8397604734809311,0.001139207461328,0.0008055413210833,2,42 43,base4,runs/a6_optimization_convergence_audit_20260815_000000/a6_seed_mean_curves.csv
a6_optimization_convergence_audit_20260815_000000,extended,emg,4,0.001,36,train_loss,0.0633282052175629,0.0003445623905525,0.0002436424029015,2,42 43,base4,runs/a6_optimization_convergence_audit_20260815_000000/a6_seed_mean_curves.csv
a6_optimization_convergence_audit_20260815_000000,extended,emg,4,0.001,36,val_SDR,6.898275030983819,0.0694061438683639,0.0490775549853292,2,42 43,base4,runs/a6_optimization_convergence_audit_20260815_000000/a6_seed_mean_curves.csv
a6_optimization_convergence_audit_20260815_000000,extended,emg,4,0.001,36,val_CC,0.8400676703011548,0.0011791517467556,0.0008337861961789,2,42 43,base4,runs/a6_optimization_convergence_audit_20260815_000000/a6_seed_mean_curves.csv
a6_optimization_convergence_audit_20260815_000000,extended,emg,4,0.001,37,train_loss,0.0633322765784604,0.0003294140480317,0.0002329309071813,2,42 43,base4,runs/a6_optimization_convergence_audit_20260815_000000/a6_seed_mean_curves.csv
a6_optimization_convergence_audit_20260815_000000,extended,emg,4,0.001,37,val_SDR,6.912309885025024,0.0596569471660599,0.0421838318860086,2,42 43,base4,runs/a6_optimization_convergence_audit_20260815_000000/a6_seed_mean_curves.csv
a6_optimization_convergence_audit_20260815_000000,extended,emg,4,0.001,37,val_CC,0.8403753406471677,0.0008100140375533,0.0005727664188102,2,42 43,base4,runs/a6_optimization_convergence_audit_20260815_000000/a6_seed_mean_curves.csv
a6_optimization_convergence_audit_20260815_000000,extended,emg,4,0.001,38,train_loss,0.0632776186136262,0.000320719742738,0.0002267831049504,2,42 43,base4,runs/a6_optimization_convergence_audit_20260815_000000/a6_seed_mean_curves.csv
a6_optimization_convergence_audit_20260815_000000,extended,emg,4,0.001,38,val_SDR,6.893034193250868,0.0858708008731777,0.0607198256033436,2,42 43,base4,runs/a6_optimization_convergence_audit_20260815_000000/a6_seed_mean_curves.csv
a6_optimization_convergence_audit_20260815_000000,extended,emg,4,0.001,38,val_CC,0.8400812800283786,0.0014399096155093,0.0010181698534223,2,42 43,base4,runs/a6_optimization_convergence_audit_20260815_000000/a6_seed_mean_curves.csv
a6_optimization_convergence_audit_20260815_000000,extended,emg,4,0.001,39,train_loss,0.0632694744283244,0.0003236238236686,0.0002288366002695,2,42 43,base4,runs/a6_optimization_convergence_audit_20260815_000000/a6_seed_mean_curves.csv
a6_optimization_convergence_audit_20260815_000000,extended,emg,4,0.001,39,val_SDR,6.913397020763821,0.0684749670073076,0.0484191135123923,2,42 43,base4,runs/a6_optimization_convergence_audit_20260815_000000/a6_seed_mean_curves.csv
a6_optimization_convergence_audit_20260815_000000,extended,emg,4,0.001,39,val_CC,0.840390341149436,0.000914260364859,0.0006464797037619,2,42 43,base4,runs/a6_optimization_convergence_audit_20260815_000000/a6_seed_mean_curves.csv
a6_optimization_convergence_audit_20260815_000000,extended,emg,4,0.001,40,train_loss,0.0632534143647977,0.0003516342679652,0.0002486429753757,2,42 43,base4,runs/a6_optimization_convergence_audit_20260815_000000/a6_seed_mean_curves.csv
a6_optimization_convergence_audit_20260815_000000,extended,emg,4,0.001,40,val_SDR,6.906875963564272,0.0933075529751383,0.0659784034446433,2,42 43,base4,runs/a6_optimization_convergence_audit_20260815_000000/a6_seed_mean_curves.csv
a6_optimization_convergence_audit_20260815_000000,extended,emg,4,0.001,40,val_CC,0.840375825210854,0.0013664320486109,0.0009662133676034,2,42 43,base4,runs/a6_optimization_convergence_audit_20260815_000000/a6_seed_mean_curves.csv
a6_optimization_convergence_audit_20260815_000000,extended,emg,4,0.001,41,train_loss,0.0632186630563367,0.0003082912141226,0.0002179948080863,2,42 43,base4,runs/a6_optimization_convergence_audit_20260815_000000/a6_seed_mean_curves.csv
a6_optimization_convergence_audit_20260815_000000,extended,emg,4,0.001,41,val_SDR,6.904482055593419,0.0690517606781285,0.0488269682283752,2,42 43,base4,runs/a6_optimization_convergence_audit_20260815_000000/a6_seed_mean_curves.csv
a6_optimization_convergence_audit_20260815_000000,extended,emg,4,0.001,41,val_CC,0.8402778969870673,0.0009469834902418,0.0006696184476217,2,42 43,base4,runs/a6_optimization_convergence_audit_20260815_000000/a6_seed_mean_curves.csv
a6_optimization_convergence_audit_20260815_000000,extended,emg,4,0.001,42,train_loss,0.0632119701554377,0.0003131831963205,0.0002214539618719,2,42 43,base4,runs/a6_optimization_convergence_audit_20260815_000000/a6_seed_mean_curves.csv
a6_optimization_convergence_audit_20260815_000000,extended,emg,4,0.001,42,val_SDR,6.917039844724867,0.0733892520798122,0.0518940378118442,2,42 43,base4,runs/a6_optimization_convergence_audit_20260815_000000/a6_seed_mean_curves.csv
a6_optimization_convergence_audit_20260815_000000,extended,emg,4,0.001,42,val_CC,0.8404546446270413,0.0011474214138045,0.0008113494625798,2,42 43,base4,runs/a6_optimization_convergence_audit_20260815_000000/a6_seed_mean_curves.csv
a6_optimization_convergence_audit_20260815_000000,extended,emg,4,0.001,43,train_loss,0.063193922028655,0.0003286330267889,0.0002323786417643,2,42 43,base4,runs/a6_optimization_convergence_audit_20260815_000000/a6_seed_mean_curves.csv
a6_optimization_convergence_audit_20260815_000000,extended,emg,4,0.001,43,val_SDR,6.922654964305737,0.0612998250770376,0.0433455219975225,2,42 43,base4,runs/a6_optimization_convergence_audit_20260815_000000/a6_seed_mean_curves.csv
a6_optimization_convergence_audit_20260815_000000,extended,emg,4,0.001,43,val_CC,0.8404948446485732,0.0007812214960428,0.0005524070174605,2,42 43,base4,runs/a6_optimization_convergence_audit_20260815_000000/a6_seed_mean_curves.csv
a6_optimization_convergence_audit_20260815_000000,extended,emg,4,0.001,44,train_loss,0.0631830177580316,0.0003225566428856,0.0002280819895012,2,42 43,base4,runs/a6_optimization_convergence_audit_20260815_000000/a6_seed_mean_curves.csv
a6_optimization_convergence_audit_20260815_000000,extended,emg,4,0.001,44,val_SDR,6.925888335263288,0.073383732403652,0.0518901348114013,2,42 43,base4,runs/a6_optimization_convergence_audit_20260815_000000/a6_seed_mean_curves.csv
a6_optimization_convergence_audit_20260815_000000,extended,emg,4,0.001,44,val_CC,0.8406901414747592,0.0010170331134612,0.0007191510112197,2,42 43,base4,runs/a6_optimization_convergence_audit_20260815_000000/a6_seed_mean_curves.csv
a6_optimization_convergence_audit_20260815_000000,extended,emg,4,0.001,45,train_loss,0.0631855133122631,0.0003061314891853,0.0002164676519376,2,42 43,base4,runs/a6_optimization_convergence_audit_20260815_000000/a6_seed_mean_curves.csv
a6_optimization_convergence_audit_20260815_000000,extended,emg,4,0.001,45,val_SDR,6.914230691062079,0.0817636498035776,0.0578156312306719,2,42 43,base4,runs/a6_optimization_convergence_audit_20260815_000000/a6_seed_mean_curves.csv
a6_optimization_convergence_audit_20260815_000000,extended,emg,4,0.001,45,val_CC,0.8404362709433943,0.00149438988069,0.0010566932183724,2,42 43,base4,runs/a6_optimization_convergence_audit_20260815_000000/a6_seed_mean_curves.csv
a6_optimization_convergence_audit_20260815_000000,extended,emg,4,0.001,46,train_loss,0.0631638546518626,0.0003208753599412,0.0002268931429301,2,42 43,base4,runs/a6_optimization_convergence_audit_20260815_000000/a6_seed_mean_curves.csv
a6_optimization_convergence_audit_20260815_000000,extended,emg,4,0.001,46,val_SDR,6.90325121526365,0.1022136004119865,0.0722759299808077,2,42 43,base4,runs/a6_optimization_convergence_audit_20260815_000000/a6_seed_mean_curves.csv
a6_optimization_convergence_audit_20260815_000000,extended,emg,4,0.001,46,val_CC,0.8401740966019807,0.0017587661344381,0.0012436354601824,2,42 43,base4,runs/a6_optimization_convergence_audit_20260815_000000/a6_seed_mean_curves.csv
a6_optimization_convergence_audit_20260815_000000,extended,emg,4,0.001,47,train_loss,0.063139293129955,0.0003309488455901,0.0002340161729426,2,42 43,base4,runs/a6_optimization_convergence_audit_20260815_000000/a6_seed_mean_curves.csv
a6_optimization_convergence_audit_20260815_000000,extended,emg,4,0.001,47,val_SDR,6.933336805414271,0.0614360686673352,0.0434418607641151,2,42 43,base4,runs/a6_optimization_convergence_audit_20260815_000000/a6_seed_mean_curves.csv
a6_optimization_convergence_audit_20260815_000000,extended,emg,4,0.001,47,val_CC,0.840817497836219,0.000822391162066,0.0005815183674847,2,42 43,base4,runs/a6_optimization_convergence_audit_20260815_000000/a6_seed_mean_curves.csv
a6_optimization_convergence_audit_20260815_000000,extended,emg,4,0.001,48,train_loss,0.0631166386018906,0.0003516771799797,0.0002486733187522,2,42 43,base4,runs/a6_optimization_convergence_audit_20260815_000000/a6_seed_mean_curves.csv
a6_optimization_convergence_audit_20260815_000000,extended,emg,4,0.001,48,val_SDR,6.931676440768772,0.0644771354967785,0.0455922197412559,2,42 43,base4,runs/a6_optimization_convergence_audit_20260815_000000/a6_seed_mean_curves.csv
a6_optimization_convergence_audit_20260815_000000,extended,emg,4,0.001,48,val_CC,0.840902888112598,0.0008270850721946,0.000584837463167,2,42 43,base4,runs/a6_optimization_convergence_audit_20260815_000000/a6_seed_mean_curves.csv
a6_optimization_convergence_audit_20260815_000000,extended,emg,4,0.001,49,train_loss,0.0630964000310216,0.0003399832985299,0.0002404044958807,2,42 43,base4,runs/a6_optimization_convergence_audit_20260815_000000/a6_seed_mean_curves.csv
a6_optimization_convergence_audit_20260815_000000,extended,emg,4,0.001,49,val_SDR,6.937572258490103,0.0664494956154927,0.0469868889561406,2,42 43,base4,runs/a6_optimization_convergence_audit_20260815_000000/a6_seed_mean_curves.csv
a6_optimization_convergence_audit_20260815_000000,extended,emg,4,0.001,49,val_CC,0.8409818808237711,0.0008463898898069,0.0005984880306102,2,42 43,base4,runs/a6_optimization_convergence_audit_20260815_000000/a6_seed_mean_curves.csv
a6_optimization_convergence_audit_20260815_000000,extended,emg,4,0.001,50,train_loss,0.0631246695028884,0.0003363004416798,0.0002378003228278,2,42 43,base4,runs/a6_optimization_convergence_audit_20260815_000000/a6_seed_mean_curves.csv
a6_optimization_convergence_audit_20260815_000000,extended,emg,4,0.001,50,val_SDR,6.9335981563285545,0.0602198042789743,0.0425818319673894,2,42 43,base4,runs/a6_optimization_convergence_audit_20260815_000000/a6_seed_mean_curves.csv
a6_optimization_convergence_audit_20260815_000000,extended,emg,4,0.001,50,val_CC,0.8408212750046342,0.0008735636801357,0.0006177028020222,2,42 43,base4,runs/a6_optimization_convergence_audit_20260815_000000/a6_seed_mean_curves.csv
a6_optimization_convergence_audit_20260815_000000,extended,emg,4,0.001,51,train_loss,0.0631019070123632,0.0003570576015032,0.0002524778512971,2,42 43,base4,runs/a6_optimization_convergence_audit_20260815_000000/a6_seed_mean_curves.csv
a6_optimization_convergence_audit_20260815_000000,extended,emg,4,0.001,51,val_SDR,6.929428047604031,0.0727014779518899,0.0514077080620656,2,42 43,base4,runs/a6_optimization_convergence_audit_20260815_000000/a6_seed_mean_curves.csv
a6_optimization_convergence_audit_20260815_000000,extended,emg,4,0.001,51,val_CC,0.8408187340807032,0.0008953395518663,0.0006331006685892,2,42 43,base4,runs/a6_optimization_convergence_audit_20260815_000000/a6_seed_mean_curves.csv
a6_optimization_convergence_audit_20260815_000000,extended,emg,4,0.001,52,train_loss,0.0630891772519264,0.0003306189085198,0.0002337828722028,2,42 43,base4,runs/a6_optimization_convergence_audit_20260815_000000/a6_seed_mean_curves.csv
a6_optimization_convergence_audit_20260815_000000,extended,emg,4,0.001,52,val_SDR,6.941766050126818,0.065913050527646,0.04660756499679,2,42 43,base4,runs/a6_optimization_convergence_audit_20260815_000000/a6_seed_mean_curves.csv
a6_optimization_convergence_audit_20260815_000000,extended,emg,4,0.001,52,val_CC,0.8410652610990736,0.000913209815635,0.0006457368532816,2,42 43,base4,runs/a6_optimization_convergence_audit_20260815_000000/a6_seed_mean_curves.csv
a6_optimization_convergence_audit_20260815_000000,extended,emg,4,0.001,53,train_loss,0.0630913670396521,0.0003193948139064,0.0002258462387891,2,42 43,base4,runs/a6_optimization_convergence_audit_20260815_000000/a6_seed_mean_curves.csv
a6_optimization_convergence_audit_20260815_000000,extended,emg,4,0.001,53,val_SDR,6.930704258106373,0.0470778924191626,0.0332890969735606,2,42 43,base4,runs/a6_optimization_convergence_audit_20260815_000000/a6_seed_mean_curves.csv
a6_optimization_convergence_audit_20260815_000000,extended,emg,4,0.001,53,val_CC,0.8408949860820064,0.0007090598474146,0.0005013810263739,2,42 43,base4,runs/a6_optimization_convergence_audit_20260815_000000/a6_seed_mean_curves.csv
a6_optimization_convergence_audit_20260815_000000,extended,emg,4,0.001,54,train_loss,0.0630796480746496,0.0003453392096541,0.000244191696956,2,42 43,base4,runs/a6_optimization_convergence_audit_20260815_000000/a6_seed_mean_curves.csv
a6_optimization_convergence_audit_20260815_000000,extended,emg,4,0.001,54,val_SDR,6.926669014824761,0.0883193392083561,0.0624512036641435,2,42 43,base4,runs/a6_optimization_convergence_audit_20260815_000000/a6_seed_mean_curves.csv
a6_optimization_convergence_audit_20260815_000000,extended,emg,4,0.001,54,val_CC,0.8406443507583052,0.0013767658314681,0.000973520455537,2,42 43,base4,runs/a6_optimization_convergence_audit_20260815_000000/a6_seed_mean_curves.csv
a6_optimization_convergence_audit_20260815_000000,extended,emg,4,0.001,55,train_loss,0.0630678329261995,0.0003282275389838,0.0002320919185876,2,42 43,base4,runs/a6_optimization_convergence_audit_20260815_000000/a6_seed_mean_curves.csv
a6_optimization_convergence_audit_20260815_000000,extended,emg,4,0.001,55,val_SDR,6.917205651601156,0.1032241132518837,0.0729904704623751,2,42 43,base4,runs/a6_optimization_convergence_audit_20260815_000000/a6_seed_mean_curves.csv
a6_optimization_convergence_audit_20260815_000000,extended,emg,4,0.001,55,val_CC,0.840558898669702,0.0016363513934354,0.0011570751667022,2,42 43,base4,runs/a6_optimization_convergence_audit_20260815_000000/a6_seed_mean_curves.csv
a6_optimization_convergence_audit_20260815_000000,extended,emg,4,0.001,56,train_loss,0.0630535374439898,0.0003198198698912,0.0002261467987582,2,42 43,base4,runs/a6_optimization_convergence_audit_20260815_000000/a6_seed_mean_curves.csv
a6_optimization_convergence_audit_20260815_000000,extended,emg,4,0.001,56,val_SDR,6.922536867636222,0.0924353692140427,0.0653616763927318,2,42 43,base4,runs/a6_optimization_convergence_audit_20260815_000000/a6_seed_mean_curves.csv
a6_optimization_convergence_audit_20260815_000000,extended,emg,4,0.001,56,val_CC,0.8405649154274553,0.0016773446670926,0.0011860617884882,2,42 43,base4,runs/a6_optimization_convergence_audit_20260815_000000/a6_seed_mean_curves.csv
a6_optimization_convergence_audit_20260815_000000,extended,emg,4,0.001,57,train_loss,0.0630340216947453,0.0003301385975149,0.0002334432410342,2,42 43,base4,runs/a6_optimization_convergence_audit_20260815_000000/a6_seed_mean_curves.csv
a6_optimization_convergence_audit_20260815_000000,extended,emg,4,0.001,57,val_SDR,6.945818927552965,0.0634649742468065,0.0448765136577464,2,42 43,base4,runs/a6_optimization_convergence_audit_20260815_000000/a6_seed_mean_curves.csv
a6_optimization_convergence_audit_20260815_000000,extended,emg,4,0.001,57,val_CC,0.8411423376312962,0.000865797733049,0.0006122114481749,2,42 43,base4,runs/a6_optimization_convergence_audit_20260815_000000/a6_seed_mean_curves.csv
a6_optimization_convergence_audit_20260815_000000,extended,emg,4,0.001,58,train_loss,0.0630342824118478,0.0003253564856283,0.0002300617772908,2,42 43,base4,runs/a6_optimization_convergence_audit_20260815_000000/a6_seed_mean_curves.csv
a6_optimization_convergence_audit_20260815_000000,extended,emg,4,0.001,58,val_SDR,6.947100127184832,0.0676112375918246,0.047808364585594,2,42 43,base4,runs/a6_optimization_convergence_audit_20260815_000000/a6_seed_mean_curves.csv
a6_optimization_convergence_audit_20260815_000000,extended,emg,4,0.001,58,val_CC,0.8411574805224384,0.0008844406890403,0.0006253940087777,2,42 43,base4,runs/a6_optimization_convergence_audit_20260815_000000/a6_seed_mean_curves.csv
a6_optimization_convergence_audit_20260815_000000,extended,emg,4,0.001,59,train_loss,0.0630415563072477,0.0003322556989429,0.0002349402578104,2,42 43,base4,runs/a6_optimization_convergence_audit_20260815_000000/a6_seed_mean_curves.csv
a6_optimization_convergence_audit_20260815_000000,extended,emg,4,0.001,59,val_SDR,6.946315968478167,0.0665838410366126,0.0470818855144359,2,42 43,base4,runs/a6_optimization_convergence_audit_20260815_000000/a6_seed_mean_curves.csv
a6_optimization_convergence_audit_20260815_000000,extended,emg,4,0.001,59,val_CC,0.8411547144254049,0.0009276334037921,0.0006559358702765,2,42 43,base4,runs/a6_optimization_convergence_audit_20260815_000000/a6_seed_mean_curves.csv
a6_optimization_convergence_audit_20260815_000000,extended,emg,4,0.001,60,train_loss,0.0630409274250269,0.0003110964757458,0.0002199784276031,2,42 43,base4,runs/a6_optimization_convergence_audit_20260815_000000/a6_seed_mean_curves.csv
a6_optimization_convergence_audit_20260815_000000,extended,emg,4,0.001,60,val_SDR,6.947714584845084,0.065622743035103,0.0464022866001836,2,42 43,base4,runs/a6_optimization_convergence_audit_20260815_000000/a6_seed_mean_curves.csv
a6_optimization_convergence_audit_20260815_000000,extended,emg,4,0.001,60,val_CC,0.8411232586260196,0.0009259038220087,0.0006547128712689,2,42 43,base4,runs/a6_optimization_convergence_audit_20260815_000000/a6_seed_mean_curves.csv
a6_optimization_convergence_audit_20260815_000000,extended,emg,4,0.001,61,train_loss,0.0630349331934537,0.0003429601078616,0.0002425094179454,2,42 43,base4,runs/a6_optimization_convergence_audit_20260815_000000/a6_seed_mean_curves.csv
a6_optimization_convergence_audit_20260815_000000,extended,emg,4,0.001,61,val_SDR,6.945171727074516,0.0672856766019936,0.0475781582019947,2,42 43,base4,runs/a6_optimization_convergence_audit_20260815_000000/a6_seed_mean_curves.csv
a6_optimization_convergence_audit_20260815_000000,extended,emg,4,0.001,61,val_CC,0.8411449955569373,0.0009225242691558,0.0006523231665293,2,42 43,base4,runs/a6_optimization_convergence_audit_20260815_000000/a6_seed_mean_curves.csv
a6_optimization_convergence_audit_20260815_000000,extended,emg,4,0.001,62,train_loss,0.0630189863166638,0.0003397819469786,0.0002402621188334,2,42 43,base4,runs/a6_optimization_convergence_audit_20260815_000000/a6_seed_mean_curves.csv
a6_optimization_convergence_audit_20260815_000000,extended,emg,4,0.001,62,val_SDR,6.95183140260202,0.0634682460910469,0.0448788272009959,2,42 43,base4,runs/a6_optimization_convergence_audit_20260815_000000/a6_seed_mean_curves.csv
a6_optimization_convergence_audit_20260815_000000,extended,emg,4,0.001,62,val_CC,0.8412310039555584,0.0008268680939745,0.0005846840363961,2,42 43,base4,runs/a6_optimization_convergence_audit_20260815_000000/a6_seed_mean_curves.csv
a6_optimization_convergence_audit_20260815_000000,extended,emg,4,0.001,63,train_loss,0.0629990945082335,0.0003322573547119,0.0002349414286159,2,42 43,base4,runs/a6_optimization_convergence_audit_20260815_000000/a6_seed_mean_curves.csv
a6_optimization_convergence_audit_20260815_000000,extended,emg,4,0.001,63,val_SDR,6.946335192079897,0.0729874521240092,0.0516099223384154,2,42 43,base4,runs/a6_optimization_convergence_audit_20260815_000000/a6_seed_mean_curves.csv
a6_optimization_convergence_audit_20260815_000000,extended,emg,4,0.001,63,val_CC,0.8411336176925235,0.0009919947634569,0.0007014462241419,2,42 43,base4,runs/a6_optimization_convergence_audit_20260815_000000/a6_seed_mean_curves.csv
a6_optimization_convergence_audit_20260815_000000,extended,emg,4,0.001,64,train_loss,0.0630114020070149,0.0003177538338859,0.0002246858906887,2,42 43,base4,runs/a6_optimization_convergence_audit_20260815_000000/a6_seed_mean_curves.csv
a6_optimization_convergence_audit_20260815_000000,extended,emg,4,0.001,64,val_SDR,6.949222688321714,0.0673215170331719,0.0476035012139215,2,42 43,base4,runs/a6_optimization_convergence_audit_20260815_000000/a6_seed_mean_curves.csv
a6_optimization_convergence_audit_20260815_000000,extended,emg,4,0.001,64,val_CC,0.8411939364892465,0.0009432870555279,0.0006670046735693,2,42 43,base4,runs/a6_optimization_convergence_audit_20260815_000000/a6_seed_mean_curves.csv
a6_optimization_convergence_audit_20260815_000000,extended,emg,4,0.001,65,train_loss,0.0629941687165271,0.0003184931974846,0.0002252086997032,2,42 43,base4,runs/a6_optimization_convergence_audit_20260815_000000/a6_seed_mean_curves.csv
a6_optimization_convergence_audit_20260815_000000,extended,emg,4,0.001,65,val_SDR,6.952363552870574,0.0623039690598268,0.0440555590170403,2,42 43,base4,runs/a6_optimization_convergence_audit_20260815_000000/a6_seed_mean_curves.csv
a6_optimization_convergence_audit_20260815_000000,extended,emg,4,0.001,65,val_CC,0.8412493599785699,0.0008101810639529,0.00057288452431,2,42 43,base4,runs/a6_optimization_convergence_audit_20260815_000000/a6_seed_mean_curves.csv
a6_optimization_convergence_audit_20260815_000000,extended,emg,4,0.001,66,train_loss,0.0630071029244434,0.0003375165287838,0.0002386602262655,2,42 43,base4,runs/a6_optimization_convergence_audit_20260815_000000/a6_seed_mean_curves.csv
a6_optimization_convergence_audit_20260815_000000,extended,emg,4,0.001,66,val_SDR,6.950830141703287,0.0611914046507348,0.0432688571788646,2,42 43,base4,runs/a6_optimization_convergence_audit_20260815_000000/a6_seed_mean_curves.csv
a6_optimization_convergence_audit_20260815_000000,extended,emg,4,0.001,66,val_CC,0.841192086537679,0.0007645563199427,0.0005406229584305,2,42 43,base4,runs/a6_optimization_convergence_audit_20260815_000000/a6_seed_mean_curves.csv
a6_optimization_convergence_audit_20260815_000000,extended,emg,4,0.001,67,train_loss,0.0630081781585301,0.0003293843319947,0.0002329098947701,2,42 43,base4,runs/a6_optimization_convergence_audit_20260815_000000/a6_seed_mean_curves.csv
a6_optimization_convergence_audit_20260815_000000,extended,emg,4,0.001,67,val_SDR,6.95205216937595,0.0647664564408676,0.0457968005427606,2,42 43,base4,runs/a6_optimization_convergence_audit_20260815_000000/a6_seed_mean_curves.csv
a6_optimization_convergence_audit_20260815_000000,extended,emg,4,0.001,67,val_CC,0.8412337435616387,0.0008470829713158,0.000598978113245,2,42 43,base4,runs/a6_optimization_convergence_audit_20260815_000000/a6_seed_mean_curves.csv
a6_optimization_convergence_audit_20260815_000000,extended,emg,4,0.001,68,train_loss,0.0629920718659247,0.000329728004422,0.0002331529078739,2,42 43,base4,runs/a6_optimization_convergence_audit_20260815_000000/a6_seed_mean_curves.csv
a6_optimization_convergence_audit_20260815_000000,extended,emg,4,0.001,68,val_SDR,6.952942106458876,0.0637895486881829,0.0451060224462436,2,42 43,base4,runs/a6_optimization_convergence_audit_20260815_000000/a6_seed_mean_curves.csv
a6_optimization_convergence_audit_20260815_000000,extended,emg,4,0.001,68,val_CC,0.8412466821847139,0.0008357282981281,0.0005909491468358,2,42 43,base4,runs/a6_optimization_convergence_audit_20260815_000000/a6_seed_mean_curves.csv
a6_optimization_convergence_audit_20260815_000000,extended,emg,4,0.001,69,train_loss,0.0629894812458327,0.0003496804981189,0.0002472614514685,2,42 43,base4,runs/a6_optimization_convergence_audit_20260815_000000/a6_seed_mean_curves.csv
a6_optimization_convergence_audit_20260815_000000,extended,emg,4,0.001,69,val_SDR,6.953091197543674,0.0642769785522061,0.0454506874084472,2,42 43,base4,runs/a6_optimization_convergence_audit_20260815_000000/a6_seed_mean_curves.csv
a6_optimization_convergence_audit_20260815_000000,extended,emg,4,0.001,69,val_CC,0.8412553999159071,0.0008171025130751,0.0005777787279199,2,42 43,base4,runs/a6_optimization_convergence_audit_20260815_000000/a6_seed_mean_curves.csv
a6_optimization_convergence_audit_20260815_000000,extended,emg,4,0.001,70,train_loss,0.0629984187760523,0.0003311824093756,0.0002341813274792,2,42 43,base4,runs/a6_optimization_convergence_audit_20260815_000000/a6_seed_mean_curves.csv
a6_optimization_convergence_audit_20260815_000000,extended,emg,4,0.001,70,val_SDR,6.953173796335856,0.0655762753541224,0.0463694289878562,2,42 43,base4,runs/a6_optimization_convergence_audit_20260815_000000/a6_seed_mean_curves.csv
a6_optimization_convergence_audit_20260815_000000,extended,emg,4,0.001,70,val_CC,0.8412692568920277,0.0008619623698345,0.0006094994368376,2,42 43,base4,runs/a6_optimization_convergence_audit_20260815_000000/a6_seed_mean_curves.csv
a6_optimization_convergence_audit_20260815_000000,extended,emg,4,0.001,71,train_loss,0.0629828914645172,0.0003363975801306,0.0002378690100851,2,42 43,base4,runs/a6_optimization_convergence_audit_20260815_000000/a6_seed_mean_curves.csv
a6_optimization_convergence_audit_20260815_000000,extended,emg,4,0.001,71,val_SDR,6.953494283888075,0.0636396432749908,0.0450000233120388,2,42 43,base4,runs/a6_optimization_convergence_audit_20260815_000000/a6_seed_mean_curves.csv
a6_optimization_convergence_audit_20260815_000000,extended,emg,4,0.001,71,val_CC,0.8412492904398177,0.0008344061358804,0.0005900142369447,2,42 43,base4,runs/a6_optimization_convergence_audit_20260815_000000/a6_seed_mean_curves.csv
a6_optimization_convergence_audit_20260815_000000,extended,emg,4,0.001,72,train_loss,0.0630196336834203,0.0003262602093926,0.0002307008064928,2,42 43,base4,runs/a6_optimization_convergence_audit_20260815_000000/a6_seed_mean_curves.csv
a6_optimization_convergence_audit_20260815_000000,extended,emg,4,0.001,72,val_SDR,6.952875278614186,0.0650637696762299,0.0460070327476218,2,42 43,base4,runs/a6_optimization_convergence_audit_20260815_000000/a6_seed_mean_curves.csv
a6_optimization_convergence_audit_20260815_000000,extended,emg,4,0.001,72,val_CC,0.841268288868445,0.0008897184110705,0.0006291259218145,2,42 43,base4,runs/a6_optimization_convergence_audit_20260815_000000/a6_seed_mean_curves.csv
a6_optimization_convergence_audit_20260815_000000,extended,emg,4,0.001,73,train_loss,0.0629873312921041,0.0003203298843893,0.0002265074334683,2,42 43,base4,runs/a6_optimization_convergence_audit_20260815_000000/a6_seed_mean_curves.csv
a6_optimization_convergence_audit_20260815_000000,extended,emg,4,0.001,73,val_SDR,6.953600671556261,0.0645866548631314,0.0456696616278753,2,42 43,base4,runs/a6_optimization_convergence_audit_20260815_000000/a6_seed_mean_curves.csv
a6_optimization_convergence_audit_20260815_000000,extended,emg,4,0.001,73,val_CC,0.8412553270657858,0.0008478041507236,0.0005994880640948,2,42 43,base4,runs/a6_optimization_convergence_audit_20260815_000000/a6_seed_mean_curves.csv
a6_optimization_convergence_audit_20260815_000000,extended,emg,4,0.001,74,train_loss,0.0629976656021816,0.0003133119574514,0.0002215450097407,2,42 43,base4,runs/a6_optimization_convergence_audit_20260815_000000/a6_seed_mean_curves.csv
a6_optimization_convergence_audit_20260815_000000,extended,emg,4,0.001,74,val_SDR,6.951078865263197,0.0622615849401682,0.0440255889186151,2,42 43,base4,runs/a6_optimization_convergence_audit_20260815_000000/a6_seed_mean_curves.csv
a6_optimization_convergence_audit_20260815_000000,extended,emg,4,0.001,74,val_CC,0.8412580677756557,0.0008283713315713,0.0005857469858946,2,42 43,base4,runs/a6_optimization_convergence_audit_20260815_000000/a6_seed_mean_curves.csv
a6_optimization_convergence_audit_20260815_000000,extended,emg,4,0.001,75,train_loss,0.0629775567955914,0.0003329193111076,0.0002354095024721,2,42 43,base4,runs/a6_optimization_convergence_audit_20260815_000000/a6_seed_mean_curves.csv
a6_optimization_convergence_audit_20260815_000000,extended,emg,4,0.001,75,val_SDR,6.953598614092226,0.0641559328032829,0.0453650951385498,2,42 43,base4,runs/a6_optimization_convergence_audit_20260815_000000/a6_seed_mean_curves.csv
a6_optimization_convergence_audit_20260815_000000,extended,emg,4,0.001,75,val_CC,0.8412575258149042,0.0008584345225147,0.0006070048720748,2,42 43,base4,runs/a6_optimization_convergence_audit_20260815_000000/a6_seed_mean_curves.csv
a6_optimization_convergence_audit_20260815_000000,extended,emg,6,0.001,1,train_loss,0.1366836874967529,0.003560018304743,0.002517313084432,2,42 43,base6,runs/a6_optimization_convergence_audit_20260815_000000/a6_seed_mean_curves.csv
a6_optimization_convergence_audit_20260815_000000,extended,emg,6,0.001,1,val_SDR,2.875804803989552,0.1296849537352526,0.0917011102040608,2,42 43,base6,runs/a6_optimization_convergence_audit_20260815_000000/a6_seed_mean_curves.csv
a6_optimization_convergence_audit_20260815_000000,extended,emg,6,0.001,1,val_CC,0.7809360733738652,0.0022505823926949,0.0015914020714936,2,42 43,base6,runs/a6_optimization_convergence_audit_20260815_000000/a6_seed_mean_curves.csv
a6_optimization_convergence_audit_20260815_000000,extended,emg,6,0.001,2,train_loss,0.0769196032058625,0.0020991439603625,0.0014843189290591,2,42 43,base6,runs/a6_optimization_convergence_audit_20260815_000000/a6_seed_mean_curves.csv
a6_optimization_convergence_audit_20260815_000000,extended,emg,6,0.001,2,val_SDR,6.0100833310021295,0.1525895867527558,0.1078971315313266,2,42 43,base6,runs/a6_optimization_convergence_audit_20260815_000000/a6_seed_mean_curves.csv
a6_optimization_convergence_audit_20260815_000000,extended,emg,6,0.001,2,val_CC,0.8169336098211784,0.0028805060685499,0.0020368253743206,2,42 43,base6,runs/a6_optimization_convergence_audit_20260815_000000/a6_seed_mean_curves.csv
a6_optimization_convergence_audit_20260815_000000,extended,emg,6,0.001,3,train_loss,0.0679101070832638,0.0008913484460117,0.0006302785305749,2,42 43,base6,runs/a6_optimization_convergence_audit_20260815_000000/a6_seed_mean_curves.csv
a6_optimization_convergence_audit_20260815_000000,extended,emg,6,0.001,3,val_SDR,6.404342669027823,0.0848887730588962,0.0600254270765514,2,42 43,base6,runs/a6_optimization_convergence_audit_20260815_000000/a6_seed_mean_curves.csv
a6_optimization_convergence_audit_20260815_000000,extended,emg,6,0.001,3,val_CC,0.8277096626935182,0.0016283403702295,0.0011514105178691,2,42 43,base6,runs/a6_optimization_convergence_audit_20260815_000000/a6_seed_mean_curves.csv
a6_optimization_convergence_audit_20260815_000000,extended,emg,6,0.001,4,train_loss,0.0660618681638013,0.0005444748151102,0.0003850018339497,2,42 43,base6,runs/a6_optimization_convergence_audit_20260815_000000/a6_seed_mean_curves.csv
a6_optimization_convergence_audit_20260815_000000,extended,emg,6,0.001,4,val_SDR,6.545368353525797,0.0854865714702202,0.0604481343869811,2,42 43,base6,runs/a6_optimization_convergence_audit_20260815_000000/a6_seed_mean_curves.csv
a6_optimization_convergence_audit_20260815_000000,extended,emg,6,0.001,4,val_CC,0.8318353394667308,0.0012194878417749,0.0008623081224936,2,42 43,base6,runs/a6_optimization_convergence_audit_20260815_000000/a6_seed_mean_curves.csv
a6_optimization_convergence_audit_20260815_000000,extended,emg,6,0.001,5,train_loss,0.0652330115614902,0.0004537268550746,0.0003208333360297,2,42 43,base6,runs/a6_optimization_convergence_audit_20260815_000000/a6_seed_mean_curves.csv
a6_optimization_convergence_audit_20260815_000000,extended,emg,6,0.001,5,val_SDR,6.632692760891384,0.0242030306866517,0.0171141271237975,2,42 43,base6,runs/a6_optimization_convergence_audit_20260815_000000/a6_seed_mean_curves.csv
a6_optimization_convergence_audit_20260815_000000,extended,emg,6,0.001,5,val_CC,0.8339660962422688,0.0003095014795538,0.0002188505949797,2,42 43,base6,runs/a6_optimization_convergence_audit_20260815_000000/a6_seed_mean_curves.csv
a6_optimization_convergence_audit_20260815_000000,extended,emg,6,0.001,6,train_loss,0.0647314498733196,0.0002889457353938,0.0002043154888919,2,42 43,base6,runs/a6_optimization_convergence_audit_20260815_000000/a6_seed_mean_curves.csv
a6_optimization_convergence_audit_20260815_000000,extended,emg,6,0.001,6,val_SDR,6.699638260735406,0.0495064000743379,0.0350063112046985,2,42 43,base6,runs/a6_optimization_convergence_audit_20260815_000000/a6_seed_mean_curves.csv
a6_optimization_convergence_audit_20260815_000000,extended,emg,6,0.001,6,val_CC,0.8355311806555148,0.0017919263382498,0.0012670832651632,2,42 43,base6,runs/a6_optimization_convergence_audit_20260815_000000/a6_seed_mean_curves.csv
a6_optimization_convergence_audit_20260815_000000,extended,emg,6,0.001,7,train_loss,0.0643931726703331,0.0002053885796372,0.0001452316574397,2,42 43,base6,runs/a6_optimization_convergence_audit_20260815_000000/a6_seed_mean_curves.csv
a6_optimization_convergence_audit_20260815_000000,extended,emg,6,0.001,7,val_SDR,6.745634714762369,0.0002729117710691,0.0001929777639886,2,42 43,base6,runs/a6_optimization_convergence_audit_20260815_000000/a6_seed_mean_curves.csv
a6_optimization_convergence_audit_20260815_000000,extended,emg,6,0.001,7,val_CC,0.8366289492006656,0.0003395537435364,0.0002401007546318,2,42 43,base6,runs/a6_optimization_convergence_audit_20260815_000000/a6_seed_mean_curves.csv
a6_optimization_convergence_audit_20260815_000000,extended,emg,6,0.001,8,train_loss,0.0641060815769292,0.0002396019111011,0.0001694241361249,2,42 43,base6,runs/a6_optimization_convergence_audit_20260815_000000/a6_seed_mean_curves.csv
a6_optimization_convergence_audit_20260815_000000,extended,emg,6,0.001,8,val_SDR,6.780051116590147,0.0459057105123552,0.0324602391984729,2,42 43,base6,runs/a6_optimization_convergence_audit_20260815_000000/a6_seed_mean_curves.csv
a6_optimization_convergence_audit_20260815_000000,extended,emg,6,0.001,8,val_CC,0.8377853157343689,0.0012094381598966,0.0008552019242887,2,42 43,base6,runs/a6_optimization_convergence_audit_20260815_000000/a6_seed_mean_curves.csv
a6_optimization_convergence_audit_20260815_000000,extended,emg,6,0.001,9,train_loss,0.0639102265682248,0.0001579046606469,0.0001116554563244,2,42 43,base6,runs/a6_optimization_convergence_audit_20260815_000000/a6_seed_mean_curves.csv
a6_optimization_convergence_audit_20260815_000000,extended,emg,6,0.001,9,val_SDR,6.773242252844351,0.0178690024851525,0.0126352928302906,2,42 43,base6,runs/a6_optimization_convergence_audit_20260815_000000/a6_seed_mean_curves.csv
a6_optimization_convergence_audit_20260815_000000,extended,emg,6,0.001,9,val_CC,0.8379683748439506,0.0001200295415759,8.487370279103289e-05,2,42 43,base6,runs/a6_optimization_convergence_audit_20260815_000000/a6_seed_mean_curves.csv
a6_optimization_convergence_audit_20260815_000000,extended,emg,6,0.001,10,train_loss,0.0637589296414738,0.0001184978214063,8.379061307225988e-05,2,42 43,base6,runs/a6_optimization_convergence_audit_20260815_000000/a6_seed_mean_curves.csv
a6_optimization_convergence_audit_20260815_000000,extended,emg,6,0.001,10,val_SDR,6.83093660849112,0.0051256312248598,0.0036243685969599,2,42 43,base6,runs/a6_optimization_convergence_audit_20260815_000000/a6_seed_mean_curves.csv
a6_optimization_convergence_audit_20260815_000000,extended,emg,6,0.001,10,val_CC,0.8394404848416646,0.0010893586665003,0.0007702929002267,2,42 43,base6,runs/a6_optimization_convergence_audit_20260815_000000/a6_seed_mean_curves.csv
a6_optimization_convergence_audit_20260815_000000,extended,emg,6,0.001,11,train_loss,0.0636358588933944,0.000124861418521,8.829035574481336e-05,2,42 43,base6,runs/a6_optimization_convergence_audit_20260815_000000/a6_seed_mean_curves.csv
a6_optimization_convergence_audit_20260815_000000,extended,emg,6,0.001,11,val_SDR,6.847146184356124,0.0555772820856673,0.0392990730426929,2,42 43,base6,runs/a6_optimization_convergence_audit_20260815_000000/a6_seed_mean_curves.csv
a6_optimization_convergence_audit_20260815_000000,extended,emg,6,0.001,11,val_CC,0.8395160436630249,0.0015116888205122,0.001068925416028,2,42 43,base6,runs/a6_optimization_convergence_audit_20260815_000000/a6_seed_mean_curves.csv
a6_optimization_convergence_audit_20260815_000000,extended,emg,6,0.001,12,train_loss,0.0635094944653766,0.0001302950128097,9.213248711256727e-05,2,42 43,base6,runs/a6_optimization_convergence_audit_20260815_000000/a6_seed_mean_curves.csv
a6_optimization_convergence_audit_20260815_000000,extended,emg,6,0.001,12,val_SDR,6.798787302441067,0.1233664980137817,0.0872332873167818,2,42 43,base6,runs/a6_optimization_convergence_audit_20260815_000000/a6_seed_mean_curves.csv
a6_optimization_convergence_audit_20260815_000000,extended,emg,6,0.001,12,val_CC,0.8386425552544771,0.0031430122510196,0.0022224452760484,2,42 43,base6,runs/a6_optimization_convergence_audit_20260815_000000/a6_seed_mean_curves.csv
a6_optimization_convergence_audit_20260815_000000,extended,emg,6,0.001,13,train_loss,0.0634058377306376,0.0001199822810769,8.484028457176468e-05,2,42 43,base6,runs/a6_optimization_convergence_audit_20260815_000000/a6_seed_mean_curves.csv
a6_optimization_convergence_audit_20260815_000000,extended,emg,6,0.001,13,val_SDR,6.858202068893998,0.0652847065781128,0.0461632587291576,2,42 43,base6,runs/a6_optimization_convergence_audit_20260815_000000/a6_seed_mean_curves.csv
a6_optimization_convergence_audit_20260815_000000,extended,emg,6,0.001,13,val_CC,0.839662167761061,0.001667060836056,0.0011787900218257,2,42 43,base6,runs/a6_optimization_convergence_audit_20260815_000000/a6_seed_mean_curves.csv
a6_optimization_convergence_audit_20260815_000000,extended,emg,6,0.001,14,train_loss,0.0633108241838358,0.0001261510493669,8.920226246118128e-05,2,42 43,base6,runs/a6_optimization_convergence_audit_20260815_000000/a6_seed_mean_curves.csv
a6_optimization_convergence_audit_20260815_000000,extended,emg,6,0.001,14,val_SDR,6.892002476586236,0.0447393729685409,0.0316355140120894,2,42 43,base6,runs/a6_optimization_convergence_audit_20260815_000000/a6_seed_mean_curves.csv
a6_optimization_convergence_audit_20260815_000000,extended,emg,6,0.001,14,val_CC,0.8406747414006127,0.0011152540024243,0.0007886036678597,2,42 43,base6,runs/a6_optimization_convergence_audit_20260815_000000/a6_seed_mean_curves.csv
a6_optimization_convergence_audit_20260815_000000,extended,emg,6,0.001,15,train_loss,0.0632480340610657,0.0001039423696419,7.34983544264517e-05,2,42 43,base6,runs/a6_optimization_convergence_audit_20260815_000000/a6_seed_mean_curves.csv
a6_optimization_convergence_audit_20260815_000000,extended,emg,6,0.001,15,val_SDR,6.85976289819788,0.038319340220169,0.0270958653202759,2,42 43,base6,runs/a6_optimization_convergence_audit_20260815_000000/a6_seed_mean_curves.csv
a6_optimization_convergence_audit_20260815_000000,extended,emg,6,0.001,15,val_CC,0.8404045005639393,0.0003578126949079,0.000253011782964,2,42 43,base6,runs/a6_optimization_convergence_audit_20260815_000000/a6_seed_mean_curves.csv
a6_optimization_convergence_audit_20260815_000000,extended,emg,6,0.001,16,train_loss,0.0632111663619677,0.0001020859389458,7.218565969240032e-05,2,42 43,base6,runs/a6_optimization_convergence_audit_20260815_000000/a6_seed_mean_curves.csv
a6_optimization_convergence_audit_20260815_000000,extended,emg,6,0.001,16,val_SDR,6.904731476748431,0.0022796137663468,0.00161193035267,2,42 43,base6,runs/a6_optimization_convergence_audit_20260815_000000/a6_seed_mean_curves.csv
a6_optimization_convergence_audit_20260815_000000,extended,emg,6,0.001,16,val_CC,0.8410054710176256,0.000621182107275,0.0004392420804059,2,42 43,base6,runs/a6_optimization_convergence_audit_20260815_000000/a6_seed_mean_curves.csv
a6_optimization_convergence_audit_20260815_000000,extended,emg,6,0.001,17,train_loss,0.0630826674756549,6.806249408686924e-05,4.812745111329453e-05,2,42 43,base6,runs/a6_optimization_convergence_audit_20260815_000000/a6_seed_mean_curves.csv
a6_optimization_convergence_audit_20260815_000000,extended,emg,6,0.001,17,val_SDR,6.877706050872803,0.080328121899319,0.056800559714988,2,42 43,base6,runs/a6_optimization_convergence_audit_20260815_000000/a6_seed_mean_curves.csv
a6_optimization_convergence_audit_20260815_000000,extended,emg,6,0.001,17,val_CC,0.8407469226254358,0.002291535080498,0.001620359994747,2,42 43,base6,runs/a6_optimization_convergence_audit_20260815_000000/a6_seed_mean_curves.csv
a6_optimization_convergence_audit_20260815_000000,extended,emg,6,0.001,18,train_loss,0.0630649407083789,6.809986178379838e-05,4.815387406519044e-05,2,42 43,base6,runs/a6_optimization_convergence_audit_20260815_000000/a6_seed_mean_curves.csv
a6_optimization_convergence_audit_20260815_000000,extended,emg,6,0.001,18,val_SDR,6.884043702372798,0.0836216577173095,0.0591294412259699,2,42 43,base6,runs/a6_optimization_convergence_audit_20260815_000000/a6_seed_mean_curves.csv
a6_optimization_convergence_audit_20260815_000000,extended,emg,6,0.001,18,val_CC,0.8404059023768813,0.0028236624578639,0.0019966308717374,2,42 43,base6,runs/a6_optimization_convergence_audit_20260815_000000/a6_seed_mean_curves.csv
a6_optimization_convergence_audit_20260815_000000,extended,emg,6,0.001,19,train_loss,0.0629568025026293,4.2858314909914153e-05,3.030540510302881e-05,2,42 43,base6,runs/a6_optimization_convergence_audit_20260815_000000/a6_seed_mean_curves.csv
a6_optimization_convergence_audit_20260815_000000,extended,emg,6,0.001,19,val_SDR,6.920396036571926,0.0350777792713654,0.0248037355917474,2,42 43,base6,runs/a6_optimization_convergence_audit_20260815_000000/a6_seed_mean_curves.csv
a6_optimization_convergence_audit_20260815_000000,extended,emg,6,0.001,19,val_CC,0.841257968434581,0.0008399226900521,0.0005939150298083,2,42 43,base6,runs/a6_optimization_convergence_audit_20260815_000000/a6_seed_mean_curves.csv
a6_optimization_convergence_audit_20260815_000000,extended,emg,6,0.001,20,train_loss,0.062932791365754,4.766688147015249e-05,3.370557512556021e-05,2,42 43,base6,runs/a6_optimization_convergence_audit_20260815_000000/a6_seed_mean_curves.csv
a6_optimization_convergence_audit_20260815_000000,extended,emg,6,0.001,20,val_SDR,6.862173045123065,0.0529979324206662,0.0374751974035194,2,42 43,base6,runs/a6_optimization_convergence_audit_20260815_000000/a6_seed_mean_curves.csv
a6_optimization_convergence_audit_20260815_000000,extended,emg,6,0.001,20,val_CC,0.8410417978410367,0.0017690203065814,0.0012508862548404,2,42 43,base6,runs/a6_optimization_convergence_audit_20260815_000000/a6_seed_mean_curves.csv
a6_optimization_convergence_audit_20260815_000000,extended,emg,6,0.001,21,train_loss,0.0628556629465449,4.9033806625734166e-05,3.467213717244649e-05,2,42 43,base6,runs/a6_optimization_convergence_audit_20260815_000000/a6_seed_mean_curves.csv
a6_optimization_convergence_audit_20260815_000000,extended,emg,6,0.001,21,val_SDR,6.942807453650016,0.0428903938463568,0.0303280883365206,2,42 43,base6,runs/a6_optimization_convergence_audit_20260815_000000/a6_seed_mean_curves.csv
a6_optimization_convergence_audit_20260815_000000,extended,emg,6,0.001,21,val_CC,0.841934778072216,0.0013857009633524,0.0009798385478832,2,42 43,base6,runs/a6_optimization_convergence_audit_20260815_000000/a6_seed_mean_curves.csv
a6_optimization_convergence_audit_20260815_000000,extended,emg,6,0.001,22,train_loss,0.0628452668853458,9.290097409075552e-05,6.5690908758409e-05,2,42 43,base6,runs/a6_optimization_convergence_audit_20260815_000000/a6_seed_mean_curves.csv
a6_optimization_convergence_audit_20260815_000000,extended,emg,6,0.001,22,val_SDR,6.947889177887529,0.0151247743487768,0.0106948305059364,2,42 43,base6,runs/a6_optimization_convergence_audit_20260815_000000/a6_seed_mean_curves.csv
a6_optimization_convergence_audit_20260815_000000,extended,emg,6,0.001,22,val_CC,0.841954912300463,0.0009896282959628,0.0006997728789294,2,42 43,base6,runs/a6_optimization_convergence_audit_20260815_000000/a6_seed_mean_curves.csv
a6_optimization_convergence_audit_20260815_000000,extended,emg,6,0.001,23,train_loss,0.0627627216102111,4.004040923209837e-05,2.83128448895012e-05,2,42 43,base6,runs/a6_optimization_convergence_audit_20260815_000000/a6_seed_mean_curves.csv
a6_optimization_convergence_audit_20260815_000000,extended,emg,6,0.001,23,val_SDR,6.9553872214423285,0.0119700296639267,0.0084640891463667,2,42 43,base6,runs/a6_optimization_convergence_audit_20260815_000000/a6_seed_mean_curves.csv
a6_optimization_convergence_audit_20260815_000000,extended,emg,6,0.001,23,val_CC,0.8423202953956745,0.0005737044629246,0.000405670316131,2,42 43,base6,runs/a6_optimization_convergence_audit_20260815_000000/a6_seed_mean_curves.csv
a6_optimization_convergence_audit_20260815_000000,extended,emg,6,0.001,24,train_loss,0.0627310605630988,2.586286166569344e-05,1.828780486470144e-05,2,42 43,base6,runs/a6_optimization_convergence_audit_20260815_000000/a6_seed_mean_curves.csv
a6_optimization_convergence_audit_20260815_000000,extended,emg,6,0.001,24,val_SDR,6.958255149700024,0.0088333800260378,0.0062461429172091,2,42 43,base6,runs/a6_optimization_convergence_audit_20260815_000000/a6_seed_mean_curves.csv
a6_optimization_convergence_audit_20260815_000000,extended,emg,6,0.001,24,val_CC,0.8422625164190929,0.0008167918751915,0.000577559073766,2,42 43,base6,runs/a6_optimization_convergence_audit_20260815_000000/a6_seed_mean_curves.csv
a6_optimization_convergence_audit_20260815_000000,extended,emg,6,0.001,25,train_loss,0.0627063373724619,6.747519782279031e-05,4.771216994239879e-05,2,42 43,base6,runs/a6_optimization_convergence_audit_20260815_000000/a6_seed_mean_curves.csv
a6_optimization_convergence_audit_20260815_000000,extended,emg,6,0.001,25,val_SDR,6.954429617634526,0.0012120184836224,0.0008570264886929,2,42 43,base6,runs/a6_optimization_convergence_audit_20260815_000000/a6_seed_mean_curves.csv
a6_optimization_convergence_audit_20260815_000000,extended,emg,6,0.001,25,val_CC,0.8421599754580744,0.00051839062674,0.0003665575274714,2,42 43,base6,runs/a6_optimization_convergence_audit_20260815_000000/a6_seed_mean_curves.csv
a6_optimization_convergence_audit_20260815_000000,extended,emg,6,0.001,26,train_loss,0.0626626350783876,3.1865588933737173e-05,2.253237402154856e-05,2,42 43,base6,runs/a6_optimization_convergence_audit_20260815_000000/a6_seed_mean_curves.csv
a6_optimization_convergence_audit_20260815_000000,extended,emg,6,0.001,26,val_SDR,6.964600518897727,0.0006759854982945,0.0004779939298278,2,42 43,base6,runs/a6_optimization_convergence_audit_20260815_000000/a6_seed_mean_curves.csv
a6_optimization_convergence_audit_20260815_000000,extended,emg,6,0.001,26,val_CC,0.8422462851912887,1.2116438449681572e-05,8.567615791599259e-06,2,42 43,base6,runs/a6_optimization_convergence_audit_20260815_000000/a6_seed_mean_curves.csv
a6_optimization_convergence_audit_20260815_000000,extended,emg,6,0.001,27,train_loss,0.0626168835730779,1.0413131546917377e-05,7.36319593021284e-06,2,42 43,base6,runs/a6_optimization_convergence_audit_20260815_000000/a6_seed_mean_curves.csv
a6_optimization_convergence_audit_20260815_000000,extended,emg,6,0.001,27,val_SDR,6.954140371746487,0.0363763018200638,0.0257219296914557,2,42 43,base6,runs/a6_optimization_convergence_audit_20260815_000000/a6_seed_mean_curves.csv
a6_optimization_convergence_audit_20260815_000000,extended,emg,6,0.001,27,val_CC,0.8421308972217418,0.0001051548260402,7.435569056757352e-05,2,42 43,base6,runs/a6_optimization_convergence_audit_20260815_000000/a6_seed_mean_curves.csv
a6_optimization_convergence_audit_20260815_000000,extended,emg,6,0.001,28,train_loss,0.0625791493182381,4.386495977299978e-06,3.1017210511963263e-06,2,42 43,base6,runs/a6_optimization_convergence_audit_20260815_000000/a6_seed_mean_curves.csv
a6_optimization_convergence_audit_20260815_000000,extended,emg,6,0.001,28,val_SDR,6.993137633358991,0.0133735134753619,0.0094565020667181,2,42 43,base6,runs/a6_optimization_convergence_audit_20260815_000000/a6_seed_mean_curves.csv
a6_optimization_convergence_audit_20260815_000000,extended,emg,6,0.001,28,val_CC,0.8429248045991968,0.000950870366271,0.0006723668840196,2,42 43,base6,runs/a6_optimization_convergence_audit_20260815_000000/a6_seed_mean_curves.csv
a6_optimization_convergence_audit_20260815_000000,extended,emg,6,0.001,29,train_loss,0.062528328278235,5.086698129291854e-06,3.5968387410711955e-06,2,42 43,base6,runs/a6_optimization_convergence_audit_20260815_000000/a6_seed_mean_curves.csv
a6_optimization_convergence_audit_20260815_000000,extended,emg,6,0.001,29,val_SDR,6.990562421304208,0.0134189571440231,0.0094886355929904,2,42 43,base6,runs/a6_optimization_convergence_audit_20260815_000000/a6_seed_mean_curves.csv
a6_optimization_convergence_audit_20260815_000000,extended,emg,6,0.001,29,val_CC,0.842885806604668,0.0006050492302616,0.0004278344136697,2,42 43,base6,runs/a6_optimization_convergence_audit_20260815_000000/a6_seed_mean_curves.csv
a6_optimization_convergence_audit_20260815_000000,extended,emg,6,0.001,30,train_loss,0.0624946638675672,3.261545161350167e-05,2.3062607007368757e-05,2,42 43,base6,runs/a6_optimization_convergence_audit_20260815_000000/a6_seed_mean_curves.csv
a6_optimization_convergence_audit_20260815_000000,extended,emg,6,0.001,30,val_SDR,7.005608708770187,0.0295793076586111,0.0209157290282071,2,42 43,base6,runs/a6_optimization_convergence_audit_20260815_000000/a6_seed_mean_curves.csv
a6_optimization_convergence_audit_20260815_000000,extended,emg,6,0.001,30,val_CC,0.8430636845253132,0.0013902793598962,0.0009830759631263,2,42 43,base6,runs/a6_optimization_convergence_audit_20260815_000000/a6_seed_mean_curves.csv
a6_optimization_convergence_audit_20260815_000000,extended,emg,6,0.001,31,train_loss,0.0624933965681564,4.0562879629179536e-05,2.868228725024652e-05,2,42 43,base6,runs/a6_optimization_convergence_audit_20260815_000000/a6_seed_mean_curves.csv
a6_optimization_convergence_audit_20260815_000000,extended,emg,6,0.001,31,val_SDR,6.959753098311248,0.0073172548594711,0.0051740805308022,2,42 43,base6,runs/a6_optimization_convergence_audit_20260815_000000/a6_seed_mean_curves.csv
a6_optimization_convergence_audit_20260815_000000,extended,emg,6,0.001,31,val_CC,0.8422722054852381,0.0002879363420657,0.0002036017400247,2,42 43,base6,runs/a6_optimization_convergence_audit_20260815_000000/a6_seed_mean_curves.csv
a6_optimization_convergence_audit_20260815_000000,extended,emg,6,0.001,32,train_loss,0.0624557460259114,4.914479332681645e-05,3.47506166214033e-05,2,42 43,base6,runs/a6_optimization_convergence_audit_20260815_000000/a6_seed_mean_curves.csv
a6_optimization_convergence_audit_20260815_000000,extended,emg,6,0.001,32,val_SDR,6.986307638662833,0.0306468405015607,0.0216705887405961,2,42 43,base6,runs/a6_optimization_convergence_audit_20260815_000000/a6_seed_mean_curves.csv
a6_optimization_convergence_audit_20260815_000000,extended,emg,6,0.001,32,val_CC,0.8430171531659585,0.0011029096587938,0.0007798748987692,2,42 43,base6,runs/a6_optimization_convergence_audit_20260815_000000/a6_seed_mean_curves.csv
a6_optimization_convergence_audit_20260815_000000,extended,emg,6,0.001,33,train_loss,0.0624361744860098,5.507651068135027e-05,3.894497418687609e-05,2,42 43,base6,runs/a6_optimization_convergence_audit_20260815_000000/a6_seed_mean_curves.csv
a6_optimization_convergence_audit_20260815_000000,extended,emg,6,0.001,33,val_SDR,6.98820232462,0.0263249840196804,0.0186145747149435,2,42 43,base6,runs/a6_optimization_convergence_audit_20260815_000000/a6_seed_mean_curves.csv
a6_optimization_convergence_audit_20260815_000000,extended,emg,6,0.001,33,val_CC,0.8429629526756428,0.0013265252270486,0.0009379949834611,2,42 43,base6,runs/a6_optimization_convergence_audit_20260815_000000/a6_seed_mean_curves.csv
a6_optimization_convergence_audit_20260815_000000,extended,emg,6,0.001,34,train_loss,0.0623986934267339,1.682908608594214e-05,1.189996089254186e-05,2,42 43,base6,runs/a6_optimization_convergence_audit_20260815_000000/a6_seed_mean_curves.csv
a6_optimization_convergence_audit_20260815_000000,extended,emg,6,0.001,34,val_SDR,7.013312410425257,0.0165958179973802,0.0117350154452853,2,42 43,base6,runs/a6_optimization_convergence_audit_20260815_000000/a6_seed_mean_curves.csv
a6_optimization_convergence_audit_20260815_000000,extended,emg,6,0.001,34,val_CC,0.8434201368579158,0.0006633913955614,0.0004690885543823,2,42 43,base6,runs/a6_optimization_convergence_audit_20260815_000000/a6_seed_mean_curves.csv
a6_optimization_convergence_audit_20260815_000000,extended,emg,6,0.001,35,train_loss,0.0623607485688158,1.9328507095982523e-05,1.3667318437781543e-05,2,42 43,base6,runs/a6_optimization_convergence_audit_20260815_000000/a6_seed_mean_curves.csv
a6_optimization_convergence_audit_20260815_000000,extended,emg,6,0.001,35,val_SDR,7.025772642206263,0.0320062293434871,0.0226318218089915,2,42 43,base6,runs/a6_optimization_convergence_audit_20260815_000000/a6_seed_mean_curves.csv
a6_optimization_convergence_audit_20260815_000000,extended,emg,6,0.001,35,val_CC,0.8435979441360191,0.00123185872231,0.0008710556560092,2,42 43,base6,runs/a6_optimization_convergence_audit_20260815_000000/a6_seed_mean_curves.csv
a6_optimization_convergence_audit_20260815_000000,extended,emg,6,0.001,36,train_loss,0.0623271182977727,7.246535959907772e-06,5.124074717362952e-06,2,42 43,base6,runs/a6_optimization_convergence_audit_20260815_000000/a6_seed_mean_curves.csv
a6_optimization_convergence_audit_20260815_000000,extended,emg,6,0.001,36,val_SDR,6.934061933446814,0.0908878368403637,0.0642674057571977,2,42 43,base6,runs/a6_optimization_convergence_audit_20260815_000000/a6_seed_mean_curves.csv
a6_optimization_convergence_audit_20260815_000000,extended,emg,6,0.001,36,val_CC,0.842436091767417,0.0019480788509883,0.0013774997658199,2,42 43,base6,runs/a6_optimization_convergence_audit_20260815_000000/a6_seed_mean_curves.csv
a6_optimization_convergence_audit_20260815_000000,extended,emg,6,0.001,37,train_loss,0.0623249414332565,8.708881078774024e-06,6.158108867348328e-06,2,42 43,base6,runs/a6_optimization_convergence_audit_20260815_000000/a6_seed_mean_curves.csv
a6_optimization_convergence_audit_20260815_000000,extended,emg,6,0.001,37,val_SDR,7.001871047196564,0.0016977999375702,0.001200525848954,2,42 43,base6,runs/a6_optimization_convergence_audit_20260815_000000/a6_seed_mean_curves.csv
a6_optimization_convergence_audit_20260815_000000,extended,emg,6,0.001,37,val_CC,0.843245111129902,0.000427178602585,0.0003020608866656,2,42 43,base6,runs/a6_optimization_convergence_audit_20260815_000000/a6_seed_mean_curves.csv
a6_optimization_convergence_audit_20260815_000000,extended,emg,6,0.001,38,train_loss,0.0622903070723017,3.554120806613247e-06,2.5131429235124288e-06,2,42 43,base6,runs/a6_optimization_convergence_audit_20260815_000000/a6_seed_mean_curves.csv
a6_optimization_convergence_audit_20260815_000000,extended,emg,6,0.001,38,val_SDR,7.0224320535306575,0.0319164534341701,0.0225683406547263,2,42 43,base6,runs/a6_optimization_convergence_audit_20260815_000000/a6_seed_mean_curves.csv
a6_optimization_convergence_audit_20260815_000000,extended,emg,6,0.001,38,val_CC,0.8433963303212766,0.0015407264381417,0.0010894581123634,2,42 43,base6,runs/a6_optimization_convergence_audit_20260815_000000/a6_seed_mean_curves.csv
a6_optimization_convergence_audit_20260815_000000,extended,emg,6,0.001,39,train_loss,0.0622666695110854,2.574891465025618e-05,1.8207232157389786e-05,2,42 43,base6,runs/a6_optimization_convergence_audit_20260815_000000/a6_seed_mean_curves.csv
a6_optimization_convergence_audit_20260815_000000,extended,emg,6,0.001,39,val_SDR,7.038100595827457,0.0185848245602615,0.0131414554737232,2,42 43,base6,runs/a6_optimization_convergence_audit_20260815_000000/a6_seed_mean_curves.csv
a6_optimization_convergence_audit_20260815_000000,extended,emg,6,0.001,39,val_CC,0.8437553147474925,0.001078386436938,0.0007625343622985,2,42 43,base6,runs/a6_optimization_convergence_audit_20260815_000000/a6_seed_mean_curves.csv
a6_optimization_convergence_audit_20260815_000000,extended,emg,6,0.001,40,train_loss,0.0622458337584421,4.166529567924677e-06,2.9461813114937947e-06,2,42 43,base6,runs/a6_optimization_convergence_audit_20260815_000000/a6_seed_mean_curves.csv
a6_optimization_convergence_audit_20260815_000000,extended,emg,6,0.001,40,val_SDR,7.0370374608922885,0.0196825407907218,0.0139176580641002,2,42 43,base6,runs/a6_optimization_convergence_audit_20260815_000000/a6_seed_mean_curves.csv
a6_optimization_convergence_audit_20260815_000000,extended,emg,6,0.001,40,val_CC,0.8439302234737961,0.0009510217827268,0.0006724739516222,2,42 43,base6,runs/a6_optimization_convergence_audit_20260815_000000/a6_seed_mean_curves.csv
a6_optimization_convergence_audit_20260815_000000,extended,emg,6,0.001,41,train_loss,0.062206564488865,2.862621477083208e-05,2.024179058415787e-05,2,42 43,base6,runs/a6_optimization_convergence_audit_20260815_000000/a6_seed_mean_curves.csv
a6_optimization_convergence_audit_20260815_000000,extended,emg,6,0.001,41,val_SDR,7.0226435308103206,0.0166403000934973,0.0117664690370911,2,42 43,base6,runs/a6_optimization_convergence_audit_20260815_000000/a6_seed_mean_curves.csv
a6_optimization_convergence_audit_20260815_000000,extended,emg,6,0.001,41,val_CC,0.8434891060546592,0.0009093635254598,0.0006430171154163,2,42 43,base6,runs/a6_optimization_convergence_audit_20260815_000000/a6_seed_mean_curves.csv
a6_optimization_convergence_audit_20260815_000000,extended,emg,6,0.001,42,train_loss,0.062212137132883,5.582450434909095e-06,3.947388558162012e-06,2,42 43,base6,runs/a6_optimization_convergence_audit_20260815_000000/a6_seed_mean_curves.csv
a6_optimization_convergence_audit_20260815_000000,extended,emg,6,0.001,42,val_SDR,7.04040985637241,0.0073877868299573,0.0052239541654235,2,42 43,base6,runs/a6_optimization_convergence_audit_20260815_000000/a6_seed_mean_curves.csv
a6_optimization_convergence_audit_20260815_000000,extended,emg,6,0.001,42,val_CC,0.8438060438191449,0.0006267017834355,0.0004431450808489,2,42 43,base6,runs/a6_optimization_convergence_audit_20260815_000000/a6_seed_mean_curves.csv
a6_optimization_convergence_audit_20260815_000000,extended,emg,6,0.001,43,train_loss,0.062177498532193,1.0375099033613448e-05,7.336302882150064e-06,2,42 43,base6,runs/a6_optimization_convergence_audit_20260815_000000/a6_seed_mean_curves.csv
a6_optimization_convergence_audit_20260815_000000,extended,emg,6,0.001,43,val_SDR,7.023474022194192,0.0035353151169587,0.0024998452928328,2,42 43,base6,runs/a6_optimization_convergence_audit_20260815_000000/a6_seed_mean_curves.csv
a6_optimization_convergence_audit_20260815_000000,extended,emg,6,0.001,43,val_CC,0.8432968567918848,0.0004026522587404,0.0002847181426154,2,42 43,base6,runs/a6_optimization_convergence_audit_20260815_000000/a6_seed_mean_curves.csv
a6_optimization_convergence_audit_20260815_000000,extended,emg,6,0.001,44,train_loss,0.0621640298692953,2.5539660564876744e-05,1.8059267174627e-05,2,42 43,base6,runs/a6_optimization_convergence_audit_20260815_000000/a6_seed_mean_curves.csv
a6_optimization_convergence_audit_20260815_000000,extended,emg,6,0.001,44,val_SDR,7.013865974214342,0.045808204558822,0.0323912920775235,2,42 43,base6,runs/a6_optimization_convergence_audit_20260815_000000/a6_seed_mean_curves.csv
a6_optimization_convergence_audit_20260815_000000,extended,emg,6,0.001,44,val_CC,0.8433409410494346,0.0016351369398005,0.0011562164183016,2,42 43,base6,runs/a6_optimization_convergence_audit_20260815_000000/a6_seed_mean_curves.csv
a6_optimization_convergence_audit_20260815_000000,extended,emg,6,0.001,45,train_loss,0.0621372654590578,5.641192605023117e-06,3.988925544991251e-06,2,42 43,base6,runs/a6_optimization_convergence_audit_20260815_000000/a6_seed_mean_curves.csv
a6_optimization_convergence_audit_20260815_000000,extended,emg,6,0.001,45,val_SDR,7.049435862788448,0.0102125248129553,0.0072213455482765,2,42 43,base6,runs/a6_optimization_convergence_audit_20260815_000000/a6_seed_mean_curves.csv
a6_optimization_convergence_audit_20260815_000000,extended,emg,6,0.001,45,val_CC,0.8441205311704565,0.0007812027641101,0.0005523937719839,2,42 43,base6,runs/a6_optimization_convergence_audit_20260815_000000/a6_seed_mean_curves.csv
a6_optimization_convergence_audit_20260815_000000,extended,emg,6,0.001,46,train_loss,0.0621291812597995,1.9721840050963524e-06,1.3945446837512752e-06,2,42 43,base6,runs/a6_optimization_convergence_audit_20260815_000000/a6_seed_mean_curves.csv
a6_optimization_convergence_audit_20260815_000000,extended,emg,6,0.001,46,val_SDR,7.032839439533375,0.0415463277253556,0.0293776900679976,2,42 43,base6,runs/a6_optimization_convergence_audit_20260815_000000/a6_seed_mean_curves.csv
a6_optimization_convergence_audit_20260815_000000,extended,emg,6,0.001,46,val_CC,0.8436926713696233,0.0013854231063511,0.0009796420733134,2,42 43,base6,runs/a6_optimization_convergence_audit_20260815_000000/a6_seed_mean_curves.csv
a6_optimization_convergence_audit_20260815_000000,extended,emg,6,0.001,47,train_loss,0.0620935302937314,3.788650457389166e-06,2.678980429965394e-06,2,42 43,base6,runs/a6_optimization_convergence_audit_20260815_000000/a6_seed_mean_curves.csv
a6_optimization_convergence_audit_20260815_000000,extended,emg,6,0.001,47,val_SDR,7.051029752801966,0.0099702335078273,0.007050019723398,2,42 43,base6,runs/a6_optimization_convergence_audit_20260815_000000/a6_seed_mean_curves.csv
a6_optimization_convergence_audit_20260815_000000,extended,emg,6,0.001,47,val_CC,0.844056557725977,0.0008203087955507,0.0005800459120008,2,42 43,base6,runs/a6_optimization_convergence_audit_20260815_000000/a6_seed_mean_curves.csv
a6_optimization_convergence_audit_20260815_000000,extended,emg,6,0.001,48,train_loss,0.0620709371265201,1.1603466424716537e-05,8.204889794187487e-06,2,42 43,base6,runs/a6_optimization_convergence_audit_20260815_000000/a6_seed_mean_curves.csv
a6_optimization_convergence_audit_20260815_000000,extended,emg,6,0.001,48,val_SDR,7.054723633660211,0.0228077264858165,0.0161274980615688,2,42 43,base6,runs/a6_optimization_convergence_audit_20260815_000000/a6_seed_mean_curves.csv
a6_optimization_convergence_audit_20260815_000000,extended,emg,6,0.001,48,val_CC,0.8440648162806476,0.0011298446169809,0.0007989207903543,2,42 43,base6,runs/a6_optimization_convergence_audit_20260815_000000/a6_seed_mean_curves.csv
a6_optimization_convergence_audit_20260815_000000,extended,emg,6,0.001,49,train_loss,0.0620505770136203,1.2535814923565164e-05,8.86415974015245e-06,2,42 43,base6,runs/a6_optimization_convergence_audit_20260815_000000/a6_seed_mean_curves.csv
a6_optimization_convergence_audit_20260815_000000,extended,emg,6,0.001,49,val_SDR,7.061440697422734,0.010896839777311,0.0077052293000399,2,42 43,base6,runs/a6_optimization_convergence_audit_20260815_000000/a6_seed_mean_curves.csv
a6_optimization_convergence_audit_20260815_000000,extended,emg,6,0.001,49,val_CC,0.8441672832877548,0.0008987831054892,0.0006355356287073,2,42 43,base6,runs/a6_optimization_convergence_audit_20260815_000000/a6_seed_mean_curves.csv
a6_optimization_convergence_audit_20260815_000000,extended,emg,6,0.001,50,train_loss,0.0620441571144121,2.6930920508003173e-05,1.9043036514804903e-05,2,42 43,base6,runs/a6_optimization_convergence_audit_20260815_000000/a6_seed_mean_curves.csv
a6_optimization_convergence_audit_20260815_000000,extended,emg,6,0.001,50,val_SDR,7.0530459086100254,0.0112157321991108,0.0079307202939635,2,42 43,base6,runs/a6_optimization_convergence_audit_20260815_000000/a6_seed_mean_curves.csv
a6_optimization_convergence_audit_20260815_000000,extended,emg,6,0.001,50,val_CC,0.8439657213511291,0.0007512176228862,0.0005311910752897,2,42 43,base6,runs/a6_optimization_convergence_audit_20260815_000000/a6_seed_mean_curves.csv
a6_optimization_convergence_audit_20260815_000000,extended,emg,6,0.001,51,train_loss,0.0620245895481535,4.670082803620226e-05,3.302247219142545e-05,2,42 43,base6,runs/a6_optimization_convergence_audit_20260815_000000/a6_seed_mean_curves.csv
a6_optimization_convergence_audit_20260815_000000,extended,emg,6,0.001,51,val_SDR,7.049265437655979,0.0039747412815227,0.0028105665136268,2,42 43,base6,runs/a6_optimization_convergence_audit_20260815_000000/a6_seed_mean_curves.csv
a6_optimization_convergence_audit_20260815_000000,extended,emg,6,0.001,51,val_CC,0.8441939387056563,0.0007159953454862,0.0005062851640913,2,42 43,base6,runs/a6_optimization_convergence_audit_20260815_000000/a6_seed_mean_curves.csv
a6_optimization_convergence_audit_20260815_000000,extended,emg,6,0.001,52,train_loss,0.0620227980117003,2.58391791508144e-05,1.827105879783492e-05,2,42 43,base6,runs/a6_optimization_convergence_audit_20260815_000000/a6_seed_mean_curves.csv
a6_optimization_convergence_audit_20260815_000000,extended,emg,6,0.001,52,val_SDR,7.0590618539739545,0.0170888050014292,0.0120836098988852,2,42 43,base6,runs/a6_optimization_convergence_audit_20260815_000000/a6_seed_mean_curves.csv
a6_optimization_convergence_audit_20260815_000000,extended,emg,6,0.001,52,val_CC,0.8442689014805689,0.0008436659545976,0.0005965619175522,2,42 43,base6,runs/a6_optimization_convergence_audit_20260815_000000/a6_seed_mean_curves.csv
a6_optimization_convergence_audit_20260815_000000,extended,emg,6,0.001,53,train_loss,0.0619988247752189,1.78171788094226e-05,1.2598647957755976e-05,2,42 43,base6,runs/a6_optimization_convergence_audit_20260815_000000/a6_seed_mean_curves.csv
a6_optimization_convergence_audit_20260815_000000,extended,emg,6,0.001,53,val_SDR,7.057399493676645,0.0009722996972477,0.0006875197092695,2,42 43,base6,runs/a6_optimization_convergence_audit_20260815_000000/a6_seed_mean_curves.csv
a6_optimization_convergence_audit_20260815_000000,extended,emg,6,0.001,53,val_CC,0.8440614695902224,0.0003136225047414,0.0002217645998354,2,42 43,base6,runs/a6_optimization_convergence_audit_20260815_000000/a6_seed_mean_curves.csv
a6_optimization_convergence_audit_20260815_000000,extended,emg,6,0.001,54,train_loss,0.0619726420158431,2.9743332043055574e-05,2.1031711782727724e-05,2,42 43,base6,runs/a6_optimization_convergence_audit_20260815_000000/a6_seed_mean_curves.csv
a6_optimization_convergence_audit_20260815_000000,extended,emg,6,0.001,54,val_SDR,7.062226233658967,0.0076775573404302,0.0054288528583668,2,42 43,base6,runs/a6_optimization_convergence_audit_20260815_000000/a6_seed_mean_curves.csv
a6_optimization_convergence_audit_20260815_000000,extended,emg,6,0.001,54,val_CC,0.8441453068344682,0.0005842521020131,0.0004131286232559,2,42 43,base6,runs/a6_optimization_convergence_audit_20260815_000000/a6_seed_mean_curves.csv
a6_optimization_convergence_audit_20260815_000000,extended,emg,6,0.001,55,train_loss,0.0619557448174981,1.530132554594797e-05,1.081967105468276e-05,2,42 43,base6,runs/a6_optimization_convergence_audit_20260815_000000/a6_seed_mean_curves.csv
a6_optimization_convergence_audit_20260815_000000,extended,emg,6,0.001,55,val_SDR,7.056970658125701,0.0122160798435445,0.0086380728968866,2,42 43,base6,runs/a6_optimization_convergence_audit_20260815_000000/a6_seed_mean_curves.csv
a6_optimization_convergence_audit_20260815_000000,extended,emg,6,0.001,55,val_CC,0.8440568723060466,0.0001734998433866,0.0001226829157935,2,42 43,base6,runs/a6_optimization_convergence_audit_20260815_000000/a6_seed_mean_curves.csv
a6_optimization_convergence_audit_20260815_000000,extended,emg,6,0.001,56,train_loss,0.0619612419356902,3.5129774544979696e-05,2.4840501802309702e-05,2,42 43,base6,runs/a6_optimization_convergence_audit_20260815_000000/a6_seed_mean_curves.csv
a6_optimization_convergence_audit_20260815_000000,extended,emg,6,0.001,56,val_SDR,7.067186761785436,0.005371743844253,0.0037983964990684,2,42 43,base6,runs/a6_optimization_convergence_audit_20260815_000000/a6_seed_mean_curves.csv
a6_optimization_convergence_audit_20260815_000000,extended,emg,6,0.001,56,val_CC,0.8443136369740522,0.0006183535854415,0.0004372420134367,2,42 43,base6,runs/a6_optimization_convergence_audit_20260815_000000/a6_seed_mean_curves.csv
a6_optimization_convergence_audit_20260815_000000,extended,emg,6,0.001,57,train_loss,0.0619554593715639,4.6150937100179705e-05,3.2633640581650886e-05,2,42 43,base6,runs/a6_optimization_convergence_audit_20260815_000000/a6_seed_mean_curves.csv
a6_optimization_convergence_audit_20260815_000000,extended,emg,6,0.001,57,val_SDR,7.067618414207741,0.0060439330041928,0.0042737060123019,2,42 43,base6,runs/a6_optimization_convergence_audit_20260815_000000/a6_seed_mean_curves.csv
a6_optimization_convergence_audit_20260815_000000,extended,emg,6,0.001,57,val_CC,0.8443270943782948,0.0006635755928993,0.000469218801569,2,42 43,base6,runs/a6_optimization_convergence_audit_20260815_000000/a6_seed_mean_curves.csv
a6_optimization_convergence_audit_20260815_000000,extended,emg,6,0.001,58,train_loss,0.0619341830235152,3.2318930973036405e-05,2.2852935251733986e-05,2,42 43,base6,runs/a6_optimization_convergence_audit_20260815_000000/a6_seed_mean_curves.csv
a6_optimization_convergence_audit_20260815_000000,extended,emg,6,0.001,58,val_SDR,7.070283095041911,0.0113175839610229,0.0080027403654874,2,42 43,base6,runs/a6_optimization_convergence_audit_20260815_000000/a6_seed_mean_curves.csv
a6_optimization_convergence_audit_20260815_000000,extended,emg,6,0.001,58,val_CC,0.8443736985877708,0.0007432737224391,0.0005255738894144,2,42 43,base6,runs/a6_optimization_convergence_audit_20260815_000000/a6_seed_mean_curves.csv
a6_optimization_convergence_audit_20260815_000000,extended,emg,6,0.001,59,train_loss,0.0619286911739479,4.163151548191036e-05,2.9437926908331552e-05,2,42 43,base6,runs/a6_optimization_convergence_audit_20260815_000000/a6_seed_mean_curves.csv
a6_optimization_convergence_audit_20260815_000000,extended,emg,6,0.001,59,val_SDR,7.068296167585585,0.0114096951179467,0.0080678727891712,2,42 43,base6,runs/a6_optimization_convergence_audit_20260815_000000/a6_seed_mean_curves.csv
a6_optimization_convergence_audit_20260815_000000,extended,emg,6,0.001,59,val_CC,0.8442674775918325,0.0007572336952625,0.0005354450808631,2,42 43,base6,runs/a6_optimization_convergence_audit_20260815_000000/a6_seed_mean_curves.csv
a6_optimization_convergence_audit_20260815_000000,extended,emg,6,0.001,60,train_loss,0.061926096136726,2.896525857094795e-05,2.048153075433906e-05,2,42 43,base6,runs/a6_optimization_convergence_audit_20260815_000000/a6_seed_mean_curves.csv
a6_optimization_convergence_audit_20260815_000000,extended,emg,6,0.001,60,val_SDR,7.070773698665477,0.0123402101173808,0.0087258462552668,2,42 43,base6,runs/a6_optimization_convergence_audit_20260815_000000/a6_seed_mean_curves.csv
a6_optimization_convergence_audit_20260815_000000,extended,emg,6,0.001,60,val_CC,0.8443829317887624,0.0008011475894221,0.0005664968932116,2,42 43,base6,runs/a6_optimization_convergence_audit_20260815_000000/a6_seed_mean_curves.csv
a6_optimization_convergence_audit_20260815_000000,extended,emg,6,0.001,61,train_loss,0.0619085881504274,4.015561061803076e-05,2.839430457069608e-05,2,42 43,base6,runs/a6_optimization_convergence_audit_20260815_000000/a6_seed_mean_curves.csv
a6_optimization_convergence_audit_20260815_000000,extended,emg,6,0.001,61,val_SDR,7.073910563080399,0.0124783269009457,0.0088235095695212,2,42 43,base6,runs/a6_optimization_convergence_audit_20260815_000000/a6_seed_mean_curves.csv
a6_optimization_convergence_audit_20260815_000000,extended,emg,6,0.001,61,val_CC,0.8444363563149063,0.000731247821664,0.0005170702934265,2,42 43,base6,runs/a6_optimization_convergence_audit_20260815_000000/a6_seed_mean_curves.csv
a6_optimization_convergence_audit_20260815_000000,extended,emg,6,0.001,62,train_loss,0.0619132624584294,5.16374031050922e-05,3.651315789847398e-05,2,42 43,base6,runs/a6_optimization_convergence_audit_20260815_000000/a6_seed_mean_curves.csv
a6_optimization_convergence_audit_20260815_000000,extended,emg,6,0.001,62,val_SDR,7.071195169731423,0.0087058904922752,0.0061559942033553,2,42 43,base6,runs/a6_optimization_convergence_audit_20260815_000000/a6_seed_mean_curves.csv
a6_optimization_convergence_audit_20260815_000000,extended,emg,6,0.001,62,val_CC,0.8443900711006589,0.000702786210964,0.000496944895497,2,42 43,base6,runs/a6_optimization_convergence_audit_20260815_000000/a6_seed_mean_curves.csv
a6_optimization_convergence_audit_20260815_000000,extended,emg,6,0.001,63,train_loss,0.0619020285794422,4.829937270302645e-05,3.415281396536642e-05,2,42 43,base6,runs/a6_optimization_convergence_audit_20260815_000000/a6_seed_mean_curves.csv
a6_optimization_convergence_audit_20260815_000000,extended,emg,6,0.001,63,val_SDR,7.074183799602368,0.0085348179951642,0.0060350276805736,2,42 43,base6,runs/a6_optimization_convergence_audit_20260815_000000/a6_seed_mean_curves.csv
a6_optimization_convergence_audit_20260815_000000,extended,emg,6,0.001,63,val_CC,0.8444522541982156,0.0006234346221788,0.0004408348489691,2,42 43,base6,runs/a6_optimization_convergence_audit_20260815_000000/a6_seed_mean_curves.csv
a6_optimization_convergence_audit_20260815_000000,extended,emg,6,0.001,64,train_loss,0.0618892672072563,4.0016939960209776e-05,2.829624960819926e-05,2,42 43,base6,runs/a6_optimization_convergence_audit_20260815_000000/a6_seed_mean_curves.csv
a6_optimization_convergence_audit_20260815_000000,extended,emg,6,0.001,64,val_SDR,7.076311676590532,0.0092718571060123,0.006556193033854,2,42 43,base6,runs/a6_optimization_convergence_audit_20260815_000000/a6_seed_mean_curves.csv
a6_optimization_convergence_audit_20260815_000000,extended,emg,6,0.001,64,val_CC,0.844539549615648,0.0007149697721724,0.0005055599742465,2,42 43,base6,runs/a6_optimization_convergence_audit_20260815_000000/a6_seed_mean_curves.csv
a6_optimization_convergence_audit_20260815_000000,extended,emg,6,0.001,65,train_loss,0.0618937002228839,5.3416915802708073e-05,3.7771463394165726e-05,2,42 43,base6,runs/a6_optimization_convergence_audit_20260815_000000/a6_seed_mean_curves.csv
a6_optimization_convergence_audit_20260815_000000,extended,emg,6,0.001,65,val_SDR,7.076117656849049,0.0114375182819415,0.0080875467371059,2,42 43,base6,runs/a6_optimization_convergence_audit_20260815_000000/a6_seed_mean_curves.csv
a6_optimization_convergence_audit_20260815_000000,extended,emg,6,0.001,65,val_CC,0.8445112418245386,0.0007666511744131,0.0005421042442321,2,42 43,base6,runs/a6_optimization_convergence_audit_20260815_000000/a6_seed_mean_curves.csv
a6_optimization_convergence_audit_20260815_000000,extended,emg,6,0.001,66,train_loss,0.0618805127129668,4.682906233153376e-05,3.311314753123503e-05,2,42 43,base6,runs/a6_optimization_convergence_audit_20260815_000000/a6_seed_mean_curves.csv
a6_optimization_convergence_audit_20260815_000000,extended,emg,6,0.001,66,val_SDR,7.077628824445936,0.008348123066205,0.0059030144302933,2,42 43,base6,runs/a6_optimization_convergence_audit_20260815_000000/a6_seed_mean_curves.csv
a6_optimization_convergence_audit_20260815_000000,extended,emg,6,0.001,66,val_CC,0.8445539110236697,0.0006168846897212,0.000436203347312,2,42 43,base6,runs/a6_optimization_convergence_audit_20260815_000000/a6_seed_mean_curves.csv
a6_optimization_convergence_audit_20260815_000000,extended,emg,6,0.001,67,train_loss,0.0618779602948398,3.522025228851855e-05,2.4904479228312487e-05,2,42 43,base6,runs/a6_optimization_convergence_audit_20260815_000000/a6_seed_mean_curves.csv
a6_optimization_convergence_audit_20260815_000000,extended,emg,6,0.001,67,val_SDR,7.0765588371842,0.0092838954947424,0.0065647054601596,2,42 43,base6,runs/a6_optimization_convergence_audit_20260815_000000/a6_seed_mean_curves.csv
a6_optimization_convergence_audit_20260815_000000,extended,emg,6,0.001,67,val_CC,0.8445122253011774,0.0006774231741267,0.0004790105201579,2,42 43,base6,runs/a6_optimization_convergence_audit_20260815_000000/a6_seed_mean_curves.csv
a6_optimization_convergence_audit_20260815_000000,extended,emg,6,0.001,68,train_loss,0.0618774539835396,5.129178640359576e-05,3.626876998515452e-05,2,42 43,base6,runs/a6_optimization_convergence_audit_20260815_000000/a6_seed_mean_curves.csv
a6_optimization_convergence_audit_20260815_000000,extended,emg,6,0.001,68,val_SDR,7.077068231723926,0.0087785953669512,0.006207404313264,2,42 43,base6,runs/a6_optimization_convergence_audit_20260815_000000/a6_seed_mean_curves.csv
a6_optimization_convergence_audit_20260815_000000,extended,emg,6,0.001,68,val_CC,0.8445613395284723,0.000693451464516,0.000490344232983,2,42 43,base6,runs/a6_optimization_convergence_audit_20260815_000000/a6_seed_mean_curves.csv
a6_optimization_convergence_audit_20260815_000000,extended,emg,6,0.001,69,train_loss,0.0618661598967654,5.438634349328021e-05,3.8456952288039297e-05,2,42 43,base6,runs/a6_optimization_convergence_audit_20260815_000000/a6_seed_mean_curves.csv
a6_optimization_convergence_audit_20260815_000000,extended,emg,6,0.001,69,val_SDR,7.076927388155902,0.0099041597373168,0.0070032985122114,2,42 43,base6,runs/a6_optimization_convergence_audit_20260815_000000/a6_seed_mean_curves.csv
a6_optimization_convergence_audit_20260815_000000,extended,emg,6,0.001,69,val_CC,0.8445126083162096,0.0007284036898867,0.0005150591885602,2,42 43,base6,runs/a6_optimization_convergence_audit_20260815_000000/a6_seed_mean_curves.csv
a6_optimization_convergence_audit_20260815_000000,extended,emg,6,0.001,70,train_loss,0.0618687582690091,5.136529251439178e-05,3.632074665455704e-05,2,42 43,base6,runs/a6_optimization_convergence_audit_20260815_000000/a6_seed_mean_curves.csv
a6_optimization_convergence_audit_20260815_000000,extended,emg,6,0.001,70,val_SDR,7.076351395359746,0.0072817765789913,0.0051489935980901,2,42 43,base6,runs/a6_optimization_convergence_audit_20260815_000000/a6_seed_mean_curves.csv
a6_optimization_convergence_audit_20260815_000000,extended,emg,6,0.001,70,val_CC,0.844527879246959,0.0006590377822097,0.0004660100848586,2,42 43,base6,runs/a6_optimization_convergence_audit_20260815_000000/a6_seed_mean_curves.csv
a6_optimization_convergence_audit_20260815_000000,extended,emg,6,0.001,71,train_loss,0.0618556065928368,5.306029827200523e-05,3.751929671991575e-05,2,42 43,base6,runs/a6_optimization_convergence_audit_20260815_000000/a6_seed_mean_curves.csv
a6_optimization_convergence_audit_20260815_000000,extended,emg,6,0.001,71,val_SDR,7.076646857791477,0.0107640928144456,0.0076113630224159,2,42 43,base6,runs/a6_optimization_convergence_audit_20260815_000000/a6_seed_mean_curves.csv
a6_optimization_convergence_audit_20260815_000000,extended,emg,6,0.001,71,val_CC,0.844531872758159,0.0007239314409614,0.0005118968310179,2,42 43,base6,runs/a6_optimization_convergence_audit_20260815_000000/a6_seed_mean_curves.csv
a6_optimization_convergence_audit_20260815_000000,extended,emg,6,0.001,72,train_loss,0.0618552111532716,4.251971013946373e-05,3.0065975373701204e-05,2,42 43,base6,runs/a6_optimization_convergence_audit_20260815_000000/a6_seed_mean_curves.csv
a6_optimization_convergence_audit_20260815_000000,extended,emg,6,0.001,72,val_SDR,7.0774796273973255,0.008568735281255,0.0060590108235678,2,42 43,base6,runs/a6_optimization_convergence_audit_20260815_000000/a6_seed_mean_curves.csv
a6_optimization_convergence_audit_20260815_000000,extended,emg,6,0.001,72,val_CC,0.8445407417085435,0.0006799098381889,0.0004807688571788,2,42 43,base6,runs/a6_optimization_convergence_audit_20260815_000000/a6_seed_mean_curves.csv
a6_optimization_convergence_audit_20260815_000000,extended,emg,6,0.001,73,train_loss,0.0618562260465253,5.969560457886189e-05,4.221116680474396e-05,2,42 43,base6,runs/a6_optimization_convergence_audit_20260815_000000/a6_seed_mean_curves.csv
a6_optimization_convergence_audit_20260815_000000,extended,emg,6,0.001,73,val_SDR,7.07769180227209,0.0096946742902742,0.0068551699320478,2,42 43,base6,runs/a6_optimization_convergence_audit_20260815_000000/a6_seed_mean_curves.csv
a6_optimization_convergence_audit_20260815_000000,extended,emg,6,0.001,73,val_CC,0.8445430210343113,0.000724359153424,0.0005121992694007,2,42 43,base6,runs/a6_optimization_convergence_audit_20260815_000000/a6_seed_mean_curves.csv
a6_optimization_convergence_audit_20260815_000000,extended,emg,6,0.001,74,train_loss,0.0618649493636829,4.406720192728904e-05,3.1160217310702974e-05,2,42 43,base6,runs/a6_optimization_convergence_audit_20260815_000000/a6_seed_mean_curves.csv
a6_optimization_convergence_audit_20260815_000000,extended,emg,6,0.001,74,val_SDR,7.078974414754796,0.0095274231074272,0.0067369054864951,2,42 43,base6,runs/a6_optimization_convergence_audit_20260815_000000/a6_seed_mean_curves.csv
a6_optimization_convergence_audit_20260815_000000,extended,emg,6,0.001,74,val_CC,0.8445954091019101,0.0007271470894033,0.0005141706378371,2,42 43,base6,runs/a6_optimization_convergence_audit_20260815_000000/a6_seed_mean_curves.csv
a6_optimization_convergence_audit_20260815_000000,extended,emg,6,0.001,75,train_loss,0.0618543342465446,4.926316827008937e-05,3.483432034651415e-05,2,42 43,base6,runs/a6_optimization_convergence_audit_20260815_000000/a6_seed_mean_curves.csv
a6_optimization_convergence_audit_20260815_000000,extended,emg,6,0.001,75,val_SDR,7.078012907946551,0.0080953918306008,0.00572430645978,2,42 43,base6,runs/a6_optimization_convergence_audit_20260815_000000/a6_seed_mean_curves.csv
a6_optimization_convergence_audit_20260815_000000,extended,emg,6,0.001,75,val_CC,0.8445411490069495,0.0006722406727543,0.000475345938294,2,42 43,base6,runs/a6_optimization_convergence_audit_20260815_000000/a6_seed_mean_curves.csv
a6_optimization_convergence_audit_20260815_000000,extended,emg,16,0.001,1,train_loss,0.0875907542627482,0.0073419038166377,0.0051915099755639,2,42 43,base16,runs/a6_optimization_convergence_audit_20260815_000000/a6_seed_mean_curves.csv
a6_optimization_convergence_audit_20260815_000000,extended,emg,16,0.001,1,val_SDR,5.857046657138401,0.312076845561097,0.2206716537475586,2,42 43,base16,runs/a6_optimization_convergence_audit_20260815_000000/a6_seed_mean_curves.csv
a6_optimization_convergence_audit_20260815_000000,extended,emg,16,0.001,1,val_CC,0.8161805238988664,0.0017759604876361,0.0012557937039269,2,42 43,base16,runs/a6_optimization_convergence_audit_20260815_000000/a6_seed_mean_curves.csv
a6_optimization_convergence_audit_20260815_000000,extended,emg,16,0.001,2,train_loss,0.06671300586313,0.0002982380869067,0.0002108861736598,2,42 43,base16,runs/a6_optimization_convergence_audit_20260815_000000/a6_seed_mean_curves.csv
a6_optimization_convergence_audit_20260815_000000,extended,emg,16,0.001,2,val_SDR,6.640012352554886,0.0175985258653312,0.0124440369782625,2,42 43,base16,runs/a6_optimization_convergence_audit_20260815_000000/a6_seed_mean_curves.csv
a6_optimization_convergence_audit_20260815_000000,extended,emg,16,0.001,2,val_CC,0.8334483007589977,0.0002404227948444,0.0001700045885863,2,42 43,base16,runs/a6_optimization_convergence_audit_20260815_000000/a6_seed_mean_curves.csv
a6_optimization_convergence_audit_20260815_000000,extended,emg,16,0.001,3,train_loss,0.0642735198228841,1.521427223383787e-05,1.075811506736496e-05,2,42 43,base16,runs/a6_optimization_convergence_audit_20260815_000000/a6_seed_mean_curves.csv
a6_optimization_convergence_audit_20260815_000000,extended,emg,16,0.001,3,val_SDR,6.824385537041558,0.0076220234040369,0.005389584435357,2,42 43,base16,runs/a6_optimization_convergence_audit_20260815_000000/a6_seed_mean_curves.csv
a6_optimization_convergence_audit_20260815_000000,extended,emg,16,0.001,3,val_CC,0.8386971608356193,0.0005704388626622,0.0004033611880408,2,42 43,base16,runs/a6_optimization_convergence_audit_20260815_000000/a6_seed_mean_curves.csv
a6_optimization_convergence_audit_20260815_000000,extended,emg,16,0.001,4,train_loss,0.063327767354037,3.963277645350915e-05,2.8024604987526847e-05,2,42 43,base16,runs/a6_optimization_convergence_audit_20260815_000000/a6_seed_mean_curves.csv
a6_optimization_convergence_audit_20260815_000000,extended,emg,16,0.001,4,val_SDR,6.874765925937229,0.0185480600204048,0.0131154590182833,2,42 43,base16,runs/a6_optimization_convergence_audit_20260815_000000/a6_seed_mean_curves.csv
a6_optimization_convergence_audit_20260815_000000,extended,emg,16,0.001,4,val_CC,0.8405112248879892,0.0004512241601576,0.0003190636634826,2,42 43,base16,runs/a6_optimization_convergence_audit_20260815_000000/a6_seed_mean_curves.csv
a6_optimization_convergence_audit_20260815_000000,extended,emg,16,0.001,5,train_loss,0.0627370748314119,3.097467229222762e-05,2.190240082286521e-05,2,42 43,base16,runs/a6_optimization_convergence_audit_20260815_000000/a6_seed_mean_curves.csv
a6_optimization_convergence_audit_20260815_000000,extended,emg,16,0.001,5,val_SDR,6.934074198758161,0.0143678044615659,0.0101595719655356,2,42 43,base16,runs/a6_optimization_convergence_audit_20260815_000000/a6_seed_mean_curves.csv
a6_optimization_convergence_audit_20260815_000000,extended,emg,16,0.001,5,val_CC,0.8417850776954934,0.0001498429734169,0.0001059549826162,2,42 43,base16,runs/a6_optimization_convergence_audit_20260815_000000/a6_seed_mean_curves.csv
a6_optimization_convergence_audit_20260815_000000,extended,emg,16,0.001,6,train_loss,0.0623140974857267,7.254203926721426e-05,5.129496788694801e-05,2,42 43,base16,runs/a6_optimization_convergence_audit_20260815_000000/a6_seed_mean_curves.csv
a6_optimization_convergence_audit_20260815_000000,extended,emg,16,0.001,6,val_SDR,6.929940930119267,0.0207522840017268,0.0146740807427301,2,42 43,base16,runs/a6_optimization_convergence_audit_20260815_000000/a6_seed_mean_curves.csv
a6_optimization_convergence_audit_20260815_000000,extended,emg,16,0.001,6,val_CC,0.842108858956231,0.0001652156461627,0.0001168251037597,2,42 43,base16,runs/a6_optimization_convergence_audit_20260815_000000/a6_seed_mean_curves.csv
a6_optimization_convergence_audit_20260815_000000,extended,emg,16,0.001,7,train_loss,0.0619412991351314,8.918884023334384e-05,6.306603373516101e-05,2,42 43,base16,runs/a6_optimization_convergence_audit_20260815_000000/a6_seed_mean_curves.csv
a6_optimization_convergence_audit_20260815_000000,extended,emg,16,0.001,7,val_SDR,6.869386946713483,0.0815901671311298,0.0576929604565656,2,42 43,base16,runs/a6_optimization_convergence_audit_20260815_000000/a6_seed_mean_curves.csv
a6_optimization_convergence_audit_20260815_000000,extended,emg,16,0.001,7,val_CC,0.8404888300983995,0.00034697002788,0.0002453448595824,2,42 43,base16,runs/a6_optimization_convergence_audit_20260815_000000/a6_seed_mean_curves.csv
a6_optimization_convergence_audit_20260815_000000,extended,emg,16,0.001,8,train_loss,0.061562124418006,0.0001398150576542,9.886417537927764e-05,2,42 43,base16,runs/a6_optimization_convergence_audit_20260815_000000/a6_seed_mean_curves.csv
a6_optimization_convergence_audit_20260815_000000,extended,emg,16,0.001,8,val_SDR,6.952262277956362,0.0191973837345301,0.0135746002197265,2,42 43,base16,runs/a6_optimization_convergence_audit_20260815_000000/a6_seed_mean_curves.csv
a6_optimization_convergence_audit_20260815_000000,extended,emg,16,0.001,8,val_CC,0.8415040605598025,0.0017356056606842,0.0012272585321356,2,42 43,base16,runs/a6_optimization_convergence_audit_20260815_000000/a6_seed_mean_curves.csv
a6_optimization_convergence_audit_20260815_000000,extended,emg,16,0.001,9,train_loss,0.0612896783188695,0.0002006948381517,0.0001419126810062,2,42 43,base16,runs/a6_optimization_convergence_audit_20260815_000000/a6_seed_mean_curves.csv
a6_optimization_convergence_audit_20260815_000000,extended,emg,16,0.001,9,val_SDR,6.977642324235704,0.0091095386654364,0.0064414165638111,2,42 43,base16,runs/a6_optimization_convergence_audit_20260815_000000/a6_seed_mean_curves.csv
a6_optimization_convergence_audit_20260815_000000,extended,emg,16,0.001,9,val_CC,0.8422808492625201,0.0021336045951501,0.0015086862776014,2,42 43,base16,runs/a6_optimization_convergence_audit_20260815_000000/a6_seed_mean_curves.csv
a6_optimization_convergence_audit_20260815_000000,extended,emg,16,0.001,10,train_loss,0.060949810363707,0.0002071029403315,0.000146443893512,2,42 43,base16,runs/a6_optimization_convergence_audit_20260815_000000/a6_seed_mean_curves.csv
a6_optimization_convergence_audit_20260815_000000,extended,emg,16,0.001,10,val_SDR,6.990444245161834,0.0109041951828735,0.0077104303571915,2,42 43,base16,runs/a6_optimization_convergence_audit_20260815_000000/a6_seed_mean_curves.csv
a6_optimization_convergence_audit_20260815_000000,extended,emg,16,0.001,10,val_CC,0.8425600859853957,0.000182102483466,0.0001287659009297,2,42 43,base16,runs/a6_optimization_convergence_audit_20260815_000000/a6_seed_mean_curves.csv
a6_optimization_convergence_audit_20260815_000000,extended,emg,16,0.001,11,train_loss,0.0606874634733512,0.0001978185540712,0.0001398788410283,2,42 43,base16,runs/a6_optimization_convergence_audit_20260815_000000/a6_seed_mean_curves.csv
a6_optimization_convergence_audit_20260815_000000,extended,emg,16,0.001,11,val_SDR,6.908929692374336,0.0057777397529756,0.0040854789592601,2,42 43,base16,runs/a6_optimization_convergence_audit_20260815_000000/a6_seed_mean_curves.csv
a6_optimization_convergence_audit_20260815_000000,extended,emg,16,0.001,11,val_CC,0.838942868842019,0.0013531214494534,0.0009568013526775,2,42 43,base16,runs/a6_optimization_convergence_audit_20260815_000000/a6_seed_mean_curves.csv
a6_optimization_convergence_audit_20260815_000000,extended,emg,16,0.001,12,train_loss,0.0603824536715235,0.0002146951933425,0.0001518124271006,2,42 43,base16,runs/a6_optimization_convergence_audit_20260815_000000/a6_seed_mean_curves.csv
a6_optimization_convergence_audit_20260815_000000,extended,emg,16,0.001,12,val_SDR,6.985603482634932,0.0142299124611935,0.0100620675970009,2,42 43,base16,runs/a6_optimization_convergence_audit_20260815_000000/a6_seed_mean_curves.csv
a6_optimization_convergence_audit_20260815_000000,extended,emg,16,0.001,12,val_CC,0.8420646742538169,0.001421928521139,0.00100545529966,2,42 43,base16,runs/a6_optimization_convergence_audit_20260815_000000/a6_seed_mean_curves.csv
a6_optimization_convergence_audit_20260815_000000,extended,emg,16,0.001,13,train_loss,0.0601158196017855,0.000227052774763,0.0001605505567221,2,42 43,base16,runs/a6_optimization_convergence_audit_20260815_000000/a6_seed_mean_curves.csv
a6_optimization_convergence_audit_20260815_000000,extended,emg,16,0.001,13,val_SDR,6.953540007273356,0.0952075703698744,0.0673219186288336,2,42 43,base16,runs/a6_optimization_convergence_audit_20260815_000000/a6_seed_mean_curves.csv
a6_optimization_convergence_audit_20260815_000000,extended,emg,16,0.001,13,val_CC,0.8383578073095392,0.0069296053178064,0.0048999709111672,2,42 43,base16,runs/a6_optimization_convergence_audit_20260815_000000/a6_seed_mean_curves.csv
a6_optimization_convergence_audit_20260815_000000,extended,emg,16,0.001,14,train_loss,0.0598273238610653,0.0003206193303802,0.0002267121026913,2,42 43,base16,runs/a6_optimization_convergence_audit_20260815_000000/a6_seed_mean_curves.csv
a6_optimization_convergence_audit_20260815_000000,extended,emg,16,0.001,14,val_SDR,7.0012280764403165,0.0682312021234758,0.0482467457100197,2,42 43,base16,runs/a6_optimization_convergence_audit_20260815_000000/a6_seed_mean_curves.csv
a6_optimization_convergence_audit_20260815_000000,extended,emg,16,0.001,14,val_CC,0.8409948337961126,0.0024719922758777,0.0017479625013139,2,42 43,base16,runs/a6_optimization_convergence_audit_20260815_000000/a6_seed_mean_curves.csv
a6_optimization_convergence_audit_20260815_000000,extended,emg,16,0.001,15,train_loss,0.0595752523502423,0.0003291976565782,0.0002327778953171,2,42 43,base16,runs/a6_optimization_convergence_audit_20260815_000000/a6_seed_mean_curves.csv
a6_optimization_convergence_audit_20260815_000000,extended,emg,16,0.001,15,val_SDR,6.97447512767933,0.0247243403728994,0.0174827487380415,2,42 43,base16,runs/a6_optimization_convergence_audit_20260815_000000/a6_seed_mean_curves.csv
a6_optimization_convergence_audit_20260815_000000,extended,emg,16,0.001,15,val_CC,0.8398306877524764,0.0004656852121799,0.0003292891714307,2,42 43,base16,runs/a6_optimization_convergence_audit_20260815_000000/a6_seed_mean_curves.csv
a6_optimization_convergence_audit_20260815_000000,extended,emg,16,0.001,16,train_loss,0.0593231137398452,0.0002912771334765,0.0002059640362858,2,42 43,base16,runs/a6_optimization_convergence_audit_20260815_000000/a6_seed_mean_curves.csv
a6_optimization_convergence_audit_20260815_000000,extended,emg,16,0.001,16,val_SDR,7.007805153175637,0.0631440712642333,0.044649600982666,2,42 43,base16,runs/a6_optimization_convergence_audit_20260815_000000/a6_seed_mean_curves.csv
a6_optimization_convergence_audit_20260815_000000,extended,emg,16,0.001,16,val_CC,0.8394310805532668,0.0020454927058521,0.0014463817631756,2,42 43,base16,runs/a6_optimization_convergence_audit_20260815_000000/a6_seed_mean_curves.csv
a6_optimization_convergence_audit_20260815_000000,extended,emg,16,0.001,17,train_loss,0.0590802956727289,0.0002835815077933,0.0002005224071797,2,42 43,base16,runs/a6_optimization_convergence_audit_20260815_000000/a6_seed_mean_curves.csv
a6_optimization_convergence_audit_20260815_000000,extended,emg,16,0.001,17,val_SDR,6.935782344252974,0.1012720710361412,0.0716101681744612,2,42 43,base16,runs/a6_optimization_convergence_audit_20260815_000000/a6_seed_mean_curves.csv
a6_optimization_convergence_audit_20260815_000000,extended,emg,16,0.001,17,val_CC,0.8385904320964106,0.0034404815858208,0.0024327878598813,2,42 43,base16,runs/a6_optimization_convergence_audit_20260815_000000/a6_seed_mean_curves.csv
a6_optimization_convergence_audit_20260815_000000,extended,emg,16,0.001,18,train_loss,0.0588774116532433,0.000302944033417,0.0002142137803492,2,42 43,base16,runs/a6_optimization_convergence_audit_20260815_000000/a6_seed_mean_curves.csv
a6_optimization_convergence_audit_20260815_000000,extended,emg,16,0.001,18,val_SDR,6.9109781053331165,0.0421965006204286,0.0298374317310474,2,42 43,base16,runs/a6_optimization_convergence_audit_20260815_000000/a6_seed_mean_curves.csv
a6_optimization_convergence_audit_20260815_000000,extended,emg,16,0.001,18,val_CC,0.8391162653764089,0.0024328394146055,0.0017202772476054,2,42 43,base16,runs/a6_optimization_convergence_audit_20260815_000000/a6_seed_mean_curves.csv
a6_optimization_convergence_audit_20260815_000000,extended,emg,16,0.001,19,train_loss,0.0586251675905216,0.000292309267148,0.000206693865004,2,42 43,base16,runs/a6_optimization_convergence_audit_20260815_000000/a6_seed_mean_curves.csv
a6_optimization_convergence_audit_20260815_000000,extended,emg,16,0.001,19,val_SDR,6.958066931477299,0.0286748799974106,0.0202762020958795,2,42 43,base16,runs/a6_optimization_convergence_audit_20260815_000000/a6_seed_mean_curves.csv
a6_optimization_convergence_audit_20260815_000000,extended,emg,16,0.001,19,val_CC,0.8372656250441516,0.0018651119991975,0.0013188333423049,2,42 43,base16,runs/a6_optimization_convergence_audit_20260815_000000/a6_seed_mean_curves.csv
a6_optimization_convergence_audit_20260815_000000,extended,emg,16,0.001,20,train_loss,0.0584104110797246,0.0002740140728317,0.0001937572090398,2,42 43,base16,runs/a6_optimization_convergence_audit_20260815_000000/a6_seed_mean_curves.csv
a6_optimization_convergence_audit_20260815_000000,extended,emg,16,0.001,20,val_SDR,6.902636439711959,0.0387487510447315,0.0273995046262389,2,42 43,base16,runs/a6_optimization_convergence_audit_20260815_000000/a6_seed_mean_curves.csv
a6_optimization_convergence_audit_20260815_000000,extended,emg,16,0.001,20,val_CC,0.83694342551408,0.0004297885852039,0.0003039064230742,2,42 43,base16,runs/a6_optimization_convergence_audit_20260815_000000/a6_seed_mean_curves.csv
a6_optimization_convergence_audit_20260815_000000,extended,emg,16,0.001,21,train_loss,0.0582363298961094,0.0003067742160814,0.0002169221284843,2,42 43,base16,runs/a6_optimization_convergence_audit_20260815_000000/a6_seed_mean_curves.csv
a6_optimization_convergence_audit_20260815_000000,extended,emg,16,0.001,21,val_SDR,6.828198918589839,0.0155653993570313,0.0110063994372335,2,42 43,base16,runs/a6_optimization_convergence_audit_20260815_000000/a6_seed_mean_curves.csv
a6_optimization_convergence_audit_20260815_000000,extended,emg,16,0.001,21,val_CC,0.831469906700982,0.0010171470660516,0.0007192315878691,2,42 43,base16,runs/a6_optimization_convergence_audit_20260815_000000/a6_seed_mean_curves.csv
a6_optimization_convergence_audit_20260815_000000,extended,emg,16,0.001,22,train_loss,0.0580605458911685,0.000287828091286,0.0002035251951643,2,42 43,base16,runs/a6_optimization_convergence_audit_20260815_000000/a6_seed_mean_curves.csv
a6_optimization_convergence_audit_20260815_000000,extended,emg,16,0.001,22,val_SDR,6.93073034286499,0.0484590103029884,0.0342656947948318,2,42 43,base16,runs/a6_optimization_convergence_audit_20260815_000000/a6_seed_mean_curves.csv
a6_optimization_convergence_audit_20260815_000000,extended,emg,16,0.001,22,val_CC,0.8362865624604402,0.0021404885804069,0.001513553990258,2,42 43,base16,runs/a6_optimization_convergence_audit_20260815_000000/a6_seed_mean_curves.csv
a6_optimization_convergence_audit_20260815_000000,extended,emg,16,0.001,23,train_loss,0.0578548778203271,0.0002615154750806,0.0001849193658147,2,42 43,base16,runs/a6_optimization_convergence_audit_20260815_000000/a6_seed_mean_curves.csv
a6_optimization_convergence_audit_20260815_000000,extended,emg,16,0.001,23,val_SDR,6.891844184310347,0.0816841889451853,0.0577594439188637,2,42 43,base16,runs/a6_optimization_convergence_audit_20260815_000000/a6_seed_mean_curves.csv
a6_optimization_convergence_audit_20260815_000000,extended,emg,16,0.001,23,val_CC,0.8342795250592407,0.0021316080833262,0.001507274530552,2,42 43,base16,runs/a6_optimization_convergence_audit_20260815_000000/a6_seed_mean_curves.csv
a6_optimization_convergence_audit_20260815_000000,extended,emg,16,0.001,24,train_loss,0.0576826448153172,0.0002945268812834,0.0002082619549972,2,42 43,base16,runs/a6_optimization_convergence_audit_20260815_000000/a6_seed_mean_curves.csv
a6_optimization_convergence_audit_20260815_000000,extended,emg,16,0.001,24,val_SDR,6.916402057365135,0.0278612023060257,0.019700845082601,2,42 43,base16,runs/a6_optimization_convergence_audit_20260815_000000/a6_seed_mean_curves.csv
a6_optimization_convergence_audit_20260815_000000,extended,emg,16,0.001,24,val_CC,0.8349357192163114,0.0012765546746586,0.0009026604670065,2,42 43,base16,runs/a6_optimization_convergence_audit_20260815_000000/a6_seed_mean_curves.csv
a6_optimization_convergence_audit_20260815_000000,extended,emg,16,0.001,25,train_loss,0.0575112761042657,0.0002569328206459,0.0001816789397881,2,42 43,base16,runs/a6_optimization_convergence_audit_20260815_000000/a6_seed_mean_curves.csv
a6_optimization_convergence_audit_20260815_000000,extended,emg,16,0.001,25,val_SDR,6.908300514574404,0.1169385229259576,0.0826880225428832,2,42 43,base16,runs/a6_optimization_convergence_audit_20260815_000000/a6_seed_mean_curves.csv
a6_optimization_convergence_audit_20260815_000000,extended,emg,16,0.001,25,val_CC,0.8346228301525116,0.0024422053809413,0.0017268999859139,2,42 43,base16,runs/a6_optimization_convergence_audit_20260815_000000/a6_seed_mean_curves.csv
a6_optimization_convergence_audit_20260815_000000,extended,emg,16,0.001,26,train_loss,0.0573859889503745,0.0002672201137451,0.0001889531544986,2,42 43,base16,runs/a6_optimization_convergence_audit_20260815_000000/a6_seed_mean_curves.csv
a6_optimization_convergence_audit_20260815_000000,extended,emg,16,0.001,26,val_SDR,6.855185234988177,0.1167560489258264,0.0825589939400002,2,42 43,base16,runs/a6_optimization_convergence_audit_20260815_000000/a6_seed_mean_curves.csv
a6_optimization_convergence_audit_20260815_000000,extended,emg,16,0.001,26,val_CC,0.8321551404617451,0.0052335380840085,0.0037006702688004,2,42 43,base16,runs/a6_optimization_convergence_audit_20260815_000000/a6_seed_mean_curves.csv
a6_optimization_convergence_audit_20260815_000000,extended,emg,16,0.001,27,train_loss,0.0572540612625224,0.0002381262571114,0.000168380691182,2,42 43,base16,runs/a6_optimization_convergence_audit_20260815_000000/a6_seed_mean_curves.csv
a6_optimization_convergence_audit_20260815_000000,extended,emg,16,0.001,27,val_SDR,6.908276319503784,0.0467119828463568,0.0330303598333285,2,42 43,base16,runs/a6_optimization_convergence_audit_20260815_000000/a6_seed_mean_curves.csv
a6_optimization_convergence_audit_20260815_000000,extended,emg,16,0.001,27,val_CC,0.8336471915245056,0.0019147313278499,0.0013539195060729,2,42 43,base16,runs/a6_optimization_convergence_audit_20260815_000000/a6_seed_mean_curves.csv
a6_optimization_convergence_audit_20260815_000000,extended,emg,16,0.001,28,train_loss,0.0571201319052349,0.0002017765947198,0.0001426775984111,2,42 43,base16,runs/a6_optimization_convergence_audit_20260815_000000/a6_seed_mean_curves.csv
a6_optimization_convergence_audit_20260815_000000,extended,emg,16,0.001,28,val_SDR,6.835615634918213,0.0396749826755614,0.0280544492933483,2,42 43,base16,runs/a6_optimization_convergence_audit_20260815_000000/a6_seed_mean_curves.csv
a6_optimization_convergence_audit_20260815_000000,extended,emg,16,0.001,28,val_CC,0.8325417858582955,0.0025090299897525,0.0017741521199544,2,42 43,base16,runs/a6_optimization_convergence_audit_20260815_000000/a6_seed_mean_curves.csv
a6_optimization_convergence_audit_20260815_000000,extended,emg,16,0.001,29,train_loss,0.0569893410251963,0.000258113409065,0.000182513741865,2,42 43,base16,runs/a6_optimization_convergence_audit_20260815_000000/a6_seed_mean_curves.csv
a6_optimization_convergence_audit_20260815_000000,extended,emg,16,0.001,29,val_SDR,6.852159641407154,0.0851980247793482,0.0602441010651766,2,42 43,base16,runs/a6_optimization_convergence_audit_20260815_000000/a6_seed_mean_curves.csv
a6_optimization_convergence_audit_20260815_000000,extended,emg,16,0.001,29,val_CC,0.8299882588563141,0.0044328931347798,0.0031345287958781,2,42 43,base16,runs/a6_optimization_convergence_audit_20260815_000000/a6_seed_mean_curves.csv
a6_optimization_convergence_audit_20260815_000000,extended,emg,16,0.001,30,train_loss,0.0568651275265784,0.0002415642608416,0.0001708117269334,2,42 43,base16,runs/a6_optimization_convergence_audit_20260815_000000/a6_seed_mean_curves.csv
a6_optimization_convergence_audit_20260815_000000,extended,emg,16,0.001,30,val_SDR,6.811681977024785,0.1289393104233303,0.0911738607618541,2,42 43,base16,runs/a6_optimization_convergence_audit_20260815_000000/a6_seed_mean_curves.csv
a6_optimization_convergence_audit_20260815_000000,extended,emg,16,0.001,30,val_CC,0.8317004905806648,0.0029016200786595,0.0020517552340472,2,42 43,base16,runs/a6_optimization_convergence_audit_20260815_000000/a6_seed_mean_curves.csv
a6_optimization_convergence_audit_20260815_000000,extended,emg,16,0.001,31,train_loss,0.0567600626941947,0.0002327859628998,0.0001646045329315,2,42 43,base16,runs/a6_optimization_convergence_audit_20260815_000000/a6_seed_mean_curves.csv
a6_optimization_convergence_audit_20260815_000000,extended,emg,16,0.001,31,val_SDR,6.910598278045654,0.0514353145972084,0.0363702597441495,2,42 43,base16,runs/a6_optimization_convergence_audit_20260815_000000/a6_seed_mean_curves.csv
a6_optimization_convergence_audit_20260815_000000,extended,emg,16,0.001,31,val_CC,0.832861210461016,0.0013935543261249,0.0009853917139547,2,42 43,base16,runs/a6_optimization_convergence_audit_20260815_000000/a6_seed_mean_curves.csv
a6_optimization_convergence_audit_20260815_000000,extended,emg,16,0.001,32,train_loss,0.0566713609688338,0.0002465046241094,0.0001743050913015,2,42 43,base16,runs/a6_optimization_convergence_audit_20260815_000000/a6_seed_mean_curves.csv
a6_optimization_convergence_audit_20260815_000000,extended,emg,16,0.001,32,val_SDR,6.771239563270852,0.1083232700119017,0.0765961187857171,2,42 43,base16,runs/a6_optimization_convergence_audit_20260815_000000/a6_seed_mean_curves.csv
a6_optimization_convergence_audit_20260815_000000,extended,emg,16,0.001,32,val_CC,0.8329841340029681,0.0013264924461665,0.0009379718038771,2,42 43,base16,runs/a6_optimization_convergence_audit_20260815_000000/a6_seed_mean_curves.csv
a6_optimization_convergence_audit_20260815_000000,extended,emg,16,0.001,33,train_loss,0.0565508366340682,0.0002556597725779,0.0001807787588664,2,42 43,base16,runs/a6_optimization_convergence_audit_20260815_000000/a6_seed_mean_curves.csv
a6_optimization_convergence_audit_20260815_000000,extended,emg,16,0.001,33,val_SDR,6.795052961066917,0.0470412902227223,0.0332632153122514,2,42 43,base16,runs/a6_optimization_convergence_audit_20260815_000000/a6_seed_mean_curves.csv
a6_optimization_convergence_audit_20260815_000000,extended,emg,16,0.001,33,val_CC,0.8309761572767187,0.0039117582799033,0.0027660308060822,2,42 43,base16,runs/a6_optimization_convergence_audit_20260815_000000/a6_seed_mean_curves.csv
a6_optimization_convergence_audit_20260815_000000,extended,emg,16,0.001,34,train_loss,0.0564643995658982,0.0002414908425367,0.0001707598123522,2,42 43,base16,runs/a6_optimization_convergence_audit_20260815_000000/a6_seed_mean_curves.csv
a6_optimization_convergence_audit_20260815_000000,extended,emg,16,0.001,34,val_SDR,6.799870906052766,0.0089372173728134,0.0063195670092546,2,42 43,base16,runs/a6_optimization_convergence_audit_20260815_000000/a6_seed_mean_curves.csv
a6_optimization_convergence_audit_20260815_000000,extended,emg,16,0.001,34,val_CC,0.8299737075964609,0.0006583946525213,0.0004655553234947,2,42 43,base16,runs/a6_optimization_convergence_audit_20260815_000000/a6_seed_mean_curves.csv
a6_optimization_convergence_audit_20260815_000000,extended,emg,16,0.001,35,train_loss,0.0563402822507279,0.0002363768869366,0.0001671436996687,2,42 43,base16,runs/a6_optimization_convergence_audit_20260815_000000/a6_seed_mean_curves.csv
a6_optimization_convergence_audit_20260815_000000,extended,emg,16,0.001,35,val_SDR,6.834504312939114,0.0750501750859302,0.0530684877324989,2,42 43,base16,runs/a6_optimization_convergence_audit_20260815_000000/a6_seed_mean_curves.csv
a6_optimization_convergence_audit_20260815_000000,extended,emg,16,0.001,35,val_CC,0.8306172766067363,0.0024128742963664,0.0017061597771114,2,42 43,base16,runs/a6_optimization_convergence_audit_20260815_000000/a6_seed_mean_curves.csv
a6_optimization_convergence_audit_20260815_000000,extended,emg,16,0.001,36,train_loss,0.0562679277289481,0.0002454066485308,0.0001735287053244,2,42 43,base16,runs/a6_optimization_convergence_audit_20260815_000000/a6_seed_mean_curves.csv
a6_optimization_convergence_audit_20260815_000000,extended,emg,16,0.001,36,val_SDR,6.805340298899898,0.0801830243488459,0.056697960253115,2,42 43,base16,runs/a6_optimization_convergence_audit_20260815_000000/a6_seed_mean_curves.csv
a6_optimization_convergence_audit_20260815_000000,extended,emg,16,0.001,36,val_CC,0.8295344953183774,0.0051627610374036,0.0036506233391938,2,42 43,base16,runs/a6_optimization_convergence_audit_20260815_000000/a6_seed_mean_curves.csv
a6_optimization_convergence_audit_20260815_000000,extended,emg,16,0.001,37,train_loss,0.0561816258622067,0.0002367625807753,0.0001674164263975,2,42 43,base16,runs/a6_optimization_convergence_audit_20260815_000000/a6_seed_mean_curves.csv
a6_optimization_convergence_audit_20260815_000000,extended,emg,16,0.001,37,val_SDR,6.776505514427468,0.0080927318961611,0.0057224256021002,2,42 43,base16,runs/a6_optimization_convergence_audit_20260815_000000/a6_seed_mean_curves.csv
a6_optimization_convergence_audit_20260815_000000,extended,emg,16,0.001,37,val_CC,0.8296943174468145,0.0053473298920048,0.0037811332278781,2,42 43,base16,runs/a6_optimization_convergence_audit_20260815_000000/a6_seed_mean_curves.csv
a6_optimization_convergence_audit_20260815_000000,extended,emg,16,0.001,38,train_loss,0.0561376676318191,0.0002486052180217,0.0001757904355015,2,42 43,base16,runs/a6_optimization_convergence_audit_20260815_000000/a6_seed_mean_curves.csv
a6_optimization_convergence_audit_20260815_000000,extended,emg,16,0.001,38,val_SDR,6.783063420542964,0.1077755358126311,0.0762088122191251,2,42 43,base16,runs/a6_optimization_convergence_audit_20260815_000000/a6_seed_mean_curves.csv
a6_optimization_convergence_audit_20260815_000000,extended,emg,16,0.001,38,val_CC,0.8265145509331314,0.0034677989876334,0.0024521041799474,2,42 43,base16,runs/a6_optimization_convergence_audit_20260815_000000/a6_seed_mean_curves.csv
a6_optimization_convergence_audit_20260815_000000,extended,emg,16,0.001,39,train_loss,0.0560042588217627,0.0002105598975998,0.0001488883314388,2,42 43,base16,runs/a6_optimization_convergence_audit_20260815_000000/a6_seed_mean_curves.csv
a6_optimization_convergence_audit_20260815_000000,extended,emg,16,0.001,39,val_SDR,6.729340615095916,0.0525435581738307,0.0371539062923855,2,42 43,base16,runs/a6_optimization_convergence_audit_20260815_000000/a6_seed_mean_curves.csv
a6_optimization_convergence_audit_20260815_000000,extended,emg,16,0.001,39,val_CC,0.8231792019473182,0.0045876579235061,0.0032439640274753,2,42 43,base16,runs/a6_optimization_convergence_audit_20260815_000000/a6_seed_mean_curves.csv
a6_optimization_convergence_audit_20260815_000000,extended,emg,16,0.001,40,train_loss,0.0559639684412451,0.0002331601416174,0.0001648691172401,2,42 43,base16,runs/a6_optimization_convergence_audit_20260815_000000/a6_seed_mean_curves.csv
a6_optimization_convergence_audit_20260815_000000,extended,emg,16,0.001,40,val_SDR,6.732512836103085,0.0812045890290194,0.0574203155658863,2,42 43,base16,runs/a6_optimization_convergence_audit_20260815_000000/a6_seed_mean_curves.csv
a6_optimization_convergence_audit_20260815_000000,extended,emg,16,0.001,40,val_CC,0.8240458534823524,0.0027337928888835,0.0019330834900891,2,42 43,base16,runs/a6_optimization_convergence_audit_20260815_000000/a6_seed_mean_curves.csv
a6_optimization_convergence_audit_20260815_000000,extended,emg,16,0.001,41,train_loss,0.0558923096262982,0.000218728308065,0.0001546642698702,2,42 43,base16,runs/a6_optimization_convergence_audit_20260815_000000/a6_seed_mean_curves.csv
a6_optimization_convergence_audit_20260815_000000,extended,emg,16,0.001,41,val_SDR,6.780692391925388,0.1137992258415835,0.0804682042863631,2,42 43,base16,runs/a6_optimization_convergence_audit_20260815_000000/a6_seed_mean_curves.csv
a6_optimization_convergence_audit_20260815_000000,extended,emg,16,0.001,41,val_CC,0.8274866121786613,0.0047890090287866,0.0033863407594186,2,42 43,base16,runs/a6_optimization_convergence_audit_20260815_000000/a6_seed_mean_curves.csv
a6_optimization_convergence_audit_20260815_000000,extended,emg,16,0.001,42,train_loss,0.0558221728940095,0.0002238093615271,0.0001582571172288,2,42 43,base16,runs/a6_optimization_convergence_audit_20260815_000000/a6_seed_mean_curves.csv
a6_optimization_convergence_audit_20260815_000000,extended,emg,16,0.001,42,val_SDR,6.790232278682568,0.0124627669088735,0.0088125069936118,2,42 43,base16,runs/a6_optimization_convergence_audit_20260815_000000/a6_seed_mean_curves.csv
a6_optimization_convergence_audit_20260815_000000,extended,emg,16,0.001,42,val_CC,0.8278123460434101,0.000664460676718,0.0004698446503391,2,42 43,base16,runs/a6_optimization_convergence_audit_20260815_000000/a6_seed_mean_curves.csv
a6_optimization_convergence_audit_20260815_000000,extended,emg,16,0.001,43,train_loss,0.0557585227968437,0.0002512481641033,0.0001776592805981,2,42 43,base16,runs/a6_optimization_convergence_audit_20260815_000000/a6_seed_mean_curves.csv
a6_optimization_convergence_audit_20260815_000000,extended,emg,16,0.001,43,val_SDR,6.768411362612689,0.0908354498686587,0.0642303625742592,2,42 43,base16,runs/a6_optimization_convergence_audit_20260815_000000/a6_seed_mean_curves.csv
a6_optimization_convergence_audit_20260815_000000,extended,emg,16,0.001,43,val_CC,0.8303306069638994,0.0004132904355034,0.000292240469544,2,42 43,base16,runs/a6_optimization_convergence_audit_20260815_000000/a6_seed_mean_curves.csv
a6_optimization_convergence_audit_20260815_000000,extended,emg,16,0.001,44,train_loss,0.0557027128037242,0.0002569369349811,0.0001816818490624,2,42 43,base16,runs/a6_optimization_convergence_audit_20260815_000000/a6_seed_mean_curves.csv
a6_optimization_convergence_audit_20260815_000000,extended,emg,16,0.001,44,val_SDR,6.790750477049086,0.0240537371832597,0.0170085606751619,2,42 43,base16,runs/a6_optimization_convergence_audit_20260815_000000/a6_seed_mean_curves.csv
a6_optimization_convergence_audit_20260815_000000,extended,emg,16,0.001,44,val_CC,0.8300117563318323,0.0017478735155896,0.0012359332155298,2,42 43,base16,runs/a6_optimization_convergence_audit_20260815_000000/a6_seed_mean_curves.csv
a6_optimization_convergence_audit_20260815_000000,extended,emg,16,0.001,45,train_loss,0.0556499026627058,0.0002477314611685,0.0001751725961055,2,42 43,base16,runs/a6_optimization_convergence_audit_20260815_000000/a6_seed_mean_curves.csv
a6_optimization_convergence_audit_20260815_000000,extended,emg,16,0.001,45,val_SDR,6.79907191241229,0.0475981406292258,0.0336569680107965,2,42 43,base16,runs/a6_optimization_convergence_audit_20260815_000000/a6_seed_mean_curves.csv
a6_optimization_convergence_audit_20260815_000000,extended,emg,16,0.001,45,val_CC,0.8273800534230691,0.0007409962316251,0.0005239634602158,2,42 43,base16,runs/a6_optimization_convergence_audit_20260815_000000/a6_seed_mean_curves.csv
a6_optimization_convergence_audit_20260815_000000,extended,emg,16,0.001,46,train_loss,0.0555829102528237,0.0002132710438051,0.0001508054013053,2,42 43,base16,runs/a6_optimization_convergence_audit_20260815_000000/a6_seed_mean_curves.csv
a6_optimization_convergence_audit_20260815_000000,extended,emg,16,0.001,46,val_SDR,6.808838685353598,0.0940687937429981,0.0665166819537126,2,42 43,base16,runs/a6_optimization_convergence_audit_20260815_000000/a6_seed_mean_curves.csv
a6_optimization_convergence_audit_20260815_000000,extended,emg,16,0.001,46,val_CC,0.828553205287015,0.0047230367229119,0.0033396912945641,2,42 43,base16,runs/a6_optimization_convergence_audit_20260815_000000/a6_seed_mean_curves.csv
a6_optimization_convergence_audit_20260815_000000,extended,emg,16,0.001,47,train_loss,0.0555506437750799,0.0002351431508398,0.0001662713165084,2,42 43,base16,runs/a6_optimization_convergence_audit_20260815_000000/a6_seed_mean_curves.csv
a6_optimization_convergence_audit_20260815_000000,extended,emg,16,0.001,47,val_SDR,6.815557214948866,0.0632875079166764,0.0447510260122792,2,42 43,base16,runs/a6_optimization_convergence_audit_20260815_000000/a6_seed_mean_curves.csv
a6_optimization_convergence_audit_20260815_000000,extended,emg,16,0.001,47,val_CC,0.8296489064340238,0.0012077647739113,0.0008540186617109,2,42 43,base16,runs/a6_optimization_convergence_audit_20260815_000000/a6_seed_mean_curves.csv
a6_optimization_convergence_audit_20260815_000000,extended,emg,16,0.001,48,train_loss,0.055483098753861,0.0002201031608421,0.000155636437592,2,42 43,base16,runs/a6_optimization_convergence_audit_20260815_000000/a6_seed_mean_curves.csv
a6_optimization_convergence_audit_20260815_000000,extended,emg,16,0.001,48,val_SDR,6.802200767729017,0.0682173155173888,0.0482369263966879,2,42 43,base16,runs/a6_optimization_convergence_audit_20260815_000000/a6_seed_mean_curves.csv
a6_optimization_convergence_audit_20260815_000000,extended,emg,16,0.001,48,val_CC,0.8289634320471022,0.0031483976816627,0.0022262533505757,2,42 43,base16,runs/a6_optimization_convergence_audit_20260815_000000/a6_seed_mean_curves.csv
a6_optimization_convergence_audit_20260815_000000,extended,emg,16,0.001,49,train_loss,0.0554416847282222,0.0002164570445036,0.0001530582440041,2,42 43,base16,runs/a6_optimization_convergence_audit_20260815_000000/a6_seed_mean_curves.csv
a6_optimization_convergence_audit_20260815_000000,extended,emg,16,0.001,49,val_SDR,6.776106984527023,0.0884423081023676,0.062538155802974,2,42 43,base16,runs/a6_optimization_convergence_audit_20260815_000000/a6_seed_mean_curves.csv
a6_optimization_convergence_audit_20260815_000000,extended,emg,16,0.001,49,val_CC,0.8297062019507091,0.0024324772639072,0.0017200211683909,2,42 43,base16,runs/a6_optimization_convergence_audit_20260815_000000/a6_seed_mean_curves.csv
a6_optimization_convergence_audit_20260815_000000,extended,emg,16,0.001,50,train_loss,0.0553875965287997,0.0002326059607343,0.0001644772521796,2,42 43,base16,runs/a6_optimization_convergence_audit_20260815_000000/a6_seed_mean_curves.csv
a6_optimization_convergence_audit_20260815_000000,extended,emg,16,0.001,50,val_SDR,6.751241410220111,0.0709724831024446,0.0501851240793862,2,42 43,base16,runs/a6_optimization_convergence_audit_20260815_000000/a6_seed_mean_curves.csv
a6_optimization_convergence_audit_20260815_000000,extended,emg,16,0.001,50,val_CC,0.8263533148500655,0.002309342904491,0.0016329520278506,2,42 43,base16,runs/a6_optimization_convergence_audit_20260815_000000/a6_seed_mean_curves.csv
a6_optimization_convergence_audit_20260815_000000,extended,emg,16,0.001,51,train_loss,0.0553460335625069,0.0002408656266527,0.0001703177179609,2,42 43,base16,runs/a6_optimization_convergence_audit_20260815_000000/a6_seed_mean_curves.csv
a6_optimization_convergence_audit_20260815_000000,extended,emg,16,0.001,51,val_SDR,6.789457497773347,0.0764568058620537,0.0540631258929216,2,42 43,base16,runs/a6_optimization_convergence_audit_20260815_000000/a6_seed_mean_curves.csv
a6_optimization_convergence_audit_20260815_000000,extended,emg,16,0.001,51,val_CC,0.8284757225601761,0.0036426678230995,0.0025757551193237,2,42 43,base16,runs/a6_optimization_convergence_audit_20260815_000000/a6_seed_mean_curves.csv
a6_optimization_convergence_audit_20260815_000000,extended,emg,16,0.001,52,train_loss,0.0553099000471688,0.000227735842214,0.0001610335583488,2,42 43,base16,runs/a6_optimization_convergence_audit_20260815_000000/a6_seed_mean_curves.csv
a6_optimization_convergence_audit_20260815_000000,extended,emg,16,0.001,52,val_SDR,6.797439787122938,0.0728985378835946,0.0515470504760742,2,42 43,base16,runs/a6_optimization_convergence_audit_20260815_000000/a6_seed_mean_curves.csv
a6_optimization_convergence_audit_20260815_000000,extended,emg,16,0.001,52,val_CC,0.8282656779995671,0.0035773807937617,0.0025295902181554,2,42 43,base16,runs/a6_optimization_convergence_audit_20260815_000000/a6_seed_mean_curves.csv
a6_optimization_convergence_audit_20260815_000000,extended,emg,16,0.001,53,train_loss,0.0552423224473992,0.0002359270571347,0.0001668256219653,2,42 43,base16,runs/a6_optimization_convergence_audit_20260815_000000/a6_seed_mean_curves.csv
a6_optimization_convergence_audit_20260815_000000,extended,emg,16,0.001,53,val_SDR,6.788129559269658,0.0627678341525489,0.0443835611696599,2,42 43,base16,runs/a6_optimization_convergence_audit_20260815_000000/a6_seed_mean_curves.csv
a6_optimization_convergence_audit_20260815_000000,extended,emg,16,0.001,53,val_CC,0.8276636545304898,0.0008545523294685,0.0006042597470459,2,42 43,base16,runs/a6_optimization_convergence_audit_20260815_000000/a6_seed_mean_curves.csv
a6_optimization_convergence_audit_20260815_000000,extended,emg,16,0.001,54,train_loss,0.0552246889986452,0.0002347439348872,0.0001659890282012,2,42 43,base16,runs/a6_optimization_convergence_audit_20260815_000000/a6_seed_mean_curves.csv
a6_optimization_convergence_audit_20260815_000000,extended,emg,16,0.001,54,val_SDR,6.789503865771824,0.0766353961081443,0.054189408266986,2,42 43,base16,runs/a6_optimization_convergence_audit_20260815_000000/a6_seed_mean_curves.csv
a6_optimization_convergence_audit_20260815_000000,extended,emg,16,0.001,54,val_CC,0.8269650770558251,0.0037184244418062,0.002629323138131,2,42 43,base16,runs/a6_optimization_convergence_audit_20260815_000000/a6_seed_mean_curves.csv
a6_optimization_convergence_audit_20260815_000000,extended,emg,16,0.001,55,train_loss,0.0551856104994104,0.0002191144660207,0.0001549373247793,2,42 43,base16,runs/a6_optimization_convergence_audit_20260815_000000/a6_seed_mean_curves.csv
a6_optimization_convergence_audit_20260815_000000,extended,emg,16,0.001,55,val_SDR,6.785118526882595,0.0149818746784026,0.0105937851799855,2,42 43,base16,runs/a6_optimization_convergence_audit_20260815_000000/a6_seed_mean_curves.csv
a6_optimization_convergence_audit_20260815_000000,extended,emg,16,0.001,55,val_CC,0.8268724602681619,0.002788352764778,0.0019716631483148,2,42 43,base16,runs/a6_optimization_convergence_audit_20260815_000000/a6_seed_mean_curves.csv
a6_optimization_convergence_audit_20260815_000000,extended,emg,16,0.001,56,train_loss,0.0551649658896383,0.0002523622207115,0.0001784470375804,2,42 43,base16,runs/a6_optimization_convergence_audit_20260815_000000/a6_seed_mean_curves.csv
a6_optimization_convergence_audit_20260815_000000,extended,emg,16,0.001,56,val_SDR,6.770951615439521,0.0804754922576235,0.056904766294691,2,42 43,base16,runs/a6_optimization_convergence_audit_20260815_000000/a6_seed_mean_curves.csv
a6_optimization_convergence_audit_20260815_000000,extended,emg,16,0.001,56,val_CC,0.8272601531611549,0.0036039379913068,0.0025483689926288,2,42 43,base16,runs/a6_optimization_convergence_audit_20260815_000000/a6_seed_mean_curves.csv
a6_optimization_convergence_audit_20260815_000000,extended,emg,16,0.001,57,train_loss,0.0551357293058009,0.0002351631329618,0.0001662854460023,2,42 43,base16,runs/a6_optimization_convergence_audit_20260815_000000/a6_seed_mean_curves.csv
a6_optimization_convergence_audit_20260815_000000,extended,emg,16,0.001,57,val_SDR,6.752788066864014,0.0765801868585839,0.0541503694322376,2,42 43,base16,runs/a6_optimization_convergence_audit_20260815_000000/a6_seed_mean_curves.csv
a6_optimization_convergence_audit_20260815_000000,extended,emg,16,0.001,57,val_CC,0.8264159493976169,0.0042590701655544,0.0030116173956128,2,42 43,base16,runs/a6_optimization_convergence_audit_20260815_000000/a6_seed_mean_curves.csv
a6_optimization_convergence_audit_20260815_000000,extended,emg,16,0.001,58,train_loss,0.055094466908347,0.0002273957447427,0.0001607930731205,2,42 43,base16,runs/a6_optimization_convergence_audit_20260815_000000/a6_seed_mean_curves.csv
a6_optimization_convergence_audit_20260815_000000,extended,emg,16,0.001,58,val_SDR,6.748570292084306,0.0791090102571921,0.0559385176058166,2,42 43,base16,runs/a6_optimization_convergence_audit_20260815_000000/a6_seed_mean_curves.csv
a6_optimization_convergence_audit_20260815_000000,extended,emg,16,0.001,58,val_CC,0.8252605078396973,0.0038817387968028,0.0027448038260142,2,42 43,base16,runs/a6_optimization_convergence_audit_20260815_000000/a6_seed_mean_curves.csv
a6_optimization_convergence_audit_20260815_000000,extended,emg,16,0.001,59,train_loss,0.0550638793302433,0.0002476599495068,0.0001751220297245,2,42 43,base16,runs/a6_optimization_convergence_audit_20260815_000000/a6_seed_mean_curves.csv
a6_optimization_convergence_audit_20260815_000000,extended,emg,16,0.001,59,val_SDR,6.74007972964534,0.0380216898100193,0.0268853946968361,2,42 43,base16,runs/a6_optimization_convergence_audit_20260815_000000/a6_seed_mean_curves.csv
a6_optimization_convergence_audit_20260815_000000,extended,emg,16,0.001,59,val_CC,0.8249147766166263,0.0008537281244309,0.0006036769460748,2,42 43,base16,runs/a6_optimization_convergence_audit_20260815_000000/a6_seed_mean_curves.csv
a6_optimization_convergence_audit_20260815_000000,extended,emg,16,0.001,60,train_loss,0.055035021209291,0.0002313076496446,0.000163559207604,2,42 43,base16,runs/a6_optimization_convergence_audit_20260815_000000/a6_seed_mean_curves.csv
a6_optimization_convergence_audit_20260815_000000,extended,emg,16,0.001,60,val_SDR,6.753165315698695,0.0626771715984184,0.0443194530628345,2,42 43,base16,runs/a6_optimization_convergence_audit_20260815_000000/a6_seed_mean_curves.csv
a6_optimization_convergence_audit_20260815_000000,extended,emg,16,0.001,60,val_CC,0.8260543721693534,0.0011748574511907,0.0008307496706644,2,42 43,base16,runs/a6_optimization_convergence_audit_20260815_000000/a6_seed_mean_curves.csv
a6_optimization_convergence_audit_20260815_000000,extended,emg,16,0.001,61,train_loss,0.0550271628513222,0.0001950533570415,0.0001379235514572,2,42 43,base16,runs/a6_optimization_convergence_audit_20260815_000000/a6_seed_mean_curves.csv
a6_optimization_convergence_audit_20260815_000000,extended,emg,16,0.001,61,val_SDR,6.76358680371885,0.0570889865161232,0.0403680094966181,2,42 43,base16,runs/a6_optimization_convergence_audit_20260815_000000/a6_seed_mean_curves.csv
a6_optimization_convergence_audit_20260815_000000,extended,emg,16,0.001,61,val_CC,0.8265020924585837,0.0032509222321571,0.0022987491554684,2,42 43,base16,runs/a6_optimization_convergence_audit_20260815_000000/a6_seed_mean_curves.csv
a6_optimization_convergence_audit_20260815_000000,extended,emg,16,0.001,62,train_loss,0.0550047488173558,0.0002213122861898,0.0001564914183247,2,42 43,base16,runs/a6_optimization_convergence_audit_20260815_000000/a6_seed_mean_curves.csv
a6_optimization_convergence_audit_20260815_000000,extended,emg,16,0.001,62,val_SDR,6.753115680482653,0.0681462340768779,0.0481866642280861,2,42 43,base16,runs/a6_optimization_convergence_audit_20260815_000000/a6_seed_mean_curves.csv
a6_optimization_convergence_audit_20260815_000000,extended,emg,16,0.001,62,val_CC,0.8266755861264687,0.0028718285007398,0.0020306894072779,2,42 43,base16,runs/a6_optimization_convergence_audit_20260815_000000/a6_seed_mean_curves.csv
a6_optimization_convergence_audit_20260815_000000,extended,emg,16,0.001,63,train_loss,0.0549742823023171,0.0002394043101176,0.0001692844111294,2,42 43,base16,runs/a6_optimization_convergence_audit_20260815_000000/a6_seed_mean_curves.csv
a6_optimization_convergence_audit_20260815_000000,extended,emg,16,0.001,63,val_SDR,6.755083322525024,0.0616028952597078,0.043559824978864,2,42 43,base16,runs/a6_optimization_convergence_audit_20260815_000000/a6_seed_mean_curves.csv
a6_optimization_convergence_audit_20260815_000000,extended,emg,16,0.001,63,val_CC,0.8260883953836229,0.0025755377167026,0.0018211801846821,2,42 43,base16,runs/a6_optimization_convergence_audit_20260815_000000/a6_seed_mean_curves.csv
a6_optimization_convergence_audit_20260815_000000,extended,emg,16,0.001,64,train_loss,0.0549571179296998,0.0002246110547955,0.0001588239999754,2,42 43,base16,runs/a6_optimization_convergence_audit_20260815_000000/a6_seed_mean_curves.csv
a6_optimization_convergence_audit_20260815_000000,extended,emg,16,0.001,64,val_SDR,6.755035947870326,0.0633889350881152,0.0448227458530001,2,42 43,base16,runs/a6_optimization_convergence_audit_20260815_000000/a6_seed_mean_curves.csv
a6_optimization_convergence_audit_20260815_000000,extended,emg,16,0.001,64,val_CC,0.8264354831642575,0.0026985737334723,0.0019081797864702,2,42 43,base16,runs/a6_optimization_convergence_audit_20260815_000000/a6_seed_mean_curves.csv
a6_optimization_convergence_audit_20260815_000000,extended,emg,16,0.001,65,train_loss,0.0549432633888153,0.0002344774940512,0.0001658006260792,2,42 43,base16,runs/a6_optimization_convergence_audit_20260815_000000/a6_seed_mean_curves.csv
a6_optimization_convergence_audit_20260815_000000,extended,emg,16,0.001,65,val_SDR,6.74403824629607,0.050150054256841,0.0354614434418856,2,42 43,base16,runs/a6_optimization_convergence_audit_20260815_000000/a6_seed_mean_curves.csv
a6_optimization_convergence_audit_20260815_000000,extended,emg,16,0.001,65,val_CC,0.8261040934809932,0.0020210038258729,0.0014290655100787,2,42 43,base16,runs/a6_optimization_convergence_audit_20260815_000000/a6_seed_mean_curves.csv
a6_optimization_convergence_audit_20260815_000000,extended,emg,16,0.001,66,train_loss,0.0549313999446375,0.0002363142311306,0.0001670993953233,2,42 43,base16,runs/a6_optimization_convergence_audit_20260815_000000/a6_seed_mean_curves.csv
a6_optimization_convergence_audit_20260815_000000,extended,emg,16,0.001,66,val_SDR,6.761886269957931,0.0653579484348583,0.046215048542729,2,42 43,base16,runs/a6_optimization_convergence_audit_20260815_000000/a6_seed_mean_curves.csv
a6_optimization_convergence_audit_20260815_000000,extended,emg,16,0.001,66,val_CC,0.8266849904148668,0.0025037460237447,0.0017704157917587,2,42 43,base16,runs/a6_optimization_convergence_audit_20260815_000000/a6_seed_mean_curves.csv
a6_optimization_convergence_audit_20260815_000000,extended,emg,16,0.001,67,train_loss,0.0549214517608994,0.0002275834738305,0.0001609258176315,2,42 43,base16,runs/a6_optimization_convergence_audit_20260815_000000/a6_seed_mean_curves.csv
a6_optimization_convergence_audit_20260815_000000,extended,emg,16,0.001,67,val_SDR,6.757760030251962,0.0619510719362503,0.0438060230678982,2,42 43,base16,runs/a6_optimization_convergence_audit_20260815_000000/a6_seed_mean_curves.csv
a6_optimization_convergence_audit_20260815_000000,extended,emg,16,0.001,67,val_CC,0.8263130066571411,0.0024892880937111,0.00176019249139,2,42 43,base16,runs/a6_optimization_convergence_audit_20260815_000000/a6_seed_mean_curves.csv
a6_optimization_convergence_audit_20260815_000000,extended,emg,16,0.001,68,train_loss,0.0548847675323486,0.0002337394726288,0.0001652787661268,2,42 43,base16,runs/a6_optimization_convergence_audit_20260815_000000/a6_seed_mean_curves.csv
a6_optimization_convergence_audit_20260815_000000,extended,emg,16,0.001,68,val_SDR,6.746873105013812,0.0753901471759624,0.0533088843027749,2,42 43,base16,runs/a6_optimization_convergence_audit_20260815_000000/a6_seed_mean_curves.csv
a6_optimization_convergence_audit_20260815_000000,extended,emg,16,0.001,68,val_CC,0.8261120816071827,0.0025876619601243,0.0018297533194224,2,42 43,base16,runs/a6_optimization_convergence_audit_20260815_000000/a6_seed_mean_curves.csv
a6_optimization_convergence_audit_20260815_000000,extended,emg,16,0.001,69,train_loss,0.0548871707082504,0.0002350040411523,0.000166172951105,2,42 43,base16,runs/a6_optimization_convergence_audit_20260815_000000/a6_seed_mean_curves.csv
a6_optimization_convergence_audit_20260815_000000,extended,emg,16,0.001,69,val_SDR,6.755639032081321,0.0693177291461539,0.0490150363356978,2,42 43,base16,runs/a6_optimization_convergence_audit_20260815_000000/a6_seed_mean_curves.csv
a6_optimization_convergence_audit_20260815_000000,extended,emg,16,0.001,69,val_CC,0.8261667015375915,0.0026141052050789,0.0018484515172463,2,42 43,base16,runs/a6_optimization_convergence_audit_20260815_000000/a6_seed_mean_curves.csv
a6_optimization_convergence_audit_20260815_000000,extended,emg,16,0.001,70,train_loss,0.0548868396984679,0.0002178411043601,0.0001540369221142,2,42 43,base16,runs/a6_optimization_convergence_audit_20260815_000000/a6_seed_mean_curves.csv
a6_optimization_convergence_audit_20260815_000000,extended,emg,16,0.001,70,val_SDR,6.742995712492201,0.0778582916006708,0.0550541259624339,2,42 43,base16,runs/a6_optimization_convergence_audit_20260815_000000/a6_seed_mean_curves.csv
a6_optimization_convergence_audit_20260815_000000,extended,emg,16,0.001,70,val_CC,0.8257395790682899,0.0028448482737153,0.0020116115057909,2,42 43,base16,runs/a6_optimization_convergence_audit_20260815_000000/a6_seed_mean_curves.csv
a6_optimization_convergence_audit_20260815_000000,extended,emg,16,0.001,71,train_loss,0.0548871002736545,0.000238669023223,0.0001687644847801,2,42 43,base16,runs/a6_optimization_convergence_audit_20260815_000000/a6_seed_mean_curves.csv
a6_optimization_convergence_audit_20260815_000000,extended,emg,16,0.001,71,val_SDR,6.751910130182901,0.0672388342823599,0.0475450356801352,2,42 43,base16,runs/a6_optimization_convergence_audit_20260815_000000/a6_seed_mean_curves.csv
a6_optimization_convergence_audit_20260815_000000,extended,emg,16,0.001,71,val_CC,0.8260943679897874,0.0025365550038189,0.001793615244053,2,42 43,base16,runs/a6_optimization_convergence_audit_20260815_000000/a6_seed_mean_curves.csv
a6_optimization_convergence_audit_20260815_000000,extended,emg,16,0.001,72,train_loss,0.0548746883957868,0.0002358584430688,0.0001667771044941,2,42 43,base16,runs/a6_optimization_convergence_audit_20260815_000000/a6_seed_mean_curves.csv
a6_optimization_convergence_audit_20260815_000000,extended,emg,16,0.001,72,val_SDR,6.752369006474813,0.069841973501854,0.0493857330746121,2,42 43,base16,runs/a6_optimization_convergence_audit_20260815_000000/a6_seed_mean_curves.csv
a6_optimization_convergence_audit_20260815_000000,extended,emg,16,0.001,72,val_CC,0.8258883412237521,0.0022805269480646,0.0016125760696552,2,42 43,base16,runs/a6_optimization_convergence_audit_20260815_000000/a6_seed_mean_curves.csv
a6_optimization_convergence_audit_20260815_000000,extended,emg,16,0.001,73,train_loss,0.054875689753819,0.0002237933306722,0.0001582457817026,2,42 43,base16,runs/a6_optimization_convergence_audit_20260815_000000/a6_seed_mean_curves.csv
a6_optimization_convergence_audit_20260815_000000,extended,emg,16,0.001,73,val_SDR,6.753332261685972,0.0670452834660421,0.0474081745854126,2,42 43,base16,runs/a6_optimization_convergence_audit_20260815_000000/a6_seed_mean_curves.csv
a6_optimization_convergence_audit_20260815_000000,extended,emg,16,0.001,73,val_CC,0.825965095449377,0.0021528641439252,0.0015223048351429,2,42 43,base16,runs/a6_optimization_convergence_audit_20260815_000000/a6_seed_mean_curves.csv
a6_optimization_convergence_audit_20260815_000000,extended,emg,16,0.001,74,train_loss,0.054878397667337,0.000214310640981,0.0001515405075181,2,42 43,base16,runs/a6_optimization_convergence_audit_20260815_000000/a6_seed_mean_curves.csv
a6_optimization_convergence_audit_20260815_000000,extended,emg,16,0.001,74,val_SDR,6.748874452379015,0.0706347463563775,0.0499463081359863,2,42 43,base16,runs/a6_optimization_convergence_audit_20260815_000000/a6_seed_mean_curves.csv
a6_optimization_convergence_audit_20260815_000000,extended,emg,16,0.001,74,val_CC,0.8258011881951932,0.0027758429557423,0.0019628173775143,2,42 43,base16,runs/a6_optimization_convergence_audit_20260815_000000/a6_seed_mean_curves.csv
a6_optimization_convergence_audit_20260815_000000,extended,emg,16,0.001,75,train_loss,0.0548597979847164,0.0002398224545209,0.0001695800838725,2,42 43,base16,runs/a6_optimization_convergence_audit_20260815_000000/a6_seed_mean_curves.csv
a6_optimization_convergence_audit_20260815_000000,extended,emg,16,0.001,75,val_SDR,6.750317087879887,0.0772853691959353,0.0546490086449518,2,42 43,base16,runs/a6_optimization_convergence_audit_20260815_000000/a6_seed_mean_curves.csv
a6_optimization_convergence_audit_20260815_000000,extended,emg,16,0.001,75,val_CC,0.8260706298881106,0.0029493443601234,0.0020855013970975,2,42 43,base16,runs/a6_optimization_convergence_audit_20260815_000000/a6_seed_mean_curves.csv
a6_optimization_convergence_audit_20260815_000000,extended,eog,4,0.001,1,train_loss,0.1427681714505235,0.0087602794301665,0.0061944529901598,2,42 43,base4,runs/a6_optimization_convergence_audit_20260815_000000/a6_seed_mean_curves.csv
a6_optimization_convergence_audit_20260815_000000,extended,eog,4,0.001,1,val_SDR,0.8468273154326849,0.1412121609568235,0.0998520765985761,2,42 43,base4,runs/a6_optimization_convergence_audit_20260815_000000/a6_seed_mean_curves.csv
a6_optimization_convergence_audit_20260815_000000,extended,eog,4,0.001,1,val_CC,0.6459120916468757,0.0196785231256629,0.0139148171458925,2,42 43,base4,runs/a6_optimization_convergence_audit_20260815_000000/a6_seed_mean_curves.csv
a6_optimization_convergence_audit_20260815_000000,extended,eog,4,0.001,2,train_loss,0.0992869791862006,0.0049944628978087,0.0035316185834251,2,42 43,base4,runs/a6_optimization_convergence_audit_20260815_000000/a6_seed_mean_curves.csv
a6_optimization_convergence_audit_20260815_000000,extended,eog,4,0.001,2,val_SDR,4.0433737550463,0.0632803621303609,0.0447459731783186,2,42 43,base4,runs/a6_optimization_convergence_audit_20260815_000000/a6_seed_mean_curves.csv
a6_optimization_convergence_audit_20260815_000000,extended,eog,4,0.001,2,val_CC,0.8144939754690443,0.0202942072991992,0.0143501716000692,2,42 43,base4,runs/a6_optimization_convergence_audit_20260815_000000/a6_seed_mean_curves.csv
a6_optimization_convergence_audit_20260815_000000,extended,eog,4,0.001,3,train_loss,0.0674172149466298,0.0002099098925413,0.0001484287084541,2,42 43,base4,runs/a6_optimization_convergence_audit_20260815_000000/a6_seed_mean_curves.csv
a6_optimization_convergence_audit_20260815_000000,extended,eog,4,0.001,3,val_SDR,6.397544128554208,0.1472585117183265,0.1041274922234673,2,42 43,base4,runs/a6_optimization_convergence_audit_20260815_000000/a6_seed_mean_curves.csv
a6_optimization_convergence_audit_20260815_000000,extended,eog,4,0.001,3,val_CC,0.8666654995509556,0.002336235938829,0.0016519682747977,2,42 43,base4,runs/a6_optimization_convergence_audit_20260815_000000/a6_seed_mean_curves.csv
a6_optimization_convergence_audit_20260815_000000,extended,eog,4,0.001,4,train_loss,0.0569675508190259,0.0003192414763751,0.0002257378127808,2,42 43,base4,runs/a6_optimization_convergence_audit_20260815_000000/a6_seed_mean_curves.csv
a6_optimization_convergence_audit_20260815_000000,extended,eog,4,0.001,4,val_SDR,6.997495583125523,0.0076751097012278,0.0054271221160888,2,42 43,base4,runs/a6_optimization_convergence_audit_20260815_000000/a6_seed_mean_curves.csv
a6_optimization_convergence_audit_20260815_000000,extended,eog,4,0.001,4,val_CC,0.8783257731369564,0.0018007000187145,0.0012732871941157,2,42 43,base4,runs/a6_optimization_convergence_audit_20260815_000000/a6_seed_mean_curves.csv
a6_optimization_convergence_audit_20260815_000000,extended,eog,4,0.001,5,train_loss,0.0545615786251342,0.0001391225864102,9.837452426692332e-05,2,42 43,base4,runs/a6_optimization_convergence_audit_20260815_000000/a6_seed_mean_curves.csv
a6_optimization_convergence_audit_20260815_000000,extended,eog,4,0.001,5,val_SDR,7.262321523257665,0.0589194879247225,0.0416623694556101,2,42 43,base4,runs/a6_optimization_convergence_audit_20260815_000000/a6_seed_mean_curves.csv
a6_optimization_convergence_audit_20260815_000000,extended,eog,4,0.001,5,val_CC,0.8835774191788265,0.0021911122974492,0.0015493503638676,2,42 43,base4,runs/a6_optimization_convergence_audit_20260815_000000/a6_seed_mean_curves.csv
a6_optimization_convergence_audit_20260815_000000,extended,eog,4,0.001,6,train_loss,0.0533931189538719,0.000114841496485,8.120520092616546e-05,2,42 43,base4,runs/a6_optimization_convergence_audit_20260815_000000/a6_seed_mean_curves.csv
a6_optimization_convergence_audit_20260815_000000,extended,eog,4,0.001,6,val_SDR,7.381665417126247,0.0582251968682239,0.0411714315414428,2,42 43,base4,runs/a6_optimization_convergence_audit_20260815_000000/a6_seed_mean_curves.csv
a6_optimization_convergence_audit_20260815_000000,extended,eog,4,0.001,6,val_CC,0.8860359958239964,0.0016654568028213,0.0011776557990482,2,42 43,base4,runs/a6_optimization_convergence_audit_20260815_000000/a6_seed_mean_curves.csv
a6_optimization_convergence_audit_20260815_000000,extended,eog,4,0.001,7,train_loss,0.0527008250877957,9.021131642430456e-05,6.378903358339114e-05,2,42 43,base4,runs/a6_optimization_convergence_audit_20260815_000000/a6_seed_mean_curves.csv
a6_optimization_convergence_audit_20260815_000000,extended,eog,4,0.001,7,val_SDR,7.467239499092102,0.019371197337789,0.0136975049972534,2,42 43,base4,runs/a6_optimization_convergence_audit_20260815_000000/a6_seed_mean_curves.csv
a6_optimization_convergence_audit_20260815_000000,extended,eog,4,0.001,7,val_CC,0.8880108318158558,0.0012657150181198,0.0008949956723621,2,42 43,base4,runs/a6_optimization_convergence_audit_20260815_000000/a6_seed_mean_curves.csv
a6_optimization_convergence_audit_20260815_000000,extended,eog,4,0.001,8,train_loss,0.052173038248286,9.499911963598756e-05,6.71745217013589e-05,2,42 43,base4,runs/a6_optimization_convergence_audit_20260815_000000/a6_seed_mean_curves.csv
a6_optimization_convergence_audit_20260815_000000,extended,eog,4,0.001,8,val_SDR,7.5283666508538385,0.0123966405105526,0.0087657485689436,2,42 43,base4,runs/a6_optimization_convergence_audit_20260815_000000/a6_seed_mean_curves.csv
a6_optimization_convergence_audit_20260815_000000,extended,eog,4,0.001,8,val_CC,0.8883718954665321,0.0007780217920435,0.0005501444850649,2,42 43,base4,runs/a6_optimization_convergence_audit_20260815_000000/a6_seed_mean_curves.csv
a6_optimization_convergence_audit_20260815_000000,extended,eog,4,0.001,9,train_loss,0.0516831179750021,0.0002063010686376,0.0001458768845997,2,42 43,base4,runs/a6_optimization_convergence_audit_20260815_000000/a6_seed_mean_curves.csv
a6_optimization_convergence_audit_20260815_000000,extended,eog,4,0.001,9,val_SDR,7.628091880253383,0.0053004358365571,0.0037479741232737,2,42 43,base4,runs/a6_optimization_convergence_audit_20260815_000000/a6_seed_mean_curves.csv
a6_optimization_convergence_audit_20260815_000000,extended,eog,4,0.001,9,val_CC,0.8905740891184126,0.0003423347665405,0.0002420672348567,2,42 43,base4,runs/a6_optimization_convergence_audit_20260815_000000/a6_seed_mean_curves.csv
a6_optimization_convergence_audit_20260815_000000,extended,eog,4,0.001,10,train_loss,0.0513940197807327,0.0001709890012356,0.000120907482282,2,42 43,base4,runs/a6_optimization_convergence_audit_20260815_000000/a6_seed_mean_curves.csv
a6_optimization_convergence_audit_20260815_000000,extended,eog,4,0.001,10,val_SDR,7.633933765547615,0.06638256285207,0.0469395603452409,2,42 43,base4,runs/a6_optimization_convergence_audit_20260815_000000/a6_seed_mean_curves.csv
a6_optimization_convergence_audit_20260815_000000,extended,eog,4,0.001,10,val_CC,0.8904741023268019,0.0018894913865702,0.0013360721724374,2,42 43,base4,runs/a6_optimization_convergence_audit_20260815_000000/a6_seed_mean_curves.csv
a6_optimization_convergence_audit_20260815_000000,extended,eog,4,0.001,11,train_loss,0.051144423920696,0.0002775113942185,0.0001962301887084,2,42 43,base4,runs/a6_optimization_convergence_audit_20260815_000000/a6_seed_mean_curves.csv
a6_optimization_convergence_audit_20260815_000000,extended,eog,4,0.001,11,val_SDR,7.722532033920288,0.017478563000516,0.0123592104230612,2,42 43,base4,runs/a6_optimization_convergence_audit_20260815_000000/a6_seed_mean_curves.csv
a6_optimization_convergence_audit_20260815_000000,extended,eog,4,0.001,11,val_CC,0.8922430894204548,0.0002252116850179,0.0001592487096786,2,42 43,base4,runs/a6_optimization_convergence_audit_20260815_000000/a6_seed_mean_curves.csv
a6_optimization_convergence_audit_20260815_000000,extended,eog,4,0.001,12,train_loss,0.0508547768727919,0.0002347764346888,0.0001660120090313,2,42 43,base4,runs/a6_optimization_convergence_audit_20260815_000000/a6_seed_mean_curves.csv
a6_optimization_convergence_audit_20260815_000000,extended,eog,4,0.001,12,val_SDR,7.741749473980494,0.0205242387773934,0.0145128284181867,2,42 43,base4,runs/a6_optimization_convergence_audit_20260815_000000/a6_seed_mean_curves.csv
a6_optimization_convergence_audit_20260815_000000,extended,eog,4,0.001,12,val_CC,0.8924898824521473,0.0002613255132134,0.0001847850424903,2,42 43,base4,runs/a6_optimization_convergence_audit_20260815_000000/a6_seed_mean_curves.csv
a6_optimization_convergence_audit_20260815_000000,extended,eog,4,0.001,13,train_loss,0.0506730955616336,0.0002825152985027,0.0001997684833602,2,42 43,base4,runs/a6_optimization_convergence_audit_20260815_000000/a6_seed_mean_curves.csv
a6_optimization_convergence_audit_20260815_000000,extended,eog,4,0.001,13,val_SDR,7.729977760996137,0.0207354065303896,0.0146621465682983,2,42 43,base4,runs/a6_optimization_convergence_audit_20260815_000000/a6_seed_mean_curves.csv
a6_optimization_convergence_audit_20260815_000000,extended,eog,4,0.001,13,val_CC,0.8927118416343416,0.0013749897543518,0.0009722645793642,2,42 43,base4,runs/a6_optimization_convergence_audit_20260815_000000/a6_seed_mean_curves.csv
a6_optimization_convergence_audit_20260815_000000,extended,eog,4,0.001,14,train_loss,0.0504804263326609,0.0003463155828058,0.0002448820970325,2,42 43,base4,runs/a6_optimization_convergence_audit_20260815_000000/a6_seed_mean_curves.csv
a6_optimization_convergence_audit_20260815_000000,extended,eog,4,0.001,14,val_SDR,7.811370883669172,0.0142990047488536,0.010110923222133,2,42 43,base4,runs/a6_optimization_convergence_audit_20260815_000000/a6_seed_mean_curves.csv
a6_optimization_convergence_audit_20260815_000000,extended,eog,4,0.001,14,val_CC,0.8938438381467546,0.0004051937806053,0.0002865152699606,2,42 43,base4,runs/a6_optimization_convergence_audit_20260815_000000/a6_seed_mean_curves.csv
a6_optimization_convergence_audit_20260815_000000,extended,eog,4,0.001,15,train_loss,0.0503209670570409,0.0002762730351216,0.0001953545365935,2,42 43,base4,runs/a6_optimization_convergence_audit_20260815_000000/a6_seed_mean_curves.csv
a6_optimization_convergence_audit_20260815_000000,extended,eog,4,0.001,15,val_SDR,7.809658663613455,0.0359547780311542,0.0254238673618862,2,42 43,base4,runs/a6_optimization_convergence_audit_20260815_000000/a6_seed_mean_curves.csv
a6_optimization_convergence_audit_20260815_000000,extended,eog,4,0.001,15,val_CC,0.8939015631164824,0.000480940698847,0.0003400764295033,2,42 43,base4,runs/a6_optimization_convergence_audit_20260815_000000/a6_seed_mean_curves.csv
a6_optimization_convergence_audit_20260815_000000,extended,eog,4,0.001,16,train_loss,0.0501835962287454,0.0002542211983659,0.0001797615332859,2,42 43,base4,runs/a6_optimization_convergence_audit_20260815_000000/a6_seed_mean_curves.csv
a6_optimization_convergence_audit_20260815_000000,extended,eog,4,0.001,16,val_SDR,7.867336205073766,0.0359664828130836,0.0254321438925608,2,42 43,base4,runs/a6_optimization_convergence_audit_20260815_000000/a6_seed_mean_curves.csv
a6_optimization_convergence_audit_20260815_000000,extended,eog,4,0.001,16,val_CC,0.8950942158699036,0.0007469083863749,0.0005281439849308,2,42 43,base4,runs/a6_optimization_convergence_audit_20260815_000000/a6_seed_mean_curves.csv
a6_optimization_convergence_audit_20260815_000000,extended,eog,4,0.001,17,train_loss,0.0499890167614288,0.0003205344885115,0.0002266521104306,2,42 43,base4,runs/a6_optimization_convergence_audit_20260815_000000/a6_seed_mean_curves.csv
a6_optimization_convergence_audit_20260815_000000,extended,eog,4,0.001,17,val_SDR,7.871524316923958,0.0188053217077251,0.013297370501927,2,42 43,base4,runs/a6_optimization_convergence_audit_20260815_000000/a6_seed_mean_curves.csv
a6_optimization_convergence_audit_20260815_000000,extended,eog,4,0.001,17,val_CC,0.8955143562385014,0.0004909746592817,0.0003471715109688,2,42 43,base4,runs/a6_optimization_convergence_audit_20260815_000000/a6_seed_mean_curves.csv
a6_optimization_convergence_audit_20260815_000000,extended,eog,4,0.001,18,train_loss,0.0498709960309701,0.0001956018991189,0.0001383114292799,2,42 43,base4,runs/a6_optimization_convergence_audit_20260815_000000/a6_seed_mean_curves.csv
a6_optimization_convergence_audit_20260815_000000,extended,eog,4,0.001,18,val_SDR,7.879878197397504,0.0289269235034862,0.0204544237681796,2,42 43,base4,runs/a6_optimization_convergence_audit_20260815_000000/a6_seed_mean_curves.csv
a6_optimization_convergence_audit_20260815_000000,extended,eog,4,0.001,18,val_CC,0.8951830714941025,0.0005908115119365,0.0004177668264934,2,42 43,base4,runs/a6_optimization_convergence_audit_20260815_000000/a6_seed_mean_curves.csv
a6_optimization_convergence_audit_20260815_000000,extended,eog,4,0.001,19,train_loss,0.0497755954895064,0.0003456734834466,0.0002444280642215,2,42 43,base4,runs/a6_optimization_convergence_audit_20260815_000000/a6_seed_mean_curves.csv
a6_optimization_convergence_audit_20260815_000000,extended,eog,4,0.001,19,val_SDR,7.9238786186490735,0.0239970427590368,0.0169684716633384,2,42 43,base4,runs/a6_optimization_convergence_audit_20260815_000000/a6_seed_mean_curves.csv
a6_optimization_convergence_audit_20260815_000000,extended,eog,4,0.001,19,val_CC,0.8962398916482925,0.0004754796714756,0.0003362149000167,2,42 43,base4,runs/a6_optimization_convergence_audit_20260815_000000/a6_seed_mean_curves.csv
a6_optimization_convergence_audit_20260815_000000,extended,eog,4,0.001,20,train_loss,0.0496592612884869,0.0002325442519194,0.0001644336174581,2,42 43,base4,runs/a6_optimization_convergence_audit_20260815_000000/a6_seed_mean_curves.csv
a6_optimization_convergence_audit_20260815_000000,extended,eog,4,0.001,20,val_SDR,7.884586215019226,0.0313924418896337,0.0221978085381646,2,42 43,base4,runs/a6_optimization_convergence_audit_20260815_000000/a6_seed_mean_curves.csv
a6_optimization_convergence_audit_20260815_000000,extended,eog,4,0.001,20,val_CC,0.8953037708997726,0.0011505818699448,0.0008135842425482,2,42 43,base4,runs/a6_optimization_convergence_audit_20260815_000000/a6_seed_mean_curves.csv
a6_optimization_convergence_audit_20260815_000000,extended,eog,4,0.001,21,train_loss,0.049568613016299,0.000323680829532,0.0002288769095021,2,42 43,base4,runs/a6_optimization_convergence_audit_20260815_000000/a6_seed_mean_curves.csv
a6_optimization_convergence_audit_20260815_000000,extended,eog,4,0.001,21,val_SDR,7.931058968816485,0.02081141536119,0.0147158929279873,2,42 43,base4,runs/a6_optimization_convergence_audit_20260815_000000/a6_seed_mean_curves.csv
a6_optimization_convergence_audit_20260815_000000,extended,eog,4,0.001,21,val_CC,0.8961478705917085,1.9468833522797615e-05,1.3766544205762177e-05,2,42 43,base4,runs/a6_optimization_convergence_audit_20260815_000000/a6_seed_mean_curves.csv
a6_optimization_convergence_audit_20260815_000000,extended,eog,4,0.001,22,train_loss,0.0494783175325839,0.0002911736201273,0.0002058908412946,2,42 43,base4,runs/a6_optimization_convergence_audit_20260815_000000/a6_seed_mean_curves.csv
a6_optimization_convergence_audit_20260815_000000,extended,eog,4,0.001,22,val_SDR,7.94145837851933,0.0752279580749219,0.0531941992895945,2,42 43,base4,runs/a6_optimization_convergence_audit_20260815_000000/a6_seed_mean_curves.csv
a6_optimization_convergence_audit_20260815_000000,extended,eog,4,0.001,22,val_CC,0.896224639245442,0.0017084164834106,0.0012080328805105,2,42 43,base4,runs/a6_optimization_convergence_audit_20260815_000000/a6_seed_mean_curves.csv
a6_optimization_convergence_audit_20260815_000000,extended,eog,4,0.001,23,train_loss,0.0493623347970369,0.0002927391589068,0.0002069978443818,2,42 43,base4,runs/a6_optimization_convergence_audit_20260815_000000/a6_seed_mean_curves.csv
a6_optimization_convergence_audit_20260815_000000,extended,eog,4,0.001,23,val_SDR,7.915034226008824,0.1155378060885761,0.0816975661686485,2,42 43,base4,runs/a6_optimization_convergence_audit_20260815_000000/a6_seed_mean_curves.csv
a6_optimization_convergence_audit_20260815_000000,extended,eog,4,0.001,23,val_CC,0.8957850443465369,0.0019350792242131,0.0013683076415743,2,42 43,base4,runs/a6_optimization_convergence_audit_20260815_000000/a6_seed_mean_curves.csv
a6_optimization_convergence_audit_20260815_000000,extended,eog,4,0.001,24,train_loss,0.0493493676185607,0.0003206630708653,0.000226743031885,2,42 43,base4,runs/a6_optimization_convergence_audit_20260815_000000/a6_seed_mean_curves.csv
a6_optimization_convergence_audit_20260815_000000,extended,eog,4,0.001,24,val_SDR,7.981478929519653,0.0117169683895093,0.0082851478031704,2,42 43,base4,runs/a6_optimization_convergence_audit_20260815_000000/a6_seed_mean_curves.csv
a6_optimization_convergence_audit_20260815_000000,extended,eog,4,0.001,24,val_CC,0.8971701541117258,0.0001342045971262,9.489698069437004e-05,2,42 43,base4,runs/a6_optimization_convergence_audit_20260815_000000/a6_seed_mean_curves.csv
a6_optimization_convergence_audit_20260815_000000,extended,eog,4,0.001,25,train_loss,0.0492521047452899,0.0002540262938101,0.0001796237149528,2,42 43,base4,runs/a6_optimization_convergence_audit_20260815_000000/a6_seed_mean_curves.csv
a6_optimization_convergence_audit_20260815_000000,extended,eog,4,0.001,25,val_SDR,7.966800655637469,0.0030327427153631,0.0021444729396273,2,42 43,base4,runs/a6_optimization_convergence_audit_20260815_000000/a6_seed_mean_curves.csv
a6_optimization_convergence_audit_20260815_000000,extended,eog,4,0.001,25,val_CC,0.8968717881611415,0.0002340835966295,0.0001655220985412,2,42 43,base4,runs/a6_optimization_convergence_audit_20260815_000000/a6_seed_mean_curves.csv
a6_optimization_convergence_audit_20260815_000000,extended,eog,4,0.001,26,train_loss,0.0491297239977344,0.0002358685107402,0.0001667842234127,2,42 43,base4,runs/a6_optimization_convergence_audit_20260815_000000/a6_seed_mean_curves.csv
a6_optimization_convergence_audit_20260815_000000,extended,eog,4,0.001,26,val_SDR,8.001059770584106,0.0255346320444546,0.0180557114737371,2,42 43,base4,runs/a6_optimization_convergence_audit_20260815_000000/a6_seed_mean_curves.csv
a6_optimization_convergence_audit_20260815_000000,extended,eog,4,0.001,26,val_CC,0.8976694260324751,0.0007328554228858,0.0005182070391518,2,42 43,base4,runs/a6_optimization_convergence_audit_20260815_000000/a6_seed_mean_curves.csv
a6_optimization_convergence_audit_20260815_000000,extended,eog,4,0.001,27,train_loss,0.0490620987159069,0.0002585439337533,0.0001828181687916,2,42 43,base4,runs/a6_optimization_convergence_audit_20260815_000000/a6_seed_mean_curves.csv
a6_optimization_convergence_audit_20260815_000000,extended,eog,4,0.001,27,val_SDR,8.016257286071777,0.0257786502553767,0.0182282584054132,2,42 43,base4,runs/a6_optimization_convergence_audit_20260815_000000/a6_seed_mean_curves.csv
a6_optimization_convergence_audit_20260815_000000,extended,eog,4,0.001,27,val_CC,0.8977681079081127,0.0009729148405363,0.0006879546812602,2,42 43,base4,runs/a6_optimization_convergence_audit_20260815_000000/a6_seed_mean_curves.csv
a6_optimization_convergence_audit_20260815_000000,extended,eog,4,0.001,28,train_loss,0.0490179589523054,0.0002735283939417,0.0001934137822033,2,42 43,base4,runs/a6_optimization_convergence_audit_20260815_000000/a6_seed_mean_curves.csv
a6_optimization_convergence_audit_20260815_000000,extended,eog,4,0.001,28,val_SDR,8.028626782553538,0.0285652072076097,0.0201986517224996,2,42 43,base4,runs/a6_optimization_convergence_audit_20260815_000000/a6_seed_mean_curves.csv
a6_optimization_convergence_audit_20260815_000000,extended,eog,4,0.001,28,val_CC,0.8979589279208864,0.0008033640899553,0.0005680641957692,2,42 43,base4,runs/a6_optimization_convergence_audit_20260815_000000/a6_seed_mean_curves.csv
a6_optimization_convergence_audit_20260815_000000,extended,eog,4,0.001,29,train_loss,0.0489337358136321,0.000278480205509,0.0001969152417416,2,42 43,base4,runs/a6_optimization_convergence_audit_20260815_000000/a6_seed_mean_curves.csv
a6_optimization_convergence_audit_20260815_000000,extended,eog,4,0.001,29,val_SDR,8.0370432138443,0.0538862390238105,0.0381033250263755,2,42 43,base4,runs/a6_optimization_convergence_audit_20260815_000000/a6_seed_mean_curves.csv
a6_optimization_convergence_audit_20260815_000000,extended,eog,4,0.001,29,val_CC,0.8981539309024811,0.000908505424544,0.0006424103464398,2,42 43,base4,runs/a6_optimization_convergence_audit_20260815_000000/a6_seed_mean_curves.csv
a6_optimization_convergence_audit_20260815_000000,extended,eog,4,0.001,30,train_loss,0.0488472359307179,0.0002259782800622,0.0001597907742328,2,42 43,base4,runs/a6_optimization_convergence_audit_20260815_000000/a6_seed_mean_curves.csv
a6_optimization_convergence_audit_20260815_000000,extended,eog,4,0.001,30,val_SDR,8.028442008154734,0.0091308859327073,0.0064565113612582,2,42 43,base4,runs/a6_optimization_convergence_audit_20260815_000000/a6_seed_mean_curves.csv
a6_optimization_convergence_audit_20260815_000000,extended,eog,4,0.001,30,val_CC,0.8977090907948357,2.163638573195174e-05,1.529923507143094e-05,2,42 43,base4,runs/a6_optimization_convergence_audit_20260815_000000/a6_seed_mean_curves.csv
a6_optimization_convergence_audit_20260815_000000,extended,eog,4,0.001,31,train_loss,0.0487992079562951,0.0002539562542166,0.0001795741894813,2,42 43,base4,runs/a6_optimization_convergence_audit_20260815_000000/a6_seed_mean_curves.csv
a6_optimization_convergence_audit_20260815_000000,extended,eog,4,0.001,31,val_SDR,8.058836272784642,0.0275656043804976,0.0194918257849554,2,42 43,base4,runs/a6_optimization_convergence_audit_20260815_000000/a6_seed_mean_curves.csv
a6_optimization_convergence_audit_20260815_000000,extended,eog,4,0.001,31,val_CC,0.8985793143510818,0.0004420271157147,0.0003125603709902,2,42 43,base4,runs/a6_optimization_convergence_audit_20260815_000000/a6_seed_mean_curves.csv
a6_optimization_convergence_audit_20260815_000000,extended,eog,4,0.001,32,train_loss,0.0487813080234505,0.0002502612902294,0.0001769614553897,2,42 43,base4,runs/a6_optimization_convergence_audit_20260815_000000/a6_seed_mean_curves.csv
a6_optimization_convergence_audit_20260815_000000,extended,eog,4,0.001,32,val_SDR,8.023812038557871,0.0378391275022058,0.0267563036509921,2,42 43,base4,runs/a6_optimization_convergence_audit_20260815_000000/a6_seed_mean_curves.csv
a6_optimization_convergence_audit_20260815_000000,extended,eog,4,0.001,32,val_CC,0.8975711592606136,0.0010959685857421,0.0007749668189457,2,42 43,base4,runs/a6_optimization_convergence_audit_20260815_000000/a6_seed_mean_curves.csv
a6_optimization_convergence_audit_20260815_000000,extended,eog,4,0.001,33,train_loss,0.0487040306537229,0.0002229530619942,0.0001576516220224,2,42 43,base4,runs/a6_optimization_convergence_audit_20260815_000000/a6_seed_mean_curves.csv
a6_optimization_convergence_audit_20260815_000000,extended,eog,4,0.001,33,val_SDR,8.08095211642129,0.0821968792664138,0.0581219707216531,2,42 43,base4,runs/a6_optimization_convergence_audit_20260815_000000/a6_seed_mean_curves.csv
a6_optimization_convergence_audit_20260815_000000,extended,eog,4,0.001,33,val_CC,0.8988635880606515,0.0015116810155402,0.0010689198970794,2,42 43,base4,runs/a6_optimization_convergence_audit_20260815_000000/a6_seed_mean_curves.csv
a6_optimization_convergence_audit_20260815_000000,extended,eog,4,0.001,34,train_loss,0.0486298352828092,0.0002520387941757,0.0001782183404837,2,42 43,base4,runs/a6_optimization_convergence_audit_20260815_000000/a6_seed_mean_curves.csv
a6_optimization_convergence_audit_20260815_000000,extended,eog,4,0.001,34,val_SDR,8.06190460068839,0.0428002932502069,0.0302643775939941,2,42 43,base4,runs/a6_optimization_convergence_audit_20260815_000000/a6_seed_mean_curves.csv
a6_optimization_convergence_audit_20260815_000000,extended,eog,4,0.001,34,val_CC,0.8984113399471556,0.0008052245722681,0.0005693797554288,2,42 43,base4,runs/a6_optimization_convergence_audit_20260815_000000/a6_seed_mean_curves.csv
a6_optimization_convergence_audit_20260815_000000,extended,eog,4,0.001,35,train_loss,0.0486089127817165,0.0003252248517545,0.000229968698086,2,42 43,base4,runs/a6_optimization_convergence_audit_20260815_000000/a6_seed_mean_curves.csv
a6_optimization_convergence_audit_20260815_000000,extended,eog,4,0.001,35,val_SDR,8.078343425478254,0.0816631074929586,0.0577445370810369,2,42 43,base4,runs/a6_optimization_convergence_audit_20260815_000000/a6_seed_mean_curves.csv
a6_optimization_convergence_audit_20260815_000000,extended,eog,4,0.001,35,val_CC,0.8988889413220542,0.0016621994535293,0.0011753525052751,2,42 43,base4,runs/a6_optimization_convergence_audit_20260815_000000/a6_seed_mean_curves.csv
a6_optimization_convergence_audit_20260815_000000,extended,eog,4,0.001,36,train_loss,0.0485518439281209,0.0002959532007645,0.0002092705151745,2,42 43,base4,runs/a6_optimization_convergence_audit_20260815_000000/a6_seed_mean_curves.csv
a6_optimization_convergence_audit_20260815_000000,extended,eog,4,0.001,36,val_SDR,8.11515544142042,0.0445427403033015,0.0314964737210958,2,42 43,base4,runs/a6_optimization_convergence_audit_20260815_000000/a6_seed_mean_curves.csv
a6_optimization_convergence_audit_20260815_000000,extended,eog,4,0.001,36,val_CC,0.8995222257716315,0.0008774522286591,0.0006204524210521,2,42 43,base4,runs/a6_optimization_convergence_audit_20260815_000000/a6_seed_mean_curves.csv
a6_optimization_convergence_audit_20260815_000000,extended,eog,4,0.001,37,train_loss,0.0485298316577606,0.0002502083851024,0.0001769240458156,2,42 43,base4,runs/a6_optimization_convergence_audit_20260815_000000/a6_seed_mean_curves.csv
a6_optimization_convergence_audit_20260815_000000,extended,eog,4,0.001,37,val_SDR,8.088276522500173,0.0500125101352188,0.0353641850607742,2,42 43,base4,runs/a6_optimization_convergence_audit_20260815_000000/a6_seed_mean_curves.csv
a6_optimization_convergence_audit_20260815_000000,extended,eog,4,0.001,37,val_CC,0.8991313981158393,0.0009543100174079,0.0006747990846633,2,42 43,base4,runs/a6_optimization_convergence_audit_20260815_000000/a6_seed_mean_curves.csv
a6_optimization_convergence_audit_20260815_000000,extended,eog,4,0.001,38,train_loss,0.0484642526047809,0.0002796497559367,0.00019774223878,2,42 43,base4,runs/a6_optimization_convergence_audit_20260815_000000/a6_seed_mean_curves.csv
a6_optimization_convergence_audit_20260815_000000,extended,eog,4,0.001,38,val_SDR,8.103884032794408,0.0672621555385357,0.0475615262985229,2,42 43,base4,runs/a6_optimization_convergence_audit_20260815_000000/a6_seed_mean_curves.csv
a6_optimization_convergence_audit_20260815_000000,extended,eog,4,0.001,38,val_CC,0.8993010286773954,0.0013421874642536,0.0009490698575973,2,42 43,base4,runs/a6_optimization_convergence_audit_20260815_000000/a6_seed_mean_curves.csv
a6_optimization_convergence_audit_20260815_000000,extended,eog,4,0.001,39,train_loss,0.0484215237687681,0.0002775722511165,0.0001962732210337,2,42 43,base4,runs/a6_optimization_convergence_audit_20260815_000000/a6_seed_mean_curves.csv
a6_optimization_convergence_audit_20260815_000000,extended,eog,4,0.001,39,val_SDR,8.13141918182373,0.0574665295111133,0.040634972708565,2,42 43,base4,runs/a6_optimization_convergence_audit_20260815_000000/a6_seed_mean_curves.csv
a6_optimization_convergence_audit_20260815_000000,extended,eog,4,0.001,39,val_CC,0.8996830944504056,0.0012485371668624,0.0008828490972518,2,42 43,base4,runs/a6_optimization_convergence_audit_20260815_000000/a6_seed_mean_curves.csv
a6_optimization_convergence_audit_20260815_000000,extended,eog,4,0.001,40,train_loss,0.0484033747985262,0.0002613575559317,0.0001848077001137,2,42 43,base4,runs/a6_optimization_convergence_audit_20260815_000000/a6_seed_mean_curves.csv
a6_optimization_convergence_audit_20260815_000000,extended,eog,4,0.001,40,val_SDR,8.106284737586975,0.0238274438406283,0.0168485471180499,2,42 43,base4,runs/a6_optimization_convergence_audit_20260815_000000/a6_seed_mean_curves.csv
a6_optimization_convergence_audit_20260815_000000,extended,eog,4,0.001,40,val_CC,0.8994934856891632,0.0008879618463843,0.0006278838430132,2,42 43,base4,runs/a6_optimization_convergence_audit_20260815_000000/a6_seed_mean_curves.csv
a6_optimization_convergence_audit_20260815_000000,extended,eog,4,0.001,41,train_loss,0.0483844536661266,0.0002538467019527,0.0001794967243326,2,42 43,base4,runs/a6_optimization_convergence_audit_20260815_000000/a6_seed_mean_curves.csv
a6_optimization_convergence_audit_20260815_000000,extended,eog,4,0.001,41,val_SDR,8.07932254246303,0.0632879485630935,0.0447513375963488,2,42 43,base4,runs/a6_optimization_convergence_audit_20260815_000000/a6_seed_mean_curves.csv
a6_optimization_convergence_audit_20260815_000000,extended,eog,4,0.001,41,val_CC,0.8986727446317673,0.0008445054350802,0.0005971555198941,2,42 43,base4,runs/a6_optimization_convergence_audit_20260815_000000/a6_seed_mean_curves.csv
a6_optimization_convergence_audit_20260815_000000,extended,eog,4,0.001,42,train_loss,0.0483266387622211,0.0002799604166151,0.0001979619090523,2,42 43,base4,runs/a6_optimization_convergence_audit_20260815_000000/a6_seed_mean_curves.csv
a6_optimization_convergence_audit_20260815_000000,extended,eog,4,0.001,42,val_SDR,8.139112727982658,0.0743765435671747,0.0525921583175659,2,42 43,base4,runs/a6_optimization_convergence_audit_20260815_000000/a6_seed_mean_curves.csv
a6_optimization_convergence_audit_20260815_000000,extended,eog,4,0.001,42,val_CC,0.8999688242162978,0.0013416425657122,0.0009486845561436,2,42 43,base4,runs/a6_optimization_convergence_audit_20260815_000000/a6_seed_mean_curves.csv
a6_optimization_convergence_audit_20260815_000000,extended,eog,4,0.001,43,train_loss,0.0482641781079713,0.0002850343851113,0.0002015497465835,2,42 43,base4,runs/a6_optimization_convergence_audit_20260815_000000/a6_seed_mean_curves.csv
a6_optimization_convergence_audit_20260815_000000,extended,eog,4,0.001,43,val_SDR,8.114392859595164,0.0357859016301491,0.0253044537135531,2,42 43,base4,runs/a6_optimization_convergence_audit_20260815_000000/a6_seed_mean_curves.csv
a6_optimization_convergence_audit_20260815_000000,extended,eog,4,0.001,43,val_CC,0.8996924268347877,0.0004973177599826,0.0003516567604882,2,42 43,base4,runs/a6_optimization_convergence_audit_20260815_000000/a6_seed_mean_curves.csv
a6_optimization_convergence_audit_20260815_000000,extended,eog,4,0.001,44,train_loss,0.0482564658866585,0.000265832211998,0.0001879717597616,2,42 43,base4,runs/a6_optimization_convergence_audit_20260815_000000/a6_seed_mean_curves.csv
a6_optimization_convergence_audit_20260815_000000,extended,eog,4,0.001,44,val_SDR,8.135262727737427,0.0642536171561751,0.0454341684068957,2,42 43,base4,runs/a6_optimization_convergence_audit_20260815_000000/a6_seed_mean_curves.csv
a6_optimization_convergence_audit_20260815_000000,extended,eog,4,0.001,44,val_CC,0.8998817098992211,0.0012140369608671,0.0008584537676402,2,42 43,base4,runs/a6_optimization_convergence_audit_20260815_000000/a6_seed_mean_curves.csv
a6_optimization_convergence_audit_20260815_000000,extended,eog,4,0.001,45,train_loss,0.0482316382890828,0.0002632746959323,0.0001861633228085,2,42 43,base4,runs/a6_optimization_convergence_audit_20260815_000000/a6_seed_mean_curves.csv
a6_optimization_convergence_audit_20260815_000000,extended,eog,4,0.001,45,val_SDR,8.147941061428615,0.0425882825602398,0.0301144633974343,2,42 43,base4,runs/a6_optimization_convergence_audit_20260815_000000/a6_seed_mean_curves.csv
a6_optimization_convergence_audit_20260815_000000,extended,eog,4,0.001,45,val_CC,0.9002222120761871,0.0008650279398159,0.0006116671221596,2,42 43,base4,runs/a6_optimization_convergence_audit_20260815_000000/a6_seed_mean_curves.csv
a6_optimization_convergence_audit_20260815_000000,extended,eog,4,0.001,46,train_loss,0.0481797494342393,0.0002678812824665,0.000189420671385,2,42 43,base4,runs/a6_optimization_convergence_audit_20260815_000000/a6_seed_mean_curves.csv
a6_optimization_convergence_audit_20260815_000000,extended,eog,4,0.001,46,val_SDR,8.13945288317544,0.0448474981439045,0.031711970056806,2,42 43,base4,runs/a6_optimization_convergence_audit_20260815_000000/a6_seed_mean_curves.csv
a6_optimization_convergence_audit_20260815_000000,extended,eog,4,0.001,46,val_CC,0.9000381295170103,0.0006509430228048,0.0004602862255914,2,42 43,base4,runs/a6_optimization_convergence_audit_20260815_000000/a6_seed_mean_curves.csv
a6_optimization_convergence_audit_20260815_000000,extended,eog,4,0.001,47,train_loss,0.0481664052877192,0.0002729561126097,0.0001930091181926,2,42 43,base4,runs/a6_optimization_convergence_audit_20260815_000000/a6_seed_mean_curves.csv
a6_optimization_convergence_audit_20260815_000000,extended,eog,4,0.001,47,val_SDR,8.142750484602793,0.0632599871395955,0.0447315658841818,2,42 43,base4,runs/a6_optimization_convergence_audit_20260815_000000/a6_seed_mean_curves.csv
a6_optimization_convergence_audit_20260815_000000,extended,eog,4,0.001,47,val_CC,0.9001317535127913,0.0011071013747274,0.0007828388895307,2,42 43,base4,runs/a6_optimization_convergence_audit_20260815_000000/a6_seed_mean_curves.csv
a6_optimization_convergence_audit_20260815_000000,extended,eog,4,0.001,48,train_loss,0.0481913867711185,0.0003024729391045,0.0002138806663662,2,42 43,base4,runs/a6_optimization_convergence_audit_20260815_000000/a6_seed_mean_curves.csv
a6_optimization_convergence_audit_20260815_000000,extended,eog,4,0.001,48,val_SDR,8.151874491146632,0.0709845651990179,0.0501936674118041,2,42 43,base4,runs/a6_optimization_convergence_audit_20260815_000000/a6_seed_mean_curves.csv
a6_optimization_convergence_audit_20260815_000000,extended,eog,4,0.001,48,val_CC,0.9003455553736006,0.001119835743956,0.0007918434483664,2,42 43,base4,runs/a6_optimization_convergence_audit_20260815_000000/a6_seed_mean_curves.csv
a6_optimization_convergence_audit_20260815_000000,extended,eog,4,0.001,49,train_loss,0.048140224226028,0.0002684935196018,0.000189853588415,2,42 43,base4,runs/a6_optimization_convergence_audit_20260815_000000/a6_seed_mean_curves.csv
a6_optimization_convergence_audit_20260815_000000,extended,eog,4,0.001,49,val_SDR,8.151679754257202,0.0714688686142786,0.0505361216408868,2,42 43,base4,runs/a6_optimization_convergence_audit_20260815_000000/a6_seed_mean_curves.csv
a6_optimization_convergence_audit_20260815_000000,extended,eog,4,0.001,49,val_CC,0.9001617729663849,0.0014659215800141,0.0010365630899157,2,42 43,base4,runs/a6_optimization_convergence_audit_20260815_000000/a6_seed_mean_curves.csv
a6_optimization_convergence_audit_20260815_000000,extended,eog,4,0.001,50,train_loss,0.048070925853659,0.0002911959490943,0.0002059066302586,2,42 43,base4,runs/a6_optimization_convergence_audit_20260815_000000/a6_seed_mean_curves.csv
a6_optimization_convergence_audit_20260815_000000,extended,eog,4,0.001,50,val_SDR,8.170349070004054,0.0555591558188188,0.0392862558364868,2,42 43,base4,runs/a6_optimization_convergence_audit_20260815_000000/a6_seed_mean_curves.csv
a6_optimization_convergence_audit_20260815_000000,extended,eog,4,0.001,50,val_CC,0.9006114282778331,0.0010098655847235,0.0007140828030449,2,42 43,base4,runs/a6_optimization_convergence_audit_20260815_000000/a6_seed_mean_curves.csv
a6_optimization_convergence_audit_20260815_000000,extended,eog,4,0.001,51,train_loss,0.0480845381166333,0.0003217096027171,0.0002274830416541,2,42 43,base4,runs/a6_optimization_convergence_audit_20260815_000000/a6_seed_mean_curves.csv
a6_optimization_convergence_audit_20260815_000000,extended,eog,4,0.001,51,val_SDR,8.167546766144888,0.0413173262804598,0.0292157615934103,2,42 43,base4,runs/a6_optimization_convergence_audit_20260815_000000/a6_seed_mean_curves.csv
a6_optimization_convergence_audit_20260815_000000,extended,eog,4,0.001,51,val_CC,0.9005962503807885,0.0007785576591174,0.0005505234003067,2,42 43,base4,runs/a6_optimization_convergence_audit_20260815_000000/a6_seed_mean_curves.csv
a6_optimization_convergence_audit_20260815_000000,extended,eog,4,0.001,52,train_loss,0.0480568870797614,0.0002595489834557,0.0001835288462516,2,42 43,base4,runs/a6_optimization_convergence_audit_20260815_000000/a6_seed_mean_curves.csv
a6_optimization_convergence_audit_20260815_000000,extended,eog,4,0.001,52,val_SDR,8.164910963603429,0.0549193666584234,0.0388338565826415,2,42 43,base4,runs/a6_optimization_convergence_audit_20260815_000000/a6_seed_mean_curves.csv
a6_optimization_convergence_audit_20260815_000000,extended,eog,4,0.001,52,val_CC,0.9004243825163161,0.0010153476855192,0.0007179592336927,2,42 43,base4,runs/a6_optimization_convergence_audit_20260815_000000/a6_seed_mean_curves.csv
a6_optimization_convergence_audit_20260815_000000,extended,eog,4,0.001,53,train_loss,0.0480394055109436,0.0003231236147135,0.0002284828991254,2,42 43,base4,runs/a6_optimization_convergence_audit_20260815_000000/a6_seed_mean_curves.csv
a6_optimization_convergence_audit_20260815_000000,extended,eog,4,0.001,53,val_SDR,8.170612505504064,0.0620644375927782,0.0438861846923828,2,42 43,base4,runs/a6_optimization_convergence_audit_20260815_000000/a6_seed_mean_curves.csv
a6_optimization_convergence_audit_20260815_000000,extended,eog,4,0.001,53,val_CC,0.9005728832312992,0.0011270428550515,0.0007969396454947,2,42 43,base4,runs/a6_optimization_convergence_audit_20260815_000000/a6_seed_mean_curves.csv
a6_optimization_convergence_audit_20260815_000000,extended,eog,4,0.001,54,train_loss,0.0480029582455057,0.0003076433628299,0.0002175367080441,2,42 43,base4,runs/a6_optimization_convergence_audit_20260815_000000/a6_seed_mean_curves.csv
a6_optimization_convergence_audit_20260815_000000,extended,eog,4,0.001,54,val_SDR,8.178550277437482,0.0489072993476944,0.0345826830182751,2,42 43,base4,runs/a6_optimization_convergence_audit_20260815_000000/a6_seed_mean_curves.csv
a6_optimization_convergence_audit_20260815_000000,extended,eog,4,0.001,54,val_CC,0.9007452513490404,0.0008752636030257,0.0006189048290252,2,42 43,base4,runs/a6_optimization_convergence_audit_20260815_000000/a6_seed_mean_curves.csv
a6_optimization_convergence_audit_20260815_000000,extended,eog,4,0.001,55,train_loss,0.0480051447297925,0.0002889149724851,0.0002042937362305,2,42 43,base4,runs/a6_optimization_convergence_audit_20260815_000000/a6_seed_mean_curves.csv
a6_optimization_convergence_audit_20260815_000000,extended,eog,4,0.001,55,val_SDR,8.17070026057107,0.0573082741159341,0.0405230692454745,2,42 43,base4,runs/a6_optimization_convergence_audit_20260815_000000/a6_seed_mean_curves.csv
a6_optimization_convergence_audit_20260815_000000,extended,eog,4,0.001,55,val_CC,0.9006838138614381,0.0010245868768105,0.0007244923285075,2,42 43,base4,runs/a6_optimization_convergence_audit_20260815_000000/a6_seed_mean_curves.csv
a6_optimization_convergence_audit_20260815_000000,extended,eog,4,0.001,56,train_loss,0.0479738884474908,0.0002839777104432,0.0002008025647602,2,42 43,base4,runs/a6_optimization_convergence_audit_20260815_000000/a6_seed_mean_curves.csv
a6_optimization_convergence_audit_20260815_000000,extended,eog,4,0.001,56,val_SDR,8.181342993463788,0.0447276565906541,0.0316272292818347,2,42 43,base4,runs/a6_optimization_convergence_audit_20260815_000000/a6_seed_mean_curves.csv
a6_optimization_convergence_audit_20260815_000000,extended,eog,4,0.001,56,val_CC,0.9007864445447922,0.0007344419506833,0.000519328883716,2,42 43,base4,runs/a6_optimization_convergence_audit_20260815_000000/a6_seed_mean_curves.csv
a6_optimization_convergence_audit_20260815_000000,extended,eog,4,0.001,57,train_loss,0.0479381471767882,0.0003063263230509,0.0002166054202852,2,42 43,base4,runs/a6_optimization_convergence_audit_20260815_000000/a6_seed_mean_curves.csv
a6_optimization_convergence_audit_20260815_000000,extended,eog,4,0.001,57,val_SDR,8.17814826965332,0.054642979667845,0.0386384214673718,2,42 43,base4,runs/a6_optimization_convergence_audit_20260815_000000/a6_seed_mean_curves.csv
a6_optimization_convergence_audit_20260815_000000,extended,eog,4,0.001,57,val_CC,0.9007516971656254,0.0009761571373825,0.0006902473313468,2,42 43,base4,runs/a6_optimization_convergence_audit_20260815_000000/a6_seed_mean_curves.csv
a6_optimization_convergence_audit_20260815_000000,extended,eog,4,0.001,58,train_loss,0.0479432365500202,0.0002688298081243,0.0001900913803098,2,42 43,base4,runs/a6_optimization_convergence_audit_20260815_000000/a6_seed_mean_curves.csv
a6_optimization_convergence_audit_20260815_000000,extended,eog,4,0.001,58,val_SDR,8.183236002922058,0.0592543506571189,0.0418991531644543,2,42 43,base4,runs/a6_optimization_convergence_audit_20260815_000000/a6_seed_mean_curves.csv
a6_optimization_convergence_audit_20260815_000000,extended,eog,4,0.001,58,val_CC,0.9009498208761216,0.0011093201052526,0.0007844077689307,2,42 43,base4,runs/a6_optimization_convergence_audit_20260815_000000/a6_seed_mean_curves.csv
a6_optimization_convergence_audit_20260815_000000,extended,eog,4,0.001,59,train_loss,0.0479412141351777,0.0002745915186532,0.000194165524896,2,42 43,base4,runs/a6_optimization_convergence_audit_20260815_000000/a6_seed_mean_curves.csv
a6_optimization_convergence_audit_20260815_000000,extended,eog,4,0.001,59,val_SDR,8.17993836743491,0.0619254011605188,0.0437878710883001,2,42 43,base4,runs/a6_optimization_convergence_audit_20260815_000000/a6_seed_mean_curves.csv
a6_optimization_convergence_audit_20260815_000000,extended,eog,4,0.001,59,val_CC,0.9008301475218364,0.001078474633121,0.0007625967264175,2,42 43,base4,runs/a6_optimization_convergence_audit_20260815_000000/a6_seed_mean_curves.csv
a6_optimization_convergence_audit_20260815_000000,extended,eog,4,0.001,60,train_loss,0.0479198056751879,0.0002946426602659,0.0002083438231009,2,42 43,base4,runs/a6_optimization_convergence_audit_20260815_000000/a6_seed_mean_curves.csv
a6_optimization_convergence_audit_20260815_000000,extended,eog,4,0.001,60,val_SDR,8.192089932305471,0.061538348587708,0.0435141835893899,2,42 43,base4,runs/a6_optimization_convergence_audit_20260815_000000/a6_seed_mean_curves.csv
a6_optimization_convergence_audit_20260815_000000,extended,eog,4,0.001,60,val_CC,0.9009895942040852,0.0010148148289344,0.0007175824471882,2,42 43,base4,runs/a6_optimization_convergence_audit_20260815_000000/a6_seed_mean_curves.csv
a6_optimization_convergence_audit_20260815_000000,extended,eog,4,0.001,61,train_loss,0.0478959530243806,0.0002525293421333,0.0001785652102711,2,42 43,base4,runs/a6_optimization_convergence_audit_20260815_000000/a6_seed_mean_curves.csv
a6_optimization_convergence_audit_20260815_000000,extended,eog,4,0.001,61,val_SDR,8.185773866517202,0.0492081796782369,0.0347954375403274,2,42 43,base4,runs/a6_optimization_convergence_audit_20260815_000000/a6_seed_mean_curves.csv
a6_optimization_convergence_audit_20260815_000000,extended,eog,4,0.001,61,val_CC,0.9008752405643464,0.0008796769801625,0.0006220255579266,2,42 43,base4,runs/a6_optimization_convergence_audit_20260815_000000/a6_seed_mean_curves.csv
a6_optimization_convergence_audit_20260815_000000,extended,eog,4,0.001,62,train_loss,0.0479085635324226,0.0003132168896497,0.0002214777866535,2,42 43,base4,runs/a6_optimization_convergence_audit_20260815_000000/a6_seed_mean_curves.csv
a6_optimization_convergence_audit_20260815_000000,extended,eog,4,0.001,62,val_SDR,8.190615160124642,0.0586685817145585,0.0414849519729614,2,42 43,base4,runs/a6_optimization_convergence_audit_20260815_000000/a6_seed_mean_curves.csv
a6_optimization_convergence_audit_20260815_000000,extended,eog,4,0.001,62,val_CC,0.9009282461234502,0.0010177922027328,0.0007196877683912,2,42 43,base4,runs/a6_optimization_convergence_audit_20260815_000000/a6_seed_mean_curves.csv
a6_optimization_convergence_audit_20260815_000000,extended,eog,4,0.001,63,train_loss,0.0478655221898143,0.0003018480726857,0.0002134388190842,2,42 43,base4,runs/a6_optimization_convergence_audit_20260815_000000/a6_seed_mean_curves.csv
a6_optimization_convergence_audit_20260815_000000,extended,eog,4,0.001,63,val_SDR,8.191783138683864,0.0504032716306973,0.0356404951640536,2,42 43,base4,runs/a6_optimization_convergence_audit_20260815_000000/a6_seed_mean_curves.csv
a6_optimization_convergence_audit_20260815_000000,extended,eog,4,0.001,63,val_CC,0.9009757808276584,0.0008528896474447,0.0006030840533119,2,42 43,base4,runs/a6_optimization_convergence_audit_20260815_000000/a6_seed_mean_curves.csv
a6_optimization_convergence_audit_20260815_000000,extended,eog,4,0.001,64,train_loss,0.0478871209703594,0.0002834575218281,0.000200434735863,2,42 43,base4,runs/a6_optimization_convergence_audit_20260815_000000/a6_seed_mean_curves.csv
a6_optimization_convergence_audit_20260815_000000,extended,eog,4,0.001,64,val_SDR,8.187083210263934,0.0479479889077599,0.0339043481009344,2,42 43,base4,runs/a6_optimization_convergence_audit_20260815_000000/a6_seed_mean_curves.csv
a6_optimization_convergence_audit_20260815_000000,extended,eog,4,0.001,64,val_CC,0.9009037358420235,0.0007645077061174,0.000540588583265,2,42 43,base4,runs/a6_optimization_convergence_audit_20260815_000000/a6_seed_mean_curves.csv
a6_optimization_convergence_audit_20260815_000000,extended,eog,4,0.001,65,train_loss,0.0478601600174034,0.0002584516636667,0.0001827529239877,2,42 43,base4,runs/a6_optimization_convergence_audit_20260815_000000/a6_seed_mean_curves.csv
a6_optimization_convergence_audit_20260815_000000,extended,eog,4,0.001,65,val_SDR,8.193668825285775,0.0555874785010181,0.0393062829971313,2,42 43,base4,runs/a6_optimization_convergence_audit_20260815_000000/a6_seed_mean_curves.csv
a6_optimization_convergence_audit_20260815_000000,extended,eog,4,0.001,65,val_CC,0.9009978622198104,0.0010150616890472,0.0007177570036479,2,42 43,base4,runs/a6_optimization_convergence_audit_20260815_000000/a6_seed_mean_curves.csv
a6_optimization_convergence_audit_20260815_000000,extended,eog,4,0.001,66,train_loss,0.0478226336885557,0.0002523003163555,0.0001784032645905,2,42 43,base4,runs/a6_optimization_convergence_audit_20260815_000000/a6_seed_mean_curves.csv
a6_optimization_convergence_audit_20260815_000000,extended,eog,4,0.001,66,val_SDR,8.193680678095138,0.0609004861403881,0.0430631467274258,2,42 43,base4,runs/a6_optimization_convergence_audit_20260815_000000/a6_seed_mean_curves.csv
a6_optimization_convergence_audit_20260815_000000,extended,eog,4,0.001,66,val_CC,0.9010449584041322,0.0010232743035284,0.0007235641990389,2,42 43,base4,runs/a6_optimization_convergence_audit_20260815_000000/a6_seed_mean_curves.csv
a6_optimization_convergence_audit_20260815_000000,extended,eog,4,0.001,67,train_loss,0.0478746423271493,0.000332056777119,0.0002347995988397,2,42 43,base4,runs/a6_optimization_convergence_audit_20260815_000000/a6_seed_mean_curves.csv
a6_optimization_convergence_audit_20260815_000000,extended,eog,4,0.001,67,val_SDR,8.192008086613246,0.0533985638606696,0.0377584866115023,2,42 43,base4,runs/a6_optimization_convergence_audit_20260815_000000/a6_seed_mean_curves.csv
a6_optimization_convergence_audit_20260815_000000,extended,eog,4,0.001,67,val_CC,0.9009898113352912,0.0010001055788041,0.0007071814366749,2,42 43,base4,runs/a6_optimization_convergence_audit_20260815_000000/a6_seed_mean_curves.csv
a6_optimization_convergence_audit_20260815_000000,extended,eog,4,0.001,68,train_loss,0.0478590126802152,0.0003137413126444,0.0002218486097092,2,42 43,base4,runs/a6_optimization_convergence_audit_20260815_000000/a6_seed_mean_curves.csv
a6_optimization_convergence_audit_20260815_000000,extended,eog,4,0.001,68,val_SDR,8.193525229181562,0.0580459162166145,0.0410446609769543,2,42 43,base4,runs/a6_optimization_convergence_audit_20260815_000000/a6_seed_mean_curves.csv
a6_optimization_convergence_audit_20260815_000000,extended,eog,4,0.001,68,val_CC,0.9010664288486754,0.0010298010440693,0.0007281793015344,2,42 43,base4,runs/a6_optimization_convergence_audit_20260815_000000/a6_seed_mean_curves.csv
a6_optimization_convergence_audit_20260815_000000,extended,eog,4,0.001,69,train_loss,0.0478735122411886,0.0003164489522394,0.0002237632000279,2,42 43,base4,runs/a6_optimization_convergence_audit_20260815_000000/a6_seed_mean_curves.csv
a6_optimization_convergence_audit_20260815_000000,extended,eog,4,0.001,69,val_SDR,8.194794637816294,0.0553971192492296,0.0391716786793301,2,42 43,base4,runs/a6_optimization_convergence_audit_20260815_000000/a6_seed_mean_curves.csv
a6_optimization_convergence_audit_20260815_000000,extended,eog,4,0.001,69,val_CC,0.9010868264096124,0.0009587354365015,0.000677928328514,2,42 43,base4,runs/a6_optimization_convergence_audit_20260815_000000/a6_seed_mean_curves.csv
a6_optimization_convergence_audit_20260815_000000,extended,eog,4,0.001,70,train_loss,0.047852517601764,0.0002485345003647,0.0001757404305667,2,42 43,base4,runs/a6_optimization_convergence_audit_20260815_000000/a6_seed_mean_curves.csv
a6_optimization_convergence_audit_20260815_000000,extended,eog,4,0.001,70,val_SDR,8.195825151034764,0.0554433121951976,0.039204342024667,2,42 43,base4,runs/a6_optimization_convergence_audit_20260815_000000/a6_seed_mean_curves.csv
a6_optimization_convergence_audit_20260815_000000,extended,eog,4,0.001,70,val_CC,0.9010356111185892,0.0008937419856086,0.0006319710186549,2,42 43,base4,runs/a6_optimization_convergence_audit_20260815_000000/a6_seed_mean_curves.csv
a6_optimization_convergence_audit_20260815_000000,extended,eog,4,0.001,71,train_loss,0.0478209347298769,0.0002832766990464,0.0002003068748478,2,42 43,base4,runs/a6_optimization_convergence_audit_20260815_000000/a6_seed_mean_curves.csv
a6_optimization_convergence_audit_20260815_000000,extended,eog,4,0.001,71,val_SDR,8.193947860172816,0.0579392485640127,0.0409692355564663,2,42 43,base4,runs/a6_optimization_convergence_audit_20260815_000000/a6_seed_mean_curves.csv
a6_optimization_convergence_audit_20260815_000000,extended,eog,4,0.001,71,val_CC,0.9010491158281052,0.0009827862345554,0.0006949348109109,2,42 43,base4,runs/a6_optimization_convergence_audit_20260815_000000/a6_seed_mean_curves.csv
a6_optimization_convergence_audit_20260815_000000,extended,eog,4,0.001,72,train_loss,0.0478365388220158,0.0003144225307783,0.0002223303036712,2,42 43,base4,runs/a6_optimization_convergence_audit_20260815_000000/a6_seed_mean_curves.csv
a6_optimization_convergence_audit_20260815_000000,extended,eog,4,0.001,72,val_SDR,8.196967567716325,0.0549255803080898,0.0388382502964566,2,42 43,base4,runs/a6_optimization_convergence_audit_20260815_000000/a6_seed_mean_curves.csv
a6_optimization_convergence_audit_20260815_000000,extended,eog,4,0.001,72,val_CC,0.901050099304744,0.0009754346199794,0.0006897364343915,2,42 43,base4,runs/a6_optimization_convergence_audit_20260815_000000/a6_seed_mean_curves.csv
a6_optimization_convergence_audit_20260815_000000,extended,eog,4,0.001,73,train_loss,0.0478348857679656,0.0002447780147803,0.0001730841941365,2,42 43,base4,runs/a6_optimization_convergence_audit_20260815_000000/a6_seed_mean_curves.csv
a6_optimization_convergence_audit_20260815_000000,extended,eog,4,0.001,73,val_SDR,8.194857324872698,0.0586762644829435,0.0414903845105847,2,42 43,base4,runs/a6_optimization_convergence_audit_20260815_000000/a6_seed_mean_curves.csv
a6_optimization_convergence_audit_20260815_000000,extended,eog,4,0.001,73,val_CC,0.9010461653981888,0.0010282626840986,0.0007270915167672,2,42 43,base4,runs/a6_optimization_convergence_audit_20260815_000000/a6_seed_mean_curves.csv
a6_optimization_convergence_audit_20260815_000000,extended,eog,4,0.001,74,train_loss,0.0478234960932597,0.0002769801765215,0.0001958545610726,2,42 43,base4,runs/a6_optimization_convergence_audit_20260815_000000/a6_seed_mean_curves.csv
a6_optimization_convergence_audit_20260815_000000,extended,eog,4,0.001,74,val_SDR,8.194982716015407,0.0554594484171993,0.0392157520566671,2,42 43,base4,runs/a6_optimization_convergence_audit_20260815_000000/a6_seed_mean_curves.csv
a6_optimization_convergence_audit_20260815_000000,extended,eog,4,0.001,74,val_CC,0.9010761422770364,0.0009527535945021,0.0006736985274723,2,42 43,base4,runs/a6_optimization_convergence_audit_20260815_000000/a6_seed_mean_curves.csv
a6_optimization_convergence_audit_20260815_000000,extended,eog,4,0.001,75,train_loss,0.0478479841671814,0.000316606732118,0.0002238747672499,2,42 43,base4,runs/a6_optimization_convergence_audit_20260815_000000/a6_seed_mean_curves.csv
a6_optimization_convergence_audit_20260815_000000,extended,eog,4,0.001,75,val_SDR,8.19535061291286,0.0560529482959724,0.039635419845581,2,42 43,base4,runs/a6_optimization_convergence_audit_20260815_000000/a6_seed_mean_curves.csv
a6_optimization_convergence_audit_20260815_000000,extended,eog,4,0.001,75,val_CC,0.9011402087552208,0.000980733080935,0.0006934830120631,2,42 43,base4,runs/a6_optimization_convergence_audit_20260815_000000/a6_seed_mean_curves.csv
a6_optimization_convergence_audit_20260815_000000,extended,eog,6,0.001,1,train_loss,0.151709307124403,0.0028195995961295,0.001993757994654,2,42 43,base6,runs/a6_optimization_convergence_audit_20260815_000000/a6_seed_mean_curves.csv
a6_optimization_convergence_audit_20260815_000000,extended,eog,6,0.001,1,val_SDR,0.578240703857903,0.6271633274864058,0.4434714417771569,2,42 43,base6,runs/a6_optimization_convergence_audit_20260815_000000/a6_seed_mean_curves.csv
a6_optimization_convergence_audit_20260815_000000,extended,eog,6,0.001,1,val_CC,0.6753884490047183,0.0292713023921797,0.0206979364156723,2,42 43,base6,runs/a6_optimization_convergence_audit_20260815_000000/a6_seed_mean_curves.csv
a6_optimization_convergence_audit_20260815_000000,extended,eog,6,0.001,2,train_loss,0.0956112300611545,0.0018571895058918,0.0013132312935646,2,42 43,base6,runs/a6_optimization_convergence_audit_20260815_000000/a6_seed_mean_curves.csv
a6_optimization_convergence_audit_20260815_000000,extended,eog,6,0.001,2,val_SDR,4.867939591407776,0.1443322680681712,0.1020583254950384,2,42 43,base6,runs/a6_optimization_convergence_audit_20260815_000000/a6_seed_mean_curves.csv
a6_optimization_convergence_audit_20260815_000000,extended,eog,6,0.001,2,val_CC,0.848608346922057,0.0091893887689298,0.0064978791134697,2,42 43,base6,runs/a6_optimization_convergence_audit_20260815_000000/a6_seed_mean_curves.csv
a6_optimization_convergence_audit_20260815_000000,extended,eog,6,0.001,3,train_loss,0.0603549646509585,0.0004076492424946,0.0002882515437135,2,42 43,base6,runs/a6_optimization_convergence_audit_20260815_000000/a6_seed_mean_curves.csv
a6_optimization_convergence_audit_20260815_000000,extended,eog,6,0.001,3,val_SDR,7.021732977458409,0.0940268252938462,0.0664870057787214,2,42 43,base6,runs/a6_optimization_convergence_audit_20260815_000000/a6_seed_mean_curves.csv
a6_optimization_convergence_audit_20260815_000000,extended,eog,6,0.001,3,val_CC,0.8784732797316143,0.0021598543883001,0.0015272476843425,2,42 43,base6,runs/a6_optimization_convergence_audit_20260815_000000/a6_seed_mean_curves.csv
a6_optimization_convergence_audit_20260815_000000,extended,eog,6,0.001,4,train_loss,0.0539002024925479,8.591411040720336e-05,6.075045006854323e-05,2,42 43,base6,runs/a6_optimization_convergence_audit_20260815_000000/a6_seed_mean_curves.csv
a6_optimization_convergence_audit_20260815_000000,extended,eog,6,0.001,4,val_SDR,7.352892313684736,0.0085974031662131,0.0060792820794239,2,42 43,base6,runs/a6_optimization_convergence_audit_20260815_000000/a6_seed_mean_curves.csv
a6_optimization_convergence_audit_20260815_000000,extended,eog,6,0.001,4,val_CC,0.8855114855936596,0.0001772425504342,0.0001253294093268,2,42 43,base6,runs/a6_optimization_convergence_audit_20260815_000000/a6_seed_mean_curves.csv
a6_optimization_convergence_audit_20260815_000000,extended,eog,6,0.001,5,train_loss,0.0523313251889754,4.067658327329388e-05,2.8762687868045395e-05,2,42 43,base6,runs/a6_optimization_convergence_audit_20260815_000000/a6_seed_mean_curves.csv
a6_optimization_convergence_audit_20260815_000000,extended,eog,6,0.001,5,val_SDR,7.512782147952489,0.0593848373001093,0.0419914211545671,2,42 43,base6,runs/a6_optimization_convergence_audit_20260815_000000/a6_seed_mean_curves.csv
a6_optimization_convergence_audit_20260815_000000,extended,eog,6,0.001,5,val_CC,0.8890470330204283,0.0016662666244106,0.0011782284293855,2,42 43,base6,runs/a6_optimization_convergence_audit_20260815_000000/a6_seed_mean_curves.csv
a6_optimization_convergence_audit_20260815_000000,extended,eog,6,0.001,6,train_loss,0.0514187257319131,0.0001033024919253,7.304589255390652e-05,2,42 43,base6,runs/a6_optimization_convergence_audit_20260815_000000/a6_seed_mean_curves.csv
a6_optimization_convergence_audit_20260815_000000,extended,eog,6,0.001,6,val_SDR,7.666070069585528,0.0584258640349629,0.0413133246558055,2,42 43,base6,runs/a6_optimization_convergence_audit_20260815_000000/a6_seed_mean_curves.csv
a6_optimization_convergence_audit_20260815_000000,extended,eog,6,0.001,6,val_CC,0.8922332801989147,0.0009629681842877,0.0006809213331767,2,42 43,base6,runs/a6_optimization_convergence_audit_20260815_000000/a6_seed_mean_curves.csv
a6_optimization_convergence_audit_20260815_000000,extended,eog,6,0.001,7,train_loss,0.0507186890414385,0.0001043653458335,7.37974437597759e-05,2,42 43,base6,runs/a6_optimization_convergence_audit_20260815_000000/a6_seed_mean_curves.csv
a6_optimization_convergence_audit_20260815_000000,extended,eog,6,0.001,7,val_SDR,7.751206874847412,0.0819277415337805,0.0579316616058349,2,42 43,base6,runs/a6_optimization_convergence_audit_20260815_000000/a6_seed_mean_curves.csv
a6_optimization_convergence_audit_20260815_000000,extended,eog,6,0.001,7,val_CC,0.8931841147797448,0.0024427319935485,0.0017272723572595,2,42 43,base6,runs/a6_optimization_convergence_audit_20260815_000000/a6_seed_mean_curves.csv
a6_optimization_convergence_audit_20260815_000000,extended,eog,6,0.001,8,train_loss,0.0501642232917458,0.0001007345376215,7.123007465188735e-05,2,42 43,base6,runs/a6_optimization_convergence_audit_20260815_000000/a6_seed_mean_curves.csv
a6_optimization_convergence_audit_20260815_000000,extended,eog,6,0.001,8,val_SDR,7.833843197141375,0.0380395297458971,0.0268980094364712,2,42 43,base6,runs/a6_optimization_convergence_audit_20260815_000000/a6_seed_mean_curves.csv
a6_optimization_convergence_audit_20260815_000000,extended,eog,6,0.001,8,val_CC,0.8947868198156357,0.0010424631615576,0.0007371327706745,2,42 43,base6,runs/a6_optimization_convergence_audit_20260815_000000/a6_seed_mean_curves.csv
a6_optimization_convergence_audit_20260815_000000,extended,eog,6,0.001,9,train_loss,0.049687802182319,0.0001821646123192,0.0001288098326631,2,42 43,base6,runs/a6_optimization_convergence_audit_20260815_000000/a6_seed_mean_curves.csv
a6_optimization_convergence_audit_20260815_000000,extended,eog,6,0.001,9,val_SDR,7.928599544933863,0.0885398595477364,0.0626071350915089,2,42 43,base6,runs/a6_optimization_convergence_audit_20260815_000000/a6_seed_mean_curves.csv
a6_optimization_convergence_audit_20260815_000000,extended,eog,6,0.001,9,val_CC,0.8968126199075154,0.0017026092497837,0.001203926546233,2,42 43,base6,runs/a6_optimization_convergence_audit_20260815_000000/a6_seed_mean_curves.csv
a6_optimization_convergence_audit_20260815_000000,extended,eog,6,0.001,10,train_loss,0.0493013026697613,0.0001781289284819,0.000125956173255,2,42 43,base6,runs/a6_optimization_convergence_audit_20260815_000000/a6_seed_mean_curves.csv
a6_optimization_convergence_audit_20260815_000000,extended,eog,6,0.001,10,val_SDR,7.927973457745143,0.0994637928356648,0.0703315223966325,2,42 43,base6,runs/a6_optimization_convergence_audit_20260815_000000/a6_seed_mean_curves.csv
a6_optimization_convergence_audit_20260815_000000,extended,eog,6,0.001,10,val_CC,0.896947368979454,0.0029200269899992,0.0020647708858761,2,42 43,base6,runs/a6_optimization_convergence_audit_20260815_000000/a6_seed_mean_curves.csv
a6_optimization_convergence_audit_20260815_000000,extended,eog,6,0.001,11,train_loss,0.0489804882068778,0.0002128751892137,0.0001505254898394,2,42 43,base6,runs/a6_optimization_convergence_audit_20260815_000000/a6_seed_mean_curves.csv
a6_optimization_convergence_audit_20260815_000000,extended,eog,6,0.001,11,val_SDR,7.994952866009303,0.006934601614848,0.0049035038266862,2,42 43,base6,runs/a6_optimization_convergence_audit_20260815_000000/a6_seed_mean_curves.csv
a6_optimization_convergence_audit_20260815_000000,extended,eog,6,0.001,11,val_CC,0.8978662086384637,0.0006617747628721,0.000467945422445,2,42 43,base6,runs/a6_optimization_convergence_audit_20260815_000000/a6_seed_mean_curves.csv
a6_optimization_convergence_audit_20260815_000000,extended,eog,6,0.001,12,train_loss,0.0486913881151475,0.0001703762717306,0.0001204742170939,2,42 43,base6,runs/a6_optimization_convergence_audit_20260815_000000/a6_seed_mean_curves.csv
a6_optimization_convergence_audit_20260815_000000,extended,eog,6,0.001,12,val_SDR,8.051919051579066,0.0055818322811285,0.0039469514574319,2,42 43,base6,runs/a6_optimization_convergence_audit_20260815_000000/a6_seed_mean_curves.csv
a6_optimization_convergence_audit_20260815_000000,extended,eog,6,0.001,12,val_CC,0.898666765008654,0.0005990391788637,0.0004235846655709,2,42 43,base6,runs/a6_optimization_convergence_audit_20260815_000000/a6_seed_mean_curves.csv
a6_optimization_convergence_audit_20260815_000000,extended,eog,6,0.001,13,train_loss,0.0484840389271484,0.0001333844111542,9.431702163174847e-05,2,42 43,base6,runs/a6_optimization_convergence_audit_20260815_000000/a6_seed_mean_curves.csv
a6_optimization_convergence_audit_20260815_000000,extended,eog,6,0.001,13,val_SDR,8.040590371404376,0.1322515844179701,0.0935159921646118,2,42 43,base6,runs/a6_optimization_convergence_audit_20260815_000000/a6_seed_mean_curves.csv
a6_optimization_convergence_audit_20260815_000000,extended,eog,6,0.001,13,val_CC,0.8983846455812454,0.0029436412671221,0.0020814687013626,2,42 43,base6,runs/a6_optimization_convergence_audit_20260815_000000/a6_seed_mean_curves.csv
a6_optimization_convergence_audit_20260815_000000,extended,eog,6,0.001,14,train_loss,0.0482909806838659,0.0001005399284875,7.109246521352572e-05,2,42 43,base6,runs/a6_optimization_convergence_audit_20260815_000000/a6_seed_mean_curves.csv
a6_optimization_convergence_audit_20260815_000000,extended,eog,6,0.001,14,val_SDR,8.079604727881296,0.0120799129649706,0.008541788373674,2,42 43,base6,runs/a6_optimization_convergence_audit_20260815_000000/a6_seed_mean_curves.csv
a6_optimization_convergence_audit_20260815_000000,extended,eog,6,0.001,14,val_CC,0.8986748265368598,0.0002960183905162,0.0002093166112899,2,42 43,base6,runs/a6_optimization_convergence_audit_20260815_000000/a6_seed_mean_curves.csv
a6_optimization_convergence_audit_20260815_000000,extended,eog,6,0.001,15,train_loss,0.0480238210723221,7.345156795327848e-05,5.193810178854771e-05,2,42 43,base6,runs/a6_optimization_convergence_audit_20260815_000000/a6_seed_mean_curves.csv
a6_optimization_convergence_audit_20260815_000000,extended,eog,6,0.001,15,val_SDR,8.159173386437551,0.0666454387672111,0.0471254416874478,2,42 43,base6,runs/a6_optimization_convergence_audit_20260815_000000/a6_seed_mean_curves.csv
a6_optimization_convergence_audit_20260815_000000,extended,eog,6,0.001,15,val_CC,0.9004782331841332,0.0017787204372161,0.0012577452829906,2,42 43,base6,runs/a6_optimization_convergence_audit_20260815_000000/a6_seed_mean_curves.csv
a6_optimization_convergence_audit_20260815_000000,extended,eog,6,0.001,16,train_loss,0.0478868187866478,0.0001891731753227,0.0001337656350893,2,42 43,base6,runs/a6_optimization_convergence_audit_20260815_000000/a6_seed_mean_curves.csv
a6_optimization_convergence_audit_20260815_000000,extended,eog,6,0.001,16,val_SDR,8.175326296261378,0.0549782036589446,0.0388754606246948,2,42 43,base6,runs/a6_optimization_convergence_audit_20260815_000000/a6_seed_mean_curves.csv
a6_optimization_convergence_audit_20260815_000000,extended,eog,6,0.001,16,val_CC,0.9008393713406154,0.0015536351927436,0.0010985859802791,2,42 43,base6,runs/a6_optimization_convergence_audit_20260815_000000/a6_seed_mean_curves.csv
a6_optimization_convergence_audit_20260815_000000,extended,eog,6,0.001,17,train_loss,0.0476837980204096,1.038929663187738e-05,7.3463421001590526e-06,2,42 43,base6,runs/a6_optimization_convergence_audit_20260815_000000/a6_seed_mean_curves.csv
a6_optimization_convergence_audit_20260815_000000,extended,eog,6,0.001,17,val_SDR,8.192025678498403,0.0760779757156902,0.05379525252751,2,42 43,base6,runs/a6_optimization_convergence_audit_20260815_000000/a6_seed_mean_curves.csv
a6_optimization_convergence_audit_20260815_000000,extended,eog,6,0.001,17,val_CC,0.9011765548161098,0.001524686328795,0.0010781160422733,2,42 43,base6,runs/a6_optimization_convergence_audit_20260815_000000/a6_seed_mean_curves.csv
a6_optimization_convergence_audit_20260815_000000,extended,eog,6,0.001,18,train_loss,0.0475101512552143,6.986258654944002e-06,4.940030870034111e-06,2,42 43,base6,runs/a6_optimization_convergence_audit_20260815_000000/a6_seed_mean_curves.csv
a6_optimization_convergence_audit_20260815_000000,extended,eog,6,0.001,18,val_SDR,8.205782702990941,0.0552976045189174,0.0391013111386984,2,42 43,base6,runs/a6_optimization_convergence_audit_20260815_000000/a6_seed_mean_curves.csv
a6_optimization_convergence_audit_20260815_000000,extended,eog,6,0.001,18,val_CC,0.9011737619127546,0.0018711514864896,0.0013231039047241,2,42 43,base6,runs/a6_optimization_convergence_audit_20260815_000000/a6_seed_mean_curves.csv
a6_optimization_convergence_audit_20260815_000000,extended,eog,6,0.001,19,train_loss,0.0473675291776378,2.0114361885444863e-05,1.4223001688438291e-05,2,42 43,base6,runs/a6_optimization_convergence_audit_20260815_000000/a6_seed_mean_curves.csv
a6_optimization_convergence_audit_20260815_000000,extended,eog,6,0.001,19,val_SDR,8.147978799683708,0.1958360059554452,0.1384769678115844,2,42 43,base6,runs/a6_optimization_convergence_audit_20260815_000000/a6_seed_mean_curves.csv
a6_optimization_convergence_audit_20260815_000000,extended,eog,6,0.001,19,val_CC,0.8998428455420903,0.0045987690815691,0.0032518208026885,2,42 43,base6,runs/a6_optimization_convergence_audit_20260815_000000/a6_seed_mean_curves.csv
a6_optimization_convergence_audit_20260815_000000,extended,eog,6,0.001,20,train_loss,0.0472243014792694,2.3132834488206737e-05,1.6357384134677022e-05,2,42 43,base6,runs/a6_optimization_convergence_audit_20260815_000000/a6_seed_mean_curves.csv
a6_optimization_convergence_audit_20260815_000000,extended,eog,6,0.001,20,val_SDR,8.254048654011317,0.04420693829828,0.0312590258462091,2,42 43,base6,runs/a6_optimization_convergence_audit_20260815_000000/a6_seed_mean_curves.csv
a6_optimization_convergence_audit_20260815_000000,extended,eog,6,0.001,20,val_CC,0.902246619973864,0.0011165904366207,0.0007895486695425,2,42 43,base6,runs/a6_optimization_convergence_audit_20260815_000000/a6_seed_mean_curves.csv
a6_optimization_convergence_audit_20260815_000000,extended,eog,6,0.001,21,train_loss,0.0471210806482584,4.645737312906789e-05,3.2850323575677604e-05,2,42 43,base6,runs/a6_optimization_convergence_audit_20260815_000000/a6_seed_mean_curves.csv
a6_optimization_convergence_audit_20260815_000000,extended,eog,6,0.001,21,val_SDR,8.262008564812795,0.0153831180282074,0.0108775070735385,2,42 43,base6,runs/a6_optimization_convergence_audit_20260815_000000/a6_seed_mean_curves.csv
a6_optimization_convergence_audit_20260815_000000,extended,eog,6,0.001,21,val_CC,0.9023944841963903,0.0002858730419818,0.0002021427665437,2,42 43,base6,runs/a6_optimization_convergence_audit_20260815_000000/a6_seed_mean_curves.csv
a6_optimization_convergence_audit_20260815_000000,extended,eog,6,0.001,22,train_loss,0.0469863761007507,2.54466275396964e-05,1.7993482891647677e-05,2,42 43,base6,runs/a6_optimization_convergence_audit_20260815_000000/a6_seed_mean_curves.csv
a6_optimization_convergence_audit_20260815_000000,extended,eog,6,0.001,22,val_SDR,8.25172563961574,0.111559047253494,0.0788841588156561,2,42 43,base6,runs/a6_optimization_convergence_audit_20260815_000000/a6_seed_mean_curves.csv
a6_optimization_convergence_audit_20260815_000000,extended,eog,6,0.001,22,val_CC,0.9019430045570648,0.0024887262472305,0.0017597952059336,2,42 43,base6,runs/a6_optimization_convergence_audit_20260815_000000/a6_seed_mean_curves.csv
a6_optimization_convergence_audit_20260815_000000,extended,eog,6,0.001,23,train_loss,0.0468990155539223,6.060529715370872e-05,4.28544165932132e-05,2,42 43,base6,runs/a6_optimization_convergence_audit_20260815_000000/a6_seed_mean_curves.csv
a6_optimization_convergence_audit_20260815_000000,extended,eog,6,0.001,23,val_SDR,8.260695815086365,0.052787964403357,0.0373267275946478,2,42 43,base6,runs/a6_optimization_convergence_audit_20260815_000000/a6_seed_mean_curves.csv
a6_optimization_convergence_audit_20260815_000000,extended,eog,6,0.001,23,val_CC,0.9022143802472524,0.000526146204364,0.0003720415490013,2,42 43,base6,runs/a6_optimization_convergence_audit_20260815_000000/a6_seed_mean_curves.csv
a6_optimization_convergence_audit_20260815_000000,extended,eog,6,0.001,24,train_loss,0.0467921417624315,7.536671385643914e-05,5.329231444363425e-05,2,42 43,base6,runs/a6_optimization_convergence_audit_20260815_000000/a6_seed_mean_curves.csv
a6_optimization_convergence_audit_20260815_000000,extended,eog,6,0.001,24,val_SDR,8.297718014035906,0.0482467257700052,0.0341155869620184,2,42 43,base6,runs/a6_optimization_convergence_audit_20260815_000000/a6_seed_mean_curves.csv
a6_optimization_convergence_audit_20260815_000000,extended,eog,6,0.001,24,val_CC,0.9028159912143434,0.0022118937042543,0.001564045037542,2,42 43,base6,runs/a6_optimization_convergence_audit_20260815_000000/a6_seed_mean_curves.csv
a6_optimization_convergence_audit_20260815_000000,extended,eog,6,0.001,25,train_loss,0.046708219414838,3.175282512964361e-05,2.245263797100161e-05,2,42 43,base6,runs/a6_optimization_convergence_audit_20260815_000000/a6_seed_mean_curves.csv
a6_optimization_convergence_audit_20260815_000000,extended,eog,6,0.001,25,val_SDR,8.36779010295868,0.0006233157636056,0.0004407508032659,2,42 43,base6,runs/a6_optimization_convergence_audit_20260815_000000/a6_seed_mean_curves.csv
a6_optimization_convergence_audit_20260815_000000,extended,eog,6,0.001,25,val_CC,0.9042570378099168,0.0006653120876579,0.0004704466887883,2,42 43,base6,runs/a6_optimization_convergence_audit_20260815_000000/a6_seed_mean_curves.csv
a6_optimization_convergence_audit_20260815_000000,extended,eog,6,0.001,26,train_loss,0.0465562250291075,4.880954640066916e-05,3.45135612465526e-05,2,42 43,base6,runs/a6_optimization_convergence_audit_20260815_000000/a6_seed_mean_curves.csv
a6_optimization_convergence_audit_20260815_000000,extended,eog,6,0.001,26,val_SDR,8.291069746017456,0.0254482189630513,0.0179946081978936,2,42 43,base6,runs/a6_optimization_convergence_audit_20260815_000000/a6_seed_mean_curves.csv
a6_optimization_convergence_audit_20260815_000000,extended,eog,6,0.001,26,val_CC,0.9031042520489012,0.0003459262801315,0.0002446068184716,2,42 43,base6,runs/a6_optimization_convergence_audit_20260815_000000/a6_seed_mean_curves.csv
a6_optimization_convergence_audit_20260815_000000,extended,eog,6,0.001,27,train_loss,0.0464608099520485,4.419892243474409e-05,3.125335777474578e-05,2,42 43,base6,runs/a6_optimization_convergence_audit_20260815_000000/a6_seed_mean_curves.csv
a6_optimization_convergence_audit_20260815_000000,extended,eog,6,0.001,27,val_SDR,8.34008547237941,0.0262505504552179,0.0185619422367642,2,42 43,base6,runs/a6_optimization_convergence_audit_20260815_000000/a6_seed_mean_curves.csv
a6_optimization_convergence_audit_20260815_000000,extended,eog,6,0.001,27,val_CC,0.9036782256194524,8.040414500207964e-05,5.685431616647696e-05,2,42 43,base6,runs/a6_optimization_convergence_audit_20260815_000000/a6_seed_mean_curves.csv
a6_optimization_convergence_audit_20260815_000000,extended,eog,6,0.001,28,train_loss,0.0464633692612993,5.419242766271352e-06,3.8319833089266175e-06,2,42 43,base6,runs/a6_optimization_convergence_audit_20260815_000000/a6_seed_mean_curves.csv
a6_optimization_convergence_audit_20260815_000000,extended,eog,6,0.001,28,val_SDR,8.334002937589371,0.0510730693472325,0.0361141136714389,2,42 43,base6,runs/a6_optimization_convergence_audit_20260815_000000/a6_seed_mean_curves.csv
a6_optimization_convergence_audit_20260815_000000,extended,eog,6,0.001,28,val_CC,0.9039389044046402,0.0001983099537112,0.0001402263130459,2,42 43,base6,runs/a6_optimization_convergence_audit_20260815_000000/a6_seed_mean_curves.csv
a6_optimization_convergence_audit_20260815_000000,extended,eog,6,0.001,29,train_loss,0.0463279671270713,8.685943566186955e-06,6.141889596654459e-06,2,42 43,base6,runs/a6_optimization_convergence_audit_20260815_000000/a6_seed_mean_curves.csv
a6_optimization_convergence_audit_20260815_000000,extended,eog,6,0.001,29,val_SDR,8.350005303110397,0.0288011091397032,0.0203654595783779,2,42 43,base6,runs/a6_optimization_convergence_audit_20260815_000000/a6_seed_mean_curves.csv
a6_optimization_convergence_audit_20260815_000000,extended,eog,6,0.001,29,val_CC,0.9039972743817738,0.0004886355091893,0.0003455174820763,2,42 43,base6,runs/a6_optimization_convergence_audit_20260815_000000/a6_seed_mean_curves.csv
a6_optimization_convergence_audit_20260815_000000,extended,eog,6,0.001,30,train_loss,0.0462223886399068,7.03865171744832e-05,4.9770783598180456e-05,2,42 43,base6,runs/a6_optimization_convergence_audit_20260815_000000/a6_seed_mean_curves.csv
a6_optimization_convergence_audit_20260815_000000,extended,eog,6,0.001,30,val_SDR,8.388431072235107,0.0156486672577393,0.0110652787344793,2,42 43,base6,runs/a6_optimization_convergence_audit_20260815_000000/a6_seed_mean_curves.csv
a6_optimization_convergence_audit_20260815_000000,extended,eog,6,0.001,30,val_CC,0.9047962320702416,0.0005343467768886,0.0003778402294431,2,42 43,base6,runs/a6_optimization_convergence_audit_20260815_000000/a6_seed_mean_curves.csv
a6_optimization_convergence_audit_20260815_000000,extended,eog,6,0.001,31,train_loss,0.0461629537917743,5.503984519742491e-05,3.8919047774556986e-05,2,42 43,base6,runs/a6_optimization_convergence_audit_20260815_000000/a6_seed_mean_curves.csv
a6_optimization_convergence_audit_20260815_000000,extended,eog,6,0.001,31,val_SDR,8.36528500488826,0.0677434484646169,0.047901851790292,2,42 43,base6,runs/a6_optimization_convergence_audit_20260815_000000/a6_seed_mean_curves.csv
a6_optimization_convergence_audit_20260815_000000,extended,eog,6,0.001,31,val_CC,0.904036140867642,0.0005284341761403,0.0003736593893595,2,42 43,base6,runs/a6_optimization_convergence_audit_20260815_000000/a6_seed_mean_curves.csv
a6_optimization_convergence_audit_20260815_000000,extended,eog,6,0.001,32,train_loss,0.0460773099248654,7.611258013525339e-05,5.3819721547242176e-05,2,42 43,base6,runs/a6_optimization_convergence_audit_20260815_000000/a6_seed_mean_curves.csv
a6_optimization_convergence_audit_20260815_000000,extended,eog,6,0.001,32,val_SDR,8.391614709581647,0.0081215291206552,0.0057427883148193,2,42 43,base6,runs/a6_optimization_convergence_audit_20260815_000000/a6_seed_mean_curves.csv
a6_optimization_convergence_audit_20260815_000000,extended,eog,6,0.001,32,val_CC,0.9045513719320296,0.0004730231123052,0.0003344778503689,2,42 43,base6,runs/a6_optimization_convergence_audit_20260815_000000/a6_seed_mean_curves.csv
a6_optimization_convergence_audit_20260815_000000,extended,eog,6,0.001,33,train_loss,0.0460714121462307,6.373639933119119e-05,4.506844017549902e-05,2,42 43,base6,runs/a6_optimization_convergence_audit_20260815_000000/a6_seed_mean_curves.csv
a6_optimization_convergence_audit_20260815_000000,extended,eog,6,0.001,33,val_SDR,8.38722368649074,0.0817162847738233,0.0577821390969415,2,42 43,base6,runs/a6_optimization_convergence_audit_20260815_000000/a6_seed_mean_curves.csv
a6_optimization_convergence_audit_20260815_000000,extended,eog,6,0.001,33,val_CC,0.9046753219195774,0.0009233049893498,0.0006528752190726,2,42 43,base6,runs/a6_optimization_convergence_audit_20260815_000000/a6_seed_mean_curves.csv
a6_optimization_convergence_audit_20260815_000000,extended,eog,6,0.001,34,train_loss,0.0459445462013795,0.0001146263555334,8.105307330037724e-05,2,42 43,base6,runs/a6_optimization_convergence_audit_20260815_000000/a6_seed_mean_curves.csv
a6_optimization_convergence_audit_20260815_000000,extended,eog,6,0.001,34,val_SDR,8.397705929619926,0.004468577466519,0.003159761428833,2,42 43,base6,runs/a6_optimization_convergence_audit_20260815_000000/a6_seed_mean_curves.csv
a6_optimization_convergence_audit_20260815_000000,extended,eog,6,0.001,34,val_CC,0.9048246166535786,0.0001317721218693,9.317696094512938e-05,2,42 43,base6,runs/a6_optimization_convergence_audit_20260815_000000/a6_seed_mean_curves.csv
a6_optimization_convergence_audit_20260815_000000,extended,eog,6,0.001,35,train_loss,0.0458835128033272,3.0009097746452276e-05,2.121963651380634e-05,2,42 43,base6,runs/a6_optimization_convergence_audit_20260815_000000/a6_seed_mean_curves.csv
a6_optimization_convergence_audit_20260815_000000,extended,eog,6,0.001,35,val_SDR,8.402907456670489,0.0285036728087825,0.0201551403318127,2,42 43,base6,runs/a6_optimization_convergence_audit_20260815_000000/a6_seed_mean_curves.csv
a6_optimization_convergence_audit_20260815_000000,extended,eog,6,0.001,35,val_CC,0.9047181946890694,0.0001385969008389,9.800280843463848e-05,2,42 43,base6,runs/a6_optimization_convergence_audit_20260815_000000/a6_seed_mean_curves.csv
a6_optimization_convergence_audit_20260815_000000,extended,eog,6,0.001,36,train_loss,0.0458355444857728,1.589352241278906e-05,1.123841747502352e-05,2,42 43,base6,runs/a6_optimization_convergence_audit_20260815_000000/a6_seed_mean_curves.csv
a6_optimization_convergence_audit_20260815_000000,extended,eog,6,0.001,36,val_SDR,8.416927405766078,0.0482168135495197,0.0340944358280728,2,42 43,base6,runs/a6_optimization_convergence_audit_20260815_000000/a6_seed_mean_curves.csv
a6_optimization_convergence_audit_20260815_000000,extended,eog,6,0.001,36,val_CC,0.9046393632888794,0.0014578113221649,0.0010308282715933,2,42 43,base6,runs/a6_optimization_convergence_audit_20260815_000000/a6_seed_mean_curves.csv
a6_optimization_convergence_audit_20260815_000000,extended,eog,6,0.001,37,train_loss,0.0457388590673141,5.041312074146753e-05,3.564745953706788e-05,2,42 43,base6,runs/a6_optimization_convergence_audit_20260815_000000/a6_seed_mean_curves.csv
a6_optimization_convergence_audit_20260815_000000,extended,eog,6,0.001,37,val_SDR,8.387021473475865,0.0443488407162369,0.0313593660082132,2,42 43,base6,runs/a6_optimization_convergence_audit_20260815_000000/a6_seed_mean_curves.csv
a6_optimization_convergence_audit_20260815_000000,extended,eog,6,0.001,37,val_CC,0.90493024459907,0.0001197482280869,8.467478411539052e-05,2,42 43,base6,runs/a6_optimization_convergence_audit_20260815_000000/a6_seed_mean_curves.csv
a6_optimization_convergence_audit_20260815_000000,extended,eog,6,0.001,38,train_loss,0.0457374044633078,1.6243351102825643e-05,1.1485783714001996e-05,2,42 43,base6,runs/a6_optimization_convergence_audit_20260815_000000/a6_seed_mean_curves.csv
a6_optimization_convergence_audit_20260815_000000,extended,eog,6,0.001,38,val_SDR,8.42005705833435,0.0086243530653462,0.0060983385358532,2,42 43,base6,runs/a6_optimization_convergence_audit_20260815_000000/a6_seed_mean_curves.csv
a6_optimization_convergence_audit_20260815_000000,extended,eog,6,0.001,38,val_CC,0.905265171613012,0.0002836814058592,0.0002005930457796,2,42 43,base6,runs/a6_optimization_convergence_audit_20260815_000000/a6_seed_mean_curves.csv
a6_optimization_convergence_audit_20260815_000000,extended,eog,6,0.001,39,train_loss,0.0456569131777108,3.804457166815571e-05,2.6901574613890505e-05,2,42 43,base6,runs/a6_optimization_convergence_audit_20260815_000000/a6_seed_mean_curves.csv
a6_optimization_convergence_audit_20260815_000000,extended,eog,6,0.001,39,val_SDR,8.439834969384329,0.0040449414292007,0.0028602055140902,2,42 43,base6,runs/a6_optimization_convergence_audit_20260815_000000/a6_seed_mean_curves.csv
a6_optimization_convergence_audit_20260815_000000,extended,eog,6,0.001,39,val_CC,0.9054790501083648,0.0007084433661303,0.0005009451082774,2,42 43,base6,runs/a6_optimization_convergence_audit_20260815_000000/a6_seed_mean_curves.csv
a6_optimization_convergence_audit_20260815_000000,extended,eog,6,0.001,40,train_loss,0.0456024429404011,2.591669291671845e-05,1.8325869307340977e-05,2,42 43,base6,runs/a6_optimization_convergence_audit_20260815_000000/a6_seed_mean_curves.csv
a6_optimization_convergence_audit_20260815_000000,extended,eog,6,0.001,40,val_SDR,8.416520033563886,0.032861994119597,0.0232369388852795,2,42 43,base6,runs/a6_optimization_convergence_audit_20260815_000000/a6_seed_mean_curves.csv
a6_optimization_convergence_audit_20260815_000000,extended,eog,6,0.001,40,val_CC,0.904958731361798,0.0009358798026519,0.0006617669548307,2,42 43,base6,runs/a6_optimization_convergence_audit_20260815_000000/a6_seed_mean_curves.csv
a6_optimization_convergence_audit_20260815_000000,extended,eog,6,0.001,41,train_loss,0.045557500080806,1.6747611557291794e-05,1.1842349700839222e-05,2,42 43,base6,runs/a6_optimization_convergence_audit_20260815_000000/a6_seed_mean_curves.csv
a6_optimization_convergence_audit_20260815_000000,extended,eog,6,0.001,41,val_SDR,8.433228782245092,0.0144342840906169,0.0102065801620483,2,42 43,base6,runs/a6_optimization_convergence_audit_20260815_000000/a6_seed_mean_curves.csv
a6_optimization_convergence_audit_20260815_000000,extended,eog,6,0.001,41,val_CC,0.9056847265788488,0.0005303578787259,0.0003750196525028,2,42 43,base6,runs/a6_optimization_convergence_audit_20260815_000000/a6_seed_mean_curves.csv
a6_optimization_convergence_audit_20260815_000000,extended,eog,6,0.001,42,train_loss,0.0455218470681493,3.6369972994437215e-05,2.571745453593816e-05,2,42 43,base6,runs/a6_optimization_convergence_audit_20260815_000000/a6_seed_mean_curves.csv
a6_optimization_convergence_audit_20260815_000000,extended,eog,6,0.001,42,val_SDR,8.45933643409184,0.0118959359502438,0.0084116969789782,2,42 43,base6,runs/a6_optimization_convergence_audit_20260815_000000/a6_seed_mean_curves.csv
a6_optimization_convergence_audit_20260815_000000,extended,eog,6,0.001,42,val_CC,0.9057079936776842,0.0002617198872959,0.0001850639070783,2,42 43,base6,runs/a6_optimization_convergence_audit_20260815_000000/a6_seed_mean_curves.csv
a6_optimization_convergence_audit_20260815_000000,extended,eog,6,0.001,43,train_loss,0.0454830481000592,5.9853202397861753e-05,4.232260529125897e-05,2,42 43,base6,runs/a6_optimization_convergence_audit_20260815_000000/a6_seed_mean_curves.csv
a6_optimization_convergence_audit_20260815_000000,extended,eog,6,0.001,43,val_SDR,8.45359560421535,0.0241451829105739,0.0170732225690564,2,42 43,base6,runs/a6_optimization_convergence_audit_20260815_000000/a6_seed_mean_curves.csv
a6_optimization_convergence_audit_20260815_000000,extended,eog,6,0.001,43,val_CC,0.9055871920926232,8.612407444285503e-05,6.089891706195782e-05,2,42 43,base6,runs/a6_optimization_convergence_audit_20260815_000000/a6_seed_mean_curves.csv
a6_optimization_convergence_audit_20260815_000000,extended,eog,6,0.001,44,train_loss,0.0454331802152027,3.455312870699444e-05,2.443275161992733e-05,2,42 43,base6,runs/a6_optimization_convergence_audit_20260815_000000/a6_seed_mean_curves.csv
a6_optimization_convergence_audit_20260815_000000,extended,eog,6,0.001,44,val_SDR,8.448012675557816,0.0547683364372736,0.0387270620891024,2,42 43,base6,runs/a6_optimization_convergence_audit_20260815_000000/a6_seed_mean_curves.csv
a6_optimization_convergence_audit_20260815_000000,extended,eog,6,0.001,44,val_CC,0.9054202075515474,0.0015688291316317,0.0011093297174998,2,42 43,base6,runs/a6_optimization_convergence_audit_20260815_000000/a6_seed_mean_curves.csv
a6_optimization_convergence_audit_20260815_000000,extended,eog,6,0.001,45,train_loss,0.0453808661898441,5.836673819630693e-06,4.1271516374348505e-06,2,42 43,base6,runs/a6_optimization_convergence_audit_20260815_000000/a6_seed_mean_curves.csv
a6_optimization_convergence_audit_20260815_000000,extended,eog,6,0.001,45,val_SDR,8.459629467555455,0.0098648672785466,0.0069755145481655,2,42 43,base6,runs/a6_optimization_convergence_audit_20260815_000000/a6_seed_mean_curves.csv
a6_optimization_convergence_audit_20260815_000000,extended,eog,6,0.001,45,val_CC,0.9059246246303831,0.0003495749930169,0.0002471868480954,2,42 43,base6,runs/a6_optimization_convergence_audit_20260815_000000/a6_seed_mean_curves.csv
a6_optimization_convergence_audit_20260815_000000,extended,eog,6,0.001,46,train_loss,0.0453409179348811,5.948269417935736e-06,4.2060616417469165e-06,2,42 43,base6,runs/a6_optimization_convergence_audit_20260815_000000/a6_seed_mean_curves.csv
a6_optimization_convergence_audit_20260815_000000,extended,eog,6,0.001,46,val_SDR,8.481212530817304,0.0036558658076614,0.0025850875037054,2,42 43,base6,runs/a6_optimization_convergence_audit_20260815_000000/a6_seed_mean_curves.csv
a6_optimization_convergence_audit_20260815_000000,extended,eog,6,0.001,46,val_CC,0.9060807887996948,0.0005305053926958,0.0003751239606312,2,42 43,base6,runs/a6_optimization_convergence_audit_20260815_000000/a6_seed_mean_curves.csv
a6_optimization_convergence_audit_20260815_000000,extended,eog,6,0.001,47,train_loss,0.0453515065851334,3.3984121633606966e-05,2.403040285979193e-05,2,42 43,base6,runs/a6_optimization_convergence_audit_20260815_000000/a6_seed_mean_curves.csv
a6_optimization_convergence_audit_20260815_000000,extended,eog,6,0.001,47,val_SDR,8.493048906326294,0.000673434387463,0.0004761900220593,2,42 43,base6,runs/a6_optimization_convergence_audit_20260815_000000/a6_seed_mean_curves.csv
a6_optimization_convergence_audit_20260815_000000,extended,eog,6,0.001,47,val_CC,0.9063795017344612,0.0004406543326489,0.0003115896667753,2,42 43,base6,runs/a6_optimization_convergence_audit_20260815_000000/a6_seed_mean_curves.csv
a6_optimization_convergence_audit_20260815_000000,extended,eog,6,0.001,48,train_loss,0.0452753276712147,4.173431653630624e-05,2.9510618231008003e-05,2,42 43,base6,runs/a6_optimization_convergence_audit_20260815_000000/a6_seed_mean_curves.csv
a6_optimization_convergence_audit_20260815_000000,extended,eog,6,0.001,48,val_SDR,8.487895965576172,0.0132833861193079,0.0093927724020819,2,42 43,base6,runs/a6_optimization_convergence_audit_20260815_000000/a6_seed_mean_curves.csv
a6_optimization_convergence_audit_20260815_000000,extended,eog,6,0.001,48,val_CC,0.9061533979007176,0.0002302241495016,0.0001627930573054,2,42 43,base6,runs/a6_optimization_convergence_audit_20260815_000000/a6_seed_mean_curves.csv
a6_optimization_convergence_audit_20260815_000000,extended,eog,6,0.001,49,train_loss,0.0452470852880277,1.3371038453105224e-05,9.454751961696787e-06,2,42 43,base6,runs/a6_optimization_convergence_audit_20260815_000000/a6_seed_mean_curves.csv
a6_optimization_convergence_audit_20260815_000000,extended,eog,6,0.001,49,val_SDR,8.483949712344579,0.0182650231937293,0.0129153217588156,2,42 43,base6,runs/a6_optimization_convergence_audit_20260815_000000/a6_seed_mean_curves.csv
a6_optimization_convergence_audit_20260815_000000,extended,eog,6,0.001,49,val_CC,0.9061715794461114,0.0005772221637809,0.0004081577062606,2,42 43,base6,runs/a6_optimization_convergence_audit_20260815_000000/a6_seed_mean_curves.csv
a6_optimization_convergence_audit_20260815_000000,extended,eog,6,0.001,50,train_loss,0.0451946144697265,2.5686239266655203e-05,1.8162913968632063e-05,2,42 43,base6,runs/a6_optimization_convergence_audit_20260815_000000/a6_seed_mean_curves.csv
a6_optimization_convergence_audit_20260815_000000,extended,eog,6,0.001,50,val_SDR,8.499142289161682,0.0103220522072795,0.0072987931115289,2,42 43,base6,runs/a6_optimization_convergence_audit_20260815_000000/a6_seed_mean_curves.csv
a6_optimization_convergence_audit_20260815_000000,extended,eog,6,0.001,50,val_CC,0.906378584248679,0.0001530111230296,0.0001081952026912,2,42 43,base6,runs/a6_optimization_convergence_audit_20260815_000000/a6_seed_mean_curves.csv
a6_optimization_convergence_audit_20260815_000000,extended,eog,6,0.001,51,train_loss,0.0451916150017598,6.244821241812048e-05,4.415755447383096e-05,2,42 43,base6,runs/a6_optimization_convergence_audit_20260815_000000/a6_seed_mean_curves.csv
a6_optimization_convergence_audit_20260815_000000,extended,eog,6,0.001,51,val_SDR,8.489219903945923,0.0079448495316975,0.0056178569793701,2,42 43,base6,runs/a6_optimization_convergence_audit_20260815_000000/a6_seed_mean_curves.csv
a6_optimization_convergence_audit_20260815_000000,extended,eog,6,0.001,51,val_CC,0.9062535549913132,0.0001045843940905,7.395233426771286e-05,2,42 43,base6,runs/a6_optimization_convergence_audit_20260815_000000/a6_seed_mean_curves.csv
a6_optimization_convergence_audit_20260815_000000,extended,eog,6,0.001,52,train_loss,0.045141363673121,2.6200716392927764e-05,1.852670423338476e-05,2,42 43,base6,runs/a6_optimization_convergence_audit_20260815_000000/a6_seed_mean_curves.csv
a6_optimization_convergence_audit_20260815_000000,extended,eog,6,0.001,52,val_SDR,8.508941599300929,0.0121711669129759,0.0086063146591186,2,42 43,base6,runs/a6_optimization_convergence_audit_20260815_000000/a6_seed_mean_curves.csv
a6_optimization_convergence_audit_20260815_000000,extended,eog,6,0.001,52,val_CC,0.9066342392138071,0.0001910727377241,0.0001351088285446,2,42 43,base6,runs/a6_optimization_convergence_audit_20260815_000000/a6_seed_mean_curves.csv
a6_optimization_convergence_audit_20260815_000000,extended,eog,6,0.001,53,train_loss,0.0451299833812724,2.2005307816593416e-05,1.5560102379210544e-05,2,42 43,base6,runs/a6_optimization_convergence_audit_20260815_000000/a6_seed_mean_curves.csv
a6_optimization_convergence_audit_20260815_000000,extended,eog,6,0.001,53,val_SDR,8.484123638698033,0.0377203215572316,0.0266722951616555,2,42 43,base6,runs/a6_optimization_convergence_audit_20260815_000000/a6_seed_mean_curves.csv
a6_optimization_convergence_audit_20260815_000000,extended,eog,6,0.001,53,val_CC,0.9059725488935196,0.001115320010187,0.0007886503423963,2,42 43,base6,runs/a6_optimization_convergence_audit_20260815_000000/a6_seed_mean_curves.csv
a6_optimization_convergence_audit_20260815_000000,extended,eog,6,0.001,54,train_loss,0.0450923305492256,3.017032421310069e-05,2.133364084168018e-05,2,42 43,base6,runs/a6_optimization_convergence_audit_20260815_000000/a6_seed_mean_curves.csv
a6_optimization_convergence_audit_20260815_000000,extended,eog,6,0.001,54,val_SDR,8.484130467687335,0.0019158993976522,0.0013547454561511,2,42 43,base6,runs/a6_optimization_convergence_audit_20260815_000000/a6_seed_mean_curves.csv
a6_optimization_convergence_audit_20260815_000000,extended,eog,6,0.001,54,val_CC,0.9062367102929524,0.0003263099326388,0.0002307359661374,2,42 43,base6,runs/a6_optimization_convergence_audit_20260815_000000/a6_seed_mean_curves.csv
a6_optimization_convergence_audit_20260815_000000,extended,eog,6,0.001,55,train_loss,0.0450490099317002,7.46924873725108e-08,5.281556432479295e-08,2,42 43,base6,runs/a6_optimization_convergence_audit_20260815_000000/a6_seed_mean_curves.csv
a6_optimization_convergence_audit_20260815_000000,extended,eog,6,0.001,55,val_SDR,8.4964394228799,0.0002280264923999,0.0001612390790661,2,42 43,base6,runs/a6_optimization_convergence_audit_20260815_000000/a6_seed_mean_curves.csv
a6_optimization_convergence_audit_20260815_000000,extended,eog,6,0.001,55,val_CC,0.9064394320760454,8.047639674231673e-05,5.6905405861951135e-05,2,42 43,base6,runs/a6_optimization_convergence_audit_20260815_000000/a6_seed_mean_curves.csv
a6_optimization_convergence_audit_20260815_000000,extended,eog,6,0.001,56,train_loss,0.0450508080283615,6.41533133963354e-06,4.536324293813454e-06,2,42 43,base6,runs/a6_optimization_convergence_audit_20260815_000000/a6_seed_mean_curves.csv
a6_optimization_convergence_audit_20260815_000000,extended,eog,6,0.001,56,val_SDR,8.497528621128627,0.0147482660700658,0.010428598948887,2,42 43,base6,runs/a6_optimization_convergence_audit_20260815_000000/a6_seed_mean_curves.csv
a6_optimization_convergence_audit_20260815_000000,extended,eog,6,0.001,56,val_CC,0.90628377028874,0.0005831618589318,0.00041235770498,2,42 43,base6,runs/a6_optimization_convergence_audit_20260815_000000/a6_seed_mean_curves.csv
a6_optimization_convergence_audit_20260815_000000,extended,eog,6,0.001,57,train_loss,0.0450336112527646,2.0309758811042064e-06,1.4361168179551076e-06,2,42 43,base6,runs/a6_optimization_convergence_audit_20260815_000000/a6_seed_mean_curves.csv
a6_optimization_convergence_audit_20260815_000000,extended,eog,6,0.001,57,val_SDR,8.515864951269968,0.0016158860879944,0.0011426040104458,2,42 43,base6,runs/a6_optimization_convergence_audit_20260815_000000/a6_seed_mean_curves.csv
a6_optimization_convergence_audit_20260815_000000,extended,eog,6,0.001,57,val_CC,0.9066480185304368,0.0003102068260185,0.000219349350248,2,42 43,base6,runs/a6_optimization_convergence_audit_20260815_000000/a6_seed_mean_curves.csv
a6_optimization_convergence_audit_20260815_000000,extended,eog,6,0.001,58,train_loss,0.0449625204064857,9.93530712639723e-06,7.025323042246512e-06,2,42 43,base6,runs/a6_optimization_convergence_audit_20260815_000000/a6_seed_mean_curves.csv
a6_optimization_convergence_audit_20260815_000000,extended,eog,6,0.001,58,val_SDR,8.508907267025538,0.0076601054231579,0.0054165124893188,2,42 43,base6,runs/a6_optimization_convergence_audit_20260815_000000/a6_seed_mean_curves.csv
a6_optimization_convergence_audit_20260815_000000,extended,eog,6,0.001,58,val_CC,0.9066660638366426,0.0001085371663831,7.674736636026358e-05,2,42 43,base6,runs/a6_optimization_convergence_audit_20260815_000000/a6_seed_mean_curves.csv
a6_optimization_convergence_audit_20260815_000000,extended,eog,6,0.001,59,train_loss,0.0449741579522596,2.7174229814369928e-05,1.9215082175262632e-05,2,42 43,base6,runs/a6_optimization_convergence_audit_20260815_000000/a6_seed_mean_curves.csv
a6_optimization_convergence_audit_20260815_000000,extended,eog,6,0.001,59,val_SDR,8.51238945552281,0.011463268445387,0.0081057548522949,2,42 43,base6,runs/a6_optimization_convergence_audit_20260815_000000/a6_seed_mean_curves.csv
a6_optimization_convergence_audit_20260815_000000,extended,eog,6,0.001,59,val_CC,0.9066968836954662,0.0001670972018997,0.0001181555645806,2,42 43,base6,runs/a6_optimization_convergence_audit_20260815_000000/a6_seed_mean_curves.csv
a6_optimization_convergence_audit_20260815_000000,extended,eog,6,0.001,60,train_loss,0.0449689632090174,5.0885795678036016e-05,3.598169119001238e-05,2,42 43,base6,runs/a6_optimization_convergence_audit_20260815_000000/a6_seed_mean_curves.csv
a6_optimization_convergence_audit_20260815_000000,extended,eog,6,0.001,60,val_SDR,8.50446023259844,0.0005430922479541,0.0003840242113382,2,42 43,base6,runs/a6_optimization_convergence_audit_20260815_000000/a6_seed_mean_curves.csv
a6_optimization_convergence_audit_20260815_000000,extended,eog,6,0.001,60,val_CC,0.90653834598405,0.0002832870317767,0.0002003141811915,2,42 43,base6,runs/a6_optimization_convergence_audit_20260815_000000/a6_seed_mean_curves.csv
a6_optimization_convergence_audit_20260815_000000,extended,eog,6,0.001,61,train_loss,0.0449515081872449,2.501252977112353e-05,1.768652941579185e-05,2,42 43,base6,runs/a6_optimization_convergence_audit_20260815_000000/a6_seed_mean_curves.csv
a6_optimization_convergence_audit_20260815_000000,extended,eog,6,0.001,61,val_SDR,8.514165656907217,0.0039446319297448,0.0027892759868075,2,42 43,base6,runs/a6_optimization_convergence_audit_20260815_000000/a6_seed_mean_curves.csv
a6_optimization_convergence_audit_20260815_000000,extended,eog,6,0.001,61,val_CC,0.906647624714034,0.0003460587416554,0.0002447004829134,2,42 43,base6,runs/a6_optimization_convergence_audit_20260815_000000/a6_seed_mean_curves.csv
a6_optimization_convergence_audit_20260815_000000,extended,eog,6,0.001,62,train_loss,0.0449233304569932,3.212936487729672e-05,2.27188917799534e-05,2,42 43,base6,runs/a6_optimization_convergence_audit_20260815_000000/a6_seed_mean_curves.csv
a6_optimization_convergence_audit_20260815_000000,extended,eog,6,0.001,62,val_SDR,8.512622288295201,0.001312765953504,0.0009282657078335,2,42 43,base6,runs/a6_optimization_convergence_audit_20260815_000000/a6_seed_mean_curves.csv
a6_optimization_convergence_audit_20260815_000000,extended,eog,6,0.001,62,val_CC,0.9067186138459614,0.0002631077228075,0.0001860452549797,2,42 43,base6,runs/a6_optimization_convergence_audit_20260815_000000/a6_seed_mean_curves.csv
a6_optimization_convergence_audit_20260815_000000,extended,eog,6,0.001,63,train_loss,0.0449148676070933,2.792462589466341e-05,1.974569233221396e-05,2,42 43,base6,runs/a6_optimization_convergence_audit_20260815_000000/a6_seed_mean_curves.csv
a6_optimization_convergence_audit_20260815_000000,extended,eog,6,0.001,63,val_SDR,8.500443066869463,0.0149410577971119,0.0105649232864379,2,42 43,base6,runs/a6_optimization_convergence_audit_20260815_000000/a6_seed_mean_curves.csv
a6_optimization_convergence_audit_20260815_000000,extended,eog,6,0.001,63,val_CC,0.9064484536647796,0.0004717015075556,0.0003335433346884,2,42 43,base6,runs/a6_optimization_convergence_audit_20260815_000000/a6_seed_mean_curves.csv
a6_optimization_convergence_audit_20260815_000000,extended,eog,6,0.001,64,train_loss,0.0448983392599865,2.564086739643584e-05,1.813083121152484e-05,2,42 43,base6,runs/a6_optimization_convergence_audit_20260815_000000/a6_seed_mean_curves.csv
a6_optimization_convergence_audit_20260815_000000,extended,eog,6,0.001,64,val_SDR,8.518201964242117,0.0009411511692055,0.0006654943738668,2,42 43,base6,runs/a6_optimization_convergence_audit_20260815_000000/a6_seed_mean_curves.csv
a6_optimization_convergence_audit_20260815_000000,extended,eog,6,0.001,64,val_CC,0.9067503405468804,0.0003037854525989,0.0002148087535585,2,42 43,base6,runs/a6_optimization_convergence_audit_20260815_000000/a6_seed_mean_curves.csv
a6_optimization_convergence_audit_20260815_000000,extended,eog,6,0.001,65,train_loss,0.0448747099351103,2.6175556299946808e-05,1.850891336102264e-05,2,42 43,base6,runs/a6_optimization_convergence_audit_20260815_000000/a6_seed_mean_curves.csv
a6_optimization_convergence_audit_20260815_000000,extended,eog,6,0.001,65,val_SDR,8.518127799034119,0.0001538721229352,0.0001088040215631,2,42 43,base6,runs/a6_optimization_convergence_audit_20260815_000000/a6_seed_mean_curves.csv
a6_optimization_convergence_audit_20260815_000000,extended,eog,6,0.001,65,val_CC,0.9067517284836089,0.0003046283895691,0.0002154048000063,2,42 43,base6,runs/a6_optimization_convergence_audit_20260815_000000/a6_seed_mean_curves.csv
a6_optimization_convergence_audit_20260815_000000,extended,eog,6,0.001,66,train_loss,0.0448611012581631,2.6886808987058552e-05,1.901184495921651e-05,2,42 43,base6,runs/a6_optimization_convergence_audit_20260815_000000/a6_seed_mean_curves.csv
a6_optimization_convergence_audit_20260815_000000,extended,eog,6,0.001,66,val_SDR,8.521816764559064,0.0047767070550041,0.003377641950335,2,42 43,base6,runs/a6_optimization_convergence_audit_20260815_000000/a6_seed_mean_curves.csv
a6_optimization_convergence_audit_20260815_000000,extended,eog,6,0.001,66,val_CC,0.9068220385483332,0.0002701793618899,0.000191045658929,2,42 43,base6,runs/a6_optimization_convergence_audit_20260815_000000/a6_seed_mean_curves.csv
a6_optimization_convergence_audit_20260815_000000,extended,eog,6,0.001,67,train_loss,0.0449018991752484,2.9828521149592305e-05,2.109194957764307e-05,2,42 43,base6,runs/a6_optimization_convergence_audit_20260815_000000/a6_seed_mean_curves.csv
a6_optimization_convergence_audit_20260815_000000,extended,eog,6,0.001,67,val_SDR,8.513548936162675,0.0030608486423419,0.0021643468311856,2,42 43,base6,runs/a6_optimization_convergence_audit_20260815_000000/a6_seed_mean_curves.csv
a6_optimization_convergence_audit_20260815_000000,extended,eog,6,0.001,67,val_CC,0.9067244763885224,0.0002552142201793,0.000180463705744,2,42 43,base6,runs/a6_optimization_convergence_audit_20260815_000000/a6_seed_mean_curves.csv
a6_optimization_convergence_audit_20260815_000000,extended,eog,6,0.001,68,train_loss,0.0448797405566846,4.602128126311553e-05,3.254196006004239e-05,2,42 43,base6,runs/a6_optimization_convergence_audit_20260815_000000/a6_seed_mean_curves.csv
a6_optimization_convergence_audit_20260815_000000,extended,eog,6,0.001,68,val_SDR,8.52029492173876,0.0049031235166236,0.0034670318875997,2,42 43,base6,runs/a6_optimization_convergence_audit_20260815_000000/a6_seed_mean_curves.csv
a6_optimization_convergence_audit_20260815_000000,extended,eog,6,0.001,68,val_CC,0.9068972425801414,0.0001435100191795,0.0001014769077301,2,42 43,base6,runs/a6_optimization_convergence_audit_20260815_000000/a6_seed_mean_curves.csv
a6_optimization_convergence_audit_20260815_000000,extended,eog,6,0.001,69,train_loss,0.0448328004018447,3.136535477408986e-05,2.2178655055080796e-05,2,42 43,base6,runs/a6_optimization_convergence_audit_20260815_000000/a6_seed_mean_curves.csv
a6_optimization_convergence_audit_20260815_000000,extended,eog,6,0.001,69,val_SDR,8.523612873894828,0.0009552161746509,0.0006754398345947,2,42 43,base6,runs/a6_optimization_convergence_audit_20260815_000000/a6_seed_mean_curves.csv
a6_optimization_convergence_audit_20260815_000000,extended,eog,6,0.001,69,val_CC,0.9068759850093296,0.0003053177915912,0.000215892280851,2,42 43,base6,runs/a6_optimization_convergence_audit_20260815_000000/a6_seed_mean_curves.csv
a6_optimization_convergence_audit_20260815_000000,extended,eog,6,0.001,70,train_loss,0.0448469684990209,3.373741978260332e-05,2.385595830801598e-05,2,42 43,base6,runs/a6_optimization_convergence_audit_20260815_000000/a6_seed_mean_curves.csv
a6_optimization_convergence_audit_20260815_000000,extended,eog,6,0.001,70,val_SDR,8.524892841066634,0.0015289431604944,0.0010811260768344,2,42 43,base6,runs/a6_optimization_convergence_audit_20260815_000000/a6_seed_mean_curves.csv
a6_optimization_convergence_audit_20260815_000000,extended,eog,6,0.001,70,val_CC,0.9068686323506492,0.0002622437124131,0.0001854343073708,2,42 43,base6,runs/a6_optimization_convergence_audit_20260815_000000/a6_seed_mean_curves.csv
a6_optimization_convergence_audit_20260815_000000,extended,eog,6,0.001,71,train_loss,0.0448508745007147,5.907870481949326e-06,4.1774952801582055e-06,2,42 43,base6,runs/a6_optimization_convergence_audit_20260815_000000/a6_seed_mean_curves.csv
a6_optimization_convergence_audit_20260815_000000,extended,eog,6,0.001,71,val_SDR,8.520473582404,0.0002404056239061,0.0001699924468994,2,42 43,base6,runs/a6_optimization_convergence_audit_20260815_000000/a6_seed_mean_curves.csv
a6_optimization_convergence_audit_20260815_000000,extended,eog,6,0.001,71,val_CC,0.9068356837545122,0.0002708717744011,0.000191535268511,2,42 43,base6,runs/a6_optimization_convergence_audit_20260815_000000/a6_seed_mean_curves.csv
a6_optimization_convergence_audit_20260815_000000,extended,eog,6,0.001,72,train_loss,0.0448327221011168,2.824328758106564e-05,1.997102017157332e-05,2,42 43,base6,runs/a6_optimization_convergence_audit_20260815_000000/a6_seed_mean_curves.csv
a6_optimization_convergence_audit_20260815_000000,extended,eog,6,0.001,72,val_SDR,8.518407770565577,0.0040173171804908,0.0028406722205023,2,42 43,base6,runs/a6_optimization_convergence_audit_20260815_000000/a6_seed_mean_curves.csv
a6_optimization_convergence_audit_20260815_000000,extended,eog,6,0.001,72,val_CC,0.906845999615533,0.0002521465317055,0.0001782945224216,2,42 43,base6,runs/a6_optimization_convergence_audit_20260815_000000/a6_seed_mean_curves.csv
a6_optimization_convergence_audit_20260815_000000,extended,eog,6,0.001,73,train_loss,0.0448163403807399,6.564273181610118e-07,4.641642080277508e-07,2,42 43,base6,runs/a6_optimization_convergence_audit_20260815_000000/a6_seed_mean_curves.csv
a6_optimization_convergence_audit_20260815_000000,extended,eog,6,0.001,73,val_SDR,8.520790355546133,0.00245186280723,0.0017337288175314,2,42 43,base6,runs/a6_optimization_convergence_audit_20260815_000000/a6_seed_mean_curves.csv
a6_optimization_convergence_audit_20260815_000000,extended,eog,6,0.001,73,val_CC,0.906843860234533,0.0002659676875279,0.0001880675554275,2,42 43,base6,runs/a6_optimization_convergence_audit_20260815_000000/a6_seed_mean_curves.csv
a6_optimization_convergence_audit_20260815_000000,extended,eog,6,0.001,74,train_loss,0.0448375578412664,4.302274963424175e-05,3.04216780116634e-05,2,42 43,base6,runs/a6_optimization_convergence_audit_20260815_000000/a6_seed_mean_curves.csv
a6_optimization_convergence_audit_20260815_000000,extended,eog,6,0.001,74,val_SDR,8.523352674075536,0.0015198635251293,0.001074705805097,2,42 43,base6,runs/a6_optimization_convergence_audit_20260815_000000/a6_seed_mean_curves.csv
a6_optimization_convergence_audit_20260815_000000,extended,eog,6,0.001,74,val_CC,0.9068385809659958,0.0002970118519454,0.0002100190946033,2,42 43,base6,runs/a6_optimization_convergence_audit_20260815_000000/a6_seed_mean_curves.csv
a6_optimization_convergence_audit_20260815_000000,extended,eog,6,0.001,75,train_loss,0.0448415341882783,5.289963709269728e-05,3.740569211055367e-05,2,42 43,base6,runs/a6_optimization_convergence_audit_20260815_000000/a6_seed_mean_curves.csv
a6_optimization_convergence_audit_20260815_000000,extended,eog,6,0.001,75,val_SDR,8.518700105803354,0.0062696929327408,0.0044333423886984,2,42 43,base6,runs/a6_optimization_convergence_audit_20260815_000000/a6_seed_mean_curves.csv
a6_optimization_convergence_audit_20260815_000000,extended,eog,6,0.001,75,val_CC,0.9068088765655246,0.000161864971706,0.0001144558191299,2,42 43,base6,runs/a6_optimization_convergence_audit_20260815_000000/a6_seed_mean_curves.csv
a6_optimization_convergence_audit_20260815_000000,extended,eog,16,0.001,1,train_loss,0.089229074141411,0.0152919241563435,0.0108130232683409,2,42 43,base16,runs/a6_optimization_convergence_audit_20260815_000000/a6_seed_mean_curves.csv
a6_optimization_convergence_audit_20260815_000000,extended,eog,16,0.001,1,val_SDR,5.792407665933881,1.2535659361554818,0.8864049741200039,2,42 43,base16,runs/a6_optimization_convergence_audit_20260815_000000/a6_seed_mean_curves.csv
a6_optimization_convergence_audit_20260815_000000,extended,eog,16,0.001,1,val_CC,0.8647548875638417,0.0075108423591566,0.0053109675645828,2,42 43,base16,runs/a6_optimization_convergence_audit_20260815_000000/a6_seed_mean_curves.csv
a6_optimization_convergence_audit_20260815_000000,extended,eog,16,0.001,2,train_loss,0.0558219577977869,0.0031675778868801,0.0022398158037495,2,42 43,base16,runs/a6_optimization_convergence_audit_20260815_000000/a6_seed_mean_curves.csv
a6_optimization_convergence_audit_20260815_000000,extended,eog,16,0.001,2,val_SDR,7.564106617655073,0.1530620123387091,0.1082311868667602,2,42 43,base16,runs/a6_optimization_convergence_audit_20260815_000000/a6_seed_mean_curves.csv
a6_optimization_convergence_audit_20260815_000000,extended,eog,16,0.001,2,val_CC,0.8895947699035918,0.0034125068938707,0.0024130067655018,2,42 43,base16,runs/a6_optimization_convergence_audit_20260815_000000/a6_seed_mean_curves.csv
a6_optimization_convergence_audit_20260815_000000,extended,eog,16,0.001,3,train_loss,0.0505124635507013,0.0001971237154668,0.0001393875159392,2,42 43,base16,runs/a6_optimization_convergence_audit_20260815_000000/a6_seed_mean_curves.csv
a6_optimization_convergence_audit_20260815_000000,extended,eog,16,0.001,3,val_SDR,7.85619945185525,0.1483900703071464,0.1049276249749317,2,42 43,base16,runs/a6_optimization_convergence_audit_20260815_000000/a6_seed_mean_curves.csv
a6_optimization_convergence_audit_20260815_000000,extended,eog,16,0.001,3,val_CC,0.894488513469696,0.0035324839191352,0.0024978433336529,2,42 43,base16,runs/a6_optimization_convergence_audit_20260815_000000/a6_seed_mean_curves.csv
a6_optimization_convergence_audit_20260815_000000,extended,eog,16,0.001,4,train_loss,0.0485564285593333,0.0001060024013156,7.495501679237805e-05,2,42 43,base16,runs/a6_optimization_convergence_audit_20260815_000000/a6_seed_mean_curves.csv
a6_optimization_convergence_audit_20260815_000000,extended,eog,16,0.001,4,val_SDR,8.115534918648855,0.0056733993200087,0.0040116991315573,2,42 43,base16,runs/a6_optimization_convergence_audit_20260815_000000/a6_seed_mean_curves.csv
a6_optimization_convergence_audit_20260815_000000,extended,eog,16,0.001,4,val_CC,0.899331488779613,0.0013150238203884,0.0009298622608184,2,42 43,base16,runs/a6_optimization_convergence_audit_20260815_000000/a6_seed_mean_curves.csv
a6_optimization_convergence_audit_20260815_000000,extended,eog,16,0.001,5,train_loss,0.047382823217695,4.013714300193418e-05,2.838124599412184e-05,2,42 43,base16,runs/a6_optimization_convergence_audit_20260815_000000/a6_seed_mean_curves.csv
a6_optimization_convergence_audit_20260815_000000,extended,eog,16,0.001,5,val_SDR,8.185857347079686,0.0445965919337412,0.0315345525741577,2,42 43,base16,runs/a6_optimization_convergence_audit_20260815_000000/a6_seed_mean_curves.csv
a6_optimization_convergence_audit_20260815_000000,extended,eog,16,0.001,5,val_CC,0.9015271855252128,0.0003223842547489,0.0002279600926807,2,42 43,base16,runs/a6_optimization_convergence_audit_20260815_000000/a6_seed_mean_curves.csv
a6_optimization_convergence_audit_20260815_000000,extended,eog,16,0.001,6,train_loss,0.046424766706529,0.0001395523020882,9.867837913682398e-05,2,42 43,base16,runs/a6_optimization_convergence_audit_20260815_000000/a6_seed_mean_curves.csv
a6_optimization_convergence_audit_20260815_000000,extended,eog,16,0.001,6,val_SDR,8.242820518357412,0.0756893095206787,0.0535204240253994,2,42 43,base16,runs/a6_optimization_convergence_audit_20260815_000000/a6_seed_mean_curves.csv
a6_optimization_convergence_audit_20260815_000000,extended,eog,16,0.001,6,val_CC,0.9019626889910016,0.0028719284043808,0.0020307600498199,2,42 43,base16,runs/a6_optimization_convergence_audit_20260815_000000/a6_seed_mean_curves.csv
a6_optimization_convergence_audit_20260815_000000,extended,eog,16,0.001,7,train_loss,0.0456118790136876,2.7682749266964997e-05,1.9574659728557875e-05,2,42 43,base16,runs/a6_optimization_convergence_audit_20260815_000000/a6_seed_mean_curves.csv
a6_optimization_convergence_audit_20260815_000000,extended,eog,16,0.001,7,val_SDR,8.361908231462753,0.0360296308341096,0.0254767962864468,2,42 43,base16,runs/a6_optimization_convergence_audit_20260815_000000/a6_seed_mean_curves.csv
a6_optimization_convergence_audit_20260815_000000,extended,eog,16,0.001,7,val_CC,0.903718963265419,0.0007709652054072,0.0005451547248023,2,42 43,base16,runs/a6_optimization_convergence_audit_20260815_000000/a6_seed_mean_curves.csv
a6_optimization_convergence_audit_20260815_000000,extended,eog,16,0.001,8,train_loss,0.044914494294708,0.0001231770697544,8.709934131007416e-05,2,42 43,base16,runs/a6_optimization_convergence_audit_20260815_000000/a6_seed_mean_curves.csv
a6_optimization_convergence_audit_20260815_000000,extended,eog,16,0.001,8,val_SDR,8.52500798021044,0.0326980790047614,0.0231210333960403,2,42 43,base16,runs/a6_optimization_convergence_audit_20260815_000000/a6_seed_mean_curves.csv
a6_optimization_convergence_audit_20260815_000000,extended,eog,16,0.001,8,val_CC,0.9068984474454608,0.0009270139120187,0.0006554978234427,2,42 43,base16,runs/a6_optimization_convergence_audit_20260815_000000/a6_seed_mean_curves.csv
a6_optimization_convergence_audit_20260815_000000,extended,eog,16,0.001,9,train_loss,0.0441572160642837,2.514231843078728e-05,1.77783038571612e-05,2,42 43,base16,runs/a6_optimization_convergence_audit_20260815_000000/a6_seed_mean_curves.csv
a6_optimization_convergence_audit_20260815_000000,extended,eog,16,0.001,9,val_SDR,8.516818642616272,0.0492135744748451,0.0347992522375921,2,42 43,base16,runs/a6_optimization_convergence_audit_20260815_000000/a6_seed_mean_curves.csv
a6_optimization_convergence_audit_20260815_000000,extended,eog,16,0.001,9,val_CC,0.9075475824730737,0.0005486104746204,0.000387926186834,2,42 43,base16,runs/a6_optimization_convergence_audit_20260815_000000/a6_seed_mean_curves.csv
a6_optimization_convergence_audit_20260815_000000,extended,eog,16,0.001,10,train_loss,0.0435347547493526,0.0001512462061635,0.000106947218007,2,42 43,base16,runs/a6_optimization_convergence_audit_20260815_000000/a6_seed_mean_curves.csv
a6_optimization_convergence_audit_20260815_000000,extended,eog,16,0.001,10,val_SDR,8.591511794498988,0.0744402936860364,0.0526372364589144,2,42 43,base16,runs/a6_optimization_convergence_audit_20260815_000000/a6_seed_mean_curves.csv
a6_optimization_convergence_audit_20260815_000000,extended,eog,16,0.001,10,val_CC,0.9081217497587204,0.0013035267622124,0.0009217326130185,2,42 43,base16,runs/a6_optimization_convergence_audit_20260815_000000/a6_seed_mean_curves.csv
a6_optimization_convergence_audit_20260815_000000,extended,eog,16,0.001,11,train_loss,0.0429899877233204,0.0001384173652523,9.787585760388448e-05,2,42 43,base16,runs/a6_optimization_convergence_audit_20260815_000000/a6_seed_mean_curves.csv
a6_optimization_convergence_audit_20260815_000000,extended,eog,16,0.001,11,val_SDR,8.64293476513454,0.0239221177043423,0.0169154916490832,2,42 43,base16,runs/a6_optimization_convergence_audit_20260815_000000/a6_seed_mean_curves.csv
a6_optimization_convergence_audit_20260815_000000,extended,eog,16,0.001,11,val_CC,0.9087434964520592,0.0006712788772114,0.0004746658461434,2,42 43,base16,runs/a6_optimization_convergence_audit_20260815_000000/a6_seed_mean_curves.csv
a6_optimization_convergence_audit_20260815_000000,extended,eog,16,0.001,12,train_loss,0.0424417964243721,0.0002339163140152,0.0001654038118703,2,42 43,base16,runs/a6_optimization_convergence_audit_20260815_000000/a6_seed_mean_curves.csv
a6_optimization_convergence_audit_20260815_000000,extended,eog,16,0.001,12,val_SDR,8.573741163526263,0.0827670659169824,0.0585251535688122,2,42 43,base16,runs/a6_optimization_convergence_audit_20260815_000000/a6_seed_mean_curves.csv
a6_optimization_convergence_audit_20260815_000000,extended,eog,16,0.001,12,val_CC,0.9074719143765312,0.0029227906190659,0.0020667250667299,2,42 43,base16,runs/a6_optimization_convergence_audit_20260815_000000/a6_seed_mean_curves.csv
a6_optimization_convergence_audit_20260815_000000,extended,eog,16,0.001,13,train_loss,0.0417307819474801,0.0001336101134364,9.447661724603164e-05,2,42 43,base16,runs/a6_optimization_convergence_audit_20260815_000000/a6_seed_mean_curves.csv
a6_optimization_convergence_audit_20260815_000000,extended,eog,16,0.001,13,val_SDR,8.549088529178075,0.2568217732333062,0.1816004174096246,2,42 43,base16,runs/a6_optimization_convergence_audit_20260815_000000/a6_seed_mean_curves.csv
a6_optimization_convergence_audit_20260815_000000,extended,eog,16,0.001,13,val_CC,0.9072343494210924,0.0049691435443262,0.0035137150968824,2,42 43,base16,runs/a6_optimization_convergence_audit_20260815_000000/a6_seed_mean_curves.csv
a6_optimization_convergence_audit_20260815_000000,extended,eog,16,0.001,14,train_loss,0.0411602240055799,0.0001450509640913,0.0001025665203266,2,42 43,base16,runs/a6_optimization_convergence_audit_20260815_000000/a6_seed_mean_curves.csv
a6_optimization_convergence_audit_20260815_000000,extended,eog,16,0.001,14,val_SDR,8.566836748804365,0.1277350799637162,0.0903223412377496,2,42 43,base16,runs/a6_optimization_convergence_audit_20260815_000000/a6_seed_mean_curves.csv
a6_optimization_convergence_audit_20260815_000000,extended,eog,16,0.001,14,val_CC,0.9074235175337112,0.0008804597073492,0.0006225790296282,2,42 43,base16,runs/a6_optimization_convergence_audit_20260815_000000/a6_seed_mean_curves.csv
a6_optimization_convergence_audit_20260815_000000,extended,eog,16,0.001,15,train_loss,0.040601315203114,0.0001250285768705,8.840855454729858e-05,2,42 43,base16,runs/a6_optimization_convergence_audit_20260815_000000/a6_seed_mean_curves.csv
a6_optimization_convergence_audit_20260815_000000,extended,eog,16,0.001,15,val_SDR,8.574752603258405,0.0384953418915631,0.0272203172956189,2,42 43,base16,runs/a6_optimization_convergence_audit_20260815_000000/a6_seed_mean_curves.csv
a6_optimization_convergence_audit_20260815_000000,extended,eog,16,0.001,15,val_CC,0.9082443032945906,0.0005191468170221,0.0003670922347477,2,42 43,base16,runs/a6_optimization_convergence_audit_20260815_000000/a6_seed_mean_curves.csv
a6_optimization_convergence_audit_20260815_000000,extended,eog,16,0.001,16,train_loss,0.0401222551084846,4.189679854575442e-05,2.9625510361709628e-05,2,42 43,base16,runs/a6_optimization_convergence_audit_20260815_000000/a6_seed_mean_curves.csv
a6_optimization_convergence_audit_20260815_000000,extended,eog,16,0.001,16,val_SDR,8.658445954322815,0.0534920335287095,0.0378245796476086,2,42 43,base16,runs/a6_optimization_convergence_audit_20260815_000000/a6_seed_mean_curves.csv
a6_optimization_convergence_audit_20260815_000000,extended,eog,16,0.001,16,val_CC,0.9094173333474568,0.0009194846785812,0.0006501738514219,2,42 43,base16,runs/a6_optimization_convergence_audit_20260815_000000/a6_seed_mean_curves.csv
a6_optimization_convergence_audit_20260815_000000,extended,eog,16,0.001,17,train_loss,0.0395912475988408,7.138452598977328e-05,5.047648239915602e-05,2,42 43,base16,runs/a6_optimization_convergence_audit_20260815_000000/a6_seed_mean_curves.csv
a6_optimization_convergence_audit_20260815_000000,extended,eog,16,0.001,17,val_SDR,8.509435108729772,0.2371053570803425,0.1676588058471679,2,42 43,base16,runs/a6_optimization_convergence_audit_20260815_000000/a6_seed_mean_curves.csv
a6_optimization_convergence_audit_20260815_000000,extended,eog,16,0.001,17,val_CC,0.9060801374060768,0.0050657170267105,0.0035820028611591,2,42 43,base16,runs/a6_optimization_convergence_audit_20260815_000000/a6_seed_mean_curves.csv
a6_optimization_convergence_audit_20260815_000000,extended,eog,16,0.001,18,train_loss,0.0392237798632862,7.181709741219117e-05,5.078235658529522e-05,2,42 43,base16,runs/a6_optimization_convergence_audit_20260815_000000/a6_seed_mean_curves.csv
a6_optimization_convergence_audit_20260815_000000,extended,eog,16,0.001,18,val_SDR,8.759709324155535,0.1027055116679016,0.0726237637656073,2,42 43,base16,runs/a6_optimization_convergence_audit_20260815_000000/a6_seed_mean_curves.csv
a6_optimization_convergence_audit_20260815_000000,extended,eog,16,0.001,18,val_CC,0.9112480282783508,0.0024393271302867,0.001724864755358,2,42 43,base16,runs/a6_optimization_convergence_audit_20260815_000000/a6_seed_mean_curves.csv
a6_optimization_convergence_audit_20260815_000000,extended,eog,16,0.001,19,train_loss,0.0386801052873379,7.689451249646864e-05,5.437263122228669e-05,2,42 43,base16,runs/a6_optimization_convergence_audit_20260815_000000/a6_seed_mean_curves.csv
a6_optimization_convergence_audit_20260815_000000,extended,eog,16,0.001,19,val_SDR,8.821983201163157,0.0100261331629052,0.0070895467485696,2,42 43,base16,runs/a6_optimization_convergence_audit_20260815_000000/a6_seed_mean_curves.csv
a6_optimization_convergence_audit_20260815_000000,extended,eog,16,0.001,19,val_CC,0.9122449840818132,0.0004313970784224,0.0003050437995366,2,42 43,base16,runs/a6_optimization_convergence_audit_20260815_000000/a6_seed_mean_curves.csv
a6_optimization_convergence_audit_20260815_000000,extended,eog,16,0.001,20,train_loss,0.0382531140104075,9.980191550581118e-05,7.057061122956593e-05,2,42 43,base16,runs/a6_optimization_convergence_audit_20260815_000000/a6_seed_mean_curves.csv
a6_optimization_convergence_audit_20260815_000000,extended,eog,16,0.001,20,val_SDR,8.706080998693194,0.1572781422246039,0.1112124408994397,2,42 43,base16,runs/a6_optimization_convergence_audit_20260815_000000/a6_seed_mean_curves.csv
a6_optimization_convergence_audit_20260815_000000,extended,eog,16,0.001,20,val_CC,0.9100189208984376,0.0034948528043935,0.0024712341172354,2,42 43,base16,runs/a6_optimization_convergence_audit_20260815_000000/a6_seed_mean_curves.csv
a6_optimization_convergence_audit_20260815_000000,extended,eog,16,0.001,21,train_loss,0.0379126477533968,7.283403784343931e-05,5.150144206029356e-05,2,42 43,base16,runs/a6_optimization_convergence_audit_20260815_000000/a6_seed_mean_curves.csv
a6_optimization_convergence_audit_20260815_000000,extended,eog,16,0.001,21,val_SDR,8.762249231338501,0.0499256153755441,0.0353027411869586,2,42 43,base16,runs/a6_optimization_convergence_audit_20260815_000000/a6_seed_mean_curves.csv
a6_optimization_convergence_audit_20260815_000000,extended,eog,16,0.001,21,val_CC,0.912581497005054,0.0001146785643089,8.108999047956589e-05,2,42 43,base16,runs/a6_optimization_convergence_audit_20260815_000000/a6_seed_mean_curves.csv
a6_optimization_convergence_audit_20260815_000000,extended,eog,16,0.001,22,train_loss,0.0374343689078482,0.0002584490048702,0.0001827510439346,2,42 43,base16,runs/a6_optimization_convergence_audit_20260815_000000/a6_seed_mean_curves.csv
a6_optimization_convergence_audit_20260815_000000,extended,eog,16,0.001,22,val_SDR,8.853486520903452,0.1465595002147941,0.1036332164491922,2,42 43,base16,runs/a6_optimization_convergence_audit_20260815_000000/a6_seed_mean_curves.csv
a6_optimization_convergence_audit_20260815_000000,extended,eog,16,0.001,22,val_CC,0.9129674094063897,0.0019676376646877,0.0013913299356188,2,42 43,base16,runs/a6_optimization_convergence_audit_20260815_000000/a6_seed_mean_curves.csv
a6_optimization_convergence_audit_20260815_000000,extended,eog,16,0.001,23,train_loss,0.0371792915442558,0.0003089591716846,0.000218467125408,2,42 43,base16,runs/a6_optimization_convergence_audit_20260815_000000/a6_seed_mean_curves.csv
a6_optimization_convergence_audit_20260815_000000,extended,eog,16,0.001,23,val_SDR,8.859903437750681,0.1070887839130358,0.0757232052939285,2,42 43,base16,runs/a6_optimization_convergence_audit_20260815_000000/a6_seed_mean_curves.csv
a6_optimization_convergence_audit_20260815_000000,extended,eog,16,0.001,23,val_CC,0.91264480139528,0.0008719309915042,0.0006165483168193,2,42 43,base16,runs/a6_optimization_convergence_audit_20260815_000000/a6_seed_mean_curves.csv
a6_optimization_convergence_audit_20260815_000000,extended,eog,16,0.001,24,train_loss,0.0367558518616117,0.0003509161624293,0.0002481351980817,2,42 43,base16,runs/a6_optimization_convergence_audit_20260815_000000/a6_seed_mean_curves.csv
a6_optimization_convergence_audit_20260815_000000,extended,eog,16,0.001,24,val_SDR,8.802505220685687,0.1285095463680378,0.0908699716840466,2,42 43,base16,runs/a6_optimization_convergence_audit_20260815_000000/a6_seed_mean_curves.csv
a6_optimization_convergence_audit_20260815_000000,extended,eog,16,0.001,24,val_CC,0.911744767001697,0.0025299278021391,0.0017889291048049,2,42 43,base16,runs/a6_optimization_convergence_audit_20260815_000000/a6_seed_mean_curves.csv
a6_optimization_convergence_audit_20260815_000000,extended,eog,16,0.001,25,train_loss,0.0364516987247723,0.0002029693011784,0.000143520969236,2,42 43,base16,runs/a6_optimization_convergence_audit_20260815_000000/a6_seed_mean_curves.csv
a6_optimization_convergence_audit_20260815_000000,extended,eog,16,0.001,25,val_SDR,8.75306865147182,0.1299529434680124,0.0918906075613836,2,42 43,base16,runs/a6_optimization_convergence_audit_20260815_000000/a6_seed_mean_curves.csv
a6_optimization_convergence_audit_20260815_000000,extended,eog,16,0.001,25,val_CC,0.9120278252022608,0.0009556346326468,0.0006757357290813,2,42 43,base16,runs/a6_optimization_convergence_audit_20260815_000000/a6_seed_mean_curves.csv
a6_optimization_convergence_audit_20260815_000000,extended,eog,16,0.001,26,train_loss,0.0361497880212057,0.0003381723783881,0.0002391239819682,2,42 43,base16,runs/a6_optimization_convergence_audit_20260815_000000/a6_seed_mean_curves.csv
a6_optimization_convergence_audit_20260815_000000,extended,eog,16,0.001,26,val_SDR,8.829817908150808,0.2194790151869912,0.1551950999668667,2,42 43,base16,runs/a6_optimization_convergence_audit_20260815_000000/a6_seed_mean_curves.csv
a6_optimization_convergence_audit_20260815_000000,extended,eog,16,0.001,26,val_CC,0.9126875677279064,0.0042010262616827,0.0029705741575786,2,42 43,base16,runs/a6_optimization_convergence_audit_20260815_000000/a6_seed_mean_curves.csv
a6_optimization_convergence_audit_20260815_000000,extended,eog,16,0.001,27,train_loss,0.035898186649396,0.0003587880957467,0.0002537014955115,2,42 43,base16,runs/a6_optimization_convergence_audit_20260815_000000/a6_seed_mean_curves.csv
a6_optimization_convergence_audit_20260815_000000,extended,eog,16,0.001,27,val_SDR,8.721577746527537,0.3280320047012088,0.2319536549704421,2,42 43,base16,runs/a6_optimization_convergence_audit_20260815_000000/a6_seed_mean_curves.csv
a6_optimization_convergence_audit_20260815_000000,extended,eog,16,0.001,27,val_CC,0.9104335584810802,0.0060371537170598,0.0042689123323985,2,42 43,base16,runs/a6_optimization_convergence_audit_20260815_000000/a6_seed_mean_curves.csv
a6_optimization_convergence_audit_20260815_000000,extended,eog,16,0.001,28,train_loss,0.0355974203236749,0.00020516908602,0.0001450764520146,2,42 43,base16,runs/a6_optimization_convergence_audit_20260815_000000/a6_seed_mean_curves.csv
a6_optimization_convergence_audit_20260815_000000,extended,eog,16,0.001,28,val_SDR,8.861349208014351,0.0265339699485184,0.0187623500823974,2,42 43,base16,runs/a6_optimization_convergence_audit_20260815_000000/a6_seed_mean_curves.csv
a6_optimization_convergence_audit_20260815_000000,extended,eog,16,0.001,28,val_CC,0.9130554922989436,0.0009693474108587,0.0006854321275438,2,42 43,base16,runs/a6_optimization_convergence_audit_20260815_000000/a6_seed_mean_curves.csv
a6_optimization_convergence_audit_20260815_000000,extended,eog,16,0.001,29,train_loss,0.0353590254541312,0.0003500559186632,0.0002475269138813,2,42 43,base16,runs/a6_optimization_convergence_audit_20260815_000000/a6_seed_mean_curves.csv
a6_optimization_convergence_audit_20260815_000000,extended,eog,16,0.001,29,val_SDR,8.84891656466893,0.0569871151302811,0.0402959755488803,2,42 43,base16,runs/a6_optimization_convergence_audit_20260815_000000/a6_seed_mean_curves.csv
a6_optimization_convergence_audit_20260815_000000,extended,eog,16,0.001,29,val_CC,0.9128884694405964,0.0007792621135854,0.000551021524838,2,42 43,base16,runs/a6_optimization_convergence_audit_20260815_000000/a6_seed_mean_curves.csv
a6_optimization_convergence_audit_20260815_000000,extended,eog,16,0.001,30,train_loss,0.0351444548082964,0.0003216464562998,0.0002274383903942,2,42 43,base16,runs/a6_optimization_convergence_audit_20260815_000000/a6_seed_mean_curves.csv
a6_optimization_convergence_audit_20260815_000000,extended,eog,16,0.001,30,val_SDR,8.76817638533456,0.1557984024992569,0.1101661069052557,2,42 43,base16,runs/a6_optimization_convergence_audit_20260815_000000/a6_seed_mean_curves.csv
a6_optimization_convergence_audit_20260815_000000,extended,eog,16,0.001,30,val_CC,0.9119935653039388,0.0022107015505393,0.0015632020575659,2,42 43,base16,runs/a6_optimization_convergence_audit_20260815_000000/a6_seed_mean_curves.csv
a6_optimization_convergence_audit_20260815_000000,extended,eog,16,0.001,31,train_loss,0.0348374989127444,0.0004051142277254,0.0002864590175797,2,42 43,base16,runs/a6_optimization_convergence_audit_20260815_000000/a6_seed_mean_curves.csv
a6_optimization_convergence_audit_20260815_000000,extended,eog,16,0.001,31,val_SDR,8.773751395089285,0.1090476249283401,0.0771083150591165,2,42 43,base16,runs/a6_optimization_convergence_audit_20260815_000000/a6_seed_mean_curves.csv
a6_optimization_convergence_audit_20260815_000000,extended,eog,16,0.001,31,val_CC,0.912453287414142,0.0019718252551363,0.0013942910092217,2,42 43,base16,runs/a6_optimization_convergence_audit_20260815_000000/a6_seed_mean_curves.csv
a6_optimization_convergence_audit_20260815_000000,extended,eog,16,0.001,32,train_loss,0.0346336739973347,0.0003695948357411,0.0002613430146441,2,42 43,base16,runs/a6_optimization_convergence_audit_20260815_000000/a6_seed_mean_curves.csv
a6_optimization_convergence_audit_20260815_000000,extended,eog,16,0.001,32,val_SDR,8.84557114328657,0.1685407194193393,0.119176285607474,2,42 43,base16,runs/a6_optimization_convergence_audit_20260815_000000/a6_seed_mean_curves.csv
a6_optimization_convergence_audit_20260815_000000,extended,eog,16,0.001,32,val_CC,0.9129055376563752,0.0019970411125024,0.0014121213129588,2,42 43,base16,runs/a6_optimization_convergence_audit_20260815_000000/a6_seed_mean_curves.csv
a6_optimization_convergence_audit_20260815_000000,extended,eog,16,0.001,33,train_loss,0.0344630268654812,0.0004674497367133,0.0003305368786938,2,42 43,base16,runs/a6_optimization_convergence_audit_20260815_000000/a6_seed_mean_curves.csv
a6_optimization_convergence_audit_20260815_000000,extended,eog,16,0.001,33,val_SDR,8.692648989813668,0.4208093083982299,0.2975571155548095,2,42 43,base16,runs/a6_optimization_convergence_audit_20260815_000000/a6_seed_mean_curves.csv
a6_optimization_convergence_audit_20260815_000000,extended,eog,16,0.001,33,val_CC,0.9093906496252332,0.008237312534493,0.0058246595518929,2,42 43,base16,runs/a6_optimization_convergence_audit_20260815_000000/a6_seed_mean_curves.csv
a6_optimization_convergence_audit_20260815_000000,extended,eog,16,0.001,34,train_loss,0.034321385775214,0.0003789964263942,0.0002679909431488,2,42 43,base16,runs/a6_optimization_convergence_audit_20260815_000000/a6_seed_mean_curves.csv
a6_optimization_convergence_audit_20260815_000000,extended,eog,16,0.001,34,val_SDR,8.893093756267003,0.0903907323791137,0.0639158998216897,2,42 43,base16,runs/a6_optimization_convergence_audit_20260815_000000/a6_seed_mean_curves.csv
a6_optimization_convergence_audit_20260815_000000,extended,eog,16,0.001,34,val_CC,0.9134048840829304,0.0014302984615548,0.0010113737412861,2,42 43,base16,runs/a6_optimization_convergence_audit_20260815_000000/a6_seed_mean_curves.csv
a6_optimization_convergence_audit_20260815_000000,extended,eog,16,0.001,35,train_loss,0.034102131586487,0.0004157045589162,0.0002939475125798,2,42 43,base16,runs/a6_optimization_convergence_audit_20260815_000000/a6_seed_mean_curves.csv
a6_optimization_convergence_audit_20260815_000000,extended,eog,16,0.001,35,val_SDR,8.886872870581492,0.1062939184340323,0.075161150523594,2,42 43,base16,runs/a6_optimization_convergence_audit_20260815_000000/a6_seed_mean_curves.csv
a6_optimization_convergence_audit_20260815_000000,extended,eog,16,0.001,35,val_CC,0.9135208811078752,0.002039064530957,0.0014418363571166,2,42 43,base16,runs/a6_optimization_convergence_audit_20260815_000000/a6_seed_mean_curves.csv
a6_optimization_convergence_audit_20260815_000000,extended,eog,16,0.001,36,train_loss,0.0338881190030652,0.0003881392152103,0.0002744558711196,2,42 43,base16,runs/a6_optimization_convergence_audit_20260815_000000/a6_seed_mean_curves.csv
a6_optimization_convergence_audit_20260815_000000,extended,eog,16,0.001,36,val_SDR,8.882041113717216,0.049095346543794,0.0347156524658203,2,42 43,base16,runs/a6_optimization_convergence_audit_20260815_000000/a6_seed_mean_curves.csv
a6_optimization_convergence_audit_20260815_000000,extended,eog,16,0.001,36,val_CC,0.9131659439631872,0.001139036643942,0.0008054205349513,2,42 43,base16,runs/a6_optimization_convergence_audit_20260815_000000/a6_seed_mean_curves.csv
a6_optimization_convergence_audit_20260815_000000,extended,eog,16,0.001,37,train_loss,0.0337826040373227,0.0003725361909356,0.000263422866848,2,42 43,base16,runs/a6_optimization_convergence_audit_20260815_000000/a6_seed_mean_curves.csv
a6_optimization_convergence_audit_20260815_000000,extended,eog,16,0.001,37,val_SDR,8.92513598714556,0.054098490552912,0.0382534095219204,2,42 43,base16,runs/a6_optimization_convergence_audit_20260815_000000/a6_seed_mean_curves.csv
a6_optimization_convergence_audit_20260815_000000,extended,eog,16,0.001,37,val_CC,0.9142373268093382,0.0009628537856989,0.0006808404411588,2,42 43,base16,runs/a6_optimization_convergence_audit_20260815_000000/a6_seed_mean_curves.csv
a6_optimization_convergence_audit_20260815_000000,extended,eog,16,0.001,38,train_loss,0.0336514498307326,0.0004509209588806,0.0003188492678036,2,42 43,base16,runs/a6_optimization_convergence_audit_20260815_000000/a6_seed_mean_curves.csv
a6_optimization_convergence_audit_20260815_000000,extended,eog,16,0.001,38,val_SDR,8.871868235724314,0.1180903155700495,0.0835024629320413,2,42 43,base16,runs/a6_optimization_convergence_audit_20260815_000000/a6_seed_mean_curves.csv
a6_optimization_convergence_audit_20260815_000000,extended,eog,16,0.001,38,val_CC,0.913408556154796,0.0025899057780594,0.0018313399383,2,42 43,base16,runs/a6_optimization_convergence_audit_20260815_000000/a6_seed_mean_curves.csv
a6_optimization_convergence_audit_20260815_000000,extended,eog,16,0.001,39,train_loss,0.0334435427021757,0.0003734314668077,0.0002640559224881,2,42 43,base16,runs/a6_optimization_convergence_audit_20260815_000000/a6_seed_mean_curves.csv
a6_optimization_convergence_audit_20260815_000000,extended,eog,16,0.001,39,val_SDR,8.90525702067784,0.116334261105865,0.0822607449122836,2,42 43,base16,runs/a6_optimization_convergence_audit_20260815_000000/a6_seed_mean_curves.csv
a6_optimization_convergence_audit_20260815_000000,extended,eog,16,0.001,39,val_CC,0.913893039737429,0.0023542386641215,0.0016646981239318,2,42 43,base16,runs/a6_optimization_convergence_audit_20260815_000000/a6_seed_mean_curves.csv
a6_optimization_convergence_audit_20260815_000000,extended,eog,16,0.001,40,train_loss,0.0332105289013168,0.0004398797031858,0.000311041921029,2,42 43,base16,runs/a6_optimization_convergence_audit_20260815_000000/a6_seed_mean_curves.csv
a6_optimization_convergence_audit_20260815_000000,extended,eog,16,0.001,40,val_SDR,8.841319867542811,0.0043051921977775,0.0030442305973599,2,42 43,base16,runs/a6_optimization_convergence_audit_20260815_000000/a6_seed_mean_curves.csv
a6_optimization_convergence_audit_20260815_000000,extended,eog,16,0.001,40,val_CC,0.91284159890243,0.0004368671372612,0.000308911715235,2,42 43,base16,runs/a6_optimization_convergence_audit_20260815_000000/a6_seed_mean_curves.csv
a6_optimization_convergence_audit_20260815_000000,extended,eog,16,0.001,41,train_loss,0.0332311169009342,0.0004262602765154,0.0003014115320744,2,42 43,base16,runs/a6_optimization_convergence_audit_20260815_000000/a6_seed_mean_curves.csv
a6_optimization_convergence_audit_20260815_000000,extended,eog,16,0.001,41,val_SDR,8.855520623070852,0.0093324682881569,0.0065990516117642,2,42 43,base16,runs/a6_optimization_convergence_audit_20260815_000000/a6_seed_mean_curves.csv
a6_optimization_convergence_audit_20260815_000000,extended,eog,16,0.001,41,val_CC,0.9134075748068946,0.0004913569914075,0.0003474418606077,2,42 43,base16,runs/a6_optimization_convergence_audit_20260815_000000/a6_seed_mean_curves.csv
a6_optimization_convergence_audit_20260815_000000,extended,eog,16,0.001,42,train_loss,0.0330833953187287,0.0005035481431856,0.0003560623067004,2,42 43,base16,runs/a6_optimization_convergence_audit_20260815_000000/a6_seed_mean_curves.csv
a6_optimization_convergence_audit_20260815_000000,extended,eog,16,0.001,42,val_SDR,8.886406591960363,0.0865258422867515,0.0611830098288397,2,42 43,base16,runs/a6_optimization_convergence_audit_20260815_000000/a6_seed_mean_curves.csv
a6_optimization_convergence_audit_20260815_000000,extended,eog,16,0.001,42,val_CC,0.9131945073604584,0.0013022412833328,0.0009208236421857,2,42 43,base16,runs/a6_optimization_convergence_audit_20260815_000000/a6_seed_mean_curves.csv
a6_optimization_convergence_audit_20260815_000000,extended,eog,16,0.001,43,train_loss,0.0328904040958558,0.0004072494136589,0.0002879688220324,2,42 43,base16,runs/a6_optimization_convergence_audit_20260815_000000/a6_seed_mean_curves.csv
a6_optimization_convergence_audit_20260815_000000,extended,eog,16,0.001,43,val_SDR,8.90370089667184,0.1012790214751591,0.071615082877023,2,42 43,base16,runs/a6_optimization_convergence_audit_20260815_000000/a6_seed_mean_curves.csv
a6_optimization_convergence_audit_20260815_000000,extended,eog,16,0.001,43,val_CC,0.9138645316873278,0.0024615445404302,0.0017405748367309,2,42 43,base16,runs/a6_optimization_convergence_audit_20260815_000000/a6_seed_mean_curves.csv
a6_optimization_convergence_audit_20260815_000000,extended,eog,16,0.001,44,train_loss,0.0327700176929062,0.0003913066912013,0.0002766956148721,2,42 43,base16,runs/a6_optimization_convergence_audit_20260815_000000/a6_seed_mean_curves.csv
a6_optimization_convergence_audit_20260815_000000,extended,eog,16,0.001,44,val_SDR,8.918345315115793,0.0779540403205191,0.0551218305315286,2,42 43,base16,runs/a6_optimization_convergence_audit_20260815_000000/a6_seed_mean_curves.csv
a6_optimization_convergence_audit_20260815_000000,extended,eog,16,0.001,44,val_CC,0.9142350000994546,0.0013869624698181,0.0009807305676596,2,42 43,base16,runs/a6_optimization_convergence_audit_20260815_000000/a6_seed_mean_curves.csv
a6_optimization_convergence_audit_20260815_000000,extended,eog,16,0.001,45,train_loss,0.0326073340479737,0.0004999543857955,0.0003535211364799,2,42 43,base16,runs/a6_optimization_convergence_audit_20260815_000000/a6_seed_mean_curves.csv
a6_optimization_convergence_audit_20260815_000000,extended,eog,16,0.001,45,val_SDR,8.81688584600176,0.030645960992722,0.0216699668339321,2,42 43,base16,runs/a6_optimization_convergence_audit_20260815_000000/a6_seed_mean_curves.csv
a6_optimization_convergence_audit_20260815_000000,extended,eog,16,0.001,45,val_CC,0.9125196529286248,0.000678609418363,0.0004798493215015,2,42 43,base16,runs/a6_optimization_convergence_audit_20260815_000000/a6_seed_mean_curves.csv
a6_optimization_convergence_audit_20260815_000000,extended,eog,16,0.001,46,train_loss,0.0325414868959478,0.0003225973453323,0.0002281107704773,2,42 43,base16,runs/a6_optimization_convergence_audit_20260815_000000/a6_seed_mean_curves.csv
a6_optimization_convergence_audit_20260815_000000,extended,eog,16,0.001,46,val_SDR,8.834773097719465,0.0704794051147223,0.049836465290614,2,42 43,base16,runs/a6_optimization_convergence_audit_20260815_000000/a6_seed_mean_curves.csv
a6_optimization_convergence_audit_20260815_000000,extended,eog,16,0.001,46,val_CC,0.9133538561207908,0.0016956098624417,0.0011989772319793,2,42 43,base16,runs/a6_optimization_convergence_audit_20260815_000000/a6_seed_mean_curves.csv
a6_optimization_convergence_audit_20260815_000000,extended,eog,16,0.001,47,train_loss,0.0324122180605185,0.0004427889928019,0.000313099099445,2,42 43,base16,runs/a6_optimization_convergence_audit_20260815_000000/a6_seed_mean_curves.csv
a6_optimization_convergence_audit_20260815_000000,extended,eog,16,0.001,47,val_SDR,8.875251701899938,0.0374381544274304,0.0264727728707452,2,42 43,base16,runs/a6_optimization_convergence_audit_20260815_000000/a6_seed_mean_curves.csv
a6_optimization_convergence_audit_20260815_000000,extended,eog,16,0.001,47,val_CC,0.9133271745273046,0.0011550644883328,0.0008167539324079,2,42 43,base16,runs/a6_optimization_convergence_audit_20260815_000000/a6_seed_mean_curves.csv
a6_optimization_convergence_audit_20260815_000000,extended,eog,16,0.001,48,train_loss,0.0323389384408142,0.0004451993518658,0.0003148034806841,2,42 43,base16,runs/a6_optimization_convergence_audit_20260815_000000/a6_seed_mean_curves.csv
a6_optimization_convergence_audit_20260815_000000,extended,eog,16,0.001,48,val_SDR,8.793681655611312,0.1816072058142542,0.1284156867436001,2,42 43,base16,runs/a6_optimization_convergence_audit_20260815_000000/a6_seed_mean_curves.csv
a6_optimization_convergence_audit_20260815_000000,extended,eog,16,0.001,48,val_CC,0.9124502646071572,0.003336943615469,0.0023595754589353,2,42 43,base16,runs/a6_optimization_convergence_audit_20260815_000000/a6_seed_mean_curves.csv
a6_optimization_convergence_audit_20260815_000000,extended,eog,16,0.001,49,train_loss,0.0323233799921853,0.0003540838722959,0.0002503751072092,2,42 43,base16,runs/a6_optimization_convergence_audit_20260815_000000/a6_seed_mean_curves.csv
a6_optimization_convergence_audit_20260815_000000,extended,eog,16,0.001,49,val_SDR,8.942900691713605,0.0860481137798585,0.0608452047620495,2,42 43,base16,runs/a6_optimization_convergence_audit_20260815_000000/a6_seed_mean_curves.csv
a6_optimization_convergence_audit_20260815_000000,extended,eog,16,0.001,49,val_CC,0.9147316685744694,0.0017113125740012,0.001210080725806,2,42 43,base16,runs/a6_optimization_convergence_audit_20260815_000000/a6_seed_mean_curves.csv
a6_optimization_convergence_audit_20260815_000000,extended,eog,16,0.001,50,train_loss,0.0321284657970906,0.0004310252214625,0.0003047808569586,2,42 43,base16,runs/a6_optimization_convergence_audit_20260815_000000/a6_seed_mean_curves.csv
a6_optimization_convergence_audit_20260815_000000,extended,eog,16,0.001,50,val_SDR,8.84184844153268,0.0450558962468557,0.0318593297685891,2,42 43,base16,runs/a6_optimization_convergence_audit_20260815_000000/a6_seed_mean_curves.csv
a6_optimization_convergence_audit_20260815_000000,extended,eog,16,0.001,50,val_CC,0.91298631472247,0.0017036267951263,0.0012046460594449,2,42 43,base16,runs/a6_optimization_convergence_audit_20260815_000000/a6_seed_mean_curves.csv
a6_optimization_convergence_audit_20260815_000000,extended,eog,16,0.001,51,train_loss,0.0320627344859259,0.0004170380684625,0.0002948904462228,2,42 43,base16,runs/a6_optimization_convergence_audit_20260815_000000/a6_seed_mean_curves.csv
a6_optimization_convergence_audit_20260815_000000,extended,eog,16,0.001,51,val_SDR,8.907504183905465,0.0854950507917425,0.0604541301727294,2,42 43,base16,runs/a6_optimization_convergence_audit_20260815_000000/a6_seed_mean_curves.csv
a6_optimization_convergence_audit_20260815_000000,extended,eog,16,0.001,51,val_CC,0.9142450562545232,0.0014943104929754,0.0010566370827811,2,42 43,base16,runs/a6_optimization_convergence_audit_20260815_000000/a6_seed_mean_curves.csv
a6_optimization_convergence_audit_20260815_000000,extended,eog,16,0.001,52,train_loss,0.0320170733938428,0.0003768912011585,0.0002665023241087,2,42 43,base16,runs/a6_optimization_convergence_audit_20260815_000000/a6_seed_mean_curves.csv
a6_optimization_convergence_audit_20260815_000000,extended,eog,16,0.001,52,val_SDR,8.892087629863195,0.0750638262048638,0.0530781405312676,2,42 43,base16,runs/a6_optimization_convergence_audit_20260815_000000/a6_seed_mean_curves.csv
a6_optimization_convergence_audit_20260815_000000,extended,eog,16,0.001,52,val_CC,0.913945042661258,0.0016372635716568,0.0011577201741082,2,42 43,base16,runs/a6_optimization_convergence_audit_20260815_000000/a6_seed_mean_curves.csv
a6_optimization_convergence_audit_20260815_000000,extended,eog,16,0.001,53,train_loss,0.0318994451157539,0.0004152152541922,0.0002936015218914,2,42 43,base16,runs/a6_optimization_convergence_audit_20260815_000000/a6_seed_mean_curves.csv
a6_optimization_convergence_audit_20260815_000000,extended,eog,16,0.001,53,val_SDR,8.93365284374782,0.0697503368872249,0.0493209362030029,2,42 43,base16,runs/a6_optimization_convergence_audit_20260815_000000/a6_seed_mean_curves.csv
a6_optimization_convergence_audit_20260815_000000,extended,eog,16,0.001,53,val_CC,0.9143516996077128,0.0016830410701179,0.0011900897536958,2,42 43,base16,runs/a6_optimization_convergence_audit_20260815_000000/a6_seed_mean_curves.csv
a6_optimization_convergence_audit_20260815_000000,extended,eog,16,0.001,54,train_loss,0.0318517156867919,0.0004877994636368,0.0003449263085968,2,42 43,base16,runs/a6_optimization_convergence_audit_20260815_000000/a6_seed_mean_curves.csv
a6_optimization_convergence_audit_20260815_000000,extended,eog,16,0.001,54,val_SDR,8.870726789746966,0.1437285566101011,0.1016314370291571,2,42 43,base16,runs/a6_optimization_convergence_audit_20260815_000000/a6_seed_mean_curves.csv
a6_optimization_convergence_audit_20260815_000000,extended,eog,16,0.001,54,val_CC,0.9136525115796498,0.0025695699236528,0.0018169603177479,2,42 43,base16,runs/a6_optimization_convergence_audit_20260815_000000/a6_seed_mean_curves.csv
a6_optimization_convergence_audit_20260815_000000,extended,eog,16,0.001,55,train_loss,0.0317759353180076,0.0004482388732743,0.0003169527468837,2,42 43,base16,runs/a6_optimization_convergence_audit_20260815_000000/a6_seed_mean_curves.csv
a6_optimization_convergence_audit_20260815_000000,extended,eog,16,0.001,55,val_SDR,8.905073131833758,0.0966768264569033,0.0683608395712713,2,42 43,base16,runs/a6_optimization_convergence_audit_20260815_000000/a6_seed_mean_curves.csv
a6_optimization_convergence_audit_20260815_000000,extended,eog,16,0.001,55,val_CC,0.914094335266522,0.0018839189710992,0.0013321318796702,2,42 43,base16,runs/a6_optimization_convergence_audit_20260815_000000/a6_seed_mean_curves.csv
a6_optimization_convergence_audit_20260815_000000,extended,eog,16,0.001,56,train_loss,0.0316946483695897,0.0004080928183804,0.0002885651992303,2,42 43,base16,runs/a6_optimization_convergence_audit_20260815_000000/a6_seed_mean_curves.csv
a6_optimization_convergence_audit_20260815_000000,extended,eog,16,0.001,56,val_SDR,8.920482022421702,0.0585651413063555,0.0414118085588723,2,42 43,base16,runs/a6_optimization_convergence_audit_20260815_000000/a6_seed_mean_curves.csv
a6_optimization_convergence_audit_20260815_000000,extended,eog,16,0.001,56,val_CC,0.9145239016839436,0.0013347455350023,0.0009438076189586,2,42 43,base16,runs/a6_optimization_convergence_audit_20260815_000000/a6_seed_mean_curves.csv
a6_optimization_convergence_audit_20260815_000000,extended,eog,16,0.001,57,train_loss,0.0316489271419209,0.0004134789862103,0.0002923737950274,2,42 43,base16,runs/a6_optimization_convergence_audit_20260815_000000/a6_seed_mean_curves.csv
a6_optimization_convergence_audit_20260815_000000,extended,eog,16,0.001,57,val_SDR,8.906383446284703,0.0662201650237789,0.0468247277396063,2,42 43,base16,runs/a6_optimization_convergence_audit_20260815_000000/a6_seed_mean_curves.csv
a6_optimization_convergence_audit_20260815_000000,extended,eog,16,0.001,57,val_CC,0.9141848278897148,0.0014377584537412,0.0010166487523487,2,42 43,base16,runs/a6_optimization_convergence_audit_20260815_000000/a6_seed_mean_curves.csv
a6_optimization_convergence_audit_20260815_000000,extended,eog,16,0.001,58,train_loss,0.0315928682510819,0.0004034080927707,0.0002852525979837,2,42 43,base16,runs/a6_optimization_convergence_audit_20260815_000000/a6_seed_mean_curves.csv
a6_optimization_convergence_audit_20260815_000000,extended,eog,16,0.001,58,val_SDR,8.871478387287684,0.0759301727389405,0.0536907400403707,2,42 43,base16,runs/a6_optimization_convergence_audit_20260815_000000/a6_seed_mean_curves.csv
a6_optimization_convergence_audit_20260815_000000,extended,eog,16,0.001,58,val_CC,0.9137634124074664,0.0019416390801348,0.0013729461601801,2,42 43,base16,runs/a6_optimization_convergence_audit_20260815_000000/a6_seed_mean_curves.csv
a6_optimization_convergence_audit_20260815_000000,extended,eog,16,0.001,59,train_loss,0.0315497337065846,0.0004064705586085,0.0002874180883447,2,42 43,base16,runs/a6_optimization_convergence_audit_20260815_000000/a6_seed_mean_curves.csv
a6_optimization_convergence_audit_20260815_000000,extended,eog,16,0.001,59,val_SDR,8.904378209795272,0.0448329755441035,0.0317017010280062,2,42 43,base16,runs/a6_optimization_convergence_audit_20260815_000000/a6_seed_mean_curves.csv
a6_optimization_convergence_audit_20260815_000000,extended,eog,16,0.001,59,val_CC,0.9142178552491323,0.0013359948880117,0.0009446910449436,2,42 43,base16,runs/a6_optimization_convergence_audit_20260815_000000/a6_seed_mean_curves.csv
a6_optimization_convergence_audit_20260815_000000,extended,eog,16,0.001,60,train_loss,0.0314868162777797,0.0003996528996568,0.0002825972754682,2,42 43,base16,runs/a6_optimization_convergence_audit_20260815_000000/a6_seed_mean_curves.csv
a6_optimization_convergence_audit_20260815_000000,extended,eog,16,0.001,60,val_SDR,8.890876156943184,0.0792697926792894,0.0560522079467773,2,42 43,base16,runs/a6_optimization_convergence_audit_20260815_000000/a6_seed_mean_curves.csv
a6_optimization_convergence_audit_20260815_000000,extended,eog,16,0.001,60,val_CC,0.9139794792447772,0.001771871574333,0.0012529024056025,2,42 43,base16,runs/a6_optimization_convergence_audit_20260815_000000/a6_seed_mean_curves.csv
a6_optimization_convergence_audit_20260815_000000,extended,eog,16,0.001,61,train_loss,0.0314597578057758,0.0004018539646596,0.0002841536634575,2,42 43,base16,runs/a6_optimization_convergence_audit_20260815_000000/a6_seed_mean_curves.csv
a6_optimization_convergence_audit_20260815_000000,extended,eog,16,0.001,61,val_SDR,8.858734777995519,0.0877131792190871,0.0620225838252475,2,42 43,base16,runs/a6_optimization_convergence_audit_20260815_000000/a6_seed_mean_curves.csv
a6_optimization_convergence_audit_20260815_000000,extended,eog,16,0.001,61,val_CC,0.9134878069162368,0.0018272555437655,0.0012920647859573,2,42 43,base16,runs/a6_optimization_convergence_audit_20260815_000000/a6_seed_mean_curves.csv
a6_optimization_convergence_audit_20260815_000000,extended,eog,16,0.001,62,train_loss,0.031428801592126,0.0004202405396317,0.0002971549353031,2,42 43,base16,runs/a6_optimization_convergence_audit_20260815_000000/a6_seed_mean_curves.csv
a6_optimization_convergence_audit_20260815_000000,extended,eog,16,0.001,62,val_SDR,8.90958390917097,0.0876019597068449,0.0619439397539407,2,42 43,base16,runs/a6_optimization_convergence_audit_20260815_000000/a6_seed_mean_curves.csv
a6_optimization_convergence_audit_20260815_000000,extended,eog,16,0.001,62,val_CC,0.91418080670493,0.001860416082076,0.0013155128274645,2,42 43,base16,runs/a6_optimization_convergence_audit_20260815_000000/a6_seed_mean_curves.csv
a6_optimization_convergence_audit_20260815_000000,extended,eog,16,0.001,63,train_loss,0.0313765774698597,0.0004030946132757,0.000285030934507,2,42 43,base16,runs/a6_optimization_convergence_audit_20260815_000000/a6_seed_mean_curves.csv
a6_optimization_convergence_audit_20260815_000000,extended,eog,16,0.001,63,val_SDR,8.910494225365774,0.1041474637330695,0.0736433778490335,2,42 43,base16,runs/a6_optimization_convergence_audit_20260815_000000/a6_seed_mean_curves.csv
a6_optimization_convergence_audit_20260815_000000,extended,eog,16,0.001,63,val_CC,0.9142015150615148,0.0020407082580489,0.0014429986476898,2,42 43,base16,runs/a6_optimization_convergence_audit_20260815_000000/a6_seed_mean_curves.csv
a6_optimization_convergence_audit_20260815_000000,extended,eog,16,0.001,64,train_loss,0.0313399002025617,0.0003717784093095,0.0002628870343215,2,42 43,base16,runs/a6_optimization_convergence_audit_20260815_000000/a6_seed_mean_curves.csv
a6_optimization_convergence_audit_20260815_000000,extended,eog,16,0.001,64,val_SDR,8.901632581438337,0.0915561529502237,0.0647399766104559,2,42 43,base16,runs/a6_optimization_convergence_audit_20260815_000000/a6_seed_mean_curves.csv
a6_optimization_convergence_audit_20260815_000000,extended,eog,16,0.001,64,val_CC,0.913949253303664,0.0020530843790652,0.0014517498867852,2,42 43,base16,runs/a6_optimization_convergence_audit_20260815_000000/a6_seed_mean_curves.csv
a6_optimization_convergence_audit_20260815_000000,extended,eog,16,0.001,65,train_loss,0.0312808483891258,0.0004067123983084,0.0002875890948365,2,42 43,base16,runs/a6_optimization_convergence_audit_20260815_000000/a6_seed_mean_curves.csv
a6_optimization_convergence_audit_20260815_000000,extended,eog,16,0.001,65,val_SDR,8.928784608840942,0.0845734075924208,0.0598024300166546,2,42 43,base16,runs/a6_optimization_convergence_audit_20260815_000000/a6_seed_mean_curves.csv
a6_optimization_convergence_audit_20260815_000000,extended,eog,16,0.001,65,val_CC,0.9144196467740195,0.0018537267751195,0.0013107827731541,2,42 43,base16,runs/a6_optimization_convergence_audit_20260815_000000/a6_seed_mean_curves.csv
a6_optimization_convergence_audit_20260815_000000,extended,eog,16,0.001,66,train_loss,0.0312655727492175,0.0004070647134656,0.0002878382192733,2,42 43,base16,runs/a6_optimization_convergence_audit_20260815_000000/a6_seed_mean_curves.csv
a6_optimization_convergence_audit_20260815_000000,extended,eog,16,0.001,66,val_SDR,8.892212050301687,0.0742597606709302,0.0525095803397048,2,42 43,base16,runs/a6_optimization_convergence_audit_20260815_000000/a6_seed_mean_curves.csv
a6_optimization_convergence_audit_20260815_000000,extended,eog,16,0.001,66,val_CC,0.9140811754124504,0.0018725874898281,0.0013241193124226,2,42 43,base16,runs/a6_optimization_convergence_audit_20260815_000000/a6_seed_mean_curves.csv
a6_optimization_convergence_audit_20260815_000000,extended,eog,16,0.001,67,train_loss,0.0312651906197316,0.0004052171576165,0.0002865318000038,2,42 43,base16,runs/a6_optimization_convergence_audit_20260815_000000/a6_seed_mean_curves.csv
a6_optimization_convergence_audit_20260815_000000,extended,eog,16,0.001,67,val_SDR,8.913094316210065,0.0828275647075321,0.0585679326738635,2,42 43,base16,runs/a6_optimization_convergence_audit_20260815_000000/a6_seed_mean_curves.csv
a6_optimization_convergence_audit_20260815_000000,extended,eog,16,0.001,67,val_CC,0.9142139468874252,0.0018037767386557,0.00127546276365,2,42 43,base16,runs/a6_optimization_convergence_audit_20260815_000000/a6_seed_mean_curves.csv
a6_optimization_convergence_audit_20260815_000000,extended,eog,16,0.001,68,train_loss,0.0312059636828359,0.0004077575269065,0.0002883281123554,2,42 43,base16,runs/a6_optimization_convergence_audit_20260815_000000/a6_seed_mean_curves.csv
a6_optimization_convergence_audit_20260815_000000,extended,eog,16,0.001,68,val_SDR,8.917952741895403,0.0812482380001318,0.0574511800493517,2,42 43,base16,runs/a6_optimization_convergence_audit_20260815_000000/a6_seed_mean_curves.csv
a6_optimization_convergence_audit_20260815_000000,extended,eog,16,0.001,68,val_CC,0.9142609387636184,0.0018218547261778,0.0012882458312171,2,42 43,base16,runs/a6_optimization_convergence_audit_20260815_000000/a6_seed_mean_curves.csv
a6_optimization_convergence_audit_20260815_000000,extended,eog,16,0.001,69,train_loss,0.0312068883294814,0.0004112458063921,0.0002907946984344,2,42 43,base16,runs/a6_optimization_convergence_audit_20260815_000000/a6_seed_mean_curves.csv
a6_optimization_convergence_audit_20260815_000000,extended,eog,16,0.001,69,val_SDR,8.905584062848773,0.0920685622924632,0.0651023047310968,2,42 43,base16,runs/a6_optimization_convergence_audit_20260815_000000/a6_seed_mean_curves.csv
a6_optimization_convergence_audit_20260815_000000,extended,eog,16,0.001,69,val_CC,0.9141630402633122,0.0019065187133686,0.0013481123106819,2,42 43,base16,runs/a6_optimization_convergence_audit_20260815_000000/a6_seed_mean_curves.csv
a6_optimization_convergence_audit_20260815_000000,extended,eog,16,0.001,70,train_loss,0.0311783408206478,0.0004047121832259,0.0002861747291879,2,42 43,base16,runs/a6_optimization_convergence_audit_20260815_000000/a6_seed_mean_curves.csv
a6_optimization_convergence_audit_20260815_000000,extended,eog,16,0.001,70,val_SDR,8.916465146200999,0.0883880586413581,0.0624997956412185,2,42 43,base16,runs/a6_optimization_convergence_audit_20260815_000000/a6_seed_mean_curves.csv
a6_optimization_convergence_audit_20260815_000000,extended,eog,16,0.001,70,val_CC,0.914243187223162,0.0018852465968273,0.0013330706528255,2,42 43,base16,runs/a6_optimization_convergence_audit_20260815_000000/a6_seed_mean_curves.csv
a6_optimization_convergence_audit_20260815_000000,extended,eog,16,0.001,71,train_loss,0.0311870674959549,0.0004084556087034,0.0002888217307279,2,42 43,base16,runs/a6_optimization_convergence_audit_20260815_000000/a6_seed_mean_curves.csv
a6_optimization_convergence_audit_20260815_000000,extended,eog,16,0.001,71,val_SDR,8.911436012813024,0.0758748279058664,0.0536516053336004,2,42 43,base16,runs/a6_optimization_convergence_audit_20260815_000000/a6_seed_mean_curves.csv
a6_optimization_convergence_audit_20260815_000000,extended,eog,16,0.001,71,val_CC,0.9142764530011586,0.0017099187175112,0.0012090951204299,2,42 43,base16,runs/a6_optimization_convergence_audit_20260815_000000/a6_seed_mean_curves.csv
a6_optimization_convergence_audit_20260815_000000,extended,eog,16,0.001,72,train_loss,0.0311957802275352,0.00038390695276,0.0002714632096413,2,42 43,base16,runs/a6_optimization_convergence_audit_20260815_000000/a6_seed_mean_curves.csv
a6_optimization_convergence_audit_20260815_000000,extended,eog,16,0.001,72,val_SDR,8.88831046649388,0.0888699777491876,0.0628405639103482,2,42 43,base16,runs/a6_optimization_convergence_audit_20260815_000000/a6_seed_mean_curves.csv
a6_optimization_convergence_audit_20260815_000000,extended,eog,16,0.001,72,val_CC,0.9140269969190872,0.0018891542117821,0.0013358337538583,2,42 43,base16,runs/a6_optimization_convergence_audit_20260815_000000/a6_seed_mean_curves.csv
a6_optimization_convergence_audit_20260815_000000,extended,eog,16,0.001,73,train_loss,0.0311763739544097,0.0004168367384817,0.0002947480844281,2,42 43,base16,runs/a6_optimization_convergence_audit_20260815_000000/a6_seed_mean_curves.csv
a6_optimization_convergence_audit_20260815_000000,extended,eog,16,0.001,73,val_SDR,8.914409228733607,0.0688962731490001,0.0487170219421386,2,42 43,base16,runs/a6_optimization_convergence_audit_20260815_000000/a6_seed_mean_curves.csv
a6_optimization_convergence_audit_20260815_000000,extended,eog,16,0.001,73,val_CC,0.9142221744571414,0.0017252601703691,0.0012199431657791,2,42 43,base16,runs/a6_optimization_convergence_audit_20260815_000000/a6_seed_mean_curves.csv
a6_optimization_convergence_audit_20260815_000000,extended,eog,16,0.001,74,train_loss,0.0311458920189571,0.0003931402022039,0.0002779921029354,2,42 43,base16,runs/a6_optimization_convergence_audit_20260815_000000/a6_seed_mean_curves.csv
a6_optimization_convergence_audit_20260815_000000,extended,eog,16,0.001,74,val_SDR,8.919436284473964,0.0779378077628644,0.0551103523799349,2,42 43,base16,runs/a6_optimization_convergence_audit_20260815_000000/a6_seed_mean_curves.csv
a6_optimization_convergence_audit_20260815_000000,extended,eog,16,0.001,74,val_CC,0.9143304462943758,0.00174286551109,0.0012323920215879,2,42 43,base16,runs/a6_optimization_convergence_audit_20260815_000000/a6_seed_mean_curves.csv
a6_optimization_convergence_audit_20260815_000000,extended,eog,16,0.001,75,train_loss,0.0311332399321493,0.0004172884630865,0.0002950675019594,2,42 43,base16,runs/a6_optimization_convergence_audit_20260815_000000/a6_seed_mean_curves.csv
a6_optimization_convergence_audit_20260815_000000,extended,eog,16,0.001,75,val_SDR,8.918864216123307,0.0791539490556683,0.0559702941349575,2,42 43,base16,runs/a6_optimization_convergence_audit_20260815_000000/a6_seed_mean_curves.csv
a6_optimization_convergence_audit_20260815_000000,extended,eog,16,0.001,75,val_CC,0.9143338203430176,0.0017416161580805,0.0012315085956028,2,42 43,base16,runs/a6_optimization_convergence_audit_20260815_000000/a6_seed_mean_curves.csv
a6_optimization_convergence_audit_20260815_000000,extended,mixed1m,4,0.001,1,train_loss,0.1043302892180888,0.0091945651327983,0.006501539355463,2,42 43,base4,runs/a6_optimization_convergence_audit_20260815_000000/a6_seed_mean_curves.csv
a6_optimization_convergence_audit_20260815_000000,extended,mixed1m,4,0.001,1,val_SDR,3.0565089778024324,0.1546490028914204,0.1093533586482613,2,42 43,base4,runs/a6_optimization_convergence_audit_20260815_000000/a6_seed_mean_curves.csv
a6_optimization_convergence_audit_20260815_000000,extended,mixed1m,4,0.001,1,val_CC,0.668163137776511,0.0070843657102628,0.0050094030341323,2,42 43,base4,runs/a6_optimization_convergence_audit_20260815_000000/a6_seed_mean_curves.csv
a6_optimization_convergence_audit_20260815_000000,extended,mixed1m,4,0.001,2,train_loss,0.0723560427451301,0.0010059257119153,0.0007112968922652,2,42 43,base4,runs/a6_optimization_convergence_audit_20260815_000000/a6_seed_mean_curves.csv
a6_optimization_convergence_audit_20260815_000000,extended,mixed1m,4,0.001,2,val_SDR,3.8832987340129153,0.1047879461661163,0.0740962673206717,2,42 43,base4,runs/a6_optimization_convergence_audit_20260815_000000/a6_seed_mean_curves.csv
a6_optimization_convergence_audit_20260815_000000,extended,mixed1m,4,0.001,2,val_CC,0.7073715526838692,0.0049580584930979,0.0035058767819891,2,42 43,base4,runs/a6_optimization_convergence_audit_20260815_000000/a6_seed_mean_curves.csv
a6_optimization_convergence_audit_20260815_000000,extended,mixed1m,4,0.001,3,train_loss,0.0692699504182542,0.0005313058738766,0.0003756899863024,2,42 43,base4,runs/a6_optimization_convergence_audit_20260815_000000/a6_seed_mean_curves.csv
a6_optimization_convergence_audit_20260815_000000,extended,mixed1m,4,0.001,3,val_SDR,4.141515540833376,0.0576397152123445,0.0407574334923101,2,42 43,base4,runs/a6_optimization_convergence_audit_20260815_000000/a6_seed_mean_curves.csv
a6_optimization_convergence_audit_20260815_000000,extended,mixed1m,4,0.001,3,val_CC,0.7167403564161183,0.0024581297855611,0.0017381602404069,2,42 43,base4,runs/a6_optimization_convergence_audit_20260815_000000/a6_seed_mean_curves.csv
a6_optimization_convergence_audit_20260815_000000,extended,mixed1m,4,0.001,4,train_loss,0.0680609068468861,0.0002388250631907,0.0001688748216994,2,42 43,base4,runs/a6_optimization_convergence_audit_20260815_000000/a6_seed_mean_curves.csv
a6_optimization_convergence_audit_20260815_000000,extended,mixed1m,4,0.001,4,val_SDR,4.244158922409525,0.0267214219278996,0.0188948986481647,2,42 43,base4,runs/a6_optimization_convergence_audit_20260815_000000/a6_seed_mean_curves.csv
a6_optimization_convergence_audit_20260815_000000,extended,mixed1m,4,0.001,4,val_CC,0.7207448461226055,0.0002123525955233,0.0001501559602971,2,42 43,base4,runs/a6_optimization_convergence_audit_20260815_000000/a6_seed_mean_curves.csv
a6_optimization_convergence_audit_20260815_000000,extended,mixed1m,4,0.001,5,train_loss,0.0674655282693674,0.0001127848790337,7.975095278009436e-05,2,42 43,base4,runs/a6_optimization_convergence_audit_20260815_000000/a6_seed_mean_curves.csv
a6_optimization_convergence_audit_20260815_000000,extended,mixed1m,4,0.001,5,val_SDR,4.336781202530374,0.0182759641715462,0.0129230581984227,2,42 43,base4,runs/a6_optimization_convergence_audit_20260815_000000/a6_seed_mean_curves.csv
a6_optimization_convergence_audit_20260815_000000,extended,mixed1m,4,0.001,5,val_CC,0.7240977956324208,0.000671371772306,0.0004747315328948,2,42 43,base4,runs/a6_optimization_convergence_audit_20260815_000000/a6_seed_mean_curves.csv
a6_optimization_convergence_audit_20260815_000000,extended,mixed1m,4,0.001,6,train_loss,0.0670508548064762,1.4828333841022912e-05,1.0485215412685269e-05,2,42 43,base4,runs/a6_optimization_convergence_audit_20260815_000000/a6_seed_mean_curves.csv
a6_optimization_convergence_audit_20260815_000000,extended,mixed1m,4,0.001,6,val_SDR,4.380031179408638,0.0234741465927767,0.0165987282383195,2,42 43,base4,runs/a6_optimization_convergence_audit_20260815_000000/a6_seed_mean_curves.csv
a6_optimization_convergence_audit_20260815_000000,extended,mixed1m,4,0.001,6,val_CC,0.7246905239869137,0.0007351163002594,0.0005198057208742,2,42 43,base4,runs/a6_optimization_convergence_audit_20260815_000000/a6_seed_mean_curves.csv
a6_optimization_convergence_audit_20260815_000000,extended,mixed1m,4,0.001,7,train_loss,0.0667581564753942,4.890974017686296e-05,3.458440894513193e-05,2,42 43,base4,runs/a6_optimization_convergence_audit_20260815_000000/a6_seed_mean_curves.csv
a6_optimization_convergence_audit_20260815_000000,extended,mixed1m,4,0.001,7,val_SDR,4.41235169342586,0.0140789500318002,0.0099553210394724,2,42 43,base4,runs/a6_optimization_convergence_audit_20260815_000000/a6_seed_mean_curves.csv
a6_optimization_convergence_audit_20260815_000000,extended,mixed1m,4,0.001,7,val_CC,0.7277698805745767,0.0002528015281369,0.0001787576748399,2,42 43,base4,runs/a6_optimization_convergence_audit_20260815_000000/a6_seed_mean_curves.csv
a6_optimization_convergence_audit_20260815_000000,extended,mixed1m,4,0.001,8,train_loss,0.0665300963422678,8.986063817612387e-05,6.354106661608794e-05,2,42 43,base4,runs/a6_optimization_convergence_audit_20260815_000000/a6_seed_mean_curves.csv
a6_optimization_convergence_audit_20260815_000000,extended,mixed1m,4,0.001,8,val_SDR,4.449047339205839,0.0161878888767496,0.0114465659978439,2,42 43,base4,runs/a6_optimization_convergence_audit_20260815_000000/a6_seed_mean_curves.csv
a6_optimization_convergence_audit_20260815_000000,extended,mixed1m,4,0.001,8,val_CC,0.7283382725958922,0.0007986776184428,0.0005647503599828,2,42 43,base4,runs/a6_optimization_convergence_audit_20260815_000000/a6_seed_mean_curves.csv
a6_optimization_convergence_audit_20260815_000000,extended,mixed1m,4,0.001,9,train_loss,0.0663629046229221,0.0001021445783602,7.222712401996206e-05,2,42 43,base4,runs/a6_optimization_convergence_audit_20260815_000000/a6_seed_mean_curves.csv
a6_optimization_convergence_audit_20260815_000000,extended,mixed1m,4,0.001,9,val_SDR,4.4659964284118345,0.0100520577754394,0.0071078782178921,2,42 43,base4,runs/a6_optimization_convergence_audit_20260815_000000/a6_seed_mean_curves.csv
a6_optimization_convergence_audit_20260815_000000,extended,mixed1m,4,0.001,9,val_CC,0.7292145329470536,0.0006071584681803,0.0004293258701051,2,42 43,base4,runs/a6_optimization_convergence_audit_20260815_000000/a6_seed_mean_curves.csv
a6_optimization_convergence_audit_20260815_000000,extended,mixed1m,4,0.001,10,train_loss,0.0662330133540322,0.000139589883939,9.87049535183665e-05,2,42 43,base4,runs/a6_optimization_convergence_audit_20260815_000000/a6_seed_mean_curves.csv
a6_optimization_convergence_audit_20260815_000000,extended,mixed1m,4,0.001,10,val_SDR,4.4815041118738606,0.0327768265205738,0.0231767162984728,2,42 43,base4,runs/a6_optimization_convergence_audit_20260815_000000/a6_seed_mean_curves.csv
a6_optimization_convergence_audit_20260815_000000,extended,mixed1m,4,0.001,10,val_CC,0.7303687172884843,0.000352824601051,0.0002494846679726,2,42 43,base4,runs/a6_optimization_convergence_audit_20260815_000000/a6_seed_mean_curves.csv
a6_optimization_convergence_audit_20260815_000000,extended,mixed1m,4,0.001,11,train_loss,0.0661183349511888,0.0001278617687937,9.04119237685741e-05,2,42 43,base4,runs/a6_optimization_convergence_audit_20260815_000000/a6_seed_mean_curves.csv
a6_optimization_convergence_audit_20260815_000000,extended,mixed1m,4,0.001,11,val_SDR,4.494938414923999,0.0051690443265341,0.0036550662955461,2,42 43,base4,runs/a6_optimization_convergence_audit_20260815_000000/a6_seed_mean_curves.csv
a6_optimization_convergence_audit_20260815_000000,extended,mixed1m,4,0.001,11,val_CC,0.7308676872326403,0.0008746748373562,0.0006184885088278,2,42 43,base4,runs/a6_optimization_convergence_audit_20260815_000000/a6_seed_mean_curves.csv
a6_optimization_convergence_audit_20260815_000000,extended,mixed1m,4,0.001,12,train_loss,0.0660325465890605,0.0001312881068142,9.283471061750231e-05,2,42 43,base4,runs/a6_optimization_convergence_audit_20260815_000000/a6_seed_mean_curves.csv
a6_optimization_convergence_audit_20260815_000000,extended,mixed1m,4,0.001,12,val_SDR,4.501228558773898,0.0083894901820895,0.0059322653984534,2,42 43,base4,runs/a6_optimization_convergence_audit_20260815_000000/a6_seed_mean_curves.csv
a6_optimization_convergence_audit_20260815_000000,extended,mixed1m,4,0.001,12,val_CC,0.7305032744699596,0.0001683697786829,0.0001190554122535,2,42 43,base4,runs/a6_optimization_convergence_audit_20260815_000000/a6_seed_mean_curves.csv
a6_optimization_convergence_audit_20260815_000000,extended,mixed1m,4,0.001,13,train_loss,0.0659514247627971,0.00012618204576,8.922418022094813e-05,2,42 43,base4,runs/a6_optimization_convergence_audit_20260815_000000/a6_seed_mean_curves.csv
a6_optimization_convergence_audit_20260815_000000,extended,mixed1m,4,0.001,13,val_SDR,4.52468478679657,0.0036326970829377,0.0025687047413418,2,42 43,base4,runs/a6_optimization_convergence_audit_20260815_000000/a6_seed_mean_curves.csv
a6_optimization_convergence_audit_20260815_000000,extended,mixed1m,4,0.001,13,val_CC,0.730971439456453,0.0006339707449514,0.000448285012829,2,42 43,base4,runs/a6_optimization_convergence_audit_20260815_000000/a6_seed_mean_curves.csv
a6_optimization_convergence_audit_20260815_000000,extended,mixed1m,4,0.001,14,train_loss,0.0658735478120615,0.0001194798412442,8.448500595891612e-05,2,42 43,base4,runs/a6_optimization_convergence_audit_20260815_000000/a6_seed_mean_curves.csv
a6_optimization_convergence_audit_20260815_000000,extended,mixed1m,4,0.001,14,val_SDR,4.519125940848371,0.0127784118252029,0.0090357016543953,2,42 43,base4,runs/a6_optimization_convergence_audit_20260815_000000/a6_seed_mean_curves.csv
a6_optimization_convergence_audit_20260815_000000,extended,mixed1m,4,0.001,14,val_CC,0.7313647702032207,0.0008367998729908,0.0005917068646878,2,42 43,base4,runs/a6_optimization_convergence_audit_20260815_000000/a6_seed_mean_curves.csv
a6_optimization_convergence_audit_20260815_000000,extended,mixed1m,4,0.001,15,train_loss,0.0658177173960849,0.0001375866622845,9.728846190225347e-05,2,42 43,base4,runs/a6_optimization_convergence_audit_20260815_000000/a6_seed_mean_curves.csv
a6_optimization_convergence_audit_20260815_000000,extended,mixed1m,4,0.001,15,val_SDR,4.53078210110567,0.003317490264462,0.0023458198625214,2,42 43,base4,runs/a6_optimization_convergence_audit_20260815_000000/a6_seed_mean_curves.csv
a6_optimization_convergence_audit_20260815_000000,extended,mixed1m,4,0.001,15,val_CC,0.7317201723249591,0.0005006688645092,0.0003540263492234,2,42 43,base4,runs/a6_optimization_convergence_audit_20260815_000000/a6_seed_mean_curves.csv
a6_optimization_convergence_audit_20260815_000000,extended,mixed1m,4,0.001,16,train_loss,0.0657656071112131,0.000127184906306,8.993330971358847e-05,2,42 43,base4,runs/a6_optimization_convergence_audit_20260815_000000/a6_seed_mean_curves.csv
a6_optimization_convergence_audit_20260815_000000,extended,mixed1m,4,0.001,16,val_SDR,4.565675256203631,0.0122764411391582,0.0086807547783362,2,42 43,base4,runs/a6_optimization_convergence_audit_20260815_000000/a6_seed_mean_curves.csv
a6_optimization_convergence_audit_20260815_000000,extended,mixed1m,4,0.001,16,val_CC,0.7328129298224741,0.0004853076284365,0.000343164315029,2,42 43,base4,runs/a6_optimization_convergence_audit_20260815_000000/a6_seed_mean_curves.csv
a6_optimization_convergence_audit_20260815_000000,extended,mixed1m,4,0.001,17,train_loss,0.0657225972008141,0.0001416390184408,0.0001001539104201,2,42 43,base4,runs/a6_optimization_convergence_audit_20260815_000000/a6_seed_mean_curves.csv
a6_optimization_convergence_audit_20260815_000000,extended,mixed1m,4,0.001,17,val_SDR,4.564363309315272,0.0086530266845702,0.0061186138464477,2,42 43,base4,runs/a6_optimization_convergence_audit_20260815_000000/a6_seed_mean_curves.csv
a6_optimization_convergence_audit_20260815_000000,extended,mixed1m,4,0.001,17,val_CC,0.7327225874273144,0.0005664833188083,0.0004005641961584,2,42 43,base4,runs/a6_optimization_convergence_audit_20260815_000000/a6_seed_mean_curves.csv
a6_optimization_convergence_audit_20260815_000000,extended,mixed1m,4,0.001,18,train_loss,0.0656691709071245,0.0001422300040298,0.0001005718003377,2,42 43,base4,runs/a6_optimization_convergence_audit_20260815_000000/a6_seed_mean_curves.csv
a6_optimization_convergence_audit_20260815_000000,extended,mixed1m,4,0.001,18,val_SDR,4.578608447191666,0.0203791641639802,0.0144102451752643,2,42 43,base4,runs/a6_optimization_convergence_audit_20260815_000000/a6_seed_mean_curves.csv
a6_optimization_convergence_audit_20260815_000000,extended,mixed1m,4,0.001,18,val_CC,0.7331327765571828,0.0005125435240421,0.0003624230015034,2,42 43,base4,runs/a6_optimization_convergence_audit_20260815_000000/a6_seed_mean_curves.csv
a6_optimization_convergence_audit_20260815_000000,extended,mixed1m,4,0.001,19,train_loss,0.0656338224897299,0.0001452460839802,0.0001027044909232,2,42 43,base4,runs/a6_optimization_convergence_audit_20260815_000000/a6_seed_mean_curves.csv
a6_optimization_convergence_audit_20260815_000000,extended,mixed1m,4,0.001,19,val_SDR,4.576525671141488,0.0297406432461487,0.0210298105162016,2,42 43,base4,runs/a6_optimization_convergence_audit_20260815_000000/a6_seed_mean_curves.csv
a6_optimization_convergence_audit_20260815_000000,extended,mixed1m,4,0.001,19,val_CC,0.7327684863489501,0.0013914928259631,0.000983934013211,2,42 43,base4,runs/a6_optimization_convergence_audit_20260815_000000/a6_seed_mean_curves.csv
a6_optimization_convergence_audit_20260815_000000,extended,mixed1m,4,0.001,20,train_loss,0.0655967910319109,0.0001434276185874,0.0001014186417126,2,42 43,base4,runs/a6_optimization_convergence_audit_20260815_000000/a6_seed_mean_curves.csv
a6_optimization_convergence_audit_20260815_000000,extended,mixed1m,4,0.001,20,val_SDR,4.58734135481776,0.0182785927586698,0.0129249168902028,2,42 43,base4,runs/a6_optimization_convergence_audit_20260815_000000/a6_seed_mean_curves.csv
a6_optimization_convergence_audit_20260815_000000,extended,mixed1m,4,0.001,20,val_CC,0.7337001154617387,0.0003088529660276,0.0002183920266677,2,42 43,base4,runs/a6_optimization_convergence_audit_20260815_000000/a6_seed_mean_curves.csv
a6_optimization_convergence_audit_20260815_000000,extended,mixed1m,4,0.001,21,train_loss,0.0655672744326198,0.0001431525591995,0.0001012241453542,2,42 43,base4,runs/a6_optimization_convergence_audit_20260815_000000/a6_seed_mean_curves.csv
a6_optimization_convergence_audit_20260815_000000,extended,mixed1m,4,0.001,21,val_SDR,4.590936541557312,0.021404313142128,0.015135134969439,2,42 43,base4,runs/a6_optimization_convergence_audit_20260815_000000/a6_seed_mean_curves.csv
a6_optimization_convergence_audit_20260815_000000,extended,mixed1m,4,0.001,21,val_CC,0.7333346444125078,0.0008991088276756,0.0006357659490741,2,42 43,base4,runs/a6_optimization_convergence_audit_20260815_000000/a6_seed_mean_curves.csv
a6_optimization_convergence_audit_20260815_000000,extended,mixed1m,4,0.001,22,train_loss,0.065535477436412,0.0001559098968822,0.0001102449453395,2,42 43,base4,runs/a6_optimization_convergence_audit_20260815_000000/a6_seed_mean_curves.csv
a6_optimization_convergence_audit_20260815_000000,extended,mixed1m,4,0.001,22,val_SDR,4.595990932717616,0.0221024782681296,0.0156288122644228,2,42 43,base4,runs/a6_optimization_convergence_audit_20260815_000000/a6_seed_mean_curves.csv
a6_optimization_convergence_audit_20260815_000000,extended,mixed1m,4,0.001,22,val_CC,0.7337427102789587,0.0006165206594582,0.0004359459390445,2,42 43,base4,runs/a6_optimization_convergence_audit_20260815_000000/a6_seed_mean_curves.csv
a6_optimization_convergence_audit_20260815_000000,extended,mixed1m,4,0.001,23,train_loss,0.0655129050974117,0.0001484223165652,0.0001049504265227,2,42 43,base4,runs/a6_optimization_convergence_audit_20260815_000000/a6_seed_mean_curves.csv
a6_optimization_convergence_audit_20260815_000000,extended,mixed1m,4,0.001,23,val_SDR,4.596163399365484,0.0222340830928146,0.0157218709283943,2,42 43,base4,runs/a6_optimization_convergence_audit_20260815_000000/a6_seed_mean_curves.csv
a6_optimization_convergence_audit_20260815_000000,extended,mixed1m,4,0.001,23,val_CC,0.7340714490535307,0.0004520692474772,0.000319661230457,2,42 43,base4,runs/a6_optimization_convergence_audit_20260815_000000/a6_seed_mean_curves.csv
a6_optimization_convergence_audit_20260815_000000,extended,mixed1m,4,0.001,24,train_loss,0.0654913387821077,0.0001633508434899,0.0001155064891442,2,42 43,base4,runs/a6_optimization_convergence_audit_20260815_000000/a6_seed_mean_curves.csv
a6_optimization_convergence_audit_20260815_000000,extended,mixed1m,4,0.001,24,val_SDR,4.597876507408765,0.0115982656613073,0.0082012122991135,2,42 43,base4,runs/a6_optimization_convergence_audit_20260815_000000/a6_seed_mean_curves.csv
a6_optimization_convergence_audit_20260815_000000,extended,mixed1m,4,0.001,24,val_CC,0.7337421084545097,0.0006348704511461,0.0004489212011803,2,42 43,base4,runs/a6_optimization_convergence_audit_20260815_000000/a6_seed_mean_curves.csv
a6_optimization_convergence_audit_20260815_000000,extended,mixed1m,4,0.001,25,train_loss,0.0654783820461891,0.0001566400964223,0.0001107612743859,2,42 43,base4,runs/a6_optimization_convergence_audit_20260815_000000/a6_seed_mean_curves.csv
a6_optimization_convergence_audit_20260815_000000,extended,mixed1m,4,0.001,25,val_SDR,4.603941287313189,0.0185556885044144,0.0131208531710567,2,42 43,base4,runs/a6_optimization_convergence_audit_20260815_000000/a6_seed_mean_curves.csv
a6_optimization_convergence_audit_20260815_000000,extended,mixed1m,4,0.001,25,val_CC,0.733848895953626,0.0005783364748471,0.0004089456431719,2,42 43,base4,runs/a6_optimization_convergence_audit_20260815_000000/a6_seed_mean_curves.csv
a6_optimization_convergence_audit_20260815_000000,extended,mixed1m,4,0.001,26,train_loss,0.0654665942415785,0.0001563633325662,0.0001105655727865,2,42 43,base4,runs/a6_optimization_convergence_audit_20260815_000000/a6_seed_mean_curves.csv
a6_optimization_convergence_audit_20260815_000000,extended,mixed1m,4,0.001,26,val_SDR,4.603822654607344,0.0242612673733302,0.0171553066798617,2,42 43,base4,runs/a6_optimization_convergence_audit_20260815_000000/a6_seed_mean_curves.csv
a6_optimization_convergence_audit_20260815_000000,extended,mixed1m,4,0.001,26,val_CC,0.734098804240324,0.0003324844459457,0.0002351020063672,2,42 43,base4,runs/a6_optimization_convergence_audit_20260815_000000/a6_seed_mean_curves.csv
a6_optimization_convergence_audit_20260815_000000,extended,mixed1m,4,0.001,27,train_loss,0.065453663797063,0.0001613542982303,0.0001140947184522,2,42 43,base4,runs/a6_optimization_convergence_audit_20260815_000000/a6_seed_mean_curves.csv
a6_optimization_convergence_audit_20260815_000000,extended,mixed1m,4,0.001,27,val_SDR,4.606500839700504,0.020049217990483,0.0141769379985579,2,42 43,base4,runs/a6_optimization_convergence_audit_20260815_000000/a6_seed_mean_curves.csv
a6_optimization_convergence_audit_20260815_000000,extended,mixed1m,4,0.001,27,val_CC,0.7341020548222017,0.0004661041480313,0.0003295854038121,2,42 43,base4,runs/a6_optimization_convergence_audit_20260815_000000/a6_seed_mean_curves.csv
a6_optimization_convergence_audit_20260815_000000,extended,mixed1m,4,0.001,28,train_loss,0.0654426176586876,0.0001637512183396,0.0001157895969155,2,42 43,base4,runs/a6_optimization_convergence_audit_20260815_000000/a6_seed_mean_curves.csv
a6_optimization_convergence_audit_20260815_000000,extended,mixed1m,4,0.001,28,val_SDR,4.605529607558737,0.0196581330824511,0.0139003992080688,2,42 43,base4,runs/a6_optimization_convergence_audit_20260815_000000/a6_seed_mean_curves.csv
a6_optimization_convergence_audit_20260815_000000,extended,mixed1m,4,0.001,28,val_CC,0.7341808369573282,0.0004629422742533,0.0003273496214224,2,42 43,base4,runs/a6_optimization_convergence_audit_20260815_000000/a6_seed_mean_curves.csv
a6_optimization_convergence_audit_20260815_000000,extended,mixed1m,4,0.001,29,train_loss,0.0654421721577949,0.000157933956165,0.0001116761713838,2,42 43,base4,runs/a6_optimization_convergence_audit_20260815_000000/a6_seed_mean_curves.csv
a6_optimization_convergence_audit_20260815_000000,extended,mixed1m,4,0.001,29,val_SDR,4.607194170659902,0.0206154583198069,0.0145773303752041,2,42 43,base4,runs/a6_optimization_convergence_audit_20260815_000000/a6_seed_mean_curves.csv
a6_optimization_convergence_audit_20260815_000000,extended,mixed1m,4,0.001,29,val_CC,0.7341066538071146,0.0006348846434523,0.0004489312366563,2,42 43,base4,runs/a6_optimization_convergence_audit_20260815_000000/a6_seed_mean_curves.csv
a6_optimization_convergence_audit_20260815_000000,extended,mixed1m,4,0.001,30,train_loss,0.0654421560371013,0.000164460007604,0.0001162907866108,2,42 43,base4,runs/a6_optimization_convergence_audit_20260815_000000/a6_seed_mean_curves.csv
a6_optimization_convergence_audit_20260815_000000,extended,mixed1m,4,0.001,30,val_SDR,4.606537599952853,0.0199261835984211,0.0140899395456117,2,42 43,base4,runs/a6_optimization_convergence_audit_20260815_000000/a6_seed_mean_curves.csv
a6_optimization_convergence_audit_20260815_000000,extended,mixed1m,4,0.001,30,val_CC,0.7341388476138213,0.0006183063096115,0.0004372085843767,2,42 43,base4,runs/a6_optimization_convergence_audit_20260815_000000/a6_seed_mean_curves.csv
a6_optimization_convergence_audit_20260815_000000,extended,mixed1m,6,0.001,1,train_loss,0.1038789410248894,0.0018388565042403,0.0013002679037773,2,42 43,base6,runs/a6_optimization_convergence_audit_20260815_000000/a6_seed_mean_curves.csv
a6_optimization_convergence_audit_20260815_000000,extended,mixed1m,6,0.001,1,val_SDR,3.424011928694589,0.0652435623339984,0.0461341653551374,2,42 43,base6,runs/a6_optimization_convergence_audit_20260815_000000/a6_seed_mean_curves.csv
a6_optimization_convergence_audit_20260815_000000,extended,mixed1m,6,0.001,1,val_CC,0.6853921401257417,0.0003464410737811,0.0002449708325522,2,42 43,base6,runs/a6_optimization_convergence_audit_20260815_000000/a6_seed_mean_curves.csv
a6_optimization_convergence_audit_20260815_000000,extended,mixed1m,6,0.001,2,train_loss,0.0704940228491945,7.948696213118632e-06,5.620576993888016e-06,2,42 43,base6,runs/a6_optimization_convergence_audit_20260815_000000/a6_seed_mean_curves.csv
a6_optimization_convergence_audit_20260815_000000,extended,mixed1m,6,0.001,2,val_SDR,4.102282137286906,0.0216846877406584,0.0153333897493324,2,42 43,base6,runs/a6_optimization_convergence_audit_20260815_000000/a6_seed_mean_curves.csv
a6_optimization_convergence_audit_20260815_000000,extended,mixed1m,6,0.001,2,val_CC,0.7112981196568937,0.0006763915479776,0.0004782810503122,2,42 43,base6,runs/a6_optimization_convergence_audit_20260815_000000/a6_seed_mean_curves.csv
a6_optimization_convergence_audit_20260815_000000,extended,mixed1m,6,0.001,3,train_loss,0.0678160591265353,0.0001750166276501,0.0001237554442318,2,42 43,base6,runs/a6_optimization_convergence_audit_20260815_000000/a6_seed_mean_curves.csv
a6_optimization_convergence_audit_20260815_000000,extended,mixed1m,6,0.001,3,val_SDR,4.332660701810097,0.0595337928641441,0.0420967486439916,2,42 43,base6,runs/a6_optimization_convergence_audit_20260815_000000/a6_seed_mean_curves.csv
a6_optimization_convergence_audit_20260815_000000,extended,mixed1m,6,0.001,3,val_CC,0.7237939646049422,0.0028649466499039,0.0020258232038847,2,42 43,base6,runs/a6_optimization_convergence_audit_20260815_000000/a6_seed_mean_curves.csv
a6_optimization_convergence_audit_20260815_000000,extended,mixed1m,6,0.001,4,train_loss,0.0667462990335796,0.0001271296357265,8.9894227512044e-05,2,42 43,base6,runs/a6_optimization_convergence_audit_20260815_000000/a6_seed_mean_curves.csv
a6_optimization_convergence_audit_20260815_000000,extended,mixed1m,6,0.001,4,val_SDR,4.436988329400822,0.0143418603525318,0.0101412267101057,2,42 43,base6,runs/a6_optimization_convergence_audit_20260815_000000/a6_seed_mean_curves.csv
a6_optimization_convergence_audit_20260815_000000,extended,mixed1m,6,0.001,4,val_CC,0.7285961095167666,0.0011691260532197,0.0008266969602935,2,42 43,base6,runs/a6_optimization_convergence_audit_20260815_000000/a6_seed_mean_curves.csv
a6_optimization_convergence_audit_20260815_000000,extended,mixed1m,6,0.001,5,train_loss,0.0661894526342144,0.0001294950602289,9.15668352180765e-05,2,42 43,base6,runs/a6_optimization_convergence_audit_20260815_000000/a6_seed_mean_curves.csv
a6_optimization_convergence_audit_20260815_000000,extended,mixed1m,6,0.001,5,val_SDR,4.442308708113067,0.1022688427928562,0.0723149922429295,2,42 43,base6,runs/a6_optimization_convergence_audit_20260815_000000/a6_seed_mean_curves.csv
a6_optimization_convergence_audit_20260815_000000,extended,mixed1m,6,0.001,5,val_CC,0.725918112056596,0.0047634260669541,0.003368250873624,2,42 43,base6,runs/a6_optimization_convergence_audit_20260815_000000/a6_seed_mean_curves.csv
a6_optimization_convergence_audit_20260815_000000,extended,mixed1m,6,0.001,6,train_loss,0.0658130716160892,0.0001205454841561,8.523852928825348e-05,2,42 43,base6,runs/a6_optimization_convergence_audit_20260815_000000/a6_seed_mean_curves.csv
a6_optimization_convergence_audit_20260815_000000,extended,mixed1m,6,0.001,6,val_SDR,4.528942521737546,0.0289512310532603,0.0204716118014589,2,42 43,base6,runs/a6_optimization_convergence_audit_20260815_000000/a6_seed_mean_curves.csv
a6_optimization_convergence_audit_20260815_000000,extended,mixed1m,6,0.001,6,val_CC,0.7332670795066016,0.0018691624132818,0.0013216974175705,2,42 43,base6,runs/a6_optimization_convergence_audit_20260815_000000/a6_seed_mean_curves.csv
a6_optimization_convergence_audit_20260815_000000,extended,mixed1m,6,0.001,7,train_loss,0.0655413854324147,0.000143453293402,0.0001014367965481,2,42 43,base6,runs/a6_optimization_convergence_audit_20260815_000000/a6_seed_mean_curves.csv
a6_optimization_convergence_audit_20260815_000000,extended,mixed1m,6,0.001,7,val_SDR,4.573399587553375,0.0020395496497852,0.0014421793879297,2,42 43,base6,runs/a6_optimization_convergence_audit_20260815_000000/a6_seed_mean_curves.csv
a6_optimization_convergence_audit_20260815_000000,extended,mixed1m,6,0.001,7,val_CC,0.7346362967272194,0.0009599705972048,0.0006788017190232,2,42 43,base6,runs/a6_optimization_convergence_audit_20260815_000000/a6_seed_mean_curves.csv
a6_optimization_convergence_audit_20260815_000000,extended,mixed1m,6,0.001,8,train_loss,0.065324642259599,0.0001519297414573,0.0001074305504484,2,42 43,base6,runs/a6_optimization_convergence_audit_20260815_000000/a6_seed_mean_curves.csv
a6_optimization_convergence_audit_20260815_000000,extended,mixed1m,6,0.001,8,val_SDR,4.60884778596917,0.0475214387169164,0.0336027315684725,2,42 43,base6,runs/a6_optimization_convergence_audit_20260815_000000/a6_seed_mean_curves.csv
a6_optimization_convergence_audit_20260815_000000,extended,mixed1m,6,0.001,8,val_CC,0.7347445223404436,0.0013909169623901,0.0009835268161734,2,42 43,base6,runs/a6_optimization_convergence_audit_20260815_000000/a6_seed_mean_curves.csv
a6_optimization_convergence_audit_20260815_000000,extended,mixed1m,6,0.001,9,train_loss,0.06515416138522,0.0001664399730371,0.000117690833595,2,42 43,base6,runs/a6_optimization_convergence_audit_20260815_000000/a6_seed_mean_curves.csv
a6_optimization_convergence_audit_20260815_000000,extended,mixed1m,6,0.001,9,val_SDR,4.655372529613729,0.0347557397574485,0.0245760192676467,2,42 43,base6,runs/a6_optimization_convergence_audit_20260815_000000/a6_seed_mean_curves.csv
a6_optimization_convergence_audit_20260815_000000,extended,mixed1m,6,0.001,9,val_CC,0.7365733114432316,0.0016314318240465,0.0011535965058268,2,42 43,base6,runs/a6_optimization_convergence_audit_20260815_000000/a6_seed_mean_curves.csv
a6_optimization_convergence_audit_20260815_000000,extended,mixed1m,6,0.001,10,train_loss,0.0650138948160364,0.0001838935718218,0.0001300323916518,2,42 43,base6,runs/a6_optimization_convergence_audit_20260815_000000/a6_seed_mean_curves.csv
a6_optimization_convergence_audit_20260815_000000,extended,mixed1m,6,0.001,10,val_SDR,4.634062650252361,0.0193302994122175,0.0136685857967453,2,42 43,base6,runs/a6_optimization_convergence_audit_20260815_000000/a6_seed_mean_curves.csv
a6_optimization_convergence_audit_20260815_000000,extended,mixed1m,6,0.001,10,val_CC,0.7353738585905153,0.000335495365195,0.000237231047786,2,42 43,base6,runs/a6_optimization_convergence_audit_20260815_000000/a6_seed_mean_curves.csv
a6_optimization_convergence_audit_20260815_000000,extended,mixed1m,6,0.001,11,train_loss,0.0648852639624377,0.0001785068865943,0.0001262234299993,2,42 43,base6,runs/a6_optimization_convergence_audit_20260815_000000/a6_seed_mean_curves.csv
a6_optimization_convergence_audit_20260815_000000,extended,mixed1m,6,0.001,11,val_SDR,4.679199447437209,0.0303374942294488,0.021451847893851,2,42 43,base6,runs/a6_optimization_convergence_audit_20260815_000000/a6_seed_mean_curves.csv
a6_optimization_convergence_audit_20260815_000000,extended,mixed1m,6,0.001,11,val_CC,0.7380136248408531,0.0011146263074661,0.0007881598204982,2,42 43,base6,runs/a6_optimization_convergence_audit_20260815_000000/a6_seed_mean_curves.csv
a6_optimization_convergence_audit_20260815_000000,extended,mixed1m,6,0.001,12,train_loss,0.0647656812530268,0.0001862578712404,0.0001317042038035,2,42 43,base6,runs/a6_optimization_convergence_audit_20260815_000000/a6_seed_mean_curves.csv
a6_optimization_convergence_audit_20260815_000000,extended,mixed1m,6,0.001,12,val_SDR,4.670243046721634,0.0424801320266822,0.0300379894217668,2,42 43,base6,runs/a6_optimization_convergence_audit_20260815_000000/a6_seed_mean_curves.csv
a6_optimization_convergence_audit_20260815_000000,extended,mixed1m,6,0.001,12,val_CC,0.7388110267264503,0.0014103741840261,0.0009972851495353,2,42 43,base6,runs/a6_optimization_convergence_audit_20260815_000000/a6_seed_mean_curves.csv
a6_optimization_convergence_audit_20260815_000000,extended,mixed1m,6,0.001,13,train_loss,0.06467463171867,0.0001882765947968,0.0001331316569195,2,42 43,base6,runs/a6_optimization_convergence_audit_20260815_000000/a6_seed_mean_curves.csv
a6_optimization_convergence_audit_20260815_000000,extended,mixed1m,6,0.001,13,val_SDR,4.63954453079068,0.0632602658248792,0.0447317629444357,2,42 43,base6,runs/a6_optimization_convergence_audit_20260815_000000/a6_seed_mean_curves.csv
a6_optimization_convergence_audit_20260815_000000,extended,mixed1m,6,0.001,13,val_CC,0.738771875902098,0.00107216851843,0.0007581376299566,2,42 43,base6,runs/a6_optimization_convergence_audit_20260815_000000/a6_seed_mean_curves.csv
a6_optimization_convergence_audit_20260815_000000,extended,mixed1m,6,0.001,14,train_loss,0.064586943963452,0.0002102152623229,0.0001486446374974,2,42 43,base6,runs/a6_optimization_convergence_audit_20260815_000000/a6_seed_mean_curves.csv
a6_optimization_convergence_audit_20260815_000000,extended,mixed1m,6,0.001,14,val_SDR,4.71369220772568,0.035525437546911,0.02512027779404,2,42 43,base6,runs/a6_optimization_convergence_audit_20260815_000000/a6_seed_mean_curves.csv
a6_optimization_convergence_audit_20260815_000000,extended,mixed1m,6,0.001,14,val_CC,0.7384336295784737,0.000791908748558,0.0005599640461863,2,42 43,base6,runs/a6_optimization_convergence_audit_20260815_000000/a6_seed_mean_curves.csv
a6_optimization_convergence_audit_20260815_000000,extended,mixed1m,6,0.001,15,train_loss,0.0645073783629195,0.0002031153137669,0.0001436242157274,2,42 43,base6,runs/a6_optimization_convergence_audit_20260815_000000/a6_seed_mean_curves.csv
a6_optimization_convergence_audit_20260815_000000,extended,mixed1m,6,0.001,15,val_SDR,4.7211165671445885,0.0541946197731074,0.0383213831453908,2,42 43,base6,runs/a6_optimization_convergence_audit_20260815_000000/a6_seed_mean_curves.csv
a6_optimization_convergence_audit_20260815_000000,extended,mixed1m,6,0.001,15,val_CC,0.739123986083634,0.0012949937456685,0.0009156988591564,2,42 43,base6,runs/a6_optimization_convergence_audit_20260815_000000/a6_seed_mean_curves.csv
a6_optimization_convergence_audit_20260815_000000,extended,mixed1m,6,0.001,16,train_loss,0.0644362225290149,0.0002059500497602,0.0001456286767712,2,42 43,base6,runs/a6_optimization_convergence_audit_20260815_000000/a6_seed_mean_curves.csv
a6_optimization_convergence_audit_20260815_000000,extended,mixed1m,6,0.001,16,val_SDR,4.751380757409699,0.0317537900456909,0.0224533202696819,2,42 43,base6,runs/a6_optimization_convergence_audit_20260815_000000/a6_seed_mean_curves.csv
a6_optimization_convergence_audit_20260815_000000,extended,mixed1m,6,0.001,16,val_CC,0.7398919390172374,0.0016657595720188,0.0011778698892009,2,42 43,base6,runs/a6_optimization_convergence_audit_20260815_000000/a6_seed_mean_curves.csv
a6_optimization_convergence_audit_20260815_000000,extended,mixed1m,6,0.001,17,train_loss,0.0643729704820439,0.0002095490173917,0.0001481735311886,2,42 43,base6,runs/a6_optimization_convergence_audit_20260815_000000/a6_seed_mean_curves.csv
a6_optimization_convergence_audit_20260815_000000,extended,mixed1m,6,0.001,17,val_SDR,4.763217188874069,0.0206431857852885,0.0145969366540712,2,42 43,base6,runs/a6_optimization_convergence_audit_20260815_000000/a6_seed_mean_curves.csv
a6_optimization_convergence_audit_20260815_000000,extended,mixed1m,6,0.001,17,val_CC,0.7397417158496623,0.001359134367984,0.0009610531281452,2,42 43,base6,runs/a6_optimization_convergence_audit_20260815_000000/a6_seed_mean_curves.csv
a6_optimization_convergence_audit_20260815_000000,extended,mixed1m,6,0.001,18,train_loss,0.0643179116370466,0.0002081326818446,0.0001471720307188,2,42 43,base6,runs/a6_optimization_convergence_audit_20260815_000000/a6_seed_mean_curves.csv
a6_optimization_convergence_audit_20260815_000000,extended,mixed1m,6,0.001,18,val_SDR,4.747591622021734,0.0081598500674895,0.0057698853161873,2,42 43,base6,runs/a6_optimization_convergence_audit_20260815_000000/a6_seed_mean_curves.csv
a6_optimization_convergence_audit_20260815_000000,extended,mixed1m,6,0.001,18,val_CC,0.7400765729193786,0.0013153291700051,0.0009300781756031,2,42 43,base6,runs/a6_optimization_convergence_audit_20260815_000000/a6_seed_mean_curves.csv
a6_optimization_convergence_audit_20260815_000000,extended,mixed1m,6,0.001,19,train_loss,0.0642713875131076,0.000202934232554,0.0001434961719738,2,42 43,base6,runs/a6_optimization_convergence_audit_20260815_000000/a6_seed_mean_curves.csv
a6_optimization_convergence_audit_20260815_000000,extended,mixed1m,6,0.001,19,val_SDR,4.764105373499344,0.0018900023095912,0.0013364334495702,2,42 43,base6,runs/a6_optimization_convergence_audit_20260815_000000/a6_seed_mean_curves.csv
a6_optimization_convergence_audit_20260815_000000,extended,mixed1m,6,0.001,19,val_CC,0.7397244870662689,0.0006008274094362,0.000424849135535,2,42 43,base6,runs/a6_optimization_convergence_audit_20260815_000000/a6_seed_mean_curves.csv
a6_optimization_convergence_audit_20260815_000000,extended,mixed1m,6,0.001,20,train_loss,0.0642286971273362,0.0002049513425921,0.0001449224841602,2,42 43,base6,runs/a6_optimization_convergence_audit_20260815_000000/a6_seed_mean_curves.csv
a6_optimization_convergence_audit_20260815_000000,extended,mixed1m,6,0.001,20,val_SDR,4.758591286990107,0.0184826007082579,0.0130691722947724,2,42 43,base6,runs/a6_optimization_convergence_audit_20260815_000000/a6_seed_mean_curves.csv
a6_optimization_convergence_audit_20260815_000000,extended,mixed1m,6,0.001,20,val_CC,0.7406765976730658,0.0011392611404208,0.0008055792779338,2,42 43,base6,runs/a6_optimization_convergence_audit_20260815_000000/a6_seed_mean_curves.csv
a6_optimization_convergence_audit_20260815_000000,extended,mixed1m,6,0.001,21,train_loss,0.0641922081422889,0.0002019140275289,0.0001427747780823,2,42 43,base6,runs/a6_optimization_convergence_audit_20260815_000000/a6_seed_mean_curves.csv
a6_optimization_convergence_audit_20260815_000000,extended,mixed1m,6,0.001,21,val_SDR,4.776299092234398,0.0143066978389165,0.0101163630582847,2,42 43,base6,runs/a6_optimization_convergence_audit_20260815_000000/a6_seed_mean_curves.csv
a6_optimization_convergence_audit_20260815_000000,extended,mixed1m,6,0.001,21,val_CC,0.7406005089988514,0.0011268686767489,0.0007968164828358,2,42 43,base6,runs/a6_optimization_convergence_audit_20260815_000000/a6_seed_mean_curves.csv
a6_optimization_convergence_audit_20260815_000000,extended,mixed1m,6,0.001,22,train_loss,0.0641569263204131,0.0001971514976489,0.0001394071609086,2,42 43,base6,runs/a6_optimization_convergence_audit_20260815_000000/a6_seed_mean_curves.csv
a6_optimization_convergence_audit_20260815_000000,extended,mixed1m,6,0.001,22,val_SDR,4.79250869945604,0.0203027390255334,0.0143562044416154,2,42 43,base6,runs/a6_optimization_convergence_audit_20260815_000000/a6_seed_mean_curves.csv
a6_optimization_convergence_audit_20260815_000000,extended,mixed1m,6,0.001,22,val_CC,0.7411317743208943,0.0014257474620554,0.0010081556986789,2,42 43,base6,runs/a6_optimization_convergence_audit_20260815_000000/a6_seed_mean_curves.csv
a6_optimization_convergence_audit_20260815_000000,extended,mixed1m,6,0.001,23,train_loss,0.0641333511137329,0.00019719987288,0.0001394413673626,2,42 43,base6,runs/a6_optimization_convergence_audit_20260815_000000/a6_seed_mean_curves.csv
a6_optimization_convergence_audit_20260815_000000,extended,mixed1m,6,0.001,23,val_SDR,4.793265564101083,0.0224557273481554,0.0158785970843569,2,42 43,base6,runs/a6_optimization_convergence_audit_20260815_000000/a6_seed_mean_curves.csv
a6_optimization_convergence_audit_20260815_000000,extended,mixed1m,6,0.001,23,val_CC,0.7410328871741587,0.001564877649549,0.0011065355977233,2,42 43,base6,runs/a6_optimization_convergence_audit_20260815_000000/a6_seed_mean_curves.csv
a6_optimization_convergence_audit_20260815_000000,extended,mixed1m,6,0.001,24,train_loss,0.0641053098913691,0.0001919781909476,0.000135749080659,2,42 43,base6,runs/a6_optimization_convergence_audit_20260815_000000/a6_seed_mean_curves.csv
a6_optimization_convergence_audit_20260815_000000,extended,mixed1m,6,0.001,24,val_SDR,4.795507268029816,0.024774960044099,0.0175185422508081,2,42 43,base6,runs/a6_optimization_convergence_audit_20260815_000000/a6_seed_mean_curves.csv
a6_optimization_convergence_audit_20260815_000000,extended,mixed1m,6,0.001,24,val_CC,0.7410102562636744,0.0010489890419587,0.0007417472649594,2,42 43,base6,runs/a6_optimization_convergence_audit_20260815_000000/a6_seed_mean_curves.csv
a6_optimization_convergence_audit_20260815_000000,extended,mixed1m,6,0.001,25,train_loss,0.0640883125136118,0.000190655567463,0.000134813844624,2,42 43,base6,runs/a6_optimization_convergence_audit_20260815_000000/a6_seed_mean_curves.csv
a6_optimization_convergence_audit_20260815_000000,extended,mixed1m,6,0.001,25,val_SDR,4.796030553019777,0.0296046861142505,0.0209336743062857,2,42 43,base6,runs/a6_optimization_convergence_audit_20260815_000000/a6_seed_mean_curves.csv
a6_optimization_convergence_audit_20260815_000000,extended,mixed1m,6,0.001,25,val_CC,0.7410314968045877,0.0011253221454505,0.0007957229200674,2,42 43,base6,runs/a6_optimization_convergence_audit_20260815_000000/a6_seed_mean_curves.csv
a6_optimization_convergence_audit_20260815_000000,extended,mixed1m,6,0.001,26,train_loss,0.0640674758240428,0.0001925440676325,0.0001361492159002,2,42 43,base6,runs/a6_optimization_convergence_audit_20260815_000000/a6_seed_mean_curves.csv
a6_optimization_convergence_audit_20260815_000000,extended,mixed1m,6,0.001,26,val_SDR,4.802424567086357,0.0243947266593496,0.0172496766460183,2,42 43,base6,runs/a6_optimization_convergence_audit_20260815_000000/a6_seed_mean_curves.csv
a6_optimization_convergence_audit_20260815_000000,extended,mixed1m,6,0.001,26,val_CC,0.7412397098176333,0.0009878838528758,0.0006985393713931,2,42 43,base6,runs/a6_optimization_convergence_audit_20260815_000000/a6_seed_mean_curves.csv
a6_optimization_convergence_audit_20260815_000000,extended,mixed1m,6,0.001,27,train_loss,0.0640550549916179,0.0001915998731282,0.0001354815695634,2,42 43,base6,runs/a6_optimization_convergence_audit_20260815_000000/a6_seed_mean_curves.csv
a6_optimization_convergence_audit_20260815_000000,extended,mixed1m,6,0.001,27,val_SDR,4.806141325405665,0.0277029583793759,0.0195889497289853,2,42 43,base6,runs/a6_optimization_convergence_audit_20260815_000000/a6_seed_mean_curves.csv
a6_optimization_convergence_audit_20260815_000000,extended,mixed1m,6,0.001,27,val_CC,0.7414508854248085,0.0011986576618594,0.0008475789610219,2,42 43,base6,runs/a6_optimization_convergence_audit_20260815_000000/a6_seed_mean_curves.csv
a6_optimization_convergence_audit_20260815_000000,extended,mixed1m,6,0.001,28,train_loss,0.0640508566799638,0.0001874699670402,0.0001325612849629,2,42 43,base6,runs/a6_optimization_convergence_audit_20260815_000000/a6_seed_mean_curves.csv
a6_optimization_convergence_audit_20260815_000000,extended,mixed1m,6,0.001,28,val_SDR,4.804924962471942,0.0261864356370955,0.0185166062140953,2,42 43,base6,runs/a6_optimization_convergence_audit_20260815_000000/a6_seed_mean_curves.csv
a6_optimization_convergence_audit_20260815_000000,extended,mixed1m,6,0.001,28,val_CC,0.7414914080683066,0.0015872094582814,0.0011223265711142,2,42 43,base6,runs/a6_optimization_convergence_audit_20260815_000000/a6_seed_mean_curves.csv
a6_optimization_convergence_audit_20260815_000000,extended,mixed1m,6,0.001,29,train_loss,0.0640457530465462,0.0001874450669839,0.0001325436779643,2,42 43,base6,runs/a6_optimization_convergence_audit_20260815_000000/a6_seed_mean_curves.csv
a6_optimization_convergence_audit_20260815_000000,extended,mixed1m,6,0.001,29,val_SDR,4.806198392595563,0.026612449100725,0.0188178432231045,2,42 43,base6,runs/a6_optimization_convergence_audit_20260815_000000/a6_seed_mean_curves.csv
a6_optimization_convergence_audit_20260815_000000,extended,mixed1m,6,0.001,29,val_CC,0.7414923614385176,0.0013407273770016,0.0009480374200003,2,42 43,base6,runs/a6_optimization_convergence_audit_20260815_000000/a6_seed_mean_curves.csv
a6_optimization_convergence_audit_20260815_000000,extended,mixed1m,6,0.001,30,train_loss,0.0640410262962703,0.0001838583540068,0.000130007488896,2,42 43,base6,runs/a6_optimization_convergence_audit_20260815_000000/a6_seed_mean_curves.csv
a6_optimization_convergence_audit_20260815_000000,extended,mixed1m,6,0.001,30,val_SDR,4.8061277793378245,0.0250621710334861,0.0177216310890351,2,42 43,base6,runs/a6_optimization_convergence_audit_20260815_000000/a6_seed_mean_curves.csv
a6_optimization_convergence_audit_20260815_000000,extended,mixed1m,6,0.001,30,val_CC,0.7415069904254408,0.001496820810881,0.0010584121455951,2,42 43,base6,runs/a6_optimization_convergence_audit_20260815_000000/a6_seed_mean_curves.csv
a6_optimization_convergence_audit_20260815_000000,extended,mixed1m,16,0.001,1,train_loss,0.0761622261598973,0.0036117227998268,0.0025538736835236,2,42 43,base16,runs/a6_optimization_convergence_audit_20260815_000000/a6_seed_mean_curves.csv
a6_optimization_convergence_audit_20260815_000000,extended,mixed1m,16,0.001,1,val_SDR,4.314346629746106,0.0308662599894691,0.0218257417484206,2,42 43,base16,runs/a6_optimization_convergence_audit_20260815_000000/a6_seed_mean_curves.csv
a6_optimization_convergence_audit_20260815_000000,extended,mixed1m,16,0.001,1,val_CC,0.7234129364393196,4.1154247221479005e-05,2.9100447284935434e-05,2,42 43,base16,runs/a6_optimization_convergence_audit_20260815_000000/a6_seed_mean_curves.csv
a6_optimization_convergence_audit_20260815_000000,extended,mixed1m,16,0.001,2,train_loss,0.0657159933948989,0.0001401694839504,9.911479261677512e-05,2,42 43,base16,runs/a6_optimization_convergence_audit_20260815_000000/a6_seed_mean_curves.csv
a6_optimization_convergence_audit_20260815_000000,extended,mixed1m,16,0.001,2,val_SDR,4.661491199415558,0.0134739930913494,0.0095275518845538,2,42 43,base16,runs/a6_optimization_convergence_audit_20260815_000000/a6_seed_mean_curves.csv
a6_optimization_convergence_audit_20260815_000000,extended,mixed1m,16,0.001,2,val_CC,0.7351228020020893,7.243667035394634e-06,5.122046081385e-06,2,42 43,base16,runs/a6_optimization_convergence_audit_20260815_000000/a6_seed_mean_curves.csv
a6_optimization_convergence_audit_20260815_000000,extended,mixed1m,16,0.001,3,train_loss,0.0642818438551386,0.0001246457810052,8.813787699507579e-05,2,42 43,base16,runs/a6_optimization_convergence_audit_20260815_000000/a6_seed_mean_curves.csv
a6_optimization_convergence_audit_20260815_000000,extended,mixed1m,16,0.001,3,val_SDR,4.751148021951014,0.0365595491814157,0.0258515051433021,2,42 43,base16,runs/a6_optimization_convergence_audit_20260815_000000/a6_seed_mean_curves.csv
a6_optimization_convergence_audit_20260815_000000,extended,mixed1m,16,0.001,3,val_CC,0.7424044530002438,0.0001713355405944,0.0001211525226125,2,42 43,base16,runs/a6_optimization_convergence_audit_20260815_000000/a6_seed_mean_curves.csv
a6_optimization_convergence_audit_20260815_000000,extended,mixed1m,16,0.001,4,train_loss,0.0633946415703848,0.0001227844209538,8.682169668052658e-05,2,42 43,base16,runs/a6_optimization_convergence_audit_20260815_000000/a6_seed_mean_curves.csv
a6_optimization_convergence_audit_20260815_000000,extended,mixed1m,16,0.001,4,val_SDR,4.8519536573059705,0.0023846170803599,0.0016861789080557,2,42 43,base16,runs/a6_optimization_convergence_audit_20260815_000000/a6_seed_mean_curves.csv
a6_optimization_convergence_audit_20260815_000000,extended,mixed1m,16,0.001,4,val_CC,0.7432617341377297,0.0015979061564054,0.001129890278894,2,42 43,base16,runs/a6_optimization_convergence_audit_20260815_000000/a6_seed_mean_curves.csv
a6_optimization_convergence_audit_20260815_000000,extended,mixed1m,16,0.001,5,train_loss,0.0628008740284787,0.0001077571359326,7.619580153919031e-05,2,42 43,base16,runs/a6_optimization_convergence_audit_20260815_000000/a6_seed_mean_curves.csv
a6_optimization_convergence_audit_20260815_000000,extended,mixed1m,16,0.001,5,val_SDR,4.868275800529792,0.0616291896686256,0.043578417933717,2,42 43,base16,runs/a6_optimization_convergence_audit_20260815_000000/a6_seed_mean_curves.csv
a6_optimization_convergence_audit_20260815_000000,extended,mixed1m,16,0.001,5,val_CC,0.7459272754435637,0.0002573873632969,0.000182000349979,2,42 43,base16,runs/a6_optimization_convergence_audit_20260815_000000/a6_seed_mean_curves.csv
a6_optimization_convergence_audit_20260815_000000,extended,mixed1m,16,0.001,6,train_loss,0.0623438481879813,8.367387021495287e-05,5.916636103711625e-05,2,42 43,base16,runs/a6_optimization_convergence_audit_20260815_000000/a6_seed_mean_curves.csv
a6_optimization_convergence_audit_20260815_000000,extended,mixed1m,16,0.001,6,val_SDR,4.813866695579217,0.1294171280024741,0.0915117288122369,2,42 43,base16,runs/a6_optimization_convergence_audit_20260815_000000/a6_seed_mean_curves.csv
a6_optimization_convergence_audit_20260815_000000,extended,mixed1m,16,0.001,6,val_CC,0.7479620642808018,0.00053166357089,0.0003759429162862,2,42 43,base16,runs/a6_optimization_convergence_audit_20260815_000000/a6_seed_mean_curves.csv
a6_optimization_convergence_audit_20260815_000000,extended,mixed1m,16,0.001,7,train_loss,0.0619895518197656,9.104719053340116e-05,6.438008583415158e-05,2,42 43,base16,runs/a6_optimization_convergence_audit_20260815_000000/a6_seed_mean_curves.csv
a6_optimization_convergence_audit_20260815_000000,extended,mixed1m,16,0.001,7,val_SDR,4.897320336225081,0.0350399230548608,0.0247769672043469,2,42 43,base16,runs/a6_optimization_convergence_audit_20260815_000000/a6_seed_mean_curves.csv
a6_optimization_convergence_audit_20260815_000000,extended,mixed1m,16,0.001,7,val_CC,0.7433393004597451,0.0017632817885645,0.0012468285098367,2,42 43,base16,runs/a6_optimization_convergence_audit_20260815_000000/a6_seed_mean_curves.csv
a6_optimization_convergence_audit_20260815_000000,extended,mixed1m,16,0.001,8,train_loss,0.0616807584719889,6.156914841743667e-05,4.353596235785046e-05,2,42 43,base16,runs/a6_optimization_convergence_audit_20260815_000000/a6_seed_mean_curves.csv
a6_optimization_convergence_audit_20260815_000000,extended,mixed1m,16,0.001,8,val_SDR,5.00657993676711,0.0233599475563874,0.0165179773252837,2,42 43,base16,runs/a6_optimization_convergence_audit_20260815_000000/a6_seed_mean_curves.csv
a6_optimization_convergence_audit_20260815_000000,extended,mixed1m,16,0.001,8,val_CC,0.7491119096473772,0.0005260941659082,0.0003720047522564,2,42 43,base16,runs/a6_optimization_convergence_audit_20260815_000000/a6_seed_mean_curves.csv
a6_optimization_convergence_audit_20260815_000000,extended,mixed1m,16,0.001,9,train_loss,0.06141161936028,4.729645434692849e-05,3.34436435947931e-05,2,42 43,base16,runs/a6_optimization_convergence_audit_20260815_000000/a6_seed_mean_curves.csv
a6_optimization_convergence_audit_20260815_000000,extended,mixed1m,16,0.001,9,val_SDR,4.910508739704988,0.0025052086754875,0.0017714500427246,2,42 43,base16,runs/a6_optimization_convergence_audit_20260815_000000/a6_seed_mean_curves.csv
a6_optimization_convergence_audit_20260815_000000,extended,mixed1m,16,0.001,9,val_CC,0.7465590947136587,0.0053865620613491,0.0038088745608621,2,42 43,base16,runs/a6_optimization_convergence_audit_20260815_000000/a6_seed_mean_curves.csv
a6_optimization_convergence_audit_20260815_000000,extended,mixed1m,16,0.001,10,train_loss,0.0611761011531019,6.119738909500958e-05,4.327308881999294e-05,2,42 43,base16,runs/a6_optimization_convergence_audit_20260815_000000/a6_seed_mean_curves.csv
a6_optimization_convergence_audit_20260815_000000,extended,mixed1m,16,0.001,10,val_SDR,5.07014588433869,0.0100677708086753,0.0071189890102463,2,42 43,base16,runs/a6_optimization_convergence_audit_20260815_000000/a6_seed_mean_curves.csv
a6_optimization_convergence_audit_20260815_000000,extended,mixed1m,16,0.001,10,val_CC,0.7510516348542,0.0004052948470278,0.0002865867347133,2,42 43,base16,runs/a6_optimization_convergence_audit_20260815_000000/a6_seed_mean_curves.csv
a6_optimization_convergence_audit_20260815_000000,extended,mixed1m,16,0.001,11,train_loss,0.0609718317575657,4.299333926349409e-05,3.0400881739070514e-05,2,42 43,base16,runs/a6_optimization_convergence_audit_20260815_000000/a6_seed_mean_curves.csv
a6_optimization_convergence_audit_20260815_000000,extended,mixed1m,16,0.001,11,val_SDR,5.048892422598236,0.013529946903376,0.0095671172044711,2,42 43,base16,runs/a6_optimization_convergence_audit_20260815_000000/a6_seed_mean_curves.csv
a6_optimization_convergence_audit_20260815_000000,extended,mixed1m,16,0.001,11,val_CC,0.7502356886255498,0.0027070796078281,0.001914194347907,2,42 43,base16,runs/a6_optimization_convergence_audit_20260815_000000/a6_seed_mean_curves.csv
a6_optimization_convergence_audit_20260815_000000,extended,mixed1m,16,0.001,12,train_loss,0.0607662792877315,6.916947290157954e-05,4.891020333980603e-05,2,42 43,base16,runs/a6_optimization_convergence_audit_20260815_000000/a6_seed_mean_curves.csv
a6_optimization_convergence_audit_20260815_000000,extended,mixed1m,16,0.001,12,val_SDR,5.085177852182973,0.0105047871801861,0.0074280062500311,2,42 43,base16,runs/a6_optimization_convergence_audit_20260815_000000/a6_seed_mean_curves.csv
a6_optimization_convergence_audit_20260815_000000,extended,mixed1m,16,0.001,12,val_CC,0.7517566686990309,0.0001021811635857,7.225299368102123e-05,2,42 43,base16,runs/a6_optimization_convergence_audit_20260815_000000/a6_seed_mean_curves.csv
a6_optimization_convergence_audit_20260815_000000,extended,mixed1m,16,0.001,13,train_loss,0.0606080392194564,5.029213457583196e-05,3.556190939891721e-05,2,42 43,base16,runs/a6_optimization_convergence_audit_20260815_000000/a6_seed_mean_curves.csv
a6_optimization_convergence_audit_20260815_000000,extended,mixed1m,16,0.001,13,val_SDR,5.105284316199166,0.0153827739723013,0.0108772637892742,2,42 43,base16,runs/a6_optimization_convergence_audit_20260815_000000/a6_seed_mean_curves.csv
a6_optimization_convergence_audit_20260815_000000,extended,mixed1m,16,0.001,13,val_CC,0.7523546085065724,0.0005585979875078,0.0003949884249239,2,42 43,base16,runs/a6_optimization_convergence_audit_20260815_000000/a6_seed_mean_curves.csv
a6_optimization_convergence_audit_20260815_000000,extended,mixed1m,16,0.001,14,train_loss,0.0604458338011751,6.092685699002091e-05,4.3081793734026784e-05,2,42 43,base16,runs/a6_optimization_convergence_audit_20260815_000000/a6_seed_mean_curves.csv
a6_optimization_convergence_audit_20260815_000000,extended,mixed1m,16,0.001,14,val_SDR,5.06920156430225,0.0522281923250698,0.0369309089621721,2,42 43,base16,runs/a6_optimization_convergence_audit_20260815_000000/a6_seed_mean_curves.csv
a6_optimization_convergence_audit_20260815_000000,extended,mixed1m,16,0.001,14,val_CC,0.7477867162349272,0.0024275986945138,0.0017165714988903,2,42 43,base16,runs/a6_optimization_convergence_audit_20260815_000000/a6_seed_mean_curves.csv
a6_optimization_convergence_audit_20260815_000000,extended,mixed1m,16,0.001,15,train_loss,0.0603103062681034,5.0252507375871215e-05,3.553388873710553e-05,2,42 43,base16,runs/a6_optimization_convergence_audit_20260815_000000/a6_seed_mean_curves.csv
a6_optimization_convergence_audit_20260815_000000,extended,mixed1m,16,0.001,15,val_SDR,5.0831451051089225,0.050100695104539,0.0354265412505792,2,42 43,base16,runs/a6_optimization_convergence_audit_20260815_000000/a6_seed_mean_curves.csv
a6_optimization_convergence_audit_20260815_000000,extended,mixed1m,16,0.001,15,val_CC,0.7528575011053864,0.0016535950453848,0.0011692682699281,2,42 43,base16,runs/a6_optimization_convergence_audit_20260815_000000/a6_seed_mean_curves.csv
a6_optimization_convergence_audit_20260815_000000,extended,mixed1m,16,0.001,16,train_loss,0.0601784703333664,5.554860315340861e-05,3.927879397521567e-05,2,42 43,base16,runs/a6_optimization_convergence_audit_20260815_000000/a6_seed_mean_curves.csv
a6_optimization_convergence_audit_20260815_000000,extended,mixed1m,16,0.001,16,val_SDR,4.905826580767728,0.2530281577624746,0.1789179261849853,2,42 43,base16,runs/a6_optimization_convergence_audit_20260815_000000/a6_seed_mean_curves.csv
a6_optimization_convergence_audit_20260815_000000,extended,mixed1m,16,0.001,16,val_CC,0.7535222951246767,0.0002357015195284,0.0001666661427945,2,42 43,base16,runs/a6_optimization_convergence_audit_20260815_000000/a6_seed_mean_curves.csv
a6_optimization_convergence_audit_20260815_000000,extended,mixed1m,16,0.001,17,train_loss,0.0600586150489423,4.906909784225775e-05,3.4697091830966635e-05,2,42 43,base16,runs/a6_optimization_convergence_audit_20260815_000000/a6_seed_mean_curves.csv
a6_optimization_convergence_audit_20260815_000000,extended,mixed1m,16,0.001,17,val_SDR,5.1483043480892565,0.0553375218851559,0.0391295369790527,2,42 43,base16,runs/a6_optimization_convergence_audit_20260815_000000/a6_seed_mean_curves.csv
a6_optimization_convergence_audit_20260815_000000,extended,mixed1m,16,0.001,17,val_CC,0.7521154269271967,0.0019956898329308,0.0014111658140104,2,42 43,base16,runs/a6_optimization_convergence_audit_20260815_000000/a6_seed_mean_curves.csv
a6_optimization_convergence_audit_20260815_000000,extended,mixed1m,16,0.001,18,train_loss,0.0599532800600351,6.011387621576103e-05,4.250692951557333e-05,2,42 43,base16,runs/a6_optimization_convergence_audit_20260815_000000/a6_seed_mean_curves.csv
a6_optimization_convergence_audit_20260815_000000,extended,mixed1m,16,0.001,18,val_SDR,5.134033845395457,0.0986189876418764,0.0697341549153231,2,42 43,base16,runs/a6_optimization_convergence_audit_20260815_000000/a6_seed_mean_curves.csv
a6_optimization_convergence_audit_20260815_000000,extended,mixed1m,16,0.001,18,val_CC,0.7537275224315877,0.0015210892242956,0.0010755725052892,2,42 43,base16,runs/a6_optimization_convergence_audit_20260815_000000/a6_seed_mean_curves.csv
a6_optimization_convergence_audit_20260815_000000,extended,mixed1m,16,0.001,19,train_loss,0.0598571167620437,4.991021918336971e-05,3.529185443506763e-05,2,42 43,base16,runs/a6_optimization_convergence_audit_20260815_000000/a6_seed_mean_curves.csv
a6_optimization_convergence_audit_20260815_000000,extended,mixed1m,16,0.001,19,val_SDR,5.11673860160672,0.068681114347492,0.0485648816945602,2,42 43,base16,runs/a6_optimization_convergence_audit_20260815_000000/a6_seed_mean_curves.csv
a6_optimization_convergence_audit_20260815_000000,extended,mixed1m,16,0.001,19,val_CC,0.7554544134407628,9.999081767285236e-05,7.070418523286158e-05,2,42 43,base16,runs/a6_optimization_convergence_audit_20260815_000000/a6_seed_mean_curves.csv
a6_optimization_convergence_audit_20260815_000000,extended,mixed1m,16,0.001,20,train_loss,0.0597752460166621,4.669496909941309e-05,3.301832929749129e-05,2,42 43,base16,runs/a6_optimization_convergence_audit_20260815_000000/a6_seed_mean_curves.csv
a6_optimization_convergence_audit_20260815_000000,extended,mixed1m,16,0.001,20,val_SDR,5.183864953566571,0.0103992824365467,0.0073534031303563,2,42 43,base16,runs/a6_optimization_convergence_audit_20260815_000000/a6_seed_mean_curves.csv
a6_optimization_convergence_audit_20260815_000000,extended,mixed1m,16,0.001,20,val_CC,0.7535376801174514,0.0026056742903109,0.0018424899602423,2,42 43,base16,runs/a6_optimization_convergence_audit_20260815_000000/a6_seed_mean_curves.csv
a6_optimization_convergence_audit_20260815_000000,extended,mixed1m,16,0.001,21,train_loss,0.0596927003744427,5.494728633159537e-05,3.885359877286998e-05,2,42 43,base16,runs/a6_optimization_convergence_audit_20260815_000000/a6_seed_mean_curves.csv
a6_optimization_convergence_audit_20260815_000000,extended,mixed1m,16,0.001,21,val_SDR,5.201130840243126,0.0092429415008018,0.0065357466133275,2,42 43,base16,runs/a6_optimization_convergence_audit_20260815_000000/a6_seed_mean_curves.csv
a6_optimization_convergence_audit_20260815_000000,extended,mixed1m,16,0.001,21,val_CC,0.7537879709686552,0.0009697237220061,0.000685698219708,2,42 43,base16,runs/a6_optimization_convergence_audit_20260815_000000/a6_seed_mean_curves.csv
a6_optimization_convergence_audit_20260815_000000,extended,mixed1m,16,0.001,22,train_loss,0.0596276532734751,5.25801539925489e-05,3.717978344396424e-05,2,42 43,base16,runs/a6_optimization_convergence_audit_20260815_000000/a6_seed_mean_curves.csv
a6_optimization_convergence_audit_20260815_000000,extended,mixed1m,16,0.001,22,val_SDR,5.137253391499423,0.0506982479618878,0.0358490749281279,2,42 43,base16,runs/a6_optimization_convergence_audit_20260815_000000/a6_seed_mean_curves.csv
a6_optimization_convergence_audit_20260815_000000,extended,mixed1m,16,0.001,22,val_CC,0.7554215329642199,1.0609824007473e-06,7.502278502879988e-07,2,42 43,base16,runs/a6_optimization_convergence_audit_20260815_000000/a6_seed_mean_curves.csv
a6_optimization_convergence_audit_20260815_000000,extended,mixed1m,16,0.001,23,train_loss,0.0595663803584321,5.4888862822918026e-05,3.881228711370352e-05,2,42 43,base16,runs/a6_optimization_convergence_audit_20260815_000000/a6_seed_mean_curves.csv
a6_optimization_convergence_audit_20260815_000000,extended,mixed1m,16,0.001,23,val_SDR,5.194465634774188,0.0231491789082424,0.0163689413849188,2,42 43,base16,runs/a6_optimization_convergence_audit_20260815_000000/a6_seed_mean_curves.csv
a6_optimization_convergence_audit_20260815_000000,extended,mixed1m,16,0.001,23,val_CC,0.7546000057945446,0.0005487627193588,0.000388033840121,2,42 43,base16,runs/a6_optimization_convergence_audit_20260815_000000/a6_seed_mean_curves.csv
a6_optimization_convergence_audit_20260815_000000,extended,mixed1m,16,0.001,24,train_loss,0.0595130577535771,5.005949825454919e-05,3.539741067858787e-05,2,42 43,base16,runs/a6_optimization_convergence_audit_20260815_000000/a6_seed_mean_curves.csv
a6_optimization_convergence_audit_20260815_000000,extended,mixed1m,16,0.001,24,val_SDR,5.198548815688309,0.0081116306322338,0.005735789026533,2,42 43,base16,runs/a6_optimization_convergence_audit_20260815_000000/a6_seed_mean_curves.csv
a6_optimization_convergence_audit_20260815_000000,extended,mixed1m,16,0.001,24,val_CC,0.7556238469420647,0.0001887899267864,0.0001334946374503,2,42 43,base16,runs/a6_optimization_convergence_audit_20260815_000000/a6_seed_mean_curves.csv
a6_optimization_convergence_audit_20260815_000000,extended,mixed1m,16,0.001,25,train_loss,0.0594712436875647,5.147324004580128e-05,3.639707708602904e-05,2,42 43,base16,runs/a6_optimization_convergence_audit_20260815_000000/a6_seed_mean_curves.csv
a6_optimization_convergence_audit_20260815_000000,extended,mixed1m,16,0.001,25,val_SDR,5.218282213016432,0.0110631589509357,0.0078228347155513,2,42 43,base16,runs/a6_optimization_convergence_audit_20260815_000000/a6_seed_mean_curves.csv
a6_optimization_convergence_audit_20260815_000000,extended,mixed1m,16,0.001,25,val_CC,0.7554269141080427,0.0002885605486792,0.000204043120754,2,42 43,base16,runs/a6_optimization_convergence_audit_20260815_000000/a6_seed_mean_curves.csv
a6_optimization_convergence_audit_20260815_000000,extended,mixed1m,16,0.001,26,train_loss,0.0594378503401527,5.361997050680124e-05,3.791504475238183e-05,2,42 43,base16,runs/a6_optimization_convergence_audit_20260815_000000/a6_seed_mean_curves.csv
a6_optimization_convergence_audit_20260815_000000,extended,mixed1m,16,0.001,26,val_SDR,5.189369099480765,0.0048067775412064,0.0033989049950422,2,42 43,base16,runs/a6_optimization_convergence_audit_20260815_000000/a6_seed_mean_curves.csv
a6_optimization_convergence_audit_20260815_000000,extended,mixed1m,16,0.001,26,val_CC,0.7560612279541639,0.0002458494484821,0.0001738418121727,2,42 43,base16,runs/a6_optimization_convergence_audit_20260815_000000/a6_seed_mean_curves.csv
a6_optimization_convergence_audit_20260815_000000,extended,mixed1m,16,0.001,27,train_loss,0.0594115371522886,5.38874574750347e-05,3.8104186601498745e-05,2,42 43,base16,runs/a6_optimization_convergence_audit_20260815_000000/a6_seed_mean_curves.csv
a6_optimization_convergence_audit_20260815_000000,extended,mixed1m,16,0.001,27,val_SDR,5.214938477594025,0.0043892553773421,0.0031036722416781,2,42 43,base16,runs/a6_optimization_convergence_audit_20260815_000000/a6_seed_mean_curves.csv
a6_optimization_convergence_audit_20260815_000000,extended,mixed1m,16,0.001,27,val_CC,0.7557510037203223,0.0002646155478165,0.0001871114482684,2,42 43,base16,runs/a6_optimization_convergence_audit_20260815_000000/a6_seed_mean_curves.csv
a6_optimization_convergence_audit_20260815_000000,extended,mixed1m,16,0.001,28,train_loss,0.0593951463013353,5.23081330043265e-05,3.698743555856712e-05,2,42 43,base16,runs/a6_optimization_convergence_audit_20260815_000000/a6_seed_mean_curves.csv
a6_optimization_convergence_audit_20260815_000000,extended,mixed1m,16,0.001,28,val_SDR,5.222878631280393,0.0102680663950351,0.007260619377603,2,42 43,base16,runs/a6_optimization_convergence_audit_20260815_000000/a6_seed_mean_curves.csv
a6_optimization_convergence_audit_20260815_000000,extended,mixed1m,16,0.001,28,val_CC,0.7556037188184505,0.0004581831209305,0.0003239843918352,2,42 43,base16,runs/a6_optimization_convergence_audit_20260815_000000/a6_seed_mean_curves.csv
a6_optimization_convergence_audit_20260815_000000,extended,mixed1m,16,0.001,29,train_loss,0.0593829929990612,5.39287857746196e-05,3.813341012239013e-05,2,42 43,base16,runs/a6_optimization_convergence_audit_20260815_000000/a6_seed_mean_curves.csv
a6_optimization_convergence_audit_20260815_000000,extended,mixed1m,16,0.001,29,val_SDR,5.215165751320975,0.0045383520042984,0.003209099477651,2,42 43,base16,runs/a6_optimization_convergence_audit_20260815_000000/a6_seed_mean_curves.csv
a6_optimization_convergence_audit_20260815_000000,extended,mixed1m,16,0.001,29,val_CC,0.7556854711503398,0.0002606257895141,0.0001842902631175,2,42 43,base16,runs/a6_optimization_convergence_audit_20260815_000000/a6_seed_mean_curves.csv
a6_optimization_convergence_audit_20260815_000000,extended,mixed1m,16,0.001,30,train_loss,0.0593810210033031,5.4674012256124215e-05,3.866036482098184e-05,2,42 43,base16,runs/a6_optimization_convergence_audit_20260815_000000/a6_seed_mean_curves.csv
a6_optimization_convergence_audit_20260815_000000,extended,mixed1m,16,0.001,30,val_SDR,5.2235846738426055,0.0028518897282635,0.0020165905660514,2,42 43,base16,runs/a6_optimization_convergence_audit_20260815_000000/a6_seed_mean_curves.csv
a6_optimization_convergence_audit_20260815_000000,extended,mixed1m,16,0.001,30,val_CC,0.7557535147180363,0.000342182521802,0.0002419595815697,2,42 43,base16,runs/a6_optimization_convergence_audit_20260815_000000/a6_seed_mean_curves.csv
